Date,Store_ID,Product_ID,Category,Region,Holiday,Promotion,Weather,Temperature,Fuel_Price,CPI,Unemployment,Inventory,Price,Competitor_Price,Discount,Customers,Sales
2023-01-01,41,1029,Electronics,East,0,0,Sunny,32.1,107.07,287.06,3.78,452,111.98,102.88,14,278,27
2023-01-02,46,1167,Sports,West,0,1,Cloudy,18.3,114.77,271.06,4.44,452,713.49,664.33,48,192,54
2023-01-03,7,1024,Furniture,North,1,1,Cloudy,17.9,81.74,235.13,4.12,964,788.14,796.34,40,336,146
2023-01-04,13,1181,Electronics,North,0,1,Sunny,35.7,114.66,225.62,7.08,874,761.42,741.65,13,363,135
2023-01-05,18,1180,Sports,North,0,0,Sunny,23.9,90.8,291.05,9.19,244,1385.0,1479.97,49,48,0
2023-01-06,21,1103,Clothing,North,0,1,Sunny,29.7,95.83,289.75,7.13,291,322.28,338.07,34,154,53
2023-01-07,48,1150,Furniture,West,1,0,Sunny,25.3,83.64,185.65,3.99,662,361.96,375.03,38,52,0
2023-01-08,30,1136,Clothing,North,0,1,Cloudy,20.2,91.74,198.98,3.03,759,1757.91,1674.72,32,410,163
2023-01-09,12,1130,Electronics,East,0,0,Rainy,32.9,101.58,273.44,7.77,20,1217.94,1215.16,7,495,53
2023-01-10,20,1062,Electronics,South,0,0,Cloudy,24.6,82.77,271.27,9.89,151,1336.51,1455.95,10,155,42
2023-01-11,34,1156,Furniture,South,0,1,Rainy,39.9,106.0,232.57,7.66,143,533.42,486.91,1,321,115
2023-01-12,1,1019,Sports,North,0,0,Sunny,35.8,82.83,208.56,9.02,239,1101.51,1150.72,36,315,32
2023-01-13,31,1063,Beauty,West,1,0,Sunny,12.9,97.24,230.83,7.2,766,155.63,160.41,41,70,16
2023-01-14,7,1064,Grocery,South,1,0,Rainy,15.5,98.51,284.94,3.68,847,1729.63,1747.04,3,353,75
2023-01-15,35,1004,Electronics,South,0,1,Rainy,24.4,114.59,288.29,4.48,22,1971.35,1878.78,50,421,143
2023-01-16,47,1143,Sports,West,0,0,Rainy,16.5,82.34,268.29,3.55,341,161.47,164.19,32,490,66
2023-01-17,34,1041,Electronics,North,0,0,Cloudy,12.0,114.47,228.45,11.47,603,530.12,540.14,39,61,0
2023-01-18,34,1081,Clothing,South,1,0,Rainy,21.9,106.87,216.0,5.85,789,1874.68,1690.7,39,308,56
2023-01-19,7,1019,Toys,South,1,0,Rainy,36.4,115.17,224.34,4.42,873,1109.28,1065.47,41,290,64
2023-01-20,20,1170,Electronics,South,1,0,Sunny,32.3,86.22,213.81,4.9,371,447.01,459.01,16,278,51
2023-01-21,32,1065,Beauty,North,0,1,Rainy,11.3,93.34,195.7,11.82,185,1495.4,1510.86,27,307,118
2023-01-22,45,1039,Toys,North,1,0,Rainy,13.8,92.33,287.88,10.17,901,127.8,124.17,43,147,16
2023-01-23,43,1027,Clothing,West,0,0,Sunny,39.3,112.43,285.77,3.22,774,1852.75,1957.39,26,430,48
2023-01-24,16,1069,Grocery,North,1,0,Rainy,16.7,112.66,235.24,5.75,834,1749.08,1652.15,42,118,0
2023-01-25,26,1085,Clothing,North,1,1,Cloudy,25.3,107.18,281.24,5.98,48,274.92,300.78,11,317,146
2023-01-26,7,1153,Furniture,East,1,1,Cloudy,39.5,84.63,287.94,4.71,65,1432.13,1289.4,34,371,154
2023-01-27,47,1190,Sports,South,1,1,Sunny,38.5,116.83,254.78,8.97,147,1453.52,1395.47,19,361,148
2023-01-28,19,1142,Grocery,South,1,1,Cloudy,32.4,86.96,248.29,6.65,873,50.79,48.63,27,422,187
2023-01-29,38,1156,Sports,East,1,1,Rainy,30.3,100.45,275.25,11.64,773,380.9,349.27,32,359,145
2023-01-30,49,1061,Sports,East,0,0,Sunny,10.7,89.79,237.02,10.65,94,938.06,1010.5,36,119,0
2023-01-31,46,1179,Furniture,West,1,0,Sunny,29.7,80.22,270.12,9.93,129,1567.92,1479.75,44,285,31
2023-02-01,8,1117,Grocery,West,1,1,Cloudy,34.5,115.68,231.21,11.16,476,1799.56,1887.25,30,250,106
2023-02-02,17,1193,Grocery,East,1,0,Rainy,23.2,108.54,208.14,6.02,934,1103.3,1023.5,14,216,33
2023-02-03,5,1107,Furniture,East,1,1,Sunny,16.2,96.81,288.58,8.26,732,88.09,94.8,36,214,70
2023-02-04,31,1002,Clothing,East,1,1,Cloudy,32.4,101.85,252.39,4.98,244,582.22,580.55,24,192,70
2023-02-05,47,1043,Beauty,West,0,0,Rainy,27.8,106.52,190.07,6.86,907,950.31,864.84,24,187,5
2023-02-06,14,1117,Clothing,East,1,1,Rainy,17.6,83.28,182.33,7.85,994,732.42,754.41,49,353,146
2023-02-07,16,1052,Beauty,North,0,0,Sunny,24.2,84.58,293.73,7.19,282,1545.45,1442.77,38,402,49
2023-02-08,46,1030,Beauty,South,1,0,Cloudy,10.8,92.48,261.28,11.62,426,1885.87,1772.09,37,373,67
2023-02-09,45,1198,Clothing,North,0,1,Cloudy,22.9,94.82,240.72,6.07,889,869.11,867.41,27,205,67
2023-02-10,41,1118,Sports,South,1,0,Cloudy,25.7,106.02,253.91,11.28,813,992.82,980.03,46,323,48
2023-02-11,6,1072,Furniture,South,1,1,Rainy,10.9,114.04,201.82,4.91,836,553.79,529.39,38,379,178
2023-02-12,18,1143,Electronics,South,0,0,Cloudy,22.2,102.21,208.84,7.28,748,1007.1,1066.1,5,170,26
2023-02-13,20,1170,Toys,East,1,1,Rainy,39.9,102.02,222.22,7.08,333,540.24,499.25,12,181,92
2023-02-14,8,1191,Toys,South,0,0,Cloudy,24.5,108.98,297.19,7.72,309,1962.0,2092.52,18,136,9
2023-02-15,46,1137,Grocery,East,0,0,Cloudy,18.8,117.76,256.54,9.78,125,1751.8,1777.75,30,265,37
2023-02-16,29,1088,Grocery,North,1,1,Sunny,34.7,96.03,188.89,8.67,74,345.87,367.39,19,63,27
2023-02-17,49,1107,Toys,South,1,1,Rainy,18.9,103.54,231.46,8.12,81,1238.78,1298.26,48,126,42
2023-02-18,41,1055,Clothing,North,0,0,Sunny,26.6,86.26,229.02,9.2,501,617.96,584.77,45,164,7
2023-02-19,44,1060,Clothing,South,1,0,Cloudy,16.7,85.96,211.88,4.28,81,373.55,359.18,47,442,63
2023-02-20,37,1074,Furniture,North,1,1,Cloudy,22.1,90.89,244.8,6.94,632,127.73,125.99,20,329,142
2023-02-21,44,1148,Toys,North,1,0,Sunny,24.1,106.06,289.93,4.63,619,899.98,956.54,5,260,54
2023-02-22,23,1105,Clothing,East,0,0,Rainy,22.3,99.82,259.51,6.6,798,1122.69,1112.55,20,149,4
2023-02-23,26,1132,Beauty,North,1,1,Sunny,15.6,94.47,270.77,8.63,798,150.64,143.62,8,494,243
2023-02-24,19,1113,Sports,West,0,0,Cloudy,28.3,89.57,199.01,7.96,585,845.58,799.02,7,256,49
2023-02-25,10,1128,Sports,East,1,1,Rainy,39.4,89.75,246.15,6.45,963,1218.79,1278.83,8,462,200
2023-02-26,5,1071,Beauty,West,1,1,Sunny,18.5,91.94,250.43,11.99,521,1737.26,1718.69,30,196,70
2023-02-27,25,1117,Clothing,South,0,1,Sunny,35.7,96.43,218.18,7.26,955,1632.25,1595.06,42,425,172
2023-02-28,42,1039,Furniture,North,0,1,Sunny,36.2,97.61,243.11,7.11,759,331.1,355.66,9,58,0
2023-03-01,22,1160,Sports,West,0,1,Cloudy,35.8,95.2,218.0,9.47,797,1001.5,1009.72,39,55,15
2023-03-02,16,1162,Sports,East,0,0,Rainy,39.4,110.41,264.47,3.9,190,1403.3,1516.52,2,186,29
2023-03-03,24,1111,Grocery,South,1,0,Sunny,15.3,104.38,225.91,9.15,529,1830.02,1699.4,29,346,52
2023-03-04,17,1118,Clothing,North,1,1,Cloudy,26.4,82.95,293.43,11.89,326,1295.93,1276.31,16,253,112
2023-03-05,25,1124,Electronics,South,1,1,Cloudy,18.9,107.97,182.63,10.47,425,585.24,592.96,43,418,169
2023-03-06,48,1013,Toys,West,1,0,Cloudy,34.1,88.76,202.82,5.26,793,1455.81,1502.16,8,341,77
2023-03-07,3,1080,Beauty,West,0,1,Cloudy,13.9,116.39,219.21,6.74,225,307.71,310.14,23,291,117
2023-03-08,33,1070,Beauty,South,1,1,Rainy,32.4,93.55,193.82,11.67,164,1520.6,1437.15,43,390,157
2023-03-09,36,1094,Electronics,West,0,1,Cloudy,13.7,94.74,269.88,5.36,410,1653.71,1799.33,6,365,135
2023-03-10,15,1121,Electronics,East,0,0,Cloudy,34.7,116.38,216.26,6.67,163,138.43,125.62,31,79,19
2023-03-11,9,1100,Furniture,East,1,0,Rainy,29.6,113.35,253.88,11.45,306,113.8,110.85,28,247,52
2023-03-12,16,1093,Electronics,East,1,0,Rainy,18.3,118.73,293.88,10.42,113,1342.4,1380.44,38,30,3
2023-03-13,9,1145,Grocery,North,0,0,Sunny,19.9,85.9,288.06,3.03,899,1968.85,2160.82,34,148,14
2023-03-14,12,1029,Sports,North,0,0,Rainy,33.7,89.52,218.85,4.57,73,297.18,292.48,7,401,68
2023-03-15,24,1132,Toys,North,1,0,Cloudy,11.3,111.33,284.04,7.69,489,1304.51,1182.19,30,453,85
2023-03-16,26,1110,Sports,North,1,1,Sunny,37.0,92.88,197.8,4.14,659,1284.5,1296.92,20,215,103
2023-03-17,30,1130,Toys,West,0,0,Cloudy,29.5,110.76,266.5,4.94,482,1781.78,1751.07,29,224,24
2023-03-18,27,1187,Electronics,East,1,1,Cloudy,17.6,118.14,262.42,7.27,113,1671.96,1535.94,6,401,177
2023-03-19,36,1016,Toys,East,0,1,Rainy,36.2,117.65,230.75,11.24,72,1938.38,1977.31,22,73,4
2023-03-20,37,1130,Grocery,South,1,0,Sunny,20.5,102.25,193.79,5.51,251,1624.08,1736.19,49,439,62
2023-03-21,36,1007,Toys,East,0,0,Rainy,31.1,92.36,220.78,3.05,910,329.34,339.7,4,92,2
2023-03-22,48,1163,Electronics,North,0,1,Rainy,23.6,86.3,217.4,5.92,984,1156.81,1060.78,3,99,46
2023-03-23,44,1021,Clothing,West,1,1,Cloudy,23.3,90.93,270.59,4.02,460,266.24,275.73,37,269,121
2023-03-24,34,1171,Clothing,North,0,1,Cloudy,11.6,88.18,293.44,9.91,802,548.26,529.41,0,274,109
2023-03-25,25,1137,Sports,South,1,0,Rainy,35.9,81.69,182.25,11.29,902,660.47,651.13,25,383,62
2023-03-26,41,1107,Clothing,North,1,0,Rainy,15.2,117.9,235.21,9.21,390,221.85,237.13,15,243,33
2023-03-27,26,1080,Sports,East,0,1,Sunny,12.3,105.33,243.67,4.75,814,731.28,764.54,41,437,156
2023-03-28,10,1061,Electronics,South,1,0,Sunny,28.1,110.41,258.66,4.59,811,1274.5,1265.31,36,409,57
2023-03-29,37,1165,Sports,East,1,0,Rainy,12.0,97.69,216.34,5.47,77,736.29,673.59,29,251,34
2023-03-30,3,1015,Clothing,East,0,0,Cloudy,27.8,95.38,249.64,11.59,776,1796.96,1778.89,36,353,47
2023-03-31,33,1039,Electronics,West,0,1,Cloudy,12.5,105.85,184.7,9.37,469,1071.93,1095.47,23,210,89
2023-04-01,19,1100,Furniture,East,0,1,Sunny,19.9,102.32,226.39,5.27,892,1330.3,1438.41,9,190,86
2023-04-02,23,1080,Sports,West,0,0,Rainy,26.8,105.74,219.42,4.15,739,1666.47,1746.05,43,487,67
2023-04-03,34,1024,Sports,West,1,0,Rainy,19.3,118.05,221.01,9.9,216,491.76,456.11,4,171,35
2023-04-04,50,1139,Beauty,North,1,0,Cloudy,21.3,86.49,279.76,9.94,848,1810.18,1890.26,2,230,41
2023-04-05,24,1174,Sports,South,1,1,Cloudy,33.5,89.36,208.7,11.69,823,964.58,1029.23,23,367,185
2023-04-06,30,1197,Clothing,West,1,0,Sunny,34.0,85.54,210.0,8.77,915,773.86,841.08,45,453,67
2023-04-07,34,1032,Clothing,North,0,1,Rainy,37.2,85.89,232.5,11.52,247,1642.57,1768.93,1,232,103
2023-04-08,16,1099,Electronics,East,0,0,Rainy,37.9,113.57,258.0,10.12,160,124.69,135.1,30,376,51
2023-04-09,9,1195,Sports,West,1,0,Sunny,10.6,88.63,197.94,11.46,643,1079.15,995.23,18,141,21
2023-04-10,27,1164,Beauty,West,0,0,Rainy,27.9,80.66,241.85,5.18,167,617.98,556.38,22,143,17
2023-04-11,37,1107,Grocery,North,1,0,Cloudy,26.3,111.46,240.91,3.18,914,966.76,992.99,23,149,22
2023-04-12,5,1089,Grocery,North,1,0,Sunny,20.6,93.54,257.14,10.47,721,956.01,993.37,40,113,1
2023-04-13,9,1017,Sports,West,0,1,Sunny,11.3,87.98,185.03,11.4,547,826.54,878.68,30,149,64
2023-04-14,19,1092,Beauty,North,1,1,Sunny,34.0,97.48,228.0,6.96,999,803.96,880.13,31,374,162
2023-04-15,32,1095,Beauty,East,0,1,Sunny,22.9,119.8,201.65,5.64,125,206.13,212.76,19,248,85
2023-04-16,45,1114,Clothing,West,0,1,Cloudy,39.9,90.98,297.6,11.53,96,1358.81,1333.32,32,430,156
2023-04-17,48,1174,Grocery,North,0,1,Sunny,13.8,89.44,257.42,6.26,992,1156.13,1180.43,43,250,96
2023-04-18,49,1020,Toys,South,1,1,Rainy,29.5,89.98,193.61,9.62,531,1059.6,1147.24,7,154,64
2023-04-19,50,1067,Sports,West,0,1,Cloudy,37.5,99.65,194.72,10.68,482,386.68,403.18,5,434,164
2023-04-20,21,1171,Clothing,North,1,1,Sunny,31.4,117.09,256.52,10.14,540,487.27,534.55,50,91,8
2023-04-21,16,1127,Electronics,East,1,1,Cloudy,13.9,115.37,187.89,6.58,754,1451.8,1459.26,49,229,90
2023-04-22,21,1165,Electronics,West,1,1,Sunny,36.3,111.21,256.78,4.64,152,893.61,967.01,3,445,195
2023-04-23,8,1133,Grocery,East,0,0,Rainy,38.0,89.02,293.7,7.67,310,1699.57,1614.8,40,302,31
2023-04-24,40,1137,Electronics,South,0,0,Cloudy,28.7,116.08,220.51,11.32,62,1659.21,1502.7,2,348,65
2023-04-25,50,1148,Clothing,South,1,0,Rainy,36.7,101.82,257.03,5.72,270,1619.14,1679.05,19,252,47
2023-04-26,29,1107,Furniture,West,0,1,Cloudy,14.3,114.46,218.32,11.89,373,1951.98,1807.83,23,283,107
2023-04-27,36,1028,Clothing,South,1,0,Rainy,23.5,85.64,186.07,11.51,904,1249.99,1187.06,10,436,78
2023-04-28,21,1049,Beauty,South,1,1,Rainy,36.4,99.89,190.81,6.54,488,1935.04,1824.8,22,44,24
2023-04-29,4,1073,Furniture,West,1,0,Sunny,22.9,115.3,267.3,9.87,394,138.22,125.81,35,119,7
2023-04-30,25,1130,Furniture,East,0,0,Sunny,21.8,111.8,220.69,11.45,793,331.32,338.11,25,276,40
2023-05-01,3,1012,Electronics,South,1,1,Cloudy,23.7,104.25,241.86,5.95,647,671.13,656.76,39,398,174
2023-05-02,33,1131,Toys,West,1,1,Sunny,21.1,106.95,297.59,8.25,835,1802.6,1936.75,40,33,0
2023-05-03,39,1122,Clothing,South,0,1,Sunny,25.7,108.85,272.95,6.42,861,1377.42,1248.38,44,76,21
2023-05-04,27,1039,Furniture,South,1,1,Cloudy,31.8,108.23,242.24,8.05,698,982.82,958.61,11,255,121
2023-05-05,35,1088,Toys,East,1,1,Sunny,38.7,91.16,215.82,11.47,324,1553.79,1617.46,44,380,146
2023-05-06,36,1185,Clothing,East,0,1,Rainy,34.6,118.18,276.55,5.61,314,1912.86,1751.81,28,355,134
2023-05-07,17,1192,Furniture,South,0,1,Cloudy,30.9,85.49,253.88,8.28,268,148.99,161.06,14,346,134
2023-05-08,22,1184,Furniture,North,0,0,Cloudy,39.3,86.32,258.35,10.93,507,981.02,922.05,18,184,26
2023-05-09,19,1166,Electronics,North,0,0,Sunny,22.5,113.5,292.07,3.33,876,824.14,823.38,47,466,74
2023-05-10,1,1077,Toys,North,1,1,Rainy,39.7,101.73,239.27,11.45,891,1033.21,986.27,7,189,73
2023-05-11,11,1188,Furniture,East,0,0,Cloudy,20.1,91.8,260.93,4.74,645,1719.49,1856.03,27,283,29
2023-05-12,7,1048,Grocery,West,1,0,Sunny,17.8,89.42,270.45,11.59,329,1185.8,1203.08,16,354,74
2023-05-13,24,1178,Grocery,North,0,1,Rainy,14.8,107.44,290.77,10.99,808,656.41,606.18,18,208,72
2023-05-14,9,1123,Grocery,West,1,1,Cloudy,26.5,98.83,244.5,8.98,243,1535.63,1591.02,38,467,194
2023-05-15,6,1135,Furniture,East,0,0,Sunny,34.9,116.12,204.26,7.83,188,689.83,692.64,7,368,56
2023-05-16,6,1131,Furniture,North,1,0,Cloudy,22.5,102.56,247.06,9.05,335,1460.4,1430.01,0,401,92
2023-05-17,14,1149,Electronics,North,1,1,Cloudy,11.9,119.76,292.15,3.62,976,970.54,929.21,11,413,191
2023-05-18,47,1166,Furniture,East,1,1,Rainy,21.3,107.31,259.42,7.85,689,1727.56,1595.79,34,221,100
2023-05-19,34,1033,Sports,South,0,0,Rainy,23.9,108.76,230.9,6.41,255,532.65,516.26,17,116,27
2023-05-20,8,1009,Beauty,West,0,0,Sunny,12.0,103.76,233.57,9.05,913,144.92,151.89,25,244,22
2023-05-21,15,1139,Grocery,North,0,1,Sunny,34.5,109.26,218.27,8.38,708,1645.85,1559.25,9,358,130
2023-05-22,18,1016,Toys,South,1,1,Sunny,39.2,117.66,260.56,10.07,346,1407.8,1381.97,19,212,88
2023-05-23,12,1194,Toys,West,0,0,Rainy,35.7,85.77,235.56,3.52,442,1937.18,1959.37,8,218,30
2023-05-24,42,1021,Furniture,East,0,0,Sunny,18.1,106.95,252.35,10.86,212,1619.07,1647.43,42,306,40
2023-05-25,14,1123,Grocery,East,1,0,Sunny,38.1,118.48,194.08,12.0,510,1833.16,1904.88,45,124,5
2023-05-26,21,1199,Clothing,West,1,1,Rainy,17.8,100.51,239.67,3.89,759,965.51,1031.11,13,209,94
2023-05-27,21,1106,Electronics,South,0,0,Rainy,26.6,103.36,266.4,5.66,220,693.24,676.58,15,275,13
2023-05-28,22,1066,Beauty,West,1,1,Sunny,32.0,94.09,196.8,7.92,208,1837.95,1853.44,41,50,2
2023-05-29,34,1009,Beauty,North,0,0,Rainy,14.1,105.23,188.16,4.36,243,1036.18,1009.9,39,346,33
2023-05-30,31,1169,Furniture,North,0,1,Sunny,10.5,108.89,244.29,5.58,534,1635.66,1692.59,11,74,14
2023-05-31,7,1135,Grocery,South,0,1,Rainy,18.0,95.88,224.77,6.65,598,524.26,544.94,19,370,144
2023-06-01,42,1195,Electronics,North,1,1,Rainy,26.6,82.24,181.13,4.54,531,1698.39,1747.61,21,309,129
2023-06-02,7,1136,Electronics,South,0,1,Rainy,11.4,82.97,291.07,11.09,597,1333.31,1247.81,20,28,18
2023-06-03,49,1183,Beauty,West,0,1,Sunny,26.9,102.67,281.93,9.09,573,696.87,732.5,8,424,164
2023-06-04,45,1186,Electronics,East,0,0,Rainy,17.0,83.04,252.62,8.52,629,823.57,868.63,1,344,46
2023-06-05,32,1059,Clothing,West,1,0,Cloudy,27.6,95.2,272.66,5.66,272,1440.56,1320.14,9,214,71
2023-06-06,46,1163,Grocery,West,1,1,Sunny,12.7,117.72,233.37,9.85,124,308.39,289.11,28,305,119
2023-06-07,2,1023,Clothing,North,1,1,Sunny,18.8,95.51,190.16,11.11,946,1985.82,1883.65,33,106,34
2023-06-08,44,1098,Grocery,South,1,1,Rainy,24.8,82.53,232.16,6.79,515,1576.2,1532.42,15,389,161
2023-06-09,13,1118,Electronics,South,1,0,Rainy,20.0,104.81,276.49,5.97,362,889.7,947.27,41,324,43
2023-06-10,9,1077,Clothing,South,1,1,Sunny,38.9,118.75,214.97,9.25,522,1937.14,2046.38,20,212,86
2023-06-11,24,1030,Toys,South,0,0,Cloudy,23.8,108.33,232.61,5.62,729,184.86,197.72,50,229,36
2023-06-12,44,1128,Grocery,East,0,1,Cloudy,14.6,96.93,225.24,7.04,632,984.51,964.98,32,492,200
2023-06-13,35,1010,Beauty,East,0,0,Sunny,29.7,94.2,257.64,3.4,680,1371.07,1343.54,48,189,6
2023-06-14,28,1028,Electronics,North,1,0,Cloudy,32.4,102.32,262.52,4.99,403,812.71,856.98,37,373,54
2023-06-15,2,1124,Electronics,East,1,0,Sunny,34.9,109.21,221.8,6.09,823,453.39,451.84,30,69,4
2023-06-16,29,1185,Sports,West,1,0,Rainy,11.3,108.43,182.71,6.09,131,1370.42,1278.42,47,144,2
2023-06-17,22,1144,Furniture,West,0,1,Cloudy,15.5,105.62,231.86,3.26,648,1772.04,1754.17,27,219,78
2023-06-18,1,1181,Grocery,South,1,0,Cloudy,13.1,114.88,202.44,5.93,488,272.21,281.5,31,290,57
2023-06-19,25,1157,Furniture,North,1,1,Rainy,28.5,112.55,264.72,5.68,649,1200.83,1242.16,20,80,28
2023-06-20,16,1079,Electronics,South,1,0,Cloudy,21.7,103.86,248.98,6.81,518,1289.23,1339.11,41,496,99
2023-06-21,32,1074,Grocery,South,1,1,Cloudy,11.6,94.36,181.15,4.23,854,798.69,808.53,41,273,110
2023-06-22,27,1176,Furniture,West,1,1,Sunny,12.5,81.23,271.33,5.63,301,488.44,467.8,49,254,83
2023-06-23,32,1141,Toys,North,0,1,Cloudy,34.7,94.67,278.71,3.37,756,910.66,859.4,27,72,13
2023-06-24,48,1168,Beauty,South,1,0,Rainy,17.9,114.49,190.44,10.79,140,1562.48,1480.28,47,321,42
2023-06-25,40,1162,Furniture,South,0,0,Sunny,34.2,102.8,243.87,8.37,192,681.12,708.92,18,313,23
2023-06-26,18,1132,Sports,North,0,1,Sunny,39.8,114.68,195.23,10.79,275,335.17,323.24,15,409,164
2023-06-27,10,1148,Sports,East,1,1,Rainy,12.3,111.78,272.27,6.63,787,592.54,644.25,23,252,98
2023-06-28,32,1084,Toys,North,0,1,Cloudy,29.9,94.33,187.6,7.81,243,1937.85,2063.75,31,157,49
2023-06-29,36,1148,Grocery,West,1,0,Sunny,13.0,111.36,235.15,4.12,898,358.07,354.96,27,123,23
2023-06-30,45,1034,Sports,East,0,1,Sunny,29.6,90.02,224.62,11.13,189,150.99,154.78,46,378,137
2023-07-01,6,1181,Electronics,North,0,1,Sunny,14.0,89.05,261.6,3.08,732,719.97,665.34,27,375,131
2023-07-02,9,1123,Electronics,South,1,0,Cloudy,34.2,84.13,224.11,5.69,411,1558.25,1637.15,8,348,72
2023-07-03,34,1145,Electronics,South,1,1,Cloudy,16.4,109.93,290.39,8.54,473,1726.93,1584.18,6,91,38
2023-07-04,49,1032,Toys,West,1,1,Rainy,33.7,89.91,257.35,5.23,635,1220.02,1246.27,49,373,172
2023-07-05,20,1053,Toys,South,1,1,Cloudy,11.6,115.92,294.56,7.45,135,520.11,534.47,4,290,132
2023-07-06,1,1093,Clothing,South,1,1,Rainy,26.4,86.91,236.52,11.89,94,82.54,75.4,16,130,57
2023-07-07,26,1130,Clothing,West,1,1,Sunny,29.2,101.51,198.32,3.75,100,1047.04,984.89,9,294,130
2023-07-08,21,1101,Toys,North,1,1,Cloudy,38.6,89.55,209.34,11.32,138,934.08,954.41,19,361,155
2023-07-09,8,1004,Sports,South,0,0,Rainy,38.6,100.92,273.96,9.49,190,775.15,813.87,17,395,37
2023-07-10,8,1198,Electronics,East,1,1,Cloudy,11.9,108.49,249.2,3.69,486,1046.02,953.02,36,105,31
2023-07-11,7,1147,Sports,North,0,0,Sunny,35.8,80.49,185.52,6.28,962,342.67,372.22,2,303,50
2023-07-12,46,1190,Sports,West,0,1,Sunny,22.5,108.81,212.55,3.7,401,282.83,292.63,3,111,45
2023-07-13,3,1103,Electronics,West,1,1,Rainy,12.6,98.27,224.27,5.62,823,642.62,658.39,29,208,96
2023-07-14,38,1127,Beauty,South,0,0,Sunny,38.0,80.96,244.99,8.72,730,1760.54,1919.34,0,408,50
2023-07-15,47,1079,Electronics,South,0,1,Rainy,38.8,118.9,197.08,5.52,64,1846.49,1993.21,33,231,66
2023-07-16,45,1096,Furniture,North,0,0,Cloudy,34.6,82.99,248.14,6.91,153,511.7,487.24,20,494,72
2023-07-17,48,1084,Clothing,West,1,0,Sunny,38.3,85.44,272.42,3.98,128,370.53,368.01,26,81,0
2023-07-18,35,1092,Beauty,South,1,1,Rainy,18.0,84.8,198.91,9.17,866,1424.17,1453.59,13,447,200
2023-07-19,46,1064,Clothing,West,0,1,Rainy,34.6,86.95,294.25,10.69,589,1508.75,1433.27,29,72,15
2023-07-20,9,1032,Electronics,North,0,0,Sunny,34.7,94.89,255.64,8.8,616,1192.93,1292.52,4,31,10
2023-07-21,42,1114,Beauty,South,0,1,Sunny,11.3,98.44,200.16,8.16,861,1462.64,1461.51,24,369,140
2023-07-22,28,1045,Clothing,South,0,1,Rainy,23.4,85.95,253.69,8.55,682,625.46,614.45,35,265,103
2023-07-23,9,1108,Grocery,South,0,1,Cloudy,20.8,101.78,238.16,11.21,534,677.13,646.04,1,183,75
2023-07-24,39,1057,Electronics,East,0,1,Cloudy,20.7,103.36,207.93,4.44,273,1330.89,1268.74,50,489,179
2023-07-25,15,1148,Beauty,West,1,0,Sunny,17.1,92.72,268.57,6.23,625,105.0,109.21,36,308,33
2023-07-26,10,1145,Grocery,West,1,0,Rainy,11.1,82.25,252.2,3.18,509,51.33,55.62,12,432,93
2023-07-27,21,1016,Electronics,South,0,0,Cloudy,35.8,118.42,224.83,11.48,425,1192.73,1153.74,20,89,18
2023-07-28,11,1188,Furniture,West,1,0,Cloudy,39.1,107.74,291.46,10.08,248,1347.79,1432.55,24,177,27
2023-07-29,12,1187,Electronics,West,0,0,Cloudy,19.5,112.35,253.37,8.76,126,1876.54,1741.67,47,59,0
2023-07-30,16,1089,Clothing,South,0,1,Rainy,10.3,88.39,263.18,6.15,825,260.67,234.67,24,244,87
2023-07-31,27,1127,Furniture,East,1,0,Rainy,33.7,103.12,270.99,5.03,482,193.73,207.13,18,30,0
2023-08-01,21,1067,Electronics,North,1,0,Rainy,14.8,83.0,293.02,11.8,366,1208.36,1235.82,30,380,90
2023-08-02,11,1156,Furniture,South,0,0,Rainy,16.2,87.6,263.66,9.5,767,1103.24,1138.68,19,141,20
2023-08-03,7,1013,Furniture,West,0,0,Rainy,10.1,83.51,278.87,8.63,511,439.37,397.69,10,346,47
2023-08-04,8,1079,Beauty,West,1,1,Cloudy,18.0,105.67,226.5,6.34,410,770.33,761.98,16,245,109
2023-08-05,30,1068,Grocery,East,0,0,Cloudy,30.0,83.43,221.25,7.87,794,1199.97,1212.83,24,439,32
2023-08-06,44,1122,Toys,South,1,1,Sunny,21.8,114.16,184.17,8.14,549,1610.88,1668.08,39,95,27
2023-08-07,8,1194,Furniture,South,0,0,Sunny,13.8,96.93,298.59,6.92,862,1273.09,1358.16,16,183,41
2023-08-08,5,1023,Furniture,West,1,1,Cloudy,23.7,114.94,274.39,8.61,555,1574.29,1452.29,9,95,28
2023-08-09,37,1151,Toys,North,0,0,Rainy,36.0,115.21,285.35,5.38,690,996.89,1018.61,2,108,14
2023-08-10,39,1175,Sports,West,0,1,Rainy,30.7,81.97,237.03,5.42,401,89.45,95.13,19,179,71
2023-08-11,18,1126,Beauty,North,0,0,Rainy,39.2,97.72,279.1,5.42,446,1229.71,1128.7,28,128,19
2023-08-12,32,1195,Toys,East,0,0,Sunny,19.3,100.27,196.28,10.66,920,1158.91,1083.29,12,448,58
2023-08-13,4,1064,Electronics,West,0,1,Cloudy,16.0,94.73,235.71,6.57,965,291.55,264.18,23,270,95
2023-08-14,31,1151,Toys,East,1,0,Rainy,32.5,107.55,214.21,6.48,186,1714.95,1810.93,13,458,84
2023-08-15,15,1166,Grocery,South,1,1,Cloudy,10.6,111.21,272.11,3.08,953,308.01,287.88,0,134,60
2023-08-16,20,1183,Sports,East,1,1,Rainy,23.8,88.73,216.26,7.69,658,824.45,758.88,32,359,170
2023-08-17,24,1144,Sports,East,1,0,Rainy,11.9,119.53,256.87,10.75,287,1329.43,1449.66,41,172,26
2023-08-18,16,1015,Beauty,West,1,0,Cloudy,10.8,99.89,215.47,11.16,434,807.14,732.13,45,312,60
2023-08-19,13,1088,Sports,South,1,1,Cloudy,19.0,86.8,258.91,8.02,320,240.33,222.45,16,391,177
2023-08-20,12,1175,Clothing,North,0,1,Sunny,32.3,92.28,274.57,5.98,286,1191.86,1183.22,7,260,86
2023-08-21,4,1163,Toys,North,1,0,Cloudy,13.6,107.23,243.58,6.72,911,1715.77,1591.33,12,195,24
2023-08-22,30,1037,Clothing,South,0,1,Rainy,28.9,87.07,256.14,3.04,300,458.3,483.37,36,411,160
2023-08-23,11,1126,Beauty,North,0,1,Cloudy,22.9,97.16,237.29,3.04,566,438.86,427.72,0,476,182
2023-08-24,13,1005,Sports,North,0,0,Cloudy,36.3,92.48,192.32,7.53,333,375.69,400.02,19,168,36
2023-08-25,30,1187,Toys,East,1,0,Rainy,39.9,99.61,270.01,4.48,948,1840.5,1804.94,14,134,21
2023-08-26,47,1006,Toys,South,0,1,Cloudy,29.5,81.49,285.19,5.3,567,1265.11,1288.87,3,358,137
2023-08-27,7,1168,Beauty,North,0,0,Rainy,23.3,84.94,210.33,9.32,230,1405.62,1442.25,19,235,21
2023-08-28,18,1160,Toys,South,1,0,Cloudy,31.6,84.71,193.68,3.96,223,1237.55,1306.35,33,123,2
2023-08-29,23,1181,Furniture,East,0,0,Cloudy,24.9,88.31,291.97,5.98,22,74.86,68.71,7,447,54
2023-08-30,6,1200,Toys,North,0,1,Cloudy,16.9,119.55,215.52,7.18,122,1635.7,1758.1,18,204,70
2023-08-31,44,1081,Furniture,North,0,0,Sunny,35.6,106.53,200.46,6.22,468,1912.42,1823.8,46,67,0
2023-09-01,8,1103,Furniture,West,1,1,Cloudy,35.5,112.0,257.86,10.17,135,308.4,322.37,10,73,36
2023-09-02,27,1152,Furniture,West,0,1,Rainy,28.3,114.5,285.59,9.55,933,304.78,330.41,7,474,184
2023-09-03,17,1168,Clothing,North,0,1,Cloudy,25.7,108.02,191.43,8.96,274,989.76,1022.17,41,217,76
2023-09-04,10,1143,Toys,North,0,0,Cloudy,35.5,114.07,284.33,3.67,523,675.24,652.4,17,45,0
2023-09-05,25,1104,Beauty,South,0,1,Rainy,34.0,97.92,282.79,7.02,141,1962.31,2058.56,1,72,27
2023-09-06,26,1106,Electronics,North,0,1,Cloudy,26.9,106.18,234.74,6.07,865,155.84,147.2,29,189,53
2023-09-07,31,1184,Sports,East,1,0,Sunny,32.8,88.87,220.96,10.47,839,619.37,622.09,44,74,0
2023-09-08,3,1043,Furniture,South,1,0,Rainy,28.3,87.5,291.63,6.54,488,1657.88,1555.28,21,75,8
2023-09-09,41,1173,Toys,North,1,1,Cloudy,27.7,100.17,295.66,3.04,773,144.71,157.31,37,267,105
2023-09-10,33,1200,Grocery,South,0,0,Rainy,29.7,104.25,218.62,10.93,448,1960.03,2123.07,48,147,3
2023-09-11,19,1116,Beauty,South,0,1,Cloudy,31.0,109.94,215.87,9.31,901,662.13,693.49,35,343,152
2023-09-12,14,1052,Grocery,East,1,0,Cloudy,29.5,118.33,240.47,9.25,350,1435.19,1510.04,35,265,21
2023-09-13,46,1107,Sports,East,1,0,Cloudy,13.2,95.23,186.37,3.51,293,1512.86,1410.27,18,369,56
2023-09-14,17,1038,Beauty,North,1,0,Cloudy,11.0,112.56,192.3,10.81,777,1145.68,1082.51,41,307,39
2023-09-15,45,1074,Sports,North,1,1,Rainy,38.7,119.03,217.52,7.97,33,1500.16,1411.08,49,460,199
2023-09-16,29,1058,Sports,East,0,0,Rainy,23.5,119.34,188.94,11.66,772,1052.0,1026.16,27,162,11
2023-09-17,38,1066,Electronics,East,1,0,Sunny,14.6,92.91,186.1,11.39,650,1694.12,1626.75,50,313,45
2023-09-18,36,1092,Electronics,East,0,0,Cloudy,12.0,100.21,229.91,7.83,114,731.34,787.42,42,189,11
2023-09-19,49,1159,Toys,West,0,0,Cloudy,20.4,89.61,257.07,11.27,269,1919.85,1989.94,20,215,33
2023-09-20,8,1099,Clothing,East,0,1,Cloudy,34.1,97.82,185.26,11.08,217,674.61,618.26,6,105,57
2023-09-21,35,1002,Sports,North,0,0,Cloudy,22.7,84.16,244.53,9.32,779,1561.65,1607.43,4,402,56
2023-09-22,44,1040,Electronics,West,1,0,Sunny,12.2,87.12,210.23,3.63,861,493.91,470.07,24,250,35
2023-09-23,2,1100,Sports,North,0,0,Cloudy,27.6,108.04,188.71,11.35,128,615.18,638.05,38,64,0
2023-09-24,19,1196,Furniture,West,1,0,Rainy,14.7,88.79,269.61,10.17,889,1114.16,1216.69,9,172,21
2023-09-25,47,1166,Clothing,North,0,0,Sunny,10.2,103.87,244.46,11.52,332,459.6,481.79,46,196,0
2023-09-26,14,1106,Sports,South,0,0,Sunny,28.5,90.11,193.75,9.04,600,1711.89,1832.2,35,256,25
2023-09-27,43,1018,Clothing,North,0,1,Rainy,20.7,106.85,208.14,5.57,91,1805.23,1739.44,28,188,63
2023-09-28,40,1169,Clothing,South,1,1,Rainy,15.1,92.53,274.28,9.41,676,900.44,961.69,8,367,160
2023-09-29,30,1115,Clothing,East,1,0,Sunny,29.4,83.28,213.67,10.44,932,1100.31,1048.21,40,59,0
2023-09-30,47,1020,Electronics,North,1,0,Sunny,26.5,101.74,299.85,7.25,813,339.83,332.52,49,321,48
2023-10-01,30,1129,Toys,North,1,1,Cloudy,10.3,89.56,295.68,11.84,720,373.39,374.45,28,101,28
2023-10-02,12,1145,Toys,South,1,1,Sunny,16.6,99.51,187.54,6.32,63,1353.74,1358.58,50,204,59
2023-10-03,3,1011,Sports,East,0,1,Cloudy,17.9,101.77,200.86,8.88,394,1195.97,1291.22,4,284,126
2023-10-04,17,1097,Grocery,West,1,1,Rainy,33.8,115.49,180.79,10.94,470,372.93,341.39,41,163,62
2023-10-05,24,1155,Sports,North,0,1,Rainy,31.6,99.26,237.46,4.9,185,1312.16,1288.78,15,42,18
2023-10-06,9,1147,Toys,South,0,0,Cloudy,14.4,86.65,290.69,7.65,435,1218.75,1234.25,1,469,67
2023-10-07,19,1022,Grocery,West,1,1,Sunny,16.6,96.43,197.13,8.24,805,404.67,417.59,16,105,27
2023-10-08,47,1176,Clothing,West,0,0,Rainy,21.6,84.34,204.28,10.74,536,1384.52,1474.93,38,69,8
2023-10-09,39,1010,Beauty,North,0,1,Cloudy,13.9,104.14,279.3,11.07,813,1373.19,1354.38,26,209,95
2023-10-10,3,1179,Toys,West,0,1,Rainy,20.5,112.18,288.94,10.53,609,240.55,222.94,30,412,157
2023-10-11,19,1154,Toys,West,1,0,Sunny,31.3,111.58,249.36,4.06,27,781.31,735.28,20,229,59
2023-10-12,24,1028,Grocery,West,1,1,Cloudy,22.7,94.63,213.07,9.13,793,447.2,451.86,35,267,115
2023-10-13,31,1065,Clothing,East,1,0,Cloudy,13.6,89.19,273.97,11.54,122,468.19,458.88,21,430,91
2023-10-14,36,1158,Sports,North,0,1,Cloudy,10.2,83.64,197.44,11.33,465,221.87,211.36,23,60,4
2023-10-15,26,1158,Sports,East,0,0,Cloudy,24.8,80.43,282.07,11.38,550,607.71,551.02,38,281,20
2023-10-16,34,1179,Grocery,South,0,1,Sunny,29.7,119.03,190.42,5.48,429,738.6,723.11,37,122,21
2023-10-17,5,1024,Toys,East,1,1,Rainy,16.8,118.52,234.57,6.64,24,559.16,548.77,6,306,134
2023-10-18,5,1129,Clothing,East,0,1,Cloudy,34.4,103.0,263.3,11.69,596,993.08,942.09,21,417,149
2023-10-19,38,1008,Furniture,North,1,0,Rainy,29.0,119.77,261.23,5.07,343,854.23,829.13,34,24,0
2023-10-20,45,1068,Grocery,East,0,1,Cloudy,32.5,93.68,246.55,4.61,341,739.4,797.71,17,113,54
2023-10-21,13,1128,Sports,South,0,0,Rainy,16.2,88.11,209.96,8.57,179,1568.93,1449.65,5,366,48
2023-10-22,43,1127,Toys,North,0,1,Rainy,28.6,99.69,298.24,11.07,909,585.73,548.58,48,488,170
2023-10-23,49,1148,Grocery,North,1,1,Cloudy,11.0,93.89,283.25,9.98,488,1954.19,2031.67,29,181,72
2023-10-24,45,1003,Electronics,South,1,0,Rainy,20.8,114.47,202.46,5.37,295,969.12,991.04,23,114,9
2023-10-25,45,1193,Clothing,East,1,1,Rainy,15.4,85.25,249.11,5.06,122,1455.59,1544.12,35,241,98
2023-10-26,25,1051,Grocery,South,1,0,Sunny,22.6,85.38,287.19,8.68,566,1455.09,1538.13,19,148,11
2023-10-27,26,1026,Sports,South,0,0,Rainy,24.3,105.19,233.98,6.01,389,752.6,761.25,16,196,19
2023-10-28,2,1106,Electronics,East,0,0,Rainy,20.7,106.93,238.5,9.63,930,202.89,207.5,29,343,62
2023-10-29,41,1087,Furniture,West,0,0,Sunny,20.3,92.54,258.36,9.39,639,1307.06,1247.26,28,419,49
2023-10-30,24,1192,Toys,West,1,0,Sunny,35.6,85.0,208.16,5.26,781,1416.36,1297.4,10,223,44
2023-10-31,31,1141,Electronics,North,1,0,Sunny,17.9,86.21,258.58,10.97,336,497.24,520.87,28,340,61
2023-11-01,9,1034,Toys,South,0,0,Cloudy,20.7,116.61,283.71,7.2,911,1104.14,1053.88,28,89,20
2023-11-02,12,1152,Toys,West,1,1,Rainy,24.4,89.09,190.75,5.77,442,556.62,534.75,0,287,126
2023-11-03,49,1035,Clothing,East,1,0,Cloudy,37.7,117.88,237.25,3.08,460,1606.03,1637.19,50,23,0
2023-11-04,36,1112,Furniture,South,0,1,Rainy,16.6,83.17,255.04,7.65,839,1824.41,1936.64,43,159,48
2023-11-05,19,1167,Sports,East,1,0,Sunny,15.5,91.58,256.43,8.56,298,1415.92,1413.65,20,29,15
2023-11-06,2,1048,Electronics,East,1,0,Cloudy,23.2,80.33,190.82,3.13,242,716.73,689.72,31,210,54
2023-11-07,30,1179,Beauty,North,1,0,Sunny,11.7,111.03,188.57,7.23,216,1796.61,1706.81,24,444,108
2023-11-08,46,1064,Furniture,West,0,0,Sunny,23.8,110.84,242.54,11.84,504,808.79,883.4,20,101,11
2023-11-09,41,1187,Electronics,North,1,1,Cloudy,19.0,94.42,186.25,9.0,135,510.13,503.41,0,105,50
2023-11-10,26,1063,Electronics,North,1,0,Rainy,33.1,89.95,239.99,9.17,366,1865.16,2050.55,40,50,0
2023-11-11,4,1092,Sports,South,0,0,Rainy,17.0,119.27,274.63,9.81,844,1789.0,1872.43,1,372,43
2023-11-12,17,1011,Furniture,West,1,1,Sunny,27.0,101.74,218.84,7.22,908,1671.13,1809.66,35,102,46
2023-11-13,5,1136,Grocery,West,1,1,Cloudy,21.0,80.03,256.56,6.41,209,1771.72,1814.15,23,417,174
2023-11-14,5,1169,Toys,West,0,1,Cloudy,14.6,91.33,229.18,5.9,118,1070.24,977.49,8,111,35
2023-11-15,3,1052,Electronics,West,0,0,Sunny,27.1,113.45,258.95,7.73,738,1201.09,1092.77,14,330,44
2023-11-16,14,1168,Furniture,North,1,0,Rainy,26.7,117.53,229.91,6.32,745,163.69,167.52,33,40,0
2023-11-17,47,1019,Beauty,East,0,0,Cloudy,12.9,109.01,243.8,4.71,558,1330.91,1349.55,11,305,42
2023-11-18,7,1197,Sports,East,1,1,Sunny,15.0,87.22,228.19,6.04,181,1091.11,1112.91,22,482,199
2023-11-19,21,1141,Clothing,East,1,1,Cloudy,19.7,89.63,245.48,6.38,583,1855.99,1764.71,28,249,103
2023-11-20,3,1073,Toys,North,0,1,Sunny,19.0,88.88,282.69,3.2,861,1889.53,2011.34,35,281,101
2023-11-21,36,1147,Toys,South,0,0,Rainy,20.7,85.54,224.05,8.24,258,549.68,527.73,36,224,16
2023-11-22,5,1186,Clothing,West,0,1,Cloudy,31.1,112.78,191.44,8.78,58,1475.04,1497.54,5,419,163
2023-11-23,4,1198,Clothing,East,1,1,Sunny,36.1,89.07,258.33,8.42,31,1286.08,1320.08,3,176,69
2023-11-24,37,1039,Clothing,South,0,0,Cloudy,31.9,95.72,233.47,8.36,536,225.66,222.59,50,221,16
2023-11-25,10,1034,Clothing,North,1,0,Cloudy,22.0,83.4,240.22,9.96,153,1535.96,1530.1,12,269,39
2023-11-26,36,1158,Sports,South,0,0,Rainy,33.3,92.94,290.9,3.81,707,856.49,833.41,12,184,31
2023-11-27,23,1153,Sports,North,1,0,Rainy,28.5,119.61,233.07,4.31,65,1852.22,1753.49,43,211,38
2023-11-28,6,1029,Sports,North,0,0,Rainy,10.4,107.75,193.35,7.05,43,697.16,730.63,13,124,28
2023-11-29,35,1134,Beauty,East,1,0,Cloudy,31.0,80.74,249.96,8.97,64,548.14,499.92,12,424,78
2023-11-30,30,1168,Electronics,North,1,1,Cloudy,35.6,106.4,283.71,3.17,908,1772.63,1732.4,24,280,111
2023-12-01,46,1026,Clothing,West,0,0,Sunny,25.0,98.32,291.16,3.19,273,1848.43,1776.31,31,221,23
2023-12-02,44,1091,Clothing,East,0,1,Sunny,28.8,115.15,286.85,10.33,50,1891.07,2060.93,14,97,32
2023-12-03,22,1101,Sports,South,0,1,Cloudy,38.8,104.5,255.06,5.05,266,1167.15,1149.98,19,485,179
2023-12-04,9,1053,Sports,South,0,0,Rainy,30.7,115.95,289.15,6.87,950,1952.76,1814.17,36,489,55
2023-12-05,11,1082,Electronics,North,0,1,Sunny,31.8,110.62,285.62,6.73,441,641.53,673.04,40,497,186
2023-12-06,13,1028,Grocery,South,0,1,Cloudy,27.0,89.24,207.86,9.19,387,204.98,216.45,8,277,102
2023-12-07,39,1121,Sports,East,0,1,Rainy,24.2,86.55,207.15,6.68,35,1854.6,2021.59,14,400,152
2023-12-08,14,1017,Grocery,West,1,1,Rainy,36.6,97.1,273.15,8.47,864,791.73,762.1,39,500,207
2023-12-09,48,1147,Toys,North,0,1,Rainy,34.8,81.7,299.5,7.67,425,1968.47,1787.08,24,284,108
2023-12-10,13,1075,Furniture,West,1,1,Rainy,15.0,91.78,290.28,9.21,945,327.37,348.97,28,66,0
2023-12-11,47,1129,Electronics,South,0,1,Rainy,19.7,81.0,234.44,11.07,937,443.77,439.75,16,185,61
2023-12-12,11,1184,Sports,North,0,0,Cloudy,23.5,94.52,242.86,6.46,830,1951.62,1995.36,10,213,8
2023-12-13,36,1098,Electronics,South,1,0,Sunny,36.1,87.15,265.45,6.78,336,1473.82,1609.7,18,340,71
2023-12-14,13,1001,Toys,East,0,1,Rainy,35.7,101.74,180.69,10.94,263,472.9,487.98,29,229,102
2023-12-15,29,1021,Toys,North,0,1,Cloudy,28.9,112.8,204.92,4.66,76,1323.89,1201.22,2,361,131
2023-12-16,22,1023,Electronics,North,1,0,Sunny,30.2,104.44,262.98,8.35,826,1146.25,1253.15,47,316,42
2023-12-17,24,1010,Electronics,East,1,1,Rainy,34.6,110.34,281.2,3.58,502,312.36,324.52,17,188,67
2023-12-18,45,1054,Toys,North,0,0,Rainy,31.7,104.19,274.58,9.36,457,1237.25,1191.84,33,314,35
2023-12-19,40,1091,Grocery,West,1,1,Sunny,36.5,89.31,214.86,4.74,141,96.77,99.2,7,397,186
2023-12-20,27,1106,Electronics,East,1,0,Sunny,29.2,107.6,210.53,3.61,327,1038.04,1001.49,0,78,0
2023-12-21,44,1086,Clothing,West,0,0,Sunny,19.9,93.52,260.7,11.25,836,119.34,110.65,9,341,29
2023-12-22,22,1119,Beauty,West,0,1,Cloudy,31.7,92.62,244.31,4.87,721,696.85,754.85,50,201,70
2023-12-23,5,1039,Clothing,North,1,1,Cloudy,26.0,86.64,252.68,4.69,139,1735.96,1823.29,45,459,192
2023-12-24,27,1023,Furniture,South,1,1,Rainy,16.5,92.09,193.47,10.06,816,444.09,407.91,32,32,7
2023-12-25,31,1129,Grocery,South,1,1,Cloudy,36.2,92.41,219.28,9.93,120,1653.17,1798.0,43,87,27
2023-12-26,25,1183,Beauty,North,0,1,Sunny,30.6,103.77,190.45,7.2,67,251.05,264.41,47,179,60
2023-12-27,2,1148,Beauty,East,0,1,Sunny,15.8,91.07,218.3,6.97,140,581.68,541.83,7,27,21
2023-12-28,7,1053,Toys,East,1,1,Sunny,38.3,112.16,248.89,4.54,338,1245.86,1205.68,28,45,8
2023-12-29,9,1008,Furniture,North,0,1,Sunny,12.6,95.68,264.56,11.02,664,1680.54,1747.55,39,202,62
2023-12-30,46,1195,Sports,North,1,0,Sunny,34.4,116.79,236.19,7.1,720,1306.62,1376.26,30,138,35
2023-12-31,15,1037,Beauty,East,1,1,Sunny,31.0,106.61,274.65,10.94,484,1000.64,913.66,7,199,68
2024-01-01,19,1197,Clothing,South,0,1,Cloudy,33.9,93.03,257.93,10.13,565,948.9,966.08,15,337,132
2024-01-02,16,1141,Grocery,West,1,0,Rainy,16.2,107.76,231.74,11.82,600,1585.29,1599.41,15,108,14
2024-01-03,46,1147,Beauty,West,0,1,Rainy,26.7,112.88,201.14,11.6,91,1216.61,1261.75,38,414,150
2024-01-04,25,1084,Furniture,North,0,0,Sunny,36.6,116.13,256.34,3.0,170,1338.72,1326.13,18,219,19
2024-01-05,14,1175,Clothing,East,1,1,Cloudy,39.5,93.77,190.71,3.07,542,838.18,775.74,18,51,10
2024-01-06,24,1141,Electronics,North,1,0,Rainy,36.0,89.41,264.27,6.55,345,1437.96,1410.94,27,299,53
2024-01-07,9,1049,Toys,West,1,1,Sunny,18.7,114.91,195.07,3.1,683,80.63,84.2,31,356,156
2024-01-08,28,1035,Electronics,South,1,1,Cloudy,28.1,97.03,201.58,7.58,585,1649.14,1611.12,14,115,46
2024-01-09,32,1188,Grocery,East,1,1,Sunny,39.3,102.73,264.59,4.02,513,1925.39,1763.68,46,394,164
2024-01-10,34,1193,Beauty,East,1,0,Cloudy,36.7,83.54,236.69,9.68,704,202.26,207.67,37,179,8
2024-01-11,35,1200,Electronics,West,1,1,Cloudy,32.0,96.84,295.27,10.18,316,376.64,391.33,38,403,155
2024-01-12,20,1187,Beauty,East,0,1,Cloudy,15.1,82.06,298.84,10.28,659,103.23,102.92,8,278,124
2024-01-13,17,1034,Toys,East,1,1,Sunny,32.2,104.15,289.22,9.65,694,920.97,977.67,16,420,192
2024-01-14,45,1061,Furniture,South,0,1,Sunny,39.0,103.82,278.61,10.54,790,1987.49,2094.96,15,358,125
2024-01-15,14,1148,Sports,East,0,1,Sunny,11.6,98.56,237.15,7.29,991,1517.23,1527.1,24,369,145
2024-01-16,46,1100,Furniture,East,0,1,Sunny,18.7,111.89,225.84,5.84,562,1381.61,1254.78,34,346,116
2024-01-17,40,1167,Beauty,East,1,1,Rainy,34.1,90.21,250.1,7.15,711,1510.73,1581.53,37,414,190
2024-01-18,13,1134,Clothing,South,1,0,Cloudy,10.3,82.72,229.35,7.73,721,919.59,867.99,18,148,24
2024-01-19,6,1015,Toys,South,0,0,Sunny,35.7,85.2,258.77,11.1,599,1616.24,1514.34,7,376,56
2024-01-20,12,1065,Clothing,West,0,1,Rainy,33.1,107.69,260.11,9.93,283,365.83,334.66,49,51,0
2024-01-21,4,1067,Beauty,East,0,1,Sunny,24.8,117.14,253.24,4.61,523,261.44,263.56,27,131,50
2024-01-22,40,1165,Electronics,West,1,0,Sunny,12.2,102.85,210.07,7.01,938,1020.52,1051.72,0,497,109
2024-01-23,10,1180,Clothing,West,0,1,Rainy,23.1,113.76,273.71,10.07,573,490.4,479.06,44,438,164
2024-01-24,50,1124,Electronics,East,1,1,Rainy,11.7,119.88,257.65,6.29,893,1923.8,1762.38,29,409,176
2024-01-25,12,1142,Electronics,West,0,1,Cloudy,21.7,84.27,262.66,7.38,926,1283.94,1344.37,8,38,0
2024-01-26,13,1007,Sports,South,1,1,Sunny,33.8,105.74,239.96,11.68,851,926.15,1017.99,2,193,102
2024-01-27,3,1104,Electronics,South,1,0,Cloudy,27.4,116.99,184.43,4.27,689,87.17,94.27,39,43,2
2024-01-28,16,1180,Sports,South,0,0,Cloudy,11.5,92.29,275.24,7.11,194,1678.94,1532.52,6,78,0
2024-01-29,15,1017,Beauty,South,1,1,Cloudy,30.4,92.97,297.1,8.18,160,677.1,740.03,13,411,181
2024-01-30,3,1152,Grocery,East,0,0,Rainy,14.2,96.61,263.56,7.98,469,525.11,533.72,8,71,11
2024-01-31,25,1200,Grocery,North,1,0,Sunny,10.2,117.05,264.81,8.34,310,861.63,914.61,49,263,24
2024-02-01,45,1033,Grocery,South,1,1,Rainy,17.2,86.98,263.0,8.37,754,1024.78,1117.07,40,443,189
2024-02-02,1,1143,Grocery,South,0,0,Cloudy,20.9,110.45,244.77,4.97,808,1271.61,1197.38,3,119,7
2024-02-03,8,1039,Sports,West,1,0,Sunny,30.1,81.72,257.38,5.57,465,540.19,552.81,48,252,51
2024-02-04,35,1046,Grocery,North,1,0,Sunny,36.9,108.86,251.12,5.93,223,1506.82,1626.88,14,418,83
2024-02-05,8,1084,Grocery,North,0,1,Sunny,21.3,88.83,236.52,7.36,931,899.94,848.85,39,252,93
2024-02-06,30,1185,Grocery,East,1,0,Rainy,13.8,107.69,187.16,4.23,892,957.79,942.13,48,195,33
2024-02-07,15,1076,Toys,South,0,0,Sunny,22.4,100.87,283.46,4.95,504,1682.13,1607.84,46,239,21
2024-02-08,21,1112,Toys,South,0,0,Rainy,39.4,81.6,236.48,9.92,54,880.11,861.51,44,440,45
2024-02-09,7,1116,Furniture,South,0,0,Cloudy,32.0,118.0,195.93,5.66,683,1997.96,1804.53,42,176,19
2024-02-10,37,1192,Toys,North,1,1,Sunny,36.2,96.21,274.78,6.33,495,1422.61,1280.74,40,56,22
2024-02-11,25,1177,Clothing,North,1,1,Rainy,30.9,104.5,249.03,4.86,721,207.87,223.7,47,497,232
2024-02-12,44,1094,Electronics,North,1,1,Rainy,28.6,94.62,201.03,8.03,88,1143.48,1206.05,8,191,91
2024-02-13,16,1139,Electronics,West,0,0,Rainy,20.6,90.69,261.63,5.49,84,776.99,769.59,32,289,39
2024-02-14,35,1174,Beauty,East,1,1,Cloudy,38.4,112.35,292.91,3.59,933,1773.76,1627.36,25,479,198
2024-02-15,12,1074,Electronics,North,0,1,Sunny,30.9,99.85,285.0,7.69,662,94.25,92.68,43,297,116
2024-02-16,27,1114,Sports,North,1,0,Sunny,10.7,112.08,280.19,7.68,363,852.8,825.99,41,422,67
2024-02-17,21,1125,Toys,West,1,1,Cloudy,14.0,111.57,200.61,5.34,515,775.21,742.36,3,95,35
2024-02-18,11,1159,Grocery,East,0,0,Cloudy,30.8,106.65,198.42,5.14,62,1987.86,2017.49,28,153,23
2024-02-19,24,1048,Grocery,North,1,1,Sunny,21.2,101.59,199.51,5.71,962,98.6,107.1,49,94,49
2024-02-20,10,1002,Sports,East,1,1,Rainy,39.1,110.17,299.29,9.0,838,1152.2,1245.96,28,193,71
2024-02-21,45,1029,Sports,West,0,0,Cloudy,26.5,92.32,228.2,10.57,476,746.92,720.98,38,348,44
2024-02-22,50,1072,Grocery,North,0,1,Cloudy,30.1,83.5,241.41,4.75,345,1226.19,1229.02,3,485,204
2024-02-23,43,1093,Furniture,South,1,1,Rainy,21.2,91.39,222.16,11.8,915,1144.01,1078.96,28,399,189
2024-02-24,19,1042,Beauty,West,1,0,Cloudy,27.9,85.75,216.39,11.9,557,1973.94,1802.65,37,407,69
2024-02-25,25,1023,Electronics,West,1,1,Sunny,26.7,108.41,270.63,4.23,210,1672.95,1602.51,31,41,12
2024-02-26,38,1078,Furniture,West,0,0,Sunny,14.6,92.01,256.87,8.73,147,1324.94,1429.0,26,111,1
2024-02-27,32,1177,Sports,South,0,0,Rainy,24.8,118.83,251.87,6.26,512,1152.87,1237.8,40,371,28
2024-02-28,8,1096,Toys,North,1,0,Cloudy,11.8,92.79,285.4,4.22,187,153.13,148.88,40,486,87
2024-02-29,23,1013,Clothing,East,0,0,Cloudy,15.5,83.78,270.32,7.89,913,666.61,712.61,19,158,11
2024-03-01,7,1137,Toys,East,0,0,Sunny,25.5,94.92,238.19,6.06,952,367.91,347.15,32,133,0
2024-03-02,13,1144,Toys,North,1,1,Sunny,13.5,85.25,182.09,6.13,727,757.01,805.01,38,287,118
2024-03-03,46,1078,Electronics,North,0,0,Cloudy,14.3,89.06,195.04,4.17,100,878.37,924.58,7,59,0
2024-03-04,2,1199,Furniture,West,0,0,Sunny,11.0,106.39,251.18,7.22,950,543.37,496.23,42,25,0
2024-03-05,39,1053,Toys,South,0,1,Sunny,12.7,113.83,293.02,11.54,376,736.8,789.13,49,393,125
2024-03-06,40,1062,Toys,North,0,0,Cloudy,16.5,87.66,213.82,11.11,570,58.44,61.07,13,491,54
2024-03-07,24,1179,Toys,South,1,0,Sunny,35.0,119.25,230.89,7.63,437,270.05,296.22,7,258,49
2024-03-08,8,1134,Grocery,West,1,1,Cloudy,31.7,83.29,239.25,6.46,487,1220.76,1174.86,28,135,44
2024-03-09,28,1049,Beauty,North,1,1,Sunny,10.4,106.97,260.65,6.57,555,1334.17,1223.44,9,222,94
2024-03-10,26,1178,Toys,North,0,0,Rainy,39.3,93.55,251.4,11.92,145,504.1,496.51,31,162,16
2024-03-11,38,1070,Beauty,West,1,1,Cloudy,28.1,96.18,238.14,5.51,806,936.54,865.77,31,274,97
2024-03-12,15,1161,Grocery,North,0,0,Sunny,24.9,81.07,201.49,8.44,354,347.84,356.32,6,409,74
2024-03-13,50,1127,Beauty,West,0,1,Cloudy,24.9,100.19,245.09,10.29,573,1115.91,1216.92,2,240,103
2024-03-14,8,1099,Furniture,East,1,1,Rainy,11.1,87.07,259.13,10.01,925,1426.82,1424.39,8,179,75
2024-03-15,8,1146,Sports,West,1,1,Cloudy,35.6,100.27,226.97,7.45,406,1253.03,1216.13,18,184,66
2024-03-16,4,1008,Toys,North,0,1,Rainy,34.3,103.36,271.82,8.63,409,239.83,232.4,22,230,76
2024-03-17,16,1061,Sports,East,0,0,Rainy,13.4,86.79,244.61,3.34,693,1733.57,1757.16,26,156,27
2024-03-18,2,1179,Furniture,North,1,1,Cloudy,21.7,102.9,277.0,3.9,711,451.52,451.22,48,361,140
2024-03-19,24,1112,Grocery,West,0,0,Rainy,18.0,91.89,248.82,10.24,659,1498.63,1376.33,37,68,10
2024-03-20,38,1087,Clothing,North,1,1,Sunny,20.4,83.07,278.85,7.54,327,894.18,901.32,12,232,89
2024-03-21,30,1172,Beauty,South,0,0,Cloudy,25.0,106.43,278.87,11.44,294,1877.47,1889.76,39,456,64
2024-03-22,50,1112,Toys,North,0,1,Rainy,14.4,86.02,262.24,5.7,465,850.01,911.24,4,344,139
2024-03-23,19,1166,Grocery,East,0,1,Sunny,13.4,87.68,209.47,10.45,495,996.5,1094.41,27,351,142
2024-03-24,3,1052,Grocery,East,0,0,Rainy,33.7,91.11,246.08,8.8,63,1929.38,1923.92,1,48,9
2024-03-25,39,1077,Beauty,North,1,1,Cloudy,29.7,83.61,293.18,9.52,163,510.28,517.52,32,497,210
2024-03-26,8,1134,Sports,East,1,0,Sunny,28.0,110.93,217.61,10.49,774,810.4,850.66,15,498,90
2024-03-27,12,1055,Clothing,West,1,1,Cloudy,11.7,101.34,263.95,4.02,578,876.37,908.4,17,470,209
2024-03-28,10,1093,Furniture,East,1,0,Cloudy,39.0,104.23,280.98,8.96,983,156.61,169.69,42,142,15
2024-03-29,41,1180,Clothing,North,0,1,Rainy,10.2,118.43,291.3,11.26,328,225.99,240.58,15,172,74
2024-03-30,14,1042,Furniture,East,1,0,Rainy,36.0,112.93,292.86,7.24,442,1856.67,1794.55,27,468,89
2024-03-31,11,1179,Clothing,North,1,1,Cloudy,31.9,101.91,219.21,9.26,800,151.59,155.88,40,247,96
2024-04-01,42,1035,Electronics,West,0,1,Rainy,27.3,84.43,209.95,9.42,806,1669.71,1757.59,38,371,116
2024-04-02,29,1123,Beauty,South,1,0,Cloudy,27.8,93.1,213.82,3.76,396,404.68,435.14,36,134,28
2024-04-03,2,1006,Toys,South,0,1,Sunny,17.9,114.07,185.97,8.56,634,557.31,511.51,23,107,40
2024-04-04,46,1135,Furniture,West,1,0,Sunny,31.4,87.62,283.43,10.04,314,1505.56,1470.05,27,458,81
2024-04-05,14,1154,Grocery,East,0,1,Sunny,22.3,85.84,214.82,5.36,652,929.4,882.62,37,370,134
2024-04-06,31,1035,Beauty,East,1,0,Cloudy,21.5,96.93,251.66,3.66,590,164.57,159.07,15,261,44
2024-04-07,23,1156,Sports,North,0,1,Cloudy,28.6,92.1,227.36,6.34,933,1141.14,1159.51,16,106,14
2024-04-08,30,1034,Electronics,East,1,0,Rainy,13.5,81.77,195.34,10.85,874,597.95,581.28,27,164,24
2024-04-09,17,1157,Beauty,East,1,1,Sunny,19.5,119.78,271.64,4.36,893,1849.56,1900.11,28,47,14
2024-04-10,12,1010,Furniture,East,0,1,Rainy,13.5,115.81,239.39,6.97,746,1143.67,1134.01,7,453,182
2024-04-11,47,1038,Electronics,East,0,0,Rainy,15.4,86.73,241.05,5.46,932,1343.12,1265.86,0,289,44
2024-04-12,5,1064,Beauty,West,0,1,Sunny,18.5,119.25,194.64,6.36,971,1904.88,2033.26,9,34,4
2024-04-13,6,1118,Beauty,West,1,1,Cloudy,29.7,93.18,185.26,8.6,483,683.59,715.25,46,484,216
2024-04-14,14,1013,Beauty,East,1,0,Cloudy,12.1,118.08,225.77,6.59,202,518.16,546.23,25,65,2
2024-04-15,2,1054,Grocery,West,1,1,Cloudy,32.6,106.16,194.47,7.42,462,1484.98,1610.22,43,328,144
2024-04-16,24,1132,Grocery,West,1,1,Rainy,18.1,104.01,190.83,6.8,397,1247.04,1230.61,27,67,32
2024-04-17,3,1132,Clothing,West,0,0,Rainy,25.8,105.89,190.08,7.21,101,1819.06,1810.91,9,85,6
2024-04-18,16,1134,Furniture,East,0,0,Sunny,25.4,100.43,229.56,7.18,757,1158.53,1101.39,16,319,35
2024-04-19,6,1197,Toys,North,0,1,Sunny,33.6,113.72,185.43,6.75,741,630.41,641.41,29,407,147
2024-04-20,17,1088,Beauty,South,0,0,Sunny,32.4,104.16,284.59,3.96,567,84.93,83.15,0,107,3
2024-04-21,42,1123,Furniture,West,1,1,Cloudy,34.4,104.67,262.88,11.67,711,820.24,787.87,8,89,42
2024-04-22,2,1179,Grocery,North,0,1,Cloudy,14.4,89.67,281.05,10.72,571,422.28,405.47,29,95,29
2024-04-23,31,1109,Electronics,North,0,0,Cloudy,31.1,118.55,236.58,10.74,619,523.13,501.66,25,46,0
2024-04-24,46,1111,Furniture,West,1,0,Rainy,22.0,100.53,266.95,11.42,946,1642.54,1638.57,45,51,0
2024-04-25,34,1005,Furniture,East,0,1,Cloudy,22.5,98.93,239.37,11.45,375,924.23,912.44,10,167,62
2024-04-26,29,1060,Toys,South,1,1,Sunny,36.5,108.92,226.84,6.75,983,1362.56,1426.49,50,261,91
2024-04-27,11,1160,Grocery,East,0,1,Sunny,15.2,86.25,239.06,10.14,985,1987.85,1909.79,13,305,119
2024-04-28,17,1092,Sports,South,0,0,Sunny,20.1,84.56,207.2,8.06,518,552.75,535.1,22,413,55
2024-04-29,3,1198,Toys,East,0,0,Cloudy,11.5,117.85,275.88,11.66,793,266.32,245.33,39,332,42
2024-04-30,36,1011,Toys,North,0,0,Sunny,37.3,86.28,215.05,6.97,538,1021.86,1097.58,9,351,26
2024-05-01,24,1086,Beauty,South,0,0,Rainy,39.1,110.77,180.79,10.51,505,715.57,716.29,5,156,10
2024-05-02,24,1162,Sports,South,0,1,Sunny,14.1,97.15,290.16,11.08,994,1712.16,1813.04,23,35,19
2024-05-03,29,1038,Beauty,North,0,0,Rainy,19.4,119.28,199.72,3.55,797,122.33,132.67,9,482,44
2024-05-04,46,1170,Toys,East,1,1,Cloudy,31.0,114.94,266.59,5.82,372,65.41,62.53,33,332,127
2024-05-05,10,1180,Furniture,West,0,1,Cloudy,20.4,112.47,257.85,9.98,922,637.99,578.91,21,219,78
2024-05-06,9,1134,Toys,East,0,0,Cloudy,26.6,100.85,270.85,4.44,48,1786.12,1800.38,16,143,0
2024-05-07,50,1078,Sports,West,0,0,Rainy,17.8,100.3,194.86,9.81,983,293.26,281.41,47,22,0
2024-05-08,48,1149,Toys,South,1,1,Rainy,30.0,112.6,248.73,4.26,406,1063.35,1009.68,20,284,130
2024-05-09,38,1050,Beauty,East,1,0,Sunny,31.3,113.14,189.83,3.56,929,303.62,286.3,4,209,36
2024-05-10,36,1133,Beauty,West,1,1,Cloudy,22.7,97.6,291.72,7.41,446,1656.43,1538.61,8,268,109
2024-05-11,46,1118,Grocery,North,0,1,Rainy,11.0,86.27,247.08,11.3,141,1223.12,1200.77,7,209,78
2024-05-12,10,1031,Clothing,East,1,1,Rainy,24.6,111.65,197.06,8.31,69,1876.8,1803.67,18,130,51
2024-05-13,12,1190,Furniture,North,0,1,Sunny,36.1,96.7,248.77,8.09,941,708.76,691.37,46,446,151
2024-05-14,33,1163,Furniture,West,1,0,Cloudy,19.8,111.99,259.74,6.69,258,1805.48,1747.34,2,363,61
2024-05-15,29,1189,Clothing,North,0,0,Cloudy,28.9,110.86,217.06,8.81,679,1140.74,1070.57,39,297,29
2024-05-16,37,1134,Grocery,West,0,0,Cloudy,38.1,87.19,182.28,10.08,271,1667.9,1780.96,37,247,24
2024-05-17,6,1137,Toys,East,1,0,Rainy,35.9,80.93,232.44,6.73,900,1079.41,1053.94,5,78,26
2024-05-18,19,1037,Grocery,East,0,0,Rainy,38.6,107.14,187.07,11.65,205,102.98,93.89,24,70,1
2024-05-19,21,1037,Furniture,East,1,1,Sunny,11.6,89.58,251.64,5.13,540,1517.16,1482.28,7,157,78
2024-05-20,27,1017,Furniture,North,1,0,Sunny,18.1,118.54,261.01,5.22,588,1320.52,1221.63,36,228,38
2024-05-21,29,1022,Beauty,South,0,1,Cloudy,39.6,111.28,244.5,6.81,953,1132.55,1028.76,29,444,158
2024-05-22,11,1001,Electronics,West,1,1,Cloudy,21.4,94.06,255.86,8.27,542,598.56,558.03,34,308,118
2024-05-23,5,1077,Electronics,West,0,0,Cloudy,26.7,91.18,231.84,8.49,1000,1614.01,1737.94,21,345,44
2024-05-24,29,1070,Grocery,East,1,0,Rainy,38.8,93.14,289.68,4.2,964,53.99,53.74,0,364,89
2024-05-25,12,1106,Toys,West,1,0,Cloudy,29.5,101.55,287.11,10.34,475,1360.88,1320.87,24,443,73
2024-05-26,50,1179,Electronics,North,1,1,Sunny,23.3,88.86,182.37,5.53,963,1432.94,1344.53,39,340,135
2024-05-27,20,1184,Grocery,South,1,1,Sunny,18.4,116.18,264.84,4.88,220,1969.31,2023.83,7,465,205
2024-05-28,11,1142,Grocery,South,0,0,Cloudy,12.0,90.38,248.39,5.05,555,1471.35,1404.94,43,31,3
2024-05-29,45,1174,Toys,East,1,0,Rainy,29.2,117.72,186.22,11.45,462,1696.47,1664.87,7,368,59
2024-05-30,34,1195,Electronics,South,0,1,Rainy,26.0,92.65,227.02,6.01,921,1165.05,1054.46,47,135,38
2024-05-31,45,1109,Electronics,South,0,0,Rainy,19.3,105.04,191.61,7.32,847,96.85,102.61,21,450,61
2024-06-01,16,1088,Beauty,North,1,0,Sunny,33.3,104.78,271.69,8.63,612,293.41,321.26,2,213,46
2024-06-02,21,1178,Electronics,South,0,1,Sunny,19.0,105.05,187.89,9.1,592,151.8,162.42,25,69,12
2024-06-03,39,1169,Toys,North,1,1,Rainy,33.9,115.2,254.31,6.06,980,1367.76,1238.09,33,188,67
2024-06-04,38,1050,Electronics,North,0,0,Cloudy,33.7,87.74,248.79,8.74,282,743.01,740.25,39,247,27
2024-06-05,3,1016,Grocery,East,1,1,Rainy,27.5,101.65,197.47,7.23,637,718.66,699.81,0,285,133
2024-06-06,38,1169,Sports,South,0,0,Cloudy,34.6,102.38,186.55,6.09,225,1299.08,1221.46,4,194,32
2024-06-07,45,1120,Toys,East,1,1,Rainy,19.9,84.19,285.13,11.19,527,477.84,430.41,14,374,174
2024-06-08,15,1120,Toys,South,0,1,Cloudy,33.1,112.59,276.87,6.38,429,409.28,449.38,23,25,5
2024-06-09,8,1037,Clothing,West,0,1,Sunny,39.3,87.96,214.09,4.97,288,1451.73,1405.22,35,145,48
2024-06-10,12,1051,Electronics,South,1,0,Sunny,34.9,85.49,258.58,10.97,366,1875.42,1802.31,15,209,42
2024-06-11,34,1160,Furniture,North,0,0,Sunny,33.8,87.67,225.38,6.37,633,887.6,911.77,2,410,47
2024-06-12,40,1151,Grocery,East,0,1,Sunny,11.6,111.82,284.74,10.66,618,1777.38,1674.02,5,421,152
2024-06-13,5,1043,Toys,West,1,1,Cloudy,23.9,92.87,224.87,9.25,752,1913.72,1903.68,37,225,92
2024-06-14,41,1150,Sports,North,0,0,Sunny,23.6,89.38,206.23,6.83,406,1164.17,1265.57,23,150,10
2024-06-15,6,1076,Furniture,East,0,0,Rainy,25.4,93.45,234.14,6.89,396,1618.78,1559.54,24,32,0
2024-06-16,12,1114,Grocery,East,0,1,Sunny,18.8,100.07,245.6,3.7,303,1856.88,1707.74,4,204,86
2024-06-17,13,1173,Clothing,East,1,1,Sunny,31.2,119.92,299.81,9.77,777,1109.09,1056.11,49,173,64
2024-06-18,19,1089,Beauty,West,1,0,Rainy,29.6,119.57,294.18,10.79,253,492.51,517.05,30,139,1
2024-06-19,49,1120,Sports,West,1,0,Rainy,35.4,97.15,293.03,6.76,469,927.45,938.29,23,91,9
2024-06-20,37,1033,Clothing,North,1,1,Rainy,16.8,97.03,270.32,9.87,727,1098.33,1060.13,1,310,144
2024-06-21,10,1085,Toys,West,1,0,Rainy,11.9,95.46,236.97,5.96,482,1296.06,1245.42,10,73,0
2024-06-22,44,1142,Grocery,North,1,0,Sunny,16.0,116.45,226.31,4.85,318,1336.16,1221.24,3,208,34
2024-06-23,27,1101,Grocery,North,0,1,Rainy,32.3,95.56,288.43,4.86,911,451.07,444.95,45,360,129
2024-06-24,31,1041,Toys,East,0,1,Rainy,16.1,119.64,233.49,10.42,639,1624.75,1633.15,36,470,166
2024-06-25,3,1189,Electronics,East,1,1,Cloudy,35.3,111.69,226.93,10.41,890,391.5,371.86,39,395,166
2024-06-26,28,1118,Furniture,South,0,1,Cloudy,38.4,89.59,284.46,5.46,663,1098.59,1135.21,4,377,146
2024-06-27,32,1106,Beauty,North,1,0,Sunny,25.1,111.18,229.21,4.48,232,1036.83,1028.98,4,347,46
2024-06-28,45,1173,Sports,West,1,1,Cloudy,22.0,87.78,184.53,5.26,746,1838.42,1774.85,47,257,97
2024-06-29,36,1169,Grocery,West,0,1,Rainy,35.2,86.82,182.17,3.9,321,292.1,306.21,10,59,20
2024-06-30,43,1196,Electronics,East,0,1,Rainy,15.3,108.58,287.12,7.79,472,1408.65,1503.45,33,348,121
2024-07-01,7,1100,Sports,East,1,0,Cloudy,10.1,110.9,272.05,11.36,403,1822.07,1712.74,1,235,34
2024-07-02,2,1004,Clothing,South,0,0,Sunny,33.9,113.22,200.15,4.5,445,1049.38,1115.62,20,307,30
2024-07-03,35,1102,Furniture,North,0,0,Sunny,20.7,86.94,228.26,5.85,418,464.9,438.87,42,437,42
2024-07-04,18,1167,Toys,East,0,0,Sunny,22.3,110.7,239.95,11.91,749,1095.55,1203.03,36,107,5
2024-07-05,21,1162,Sports,West,0,1,Sunny,29.1,115.36,218.16,10.66,513,181.65,164.13,37,249,92
2024-07-06,25,1131,Sports,South,0,0,Sunny,28.5,115.87,217.06,9.64,795,524.91,480.75,8,211,22
2024-07-07,25,1053,Sports,North,0,1,Cloudy,36.3,85.37,218.1,10.08,60,1065.7,1167.49,41,436,162
2024-07-08,19,1193,Electronics,South,1,1,Sunny,16.2,82.16,290.12,11.9,840,1390.33,1451.37,38,466,191
2024-07-09,29,1162,Electronics,North,1,0,Sunny,11.6,119.68,292.59,4.13,197,1205.63,1285.5,13,140,30
2024-07-10,33,1021,Furniture,West,1,0,Cloudy,15.9,96.96,252.7,5.73,610,924.13,949.19,17,461,87
2024-07-11,24,1102,Furniture,South,1,1,Rainy,25.2,109.4,271.24,10.38,832,989.9,1041.76,27,457,193
2024-07-12,6,1195,Clothing,South,0,1,Rainy,23.9,98.14,225.02,8.45,93,699.81,729.88,12,99,36
2024-07-13,33,1187,Sports,East,1,1,Rainy,38.2,118.82,224.78,7.41,676,1975.67,1806.25,2,491,219
2024-07-14,8,1099,Toys,South,0,1,Rainy,33.1,110.06,221.83,9.38,670,1392.55,1447.26,41,217,89
2024-07-15,16,1123,Electronics,East,0,0,Rainy,28.2,117.77,197.68,5.23,612,1905.97,2036.15,0,79,4
2024-07-16,50,1024,Sports,West,1,0,Cloudy,37.3,115.04,199.9,6.84,728,639.33,699.13,42,473,75
2024-07-17,27,1193,Sports,North,0,1,Sunny,18.1,88.38,269.79,9.29,26,1974.7,2099.65,0,69,33
2024-07-18,5,1199,Sports,West,1,1,Cloudy,22.9,87.06,202.37,4.21,518,404.87,441.19,28,310,133
2024-07-19,4,1192,Grocery,South,1,1,Rainy,28.8,104.98,284.2,4.5,320,217.13,200.83,4,195,80
2024-07-20,2,1150,Grocery,West,1,0,Sunny,11.8,110.07,180.87,8.24,62,238.84,239.91,0,212,18
2024-07-21,49,1069,Furniture,West,1,1,Rainy,21.1,115.61,299.93,10.35,983,754.36,739.04,39,49,0
2024-07-22,23,1085,Beauty,North,0,1,Cloudy,22.1,113.42,291.0,3.23,145,1744.56,1667.61,44,404,152
2024-07-23,40,1176,Sports,West,1,0,Sunny,39.6,118.3,277.51,3.15,388,1753.2,1917.86,47,186,14
2024-07-24,44,1114,Grocery,West,1,0,Rainy,22.8,117.26,291.7,11.88,897,1414.02,1301.03,24,170,14
2024-07-25,34,1147,Beauty,North,0,1,Sunny,19.0,106.92,245.85,10.87,192,1798.0,1961.64,30,359,124
2024-07-26,35,1062,Grocery,South,0,0,Sunny,23.0,108.63,199.23,11.36,944,797.81,762.76,46,151,0
2024-07-27,43,1032,Sports,South,1,0,Cloudy,20.0,88.95,249.12,11.31,86,1305.77,1273.65,45,400,45
2024-07-28,48,1186,Furniture,West,0,0,Rainy,13.5,83.51,190.7,9.67,979,416.9,453.75,36,208,26
2024-07-29,25,1148,Sports,North,1,0,Cloudy,26.1,113.88,297.58,5.88,393,1605.16,1744.46,8,286,61
2024-07-30,43,1155,Toys,South,0,1,Sunny,26.1,98.42,197.36,11.49,877,476.86,494.03,9,327,124
2024-07-31,45,1009,Toys,East,1,0,Rainy,39.9,108.26,237.39,10.46,526,618.42,676.12,3,434,102
2024-08-01,22,1040,Beauty,South,0,0,Sunny,35.7,109.1,215.89,10.34,954,1704.61,1872.02,35,220,14
2024-08-02,23,1194,Furniture,West,0,1,Rainy,30.9,87.8,282.75,6.54,154,680.67,720.32,3,455,193
2024-08-03,46,1078,Furniture,South,0,1,Cloudy,24.5,115.89,205.17,10.24,220,1483.87,1338.19,46,458,156
2024-08-04,10,1097,Furniture,South,0,0,Rainy,39.2,87.19,186.3,11.82,685,710.05,700.65,9,341,41
2024-08-05,47,1104,Grocery,North,0,0,Rainy,24.7,107.52,294.55,8.88,404,1562.91,1716.44,42,357,50
2024-08-06,42,1098,Clothing,West,1,0,Sunny,13.5,84.88,256.97,11.18,250,94.9,96.29,36,265,48
2024-08-07,18,1178,Sports,North,0,1,Rainy,40.0,108.11,215.8,4.13,353,173.82,188.03,50,295,110
2024-08-08,2,1101,Toys,West,0,0,Sunny,39.0,115.9,201.68,8.39,204,60.38,59.74,20,82,23
2024-08-09,3,1033,Toys,South,0,0,Cloudy,17.7,110.12,190.15,4.12,325,758.94,765.68,27,356,53
2024-08-10,34,1076,Sports,West,0,1,Cloudy,19.4,116.43,299.62,8.46,542,459.19,422.36,2,141,55
2024-08-11,3,1049,Grocery,East,0,0,Cloudy,26.6,103.67,213.29,9.56,452,195.0,185.44,24,352,53
2024-08-12,6,1066,Sports,West,0,0,Sunny,28.9,90.78,255.97,8.81,751,775.68,800.09,32,329,33
2024-08-13,11,1108,Beauty,South,1,1,Rainy,10.8,104.14,189.3,4.12,132,1383.76,1357.96,21,347,168
2024-08-14,50,1070,Grocery,South,1,0,Sunny,21.3,118.75,225.44,3.95,967,290.83,292.37,19,321,70
2024-08-15,32,1025,Toys,East,1,1,Cloudy,13.0,81.92,218.16,9.77,205,723.09,757.99,50,292,96
2024-08-16,26,1123,Toys,South,1,0,Cloudy,25.4,86.22,195.16,6.41,773,571.37,619.19,40,209,23
2024-08-17,46,1200,Grocery,West,1,0,Rainy,39.6,111.94,240.27,5.48,458,1065.16,1111.7,14,176,28
2024-08-18,20,1105,Beauty,East,0,0,Sunny,31.9,117.79,199.81,3.52,781,607.41,659.6,0,237,32
2024-08-19,44,1131,Sports,South,1,1,Cloudy,30.6,107.07,243.89,4.12,34,1251.76,1354.63,47,23,0
2024-08-20,48,1089,Grocery,North,1,0,Cloudy,37.9,110.55,288.46,4.57,395,1686.85,1691.47,3,236,31
2024-08-21,32,1098,Grocery,East,0,1,Cloudy,17.5,101.56,271.97,4.06,326,992.09,945.41,0,397,152
2024-08-22,20,1165,Toys,North,1,1,Sunny,20.7,104.62,219.43,6.19,25,731.96,764.52,25,201,75
2024-08-23,1,1026,Furniture,West,0,0,Cloudy,25.4,86.15,194.86,7.39,179,1550.42,1472.94,30,222,17
2024-08-24,12,1138,Beauty,East,0,1,Cloudy,35.2,86.47,222.45,6.91,387,1772.97,1847.16,7,117,51
2024-08-25,19,1011,Grocery,West,1,1,Sunny,14.8,87.96,237.52,8.99,292,281.64,281.02,31,429,181
2024-08-26,49,1196,Beauty,West,1,0,Sunny,38.7,111.71,195.13,6.1,33,1546.4,1464.91,43,444,71
2024-08-27,22,1110,Toys,North,1,1,Rainy,18.5,83.3,231.47,8.56,766,1046.92,994.46,49,78,41
2024-08-28,16,1171,Beauty,West,0,1,Cloudy,33.5,84.12,267.65,8.5,213,1985.48,2021.69,40,96,2
2024-08-29,15,1031,Grocery,West,0,1,Sunny,37.9,97.05,253.98,3.82,72,791.69,795.64,44,344,131
2024-08-30,28,1123,Electronics,West,0,1,Sunny,18.1,91.22,222.12,6.76,347,1795.46,1681.18,0,46,17
2024-08-31,43,1191,Clothing,South,1,1,Rainy,37.3,84.03,202.18,11.53,392,701.85,647.32,42,26,0
2024-09-01,9,1085,Clothing,East,1,0,Cloudy,18.3,103.37,190.47,3.96,664,1498.05,1384.3,37,487,70
2024-09-02,42,1049,Grocery,West,0,0,Cloudy,28.6,92.06,236.9,9.85,566,1455.5,1322.7,12,234,24
2024-09-03,49,1144,Clothing,East,1,0,Rainy,12.0,96.76,291.76,7.53,42,375.52,358.56,8,168,28
2024-09-04,3,1145,Electronics,South,1,1,Cloudy,26.0,100.54,189.0,6.94,541,799.09,843.74,25,330,140
2024-09-05,11,1147,Grocery,North,1,1,Rainy,35.6,91.85,212.22,4.07,249,138.94,131.67,2,347,161
2024-09-06,10,1072,Grocery,East,0,0,Sunny,26.0,80.06,221.7,8.45,397,682.9,743.87,35,155,10
2024-09-07,40,1076,Clothing,North,0,1,Sunny,31.9,91.19,210.72,3.14,693,1958.59,2067.56,49,318,102
2024-09-08,7,1185,Sports,West,1,0,Rainy,16.6,90.75,249.8,10.27,790,821.15,812.29,46,391,59
2024-09-09,31,1024,Furniture,South,1,0,Sunny,15.7,99.62,267.54,8.83,41,654.81,705.26,25,371,68
2024-09-10,39,1049,Electronics,South,0,1,Sunny,23.7,105.8,228.3,9.52,160,1467.19,1557.57,38,71,15
2024-09-11,1,1196,Beauty,North,0,0,Sunny,18.0,117.54,251.96,10.13,29,1917.35,1766.39,47,438,53
2024-09-12,22,1182,Electronics,South,0,1,Cloudy,36.8,112.62,216.89,7.31,269,158.96,165.07,40,298,120
2024-09-13,7,1140,Clothing,North,1,0,Sunny,37.4,80.96,231.26,4.33,691,609.35,660.74,43,216,43
2024-09-14,44,1184,Beauty,North,1,0,Sunny,16.7,118.26,213.82,3.69,361,280.78,304.55,5,478,99
2024-09-15,28,1136,Clothing,South,1,0,Cloudy,30.6,104.99,214.44,10.88,297,1836.66,1896.07,16,435,83
2024-09-16,46,1020,Beauty,North,0,0,Rainy,14.4,97.87,275.62,11.79,854,181.26,184.08,46,162,15
2024-09-17,9,1047,Beauty,West,1,1,Rainy,22.7,107.74,229.67,10.14,361,319.53,347.91,15,216,99
2024-09-18,27,1141,Furniture,West,0,1,Sunny,27.4,96.87,249.35,9.24,786,477.7,438.27,23,21,7
2024-09-19,24,1143,Furniture,South,0,0,Rainy,20.8,113.97,273.44,4.25,491,331.07,354.46,26,144,32
2024-09-20,14,1058,Electronics,South,0,0,Rainy,32.0,107.84,230.97,3.49,128,1342.36,1227.93,38,465,61
2024-09-21,10,1021,Grocery,North,0,1,Sunny,33.0,98.79,196.81,7.75,991,634.04,622.82,21,247,97
2024-09-22,42,1178,Electronics,East,0,0,Sunny,36.4,81.28,270.14,7.53,31,822.96,810.39,29,303,34
2024-09-23,37,1129,Clothing,South,1,0,Rainy,39.2,100.86,297.35,4.13,236,830.78,757.01,25,114,7
2024-09-24,48,1144,Toys,North,1,1,Rainy,29.6,96.2,225.66,3.49,400,1310.96,1230.92,6,73,43
2024-09-25,22,1008,Grocery,East,0,0,Sunny,16.4,80.44,289.16,4.69,226,1294.86,1173.76,17,63,10
2024-09-26,37,1145,Electronics,West,0,0,Rainy,12.8,92.34,297.66,9.77,427,1025.42,987.37,25,391,47
2024-09-27,44,1025,Clothing,West,0,0,Sunny,27.6,95.28,250.36,10.67,317,364.38,377.67,5,473,73
2024-09-28,41,1024,Sports,South,0,0,Cloudy,14.8,118.55,241.96,9.56,687,1070.41,1127.92,28,422,60
2024-09-29,40,1111,Electronics,West,0,0,Cloudy,28.2,118.32,248.03,11.95,119,1619.22,1503.49,19,300,45
2024-09-30,6,1128,Electronics,West,1,0,Rainy,14.8,91.2,223.6,3.8,203,1435.78,1424.51,30,151,22
2024-10-01,9,1032,Toys,West,0,1,Rainy,22.0,114.28,290.06,4.16,395,1049.33,1075.49,20,211,67
2024-10-02,6,1175,Furniture,West,1,0,Cloudy,39.3,82.28,274.87,9.3,594,65.49,70.11,18,212,42
2024-10-03,5,1058,Furniture,West,0,1,Rainy,24.1,101.4,278.19,3.98,204,1476.97,1600.29,25,413,166
2024-10-04,28,1052,Furniture,East,0,1,Rainy,39.9,99.45,264.27,7.29,305,936.43,944.87,30,94,23
2024-10-05,3,1154,Beauty,West,0,1,Rainy,39.4,88.54,205.38,3.21,796,1383.16,1319.49,40,110,25
2024-10-06,6,1037,Electronics,East,1,0,Rainy,36.2,98.06,230.37,4.93,934,555.92,592.67,5,478,101
2024-10-07,49,1077,Grocery,South,1,1,Rainy,24.3,107.55,199.28,9.27,383,1829.57,1855.3,0,307,132
2024-10-08,39,1051,Electronics,South,1,1,Sunny,14.5,98.35,197.7,10.78,136,1594.43,1649.9,16,286,118
2024-10-09,9,1163,Furniture,North,0,0,Cloudy,39.4,96.81,245.53,4.49,406,471.47,444.1,12,367,22
2024-10-10,37,1004,Clothing,East,0,1,Rainy,25.1,114.71,263.92,8.84,486,857.4,831.97,34,238,68
2024-10-11,8,1046,Furniture,West,1,0,Cloudy,27.8,101.71,225.79,10.61,725,1376.55,1413.47,44,337,51
2024-10-12,7,1023,Beauty,North,0,0,Cloudy,38.0,84.15,269.99,8.61,577,244.42,241.69,37,432,61
2024-10-13,27,1055,Grocery,West,1,0,Sunny,35.7,118.02,222.07,10.14,495,855.22,910.03,45,421,72
2024-10-14,48,1102,Electronics,East,0,1,Rainy,36.4,90.58,280.62,10.16,444,1362.94,1227.78,26,36,12
2024-10-15,24,1133,Beauty,East,1,0,Cloudy,39.8,89.67,296.82,4.73,679,816.97,743.7,36,239,37
2024-10-16,9,1163,Furniture,South,1,1,Cloudy,14.8,89.24,265.2,4.14,141,1281.31,1354.16,48,341,155
2024-10-17,11,1083,Grocery,North,0,0,Rainy,10.3,110.8,198.37,8.56,576,1845.16,1689.71,24,32,0
2024-10-18,48,1188,Grocery,West,1,0,Sunny,29.6,88.87,203.26,10.56,763,1571.06,1660.94,49,153,11
2024-10-19,10,1161,Electronics,North,0,1,Cloudy,13.7,85.67,211.44,4.63,99,1013.78,985.68,13,220,77
2024-10-20,7,1126,Beauty,North,1,0,Rainy,38.8,83.05,262.48,6.38,341,1285.43,1272.8,10,112,12
2024-10-21,43,1146,Sports,North,0,1,Rainy,24.5,104.56,245.58,4.43,779,546.28,504.94,38,35,23
2024-10-22,35,1006,Toys,South,0,1,Sunny,37.0,81.18,196.63,3.75,728,1882.7,1795.19,30,122,48
2024-10-23,36,1167,Clothing,West,1,1,Cloudy,38.4,116.89,210.01,4.78,886,1780.26,1702.31,25,72,22
2024-10-24,38,1197,Toys,East,0,0,Cloudy,24.6,115.31,230.85,9.72,855,671.56,618.85,24,239,31
2024-10-25,41,1017,Furniture,South,0,1,Cloudy,22.3,104.16,285.27,11.55,563,736.89,667.61,11,434,179
2024-10-26,21,1110,Beauty,South,1,0,Sunny,16.5,94.87,197.4,5.83,29,671.25,605.59,21,129,2
2024-10-27,15,1144,Electronics,West,1,0,Cloudy,16.5,102.44,265.95,11.52,846,1726.83,1579.99,41,235,38
2024-10-28,44,1194,Furniture,East,1,0,Sunny,11.5,99.76,185.62,5.47,142,291.98,272.78,20,322,48
2024-10-29,19,1005,Sports,North,1,1,Sunny,35.2,96.11,287.5,11.26,60,707.91,639.42,30,68,30
2024-10-30,27,1186,Clothing,East,1,1,Rainy,12.4,110.98,239.26,3.42,325,1408.09,1395.3,41,486,213
2024-10-31,40,1027,Electronics,South,0,0,Sunny,13.2,92.91,262.51,6.92,194,221.63,231.56,23,437,65
2024-11-01,35,1002,Sports,North,1,0,Sunny,11.4,92.17,211.65,9.19,830,1634.35,1559.14,10,493,102
2024-11-02,9,1082,Beauty,South,1,1,Cloudy,13.7,101.1,249.35,8.95,307,677.73,709.02,14,67,34
2024-11-03,17,1197,Clothing,North,1,0,Cloudy,29.4,114.23,263.4,3.68,526,167.52,151.21,13,259,50
2024-11-04,7,1088,Grocery,East,1,1,Cloudy,14.6,100.18,289.7,4.97,392,801.87,794.24,39,282,109
2024-11-05,13,1200,Furniture,South,0,1,Rainy,14.9,92.29,284.38,8.84,170,948.86,874.31,7,143,66
2024-11-06,18,1008,Furniture,West,1,1,Sunny,37.8,83.36,231.78,4.36,534,890.15,860.55,28,159,64
2024-11-07,24,1026,Electronics,West,1,0,Rainy,15.7,87.07,213.11,8.47,551,895.45,927.89,41,147,23
2024-11-08,4,1010,Toys,East,0,0,Cloudy,13.0,89.06,254.43,9.44,421,816.13,770.41,44,157,8
2024-11-09,32,1053,Grocery,South,1,1,Cloudy,27.9,109.36,191.31,7.53,737,1263.13,1323.53,44,142,57
2024-11-10,11,1048,Clothing,West,0,0,Cloudy,24.2,93.36,201.3,5.37,98,382.91,402.84,0,324,61
2024-11-11,23,1122,Toys,North,1,0,Rainy,13.3,112.76,248.07,11.91,875,495.16,495.47,48,95,5
2024-11-12,48,1086,Furniture,West,1,1,Cloudy,24.6,94.57,181.63,6.17,747,700.79,703.29,42,458,188
2024-11-13,39,1124,Electronics,East,0,0,Rainy,35.7,106.37,197.0,7.48,270,1176.29,1222.35,27,204,23
2024-11-14,25,1164,Electronics,East,1,0,Rainy,37.3,93.95,219.74,8.3,987,1988.19,1912.37,2,316,66
2024-11-15,34,1180,Clothing,North,1,1,Cloudy,39.0,111.69,214.61,11.73,530,1858.1,1726.97,43,96,22
2024-11-16,36,1171,Grocery,East,1,1,Sunny,34.0,80.62,184.91,5.55,627,290.7,290.02,0,240,106
2024-11-17,23,1170,Beauty,North,0,1,Sunny,20.5,91.33,283.08,8.99,807,1143.46,1247.21,45,158,59
2024-11-18,28,1150,Electronics,East,0,0,Rainy,38.0,89.95,261.42,6.48,428,1935.47,1779.91,16,491,81
2024-11-19,20,1153,Clothing,South,1,1,Cloudy,14.2,110.71,210.0,6.75,224,637.07,584.27,36,494,202
2024-11-20,25,1112,Electronics,South,1,1,Cloudy,38.0,108.5,236.21,6.85,450,1924.82,1909.92,35,33,0
2024-11-21,50,1108,Electronics,South,1,0,Cloudy,25.4,85.09,245.19,8.09,320,154.4,165.06,8,226,37
2024-11-22,49,1133,Furniture,North,0,0,Rainy,34.9,106.0,220.02,3.88,317,1152.61,1196.55,3,82,1
2024-11-23,48,1150,Sports,North,0,0,Cloudy,32.2,99.81,206.83,9.08,892,351.81,360.83,46,499,72
2024-11-24,45,1052,Electronics,North,0,0,Cloudy,36.4,100.79,209.66,3.93,45,1673.82,1655.01,3,494,73
2024-11-25,8,1077,Furniture,West,0,0,Cloudy,17.8,104.51,232.7,8.92,146,893.09,917.42,11,92,16
2024-11-26,11,1131,Sports,South,1,1,Rainy,18.7,84.0,250.65,6.31,301,812.82,844.95,6,257,100
2024-11-27,27,1109,Grocery,North,1,1,Sunny,26.9,80.44,216.33,8.81,934,1331.52,1316.73,22,91,18
2024-11-28,18,1003,Grocery,East,0,1,Cloudy,25.8,100.52,200.94,4.36,691,1452.46,1405.78,45,459,173
2024-11-29,9,1072,Beauty,East,1,0,Cloudy,24.5,118.5,252.7,4.62,745,1858.45,1960.81,33,152,26
2024-11-30,38,1090,Toys,West,0,0,Sunny,35.6,86.37,191.58,3.96,976,1374.68,1326.2,14,415,64
2024-12-01,47,1061,Electronics,South,1,1,Sunny,11.9,90.02,184.49,9.75,472,1538.54,1571.32,1,492,223
2024-12-02,29,1097,Grocery,South,0,1,Rainy,23.1,91.44,204.14,4.46,853,1080.63,1143.31,5,318,129
2024-12-03,2,1162,Sports,North,0,0,Sunny,36.8,94.38,228.96,7.92,93,714.39,740.45,46,348,32
2024-12-04,14,1147,Beauty,West,1,1,Cloudy,37.0,114.14,276.19,6.95,660,783.43,716.19,5,85,35
2024-12-05,34,1077,Electronics,North,1,0,Sunny,28.0,93.24,206.88,11.47,964,1664.89,1628.4,22,54,8
2024-12-06,19,1020,Toys,South,1,1,Cloudy,11.7,107.9,193.3,7.24,959,1970.62,2031.01,2,193,82
2024-12-07,27,1067,Grocery,East,0,0,Sunny,26.4,109.35,290.9,8.97,919,171.54,171.32,36,483,47
2024-12-08,3,1089,Electronics,West,0,1,Sunny,18.1,81.67,184.27,7.57,685,733.0,729.72,50,455,154
2024-12-09,15,1006,Electronics,North,0,1,Cloudy,30.5,80.72,237.86,6.48,406,1406.11,1386.35,27,301,119
2024-12-10,40,1095,Clothing,South,1,1,Sunny,17.1,83.68,181.21,6.72,790,1782.25,1886.75,36,43,16
2024-12-11,1,1185,Grocery,North,0,0,Sunny,23.2,91.3,217.7,8.42,931,526.28,504.43,38,223,16
2024-12-12,5,1020,Clothing,South,1,1,Sunny,23.3,92.11,224.03,7.96,909,1324.61,1331.72,17,183,77
2024-12-13,45,1139,Toys,North,0,1,Rainy,31.2,104.87,213.57,4.83,160,1690.78,1697.88,19,399,149
2024-12-14,47,1037,Electronics,South,1,1,Sunny,10.6,113.45,212.44,8.29,327,1663.0,1524.8,17,457,198
2024-12-15,40,1099,Furniture,North,1,1,Rainy,11.3,88.23,202.13,6.88,73,1337.78,1212.38,48,198,94
2024-12-16,49,1087,Beauty,East,0,0,Rainy,31.8,104.86,283.89,10.04,970,1484.06,1352.61,6,303,35
2024-12-17,25,1185,Sports,East,1,1,Cloudy,31.6,110.76,211.21,11.64,498,1503.99,1631.73,8,484,233
2024-12-18,18,1022,Grocery,East,1,1,Sunny,28.5,94.47,259.11,10.04,849,1554.55,1402.93,19,311,135
2024-12-19,43,1083,Beauty,East,0,1,Rainy,10.5,80.35,184.44,6.23,673,1696.43,1600.7,3,316,132
2024-12-20,40,1142,Clothing,North,1,0,Rainy,33.0,91.05,284.29,4.15,665,390.27,419.25,41,45,0
2024-12-21,15,1030,Sports,North,0,1,Cloudy,19.5,102.14,207.35,11.57,285,1951.8,1762.91,22,296,109
2024-12-22,23,1028,Electronics,West,0,0,Sunny,16.1,102.81,279.5,9.13,93,1301.68,1399.53,9,32,0
2024-12-23,21,1156,Beauty,East,1,1,Cloudy,21.2,117.7,215.29,3.28,397,136.99,148.78,37,33,9
2024-12-24,21,1131,Sports,East,0,1,Cloudy,11.0,109.05,225.73,11.98,100,1912.6,2088.03,14,309,123
2024-12-25,33,1148,Sports,West,0,0,Cloudy,24.2,100.98,232.92,5.42,876,1171.73,1268.06,21,144,23
2024-12-26,15,1117,Clothing,North,0,1,Cloudy,38.7,96.4,189.56,8.04,98,1833.54,1889.77,38,137,17
2024-12-27,29,1108,Grocery,South,0,1,Cloudy,27.5,85.53,211.23,5.58,341,280.03,274.91,32,95,15
2024-12-28,50,1051,Grocery,West,0,0,Sunny,22.6,110.62,265.37,7.23,123,296.48,268.85,27,32,0
2024-12-29,45,1043,Electronics,South,1,1,Rainy,13.8,107.88,208.97,5.64,364,1799.98,1943.39,37,331,114
2024-12-30,3,1019,Sports,East,1,1,Cloudy,23.5,113.39,214.71,7.29,157,1480.21,1546.44,37,489,187
2023-01-01,33,1022,Grocery,North,1,1,Rainy,19.6,87.07,266.7,5.51,811,238.95,229.27,21,44,0
2023-01-02,38,1131,Beauty,West,1,1,Rainy,19.6,87.14,197.18,10.33,772,1770.65,1852.45,27,285,111
2023-01-03,18,1148,Toys,East,0,1,Rainy,15.0,91.51,238.4,5.01,193,612.53,663.7,38,405,156
2023-01-04,18,1037,Electronics,South,0,0,Cloudy,37.1,118.39,244.78,10.19,26,1002.31,1066.94,23,124,16
2023-01-05,19,1147,Furniture,West,0,1,Rainy,37.5,108.65,290.3,4.08,930,892.92,850.61,8,162,61
2023-01-06,23,1021,Sports,South,0,1,Sunny,25.2,91.04,255.67,7.62,815,194.47,201.78,2,241,90
2023-01-07,7,1181,Beauty,East,0,0,Cloudy,28.8,89.84,250.36,10.85,245,1363.03,1299.05,9,268,43
2023-01-08,19,1034,Grocery,North,0,0,Rainy,12.0,102.31,205.03,4.6,448,1391.56,1423.11,40,318,20
2023-01-09,16,1164,Clothing,West,0,1,Sunny,36.3,106.72,238.83,8.67,632,746.4,743.56,6,132,66
2023-01-10,49,1196,Clothing,West,1,1,Sunny,29.9,84.63,235.77,5.87,136,727.78,712.95,8,416,198
2023-01-11,31,1126,Toys,West,0,0,Rainy,18.0,88.6,282.12,6.68,595,1555.01,1480.87,20,230,20
2023-01-12,26,1067,Electronics,East,1,0,Rainy,29.1,81.83,233.72,4.99,916,374.74,352.72,40,76,10
2023-01-13,40,1157,Clothing,South,0,0,Rainy,12.7,108.19,289.47,9.9,586,173.76,158.09,13,205,0
2023-01-14,35,1102,Beauty,South,1,0,Rainy,19.9,88.62,268.0,11.46,56,1698.69,1785.36,33,72,0
2023-01-15,33,1102,Beauty,West,0,0,Rainy,19.0,89.2,272.69,5.23,298,1512.34,1607.01,24,355,31
2023-01-16,18,1022,Electronics,North,1,0,Sunny,32.3,101.67,290.28,3.86,622,1595.61,1498.05,38,459,91
2023-01-17,20,1083,Furniture,North,1,1,Rainy,16.1,90.57,258.73,7.24,318,887.59,838.28,26,307,128
2023-01-18,45,1137,Toys,South,1,0,Rainy,31.8,118.06,271.52,9.43,483,486.92,533.2,25,414,83
2023-01-19,15,1115,Clothing,West,0,1,Rainy,14.3,105.2,190.04,8.05,232,1736.41,1732.87,15,62,29
2023-01-20,31,1134,Sports,South,0,1,Rainy,22.4,109.62,280.12,3.33,725,1152.36,1130.82,0,157,73
2023-01-21,45,1054,Beauty,West,1,1,Cloudy,17.1,98.45,237.96,7.99,777,1985.87,1819.63,6,237,101
2023-01-22,49,1004,Grocery,North,0,0,Rainy,36.1,84.55,286.26,7.46,661,1616.15,1612.01,47,467,46
2023-01-23,36,1108,Furniture,North,1,0,Rainy,39.9,108.8,285.63,5.44,350,1249.45,1217.37,41,104,16
2023-01-24,14,1158,Sports,East,1,1,Rainy,16.3,93.21,269.61,11.97,970,313.91,315.44,30,25,11
2023-01-25,21,1107,Grocery,South,1,0,Sunny,19.4,87.51,263.29,7.84,358,234.69,240.56,38,100,21
2023-01-26,15,1089,Sports,North,0,1,Rainy,34.6,114.72,250.14,5.75,659,1545.63,1679.89,35,297,114
2023-01-27,42,1169,Grocery,North,0,0,Cloudy,16.5,87.13,247.64,4.14,554,1195.27,1258.87,21,314,42
2023-01-28,18,1189,Beauty,West,0,0,Sunny,33.5,119.56,190.96,10.23,170,329.5,327.88,0,185,14
2023-01-29,5,1014,Grocery,West,1,1,Rainy,19.1,110.4,208.89,6.54,812,801.78,797.69,19,449,184
2023-01-30,39,1055,Grocery,East,0,1,Cloudy,23.2,107.8,210.06,4.08,941,899.06,871.76,1,463,183
2023-01-31,24,1120,Beauty,East,1,0,Cloudy,26.8,119.92,292.73,6.44,203,1869.73,2055.0,12,246,41
2023-02-01,38,1080,Clothing,North,1,1,Cloudy,37.6,104.27,184.02,5.47,510,826.67,908.63,45,149,58
2023-02-02,18,1161,Electronics,North,1,1,Rainy,15.2,110.0,257.71,7.91,126,124.48,112.75,45,98,28
2023-02-03,9,1022,Furniture,North,0,1,Cloudy,31.3,92.57,282.95,5.5,893,428.66,438.43,1,190,69
2023-02-04,44,1082,Sports,South,1,0,Cloudy,22.1,113.51,260.36,3.58,864,1534.52,1426.34,17,62,8
2023-02-05,39,1051,Sports,West,0,0,Rainy,18.2,94.03,220.97,8.11,733,217.89,236.64,5,79,13
2023-02-06,6,1047,Sports,North,0,1,Cloudy,28.8,80.8,200.32,3.09,673,780.33,714.98,46,146,39
2023-02-07,13,1192,Beauty,South,1,0,Rainy,31.2,87.12,196.85,5.84,251,1678.79,1602.51,12,110,32
2023-02-08,19,1067,Sports,West,1,0,Rainy,20.7,94.54,272.68,7.71,869,1280.5,1365.46,2,447,83
2023-02-09,37,1054,Sports,West,1,1,Sunny,20.3,118.74,246.19,9.69,295,226.98,239.39,16,131,51
2023-02-10,30,1067,Electronics,North,0,1,Sunny,24.0,92.92,247.65,8.92,942,116.01,120.68,40,203,70
2023-02-11,27,1122,Clothing,East,0,0,Rainy,19.2,98.67,202.34,3.2,848,1252.39,1275.83,44,242,22
2023-02-12,47,1103,Furniture,South,1,1,Cloudy,20.1,107.14,216.02,11.74,918,506.89,550.96,32,75,8
2023-02-13,37,1103,Toys,North,0,0,Rainy,36.6,118.61,293.14,4.79,601,1516.11,1403.88,21,423,65
2023-02-14,4,1024,Clothing,South,1,1,Rainy,15.0,80.03,197.7,10.95,328,649.68,608.7,13,243,111
2023-02-15,44,1143,Beauty,East,0,1,Sunny,20.3,98.83,262.41,9.29,954,971.0,946.98,29,381,147
2023-02-16,16,1196,Electronics,West,0,1,Sunny,22.0,93.08,213.98,9.07,913,877.96,859.32,4,197,61
2023-02-17,38,1007,Grocery,South,0,1,Rainy,20.2,112.93,253.27,9.77,956,200.68,189.85,31,116,38
2023-02-18,3,1055,Clothing,West,0,1,Rainy,29.6,97.03,214.2,6.48,860,987.27,940.08,26,111,44
2023-02-19,7,1120,Beauty,North,1,0,Cloudy,35.9,112.14,181.47,5.87,608,1038.59,1077.29,0,268,66
2023-02-20,42,1172,Furniture,West,0,1,Rainy,17.8,105.36,252.44,10.22,481,1029.02,1086.85,45,191,77
2023-02-21,8,1046,Furniture,West,0,0,Sunny,20.1,117.37,250.82,4.78,852,1248.31,1341.24,27,44,0
2023-02-22,30,1073,Electronics,North,1,1,Rainy,11.5,103.97,224.32,6.83,711,627.48,667.53,34,156,64
2023-02-23,2,1115,Clothing,East,0,0,Rainy,32.0,101.25,227.55,4.58,567,234.42,245.05,40,272,37
2023-02-24,28,1071,Clothing,West,0,1,Sunny,12.3,94.91,197.61,11.79,673,1634.33,1503.95,32,391,166
2023-02-25,48,1078,Furniture,West,0,0,Cloudy,17.7,106.12,285.95,10.53,463,1932.06,2045.53,36,153,23
2023-02-26,20,1158,Toys,South,0,1,Cloudy,24.2,110.43,232.43,9.72,816,412.14,412.27,2,329,125
2023-02-27,19,1070,Electronics,West,0,0,Rainy,29.7,90.99,235.49,10.11,670,670.41,633.04,1,383,60
2023-02-28,21,1057,Electronics,East,1,1,Cloudy,27.9,101.66,237.07,8.02,371,714.16,692.22,28,97,19
2023-03-01,14,1137,Sports,South,1,1,Rainy,11.0,114.09,296.13,8.68,594,1970.65,1806.33,47,291,120
2023-03-02,24,1078,Clothing,East,1,1,Sunny,14.7,103.4,254.91,8.08,445,1991.86,1802.0,18,304,130
2023-03-03,25,1138,Grocery,West,0,0,Rainy,16.5,119.69,248.49,4.61,182,1545.41,1695.12,25,301,7
2023-03-04,27,1091,Beauty,South,1,1,Rainy,33.1,105.21,259.71,9.18,668,1535.42,1479.46,34,292,105
2023-03-05,32,1194,Furniture,East,1,0,Sunny,22.0,80.13,279.58,9.87,691,385.93,417.37,24,317,68
2023-03-06,42,1108,Furniture,West,0,0,Cloudy,16.7,104.39,240.4,3.72,604,1477.69,1609.35,20,332,43
2023-03-07,31,1176,Electronics,East,0,1,Cloudy,25.3,87.72,289.58,7.12,760,1755.57,1641.53,45,491,195
2023-03-08,13,1083,Grocery,East,0,0,Sunny,27.3,98.37,262.04,6.99,267,1603.67,1755.31,32,348,53
2023-03-09,22,1041,Grocery,West,0,0,Cloudy,11.0,107.07,284.05,11.96,902,801.37,846.73,16,472,74
2023-03-10,46,1138,Electronics,North,1,1,Cloudy,11.8,112.47,279.4,9.53,60,758.58,791.45,32,342,138
2023-03-11,8,1027,Grocery,East,0,0,Rainy,22.4,93.59,289.56,10.16,235,565.79,546.56,44,57,0
2023-03-12,30,1182,Furniture,South,1,1,Rainy,30.7,93.23,234.05,5.32,301,1209.13,1272.32,9,287,124
2023-03-13,24,1145,Clothing,East,1,0,Cloudy,29.0,99.01,232.78,5.65,781,1620.14,1499.78,38,169,29
2023-03-14,25,1066,Sports,South,0,0,Cloudy,19.1,103.37,211.13,9.49,783,1746.95,1752.83,30,336,63
2023-03-15,42,1040,Toys,East,1,1,Rainy,29.5,114.83,237.85,7.36,408,77.75,84.7,21,135,38
2023-03-16,20,1053,Grocery,South,1,0,Cloudy,15.9,99.95,248.33,8.75,32,1687.96,1804.68,50,423,62
2023-03-17,13,1094,Sports,North,1,0,Rainy,25.2,90.86,295.4,10.62,570,1751.6,1916.4,3,248,47
2023-03-18,37,1134,Grocery,South,1,0,Cloudy,38.1,114.3,207.4,9.46,201,128.45,131.25,35,162,27
2023-03-19,5,1034,Toys,East,0,0,Sunny,17.3,110.47,237.27,3.88,922,1573.75,1516.74,40,57,0
2023-03-20,13,1123,Electronics,West,0,1,Sunny,13.0,103.58,251.8,5.7,29,1184.34,1269.88,7,388,166
2023-03-21,13,1151,Beauty,West,0,1,Rainy,28.0,99.7,201.18,7.57,546,603.32,620.85,16,464,169
2023-03-22,35,1064,Clothing,East,1,1,Sunny,39.3,117.83,238.51,5.87,541,967.49,902.31,4,409,175
2023-03-23,29,1088,Sports,South,0,0,Sunny,16.4,100.07,218.4,7.77,125,1385.26,1503.71,13,312,46
2023-03-24,44,1040,Clothing,South,0,1,Sunny,35.6,104.4,198.86,11.61,505,1324.31,1400.79,49,391,138
2023-03-25,31,1078,Clothing,South,1,1,Cloudy,20.6,109.81,233.96,6.83,422,1537.26,1385.28,25,48,37
2023-03-26,27,1091,Sports,South,1,1,Sunny,34.6,88.09,259.45,5.3,872,778.28,750.55,50,215,75
2023-03-27,13,1056,Toys,West,1,0,Sunny,17.3,93.02,237.56,9.49,501,1906.49,2076.82,49,357,68
2023-03-28,25,1177,Sports,West,0,1,Cloudy,27.6,82.37,186.73,6.08,570,770.43,835.7,7,261,113
2023-03-29,21,1199,Sports,West,0,0,Cloudy,19.0,88.0,190.56,5.21,606,1115.84,1151.7,35,291,45
2023-03-30,19,1177,Electronics,South,0,1,Rainy,37.2,97.83,286.15,4.66,499,493.98,480.37,12,366,150
2023-03-31,39,1192,Electronics,South,0,1,Rainy,21.9,99.45,185.76,7.76,954,1979.8,1929.7,36,243,85
2023-04-01,3,1130,Beauty,East,1,1,Cloudy,20.0,82.68,189.07,3.83,591,1572.15,1582.14,32,453,202
2023-04-02,30,1157,Sports,South,0,1,Rainy,24.0,115.57,299.32,4.37,358,192.4,198.09,21,252,84
2023-04-03,34,1200,Sports,West,0,1,Cloudy,18.8,104.95,226.79,3.08,350,882.94,840.36,14,319,119
2023-04-04,30,1168,Sports,South,1,0,Sunny,33.2,88.25,201.79,3.24,636,1891.76,1717.51,8,296,48
2023-04-05,23,1018,Clothing,East,0,0,Sunny,19.1,96.97,212.53,11.43,242,1556.07,1408.96,28,83,8
2023-04-06,29,1191,Beauty,South,1,0,Rainy,23.2,87.95,272.52,8.31,147,231.06,216.05,37,390,58
2023-04-07,34,1032,Grocery,South,0,1,Cloudy,28.1,109.99,218.03,4.72,112,1609.59,1564.48,16,280,115
2023-04-08,1,1098,Beauty,West,1,0,Rainy,20.8,92.4,187.84,11.51,687,636.35,699.95,5,353,76
2023-04-09,42,1100,Furniture,North,1,1,Sunny,14.2,89.96,247.75,4.15,179,323.43,321.48,2,51,16
2023-04-10,48,1170,Clothing,East,1,0,Rainy,15.2,117.45,295.84,9.68,849,1353.9,1317.36,7,422,78
2023-04-11,11,1008,Furniture,South,1,1,Cloudy,21.2,113.66,254.63,3.26,46,696.58,750.75,2,396,192
2023-04-12,3,1139,Furniture,South,0,0,Sunny,20.5,88.91,230.39,3.6,507,955.64,939.41,34,245,10
2023-04-13,9,1155,Beauty,North,1,1,Rainy,37.0,90.27,218.75,7.86,999,1246.54,1300.47,30,272,113
2023-04-14,13,1033,Grocery,South,0,0,Cloudy,12.5,83.79,228.46,10.98,127,537.07,510.29,46,357,20
2023-04-15,20,1085,Sports,West,1,0,Rainy,22.7,106.45,249.52,11.41,55,1508.48,1598.92,40,44,4
2023-04-16,1,1037,Sports,North,0,0,Rainy,19.7,102.88,238.06,6.1,663,1745.58,1909.94,25,251,3
2023-04-17,14,1117,Toys,East,1,0,Cloudy,18.4,110.74,290.87,6.04,933,413.32,400.18,31,415,59
2023-04-18,43,1088,Beauty,East,0,1,Rainy,29.3,118.59,195.15,5.04,488,1668.65,1541.93,45,171,50
2023-04-19,9,1089,Clothing,West,1,0,Cloudy,15.5,112.8,286.27,7.6,165,1688.02,1594.12,1,121,22
2023-04-20,39,1200,Grocery,North,1,0,Cloudy,38.4,101.23,224.94,3.9,189,1288.07,1380.54,14,451,76
2023-04-21,49,1184,Grocery,West,0,1,Sunny,38.8,117.96,215.58,11.11,451,1792.8,1781.33,8,389,153
2023-04-22,17,1182,Toys,East,0,0,Sunny,32.7,85.61,237.71,4.44,846,1954.09,2141.04,25,422,55
2023-04-23,11,1166,Furniture,West,0,0,Rainy,12.1,118.53,213.15,11.03,146,1465.66,1490.85,43,97,3
2023-04-24,18,1195,Clothing,North,0,1,Cloudy,13.1,105.14,236.53,8.94,325,1653.37,1667.01,39,252,94
2023-04-25,10,1019,Beauty,East,1,0,Rainy,35.1,90.22,255.23,6.83,192,1758.67,1826.0,50,269,39
2023-04-26,7,1023,Sports,East,0,1,Cloudy,38.9,96.87,256.57,10.79,306,1692.53,1771.21,16,347,126
2023-04-27,33,1085,Furniture,East,1,0,Sunny,13.0,112.24,209.13,7.45,625,895.85,853.88,49,443,70
2023-04-28,37,1097,Toys,West,0,0,Cloudy,35.1,105.71,191.83,3.85,802,515.3,523.56,45,482,46
2023-04-29,39,1108,Beauty,West,0,1,Cloudy,33.6,114.09,248.8,7.7,982,827.45,877.96,47,418,133
2023-04-30,14,1146,Grocery,North,1,0,Rainy,37.6,112.08,267.49,10.64,279,749.25,776.67,22,147,31
2023-05-01,18,1115,Beauty,North,1,1,Cloudy,39.7,90.53,275.24,4.88,809,1733.79,1785.21,47,225,87
2023-05-02,12,1128,Beauty,North,1,1,Cloudy,26.1,112.21,295.91,5.85,333,247.53,258.52,40,227,72
2023-05-03,21,1160,Furniture,South,1,0,Rainy,35.7,99.42,220.44,6.94,390,1521.8,1661.6,20,28,9
2023-05-04,33,1180,Sports,East,0,1,Cloudy,30.9,87.94,190.87,8.38,917,1343.22,1437.84,9,386,160
2023-05-05,22,1137,Clothing,West,0,1,Sunny,35.4,109.45,285.18,10.19,648,1161.71,1064.64,14,246,97
2023-05-06,10,1171,Clothing,North,1,0,Cloudy,39.5,89.81,207.1,8.83,241,333.48,319.93,1,459,84
2023-05-07,40,1124,Beauty,West,1,0,Rainy,15.6,100.74,227.95,8.18,943,1959.31,2056.02,45,427,89
2023-05-08,17,1111,Clothing,East,0,1,Cloudy,20.7,118.32,196.14,10.74,739,531.45,535.52,8,69,23
2023-05-09,33,1182,Furniture,East,0,0,Cloudy,20.5,108.09,297.18,10.39,249,957.31,971.53,3,255,28
2023-05-10,28,1017,Grocery,North,1,0,Rainy,24.3,108.25,187.65,6.19,997,1451.79,1472.04,46,34,0
2023-05-11,46,1154,Furniture,West,0,1,Sunny,29.9,92.39,263.66,5.74,258,1161.22,1248.54,26,93,32
2023-05-12,38,1081,Beauty,North,0,1,Cloudy,13.6,119.09,253.66,7.77,767,364.35,342.1,38,416,127
2023-05-13,49,1046,Beauty,South,0,1,Cloudy,13.6,83.56,293.54,8.17,991,1386.44,1470.99,24,376,124
2023-05-14,12,1025,Clothing,East,0,1,Rainy,25.0,87.38,228.17,5.04,682,1284.36,1243.19,48,68,15
2023-05-15,34,1066,Electronics,North,0,1,Sunny,15.1,118.54,243.49,3.04,413,647.21,686.05,36,308,109
2023-05-16,12,1049,Sports,West,0,0,Rainy,12.9,107.33,198.56,6.37,201,1788.3,1862.11,49,110,4
2023-05-17,33,1039,Beauty,West,0,0,Cloudy,36.6,111.75,194.43,11.41,977,618.29,599.62,11,322,23
2023-05-18,32,1050,Toys,South,1,1,Cloudy,26.4,95.55,233.75,4.05,587,177.65,168.63,9,142,58
2023-05-19,32,1049,Beauty,West,0,1,Sunny,37.5,116.84,277.31,11.19,744,1521.49,1549.22,33,66,11
2023-05-20,34,1145,Toys,West,0,1,Rainy,14.1,110.54,215.16,8.64,433,898.52,823.47,1,271,100
2023-05-21,7,1083,Toys,West,1,1,Rainy,39.8,110.83,272.5,9.29,560,1670.95,1566.71,5,177,91
2023-05-22,37,1139,Grocery,East,0,0,Sunny,39.0,95.4,222.21,7.84,863,1659.52,1783.55,47,280,17
2023-05-23,34,1046,Toys,East,0,0,Sunny,23.7,87.43,206.59,5.88,751,447.04,420.82,40,333,60
2023-05-24,14,1177,Electronics,East,0,0,Cloudy,34.4,113.25,298.13,11.88,866,495.33,536.7,25,42,1
2023-05-25,10,1037,Toys,South,1,1,Cloudy,27.1,114.55,255.14,4.84,919,1324.01,1433.57,26,373,178
2023-05-26,25,1072,Beauty,South,1,1,Cloudy,10.3,107.7,185.02,9.9,151,1342.78,1268.38,40,78,24
2023-05-27,8,1041,Beauty,West,0,0,Cloudy,19.8,117.74,210.78,9.13,972,1405.29,1344.81,18,165,24
2023-05-28,49,1031,Furniture,South,0,1,Sunny,13.8,119.82,236.27,3.98,254,124.16,121.38,5,410,156
2023-05-29,45,1018,Grocery,West,1,1,Cloudy,14.3,103.88,184.93,11.4,805,1950.29,2055.04,46,182,69
2023-05-30,10,1088,Beauty,East,0,1,Rainy,16.0,105.77,226.96,4.38,318,1035.91,978.98,40,119,36
2023-05-31,22,1169,Sports,West,0,1,Sunny,35.3,104.07,214.54,4.45,580,1930.14,1759.02,43,53,0
2023-06-01,40,1185,Grocery,East,1,0,Sunny,37.0,107.37,180.71,3.03,79,1636.73,1724.69,7,458,96
2023-06-02,15,1196,Sports,North,0,0,Cloudy,34.7,99.06,248.58,6.47,722,1251.3,1238.7,47,141,1
2023-06-03,23,1163,Furniture,West,0,1,Cloudy,36.4,88.95,214.42,9.58,417,1998.32,2150.97,23,398,139
2023-06-04,2,1111,Beauty,East,0,0,Rainy,22.3,115.19,282.2,11.89,148,1688.26,1638.61,25,235,36
2023-06-05,29,1114,Furniture,West,1,1,Rainy,30.0,85.32,243.59,5.21,749,422.38,396.58,46,357,139
2023-06-06,40,1094,Furniture,West,1,1,Sunny,21.8,98.81,245.14,7.07,946,1674.13,1766.07,39,231,98
2023-06-07,36,1041,Sports,West,1,0,Rainy,10.7,88.26,248.09,4.55,783,1377.23,1451.39,41,225,34
2023-06-08,37,1051,Grocery,West,1,1,Sunny,36.0,85.22,291.75,5.85,975,1538.62,1548.03,40,468,203
2023-06-09,5,1022,Electronics,North,0,1,Sunny,19.4,116.07,204.36,4.36,238,649.75,593.35,39,485,183
2023-06-10,21,1150,Beauty,West,1,1,Cloudy,15.3,92.13,276.28,4.44,921,346.43,340.55,34,486,204
2023-06-11,36,1161,Furniture,East,0,0,Cloudy,38.4,116.37,191.65,3.35,921,792.85,773.72,10,412,54
2023-06-12,2,1151,Sports,East,1,0,Rainy,36.8,118.81,293.59,8.1,926,712.56,653.42,23,55,10
2023-06-13,44,1101,Grocery,North,0,1,Rainy,31.3,117.95,189.97,8.43,838,1014.76,1039.49,37,233,94
2023-06-14,11,1094,Beauty,East,0,1,Cloudy,37.1,80.94,218.23,4.5,684,515.67,495.73,28,241,83
2023-06-15,49,1169,Furniture,North,1,0,Sunny,36.2,117.06,181.28,8.16,329,792.31,856.41,24,218,43
2023-06-16,3,1178,Sports,East,1,1,Rainy,34.1,114.15,274.09,6.66,370,308.06,298.59,16,302,133
2023-06-17,6,1116,Sports,North,1,0,Sunny,34.3,112.25,192.85,3.67,402,176.67,179.21,15,418,86
2023-06-18,6,1020,Electronics,North,1,0,Sunny,27.5,118.63,296.29,8.68,358,1582.96,1458.17,7,48,5
2023-06-19,48,1021,Grocery,North,0,0,Rainy,33.7,89.32,186.0,3.71,348,1269.63,1191.58,12,382,47
2023-06-20,32,1155,Sports,South,1,1,Cloudy,30.3,114.6,187.35,4.66,26,205.14,224.6,16,93,46
2023-06-21,13,1180,Electronics,North,0,0,Rainy,32.7,89.11,227.36,10.52,323,1223.03,1224.66,18,131,5
2023-06-22,28,1065,Beauty,East,0,0,Cloudy,36.7,107.34,213.77,4.45,83,172.43,167.06,46,50,0
2023-06-23,6,1173,Beauty,West,0,0,Rainy,27.6,116.65,223.38,9.13,714,1920.63,1947.21,46,449,40
2023-06-24,21,1116,Clothing,West,1,1,Rainy,32.9,92.54,299.89,4.71,621,382.58,397.18,26,258,114
2023-06-25,26,1119,Beauty,West,1,0,Sunny,32.1,95.42,293.96,10.86,827,667.61,733.0,40,96,1
2023-06-26,26,1094,Electronics,West,0,0,Cloudy,38.4,88.68,181.97,7.25,297,707.76,640.05,25,101,0
2023-06-27,36,1072,Grocery,South,1,1,Rainy,23.1,114.06,238.48,8.99,381,1924.81,1758.09,20,381,188
2023-06-28,31,1156,Clothing,South,0,1,Sunny,22.5,80.52,216.96,4.43,665,655.69,671.23,39,82,11
2023-06-29,22,1186,Clothing,South,1,1,Sunny,10.5,94.8,209.53,11.5,724,505.2,542.77,20,344,141
2023-06-30,31,1072,Toys,East,1,0,Sunny,39.0,111.26,248.67,11.2,745,1206.03,1142.6,15,270,30
2023-07-01,21,1131,Electronics,West,0,1,Sunny,25.9,98.51,288.05,11.52,765,568.71,562.96,49,118,24
2023-07-02,50,1071,Sports,South,1,0,Rainy,17.4,105.32,219.27,10.42,514,1145.66,1210.66,20,268,61
2023-07-03,35,1052,Beauty,South,0,1,Cloudy,11.8,115.39,242.82,7.54,274,1591.88,1567.36,0,172,67
2023-07-04,17,1053,Grocery,East,0,0,Cloudy,29.3,96.86,224.24,9.98,171,921.04,899.31,10,324,37
2023-07-05,18,1117,Clothing,South,1,1,Sunny,27.6,92.91,182.03,3.47,354,1127.52,1097.94,20,445,197
2023-07-06,47,1097,Toys,North,1,1,Rainy,15.3,104.52,271.26,8.79,351,1152.95,1168.75,32,48,9
2023-07-07,32,1017,Electronics,South,0,0,Cloudy,14.9,108.55,191.02,6.24,385,709.41,697.02,48,55,0
2023-07-08,32,1103,Toys,North,1,1,Cloudy,14.6,112.91,277.72,7.04,138,1537.39,1650.75,14,142,73
2023-07-09,2,1014,Sports,South,1,0,Sunny,16.6,89.31,198.32,10.83,532,672.95,657.81,40,363,65
2023-07-10,26,1005,Toys,East,1,0,Cloudy,31.4,96.6,188.16,4.8,56,457.23,464.8,0,198,35
2023-07-11,24,1131,Beauty,South,1,0,Sunny,26.1,116.61,269.31,5.53,589,779.89,762.49,12,406,64
2023-07-12,39,1066,Clothing,South,1,1,Rainy,13.6,91.42,183.46,8.43,687,1360.1,1433.55,13,114,54
2023-07-13,7,1191,Beauty,South,0,1,Cloudy,30.2,115.47,278.14,6.25,75,1313.27,1242.3,16,131,54
2023-07-14,33,1007,Clothing,North,0,0,Rainy,16.2,117.87,226.63,5.95,420,1223.54,1141.63,31,265,22
2023-07-15,43,1064,Electronics,North,0,0,Cloudy,11.5,80.45,212.91,3.0,475,793.77,804.58,10,69,4
2023-07-16,4,1095,Grocery,South,1,1,Sunny,18.4,106.15,215.7,3.31,142,639.0,608.68,13,81,46
2023-07-17,44,1008,Furniture,South,0,0,Sunny,31.7,98.21,286.37,9.25,299,576.63,600.03,30,52,0
2023-07-18,47,1178,Grocery,South,0,1,Cloudy,21.3,81.49,231.9,7.19,199,1947.17,1977.06,2,356,157
2023-07-19,18,1182,Clothing,West,0,1,Sunny,30.1,118.53,202.57,9.21,849,53.8,55.42,36,447,174
2023-07-20,28,1144,Sports,West,0,0,Rainy,20.9,103.92,234.75,7.25,187,777.87,840.38,46,302,22
2023-07-21,41,1089,Furniture,South,1,1,Rainy,39.5,110.69,197.72,9.05,930,1014.3,1022.87,23,241,99
2023-07-22,6,1155,Clothing,South,1,1,Cloudy,24.0,110.15,283.42,4.48,63,719.73,779.94,40,94,20
2023-07-23,48,1041,Beauty,South,0,1,Sunny,34.7,115.23,298.86,7.9,552,252.44,227.4,35,360,126
2023-07-24,11,1190,Grocery,East,1,0,Rainy,32.0,111.88,245.81,6.55,692,1647.75,1555.17,22,403,60
2023-07-25,7,1058,Sports,West,0,0,Cloudy,10.0,111.74,240.54,3.97,167,1835.9,1907.48,19,143,24
2023-07-26,49,1104,Clothing,South,0,0,Sunny,10.5,91.83,204.85,10.45,716,189.11,179.78,7,236,47
2023-07-27,1,1179,Toys,East,1,1,Rainy,16.3,97.14,250.76,7.31,649,1207.01,1250.25,2,275,118
2023-07-28,21,1090,Electronics,East,1,1,Cloudy,33.1,96.91,250.45,10.93,991,1944.16,1940.39,1,214,107
2023-07-29,6,1122,Clothing,North,0,0,Cloudy,34.9,105.25,191.28,6.42,365,520.69,571.09,2,185,29
2023-07-30,20,1142,Beauty,West,0,1,Sunny,10.3,85.14,283.53,10.03,977,1037.27,947.88,11,257,97
2023-07-31,35,1168,Sports,North,1,0,Cloudy,25.5,86.96,234.21,10.68,60,616.06,595.29,7,371,84
2023-08-01,10,1020,Grocery,West,1,0,Sunny,21.6,109.78,258.46,4.59,405,135.56,126.96,21,463,78
2023-08-02,15,1183,Furniture,North,0,0,Sunny,14.0,119.15,252.62,3.21,528,765.02,795.46,1,382,39
2023-08-03,34,1178,Clothing,North,1,1,Sunny,18.4,102.29,230.67,3.59,289,1761.67,1819.7,30,225,84
2023-08-04,9,1031,Electronics,South,0,0,Cloudy,15.9,106.39,245.51,8.02,509,180.3,190.76,11,318,44
2023-08-05,27,1030,Toys,North,0,0,Sunny,19.0,109.87,226.89,6.35,542,1586.77,1463.88,42,156,9
2023-08-06,9,1082,Grocery,West,0,0,Cloudy,24.2,99.15,191.89,6.49,668,1272.71,1364.01,4,94,12
2023-08-07,43,1033,Beauty,South,0,1,Cloudy,39.7,82.9,199.77,8.64,443,1687.55,1640.88,14,443,172
2023-08-08,28,1011,Beauty,East,1,0,Sunny,30.1,117.23,226.89,8.46,907,488.21,528.0,30,334,61
2023-08-09,33,1105,Sports,South,0,1,Rainy,33.2,97.31,183.71,3.6,106,1423.73,1502.62,49,348,132
2023-08-10,18,1119,Sports,East,1,1,Rainy,35.7,98.8,238.53,9.82,879,1392.48,1446.86,43,329,137
2023-08-11,39,1170,Beauty,South,1,1,Sunny,30.7,119.01,243.93,8.55,84,540.61,515.55,17,467,202
2023-08-12,21,1083,Grocery,South,1,1,Sunny,34.8,100.71,229.38,5.38,454,1355.89,1271.38,39,475,213
2023-08-13,9,1198,Sports,East,0,1,Cloudy,26.3,92.85,275.76,8.24,197,278.56,290.97,18,346,133
2023-08-14,41,1087,Grocery,West,1,0,Rainy,24.5,90.83,248.18,7.84,169,546.72,499.93,7,212,53
2023-08-15,36,1101,Electronics,North,0,1,Rainy,23.6,119.63,250.03,5.49,601,869.96,829.19,27,341,141
2023-08-16,31,1112,Furniture,East,0,0,Sunny,13.7,110.4,299.3,3.37,91,590.84,596.57,17,85,6
2023-08-17,7,1191,Sports,West,0,0,Cloudy,27.0,80.39,220.51,8.62,303,604.17,572.84,14,336,32
2023-08-18,36,1091,Beauty,South,0,0,Cloudy,27.5,110.49,200.62,11.7,412,446.13,456.51,10,66,0
2023-08-19,37,1190,Toys,East,1,0,Sunny,17.4,96.26,209.04,8.49,933,388.41,366.69,6,21,3
2023-08-20,38,1154,Beauty,West,1,0,Sunny,13.0,83.28,265.49,6.98,776,1781.83,1906.77,48,214,36
2023-08-21,2,1139,Beauty,East,0,1,Rainy,33.7,100.96,218.65,7.49,650,806.41,797.09,13,210,82
2023-08-22,45,1175,Furniture,South,1,0,Sunny,19.4,96.2,209.85,5.62,256,789.92,849.6,1,371,77
2023-08-23,37,1063,Sports,North,1,0,Rainy,27.1,94.38,182.46,6.93,476,1822.92,1673.24,16,198,36
2023-08-24,17,1123,Grocery,South,0,0,Sunny,39.4,94.58,271.29,3.81,957,359.57,367.87,35,45,5
2023-08-25,17,1021,Toys,East,1,0,Rainy,14.2,97.44,284.52,4.67,439,657.62,660.32,14,466,91
2023-08-26,42,1190,Grocery,East,1,1,Sunny,17.1,112.31,203.45,9.41,88,1557.03,1485.11,50,111,36
2023-08-27,35,1032,Beauty,West,1,0,Sunny,26.0,87.47,274.43,5.93,195,1544.38,1548.47,1,276,51
2023-08-28,9,1043,Electronics,West,0,0,Sunny,35.9,113.37,248.86,5.51,271,937.14,976.54,45,147,8
2023-08-29,11,1164,Toys,North,0,1,Sunny,10.0,98.43,275.86,9.1,424,1123.12,1173.94,33,258,116
2023-08-30,23,1156,Toys,West,1,1,Sunny,25.1,99.99,276.58,4.86,634,1989.69,2125.76,7,329,140
2023-08-31,27,1098,Furniture,East,1,0,Rainy,24.6,110.01,205.87,9.98,788,336.98,361.59,50,408,66
2023-09-01,20,1102,Grocery,South,0,0,Rainy,17.6,95.97,265.55,6.34,229,953.43,937.37,3,145,6
2023-09-02,10,1164,Electronics,East,1,0,Rainy,24.0,95.46,258.41,6.9,632,623.2,663.22,35,264,69
2023-09-03,31,1018,Clothing,East,0,1,Cloudy,15.0,119.68,197.51,9.4,296,166.78,167.1,40,286,109
2023-09-04,24,1007,Furniture,West,1,1,Rainy,28.7,91.4,186.11,7.65,146,1772.89,1864.55,27,410,161
2023-09-05,36,1187,Sports,North,0,1,Rainy,29.8,97.59,266.71,5.4,165,1536.11,1442.82,39,216,73
2023-09-06,18,1101,Grocery,North,0,1,Sunny,38.6,87.78,248.32,6.76,865,1772.17,1746.26,36,150,56
2023-09-07,5,1042,Beauty,North,1,1,Sunny,16.6,116.61,199.87,9.05,136,205.94,204.28,21,335,144
2023-09-08,47,1096,Beauty,West,1,1,Cloudy,29.9,101.07,260.13,10.52,623,1064.09,1017.05,38,418,182
2023-09-09,2,1112,Furniture,East,1,1,Rainy,39.2,119.65,186.15,8.33,840,1733.1,1596.7,9,304,129
2023-09-10,15,1057,Grocery,West,0,0,Cloudy,26.3,94.52,269.1,6.77,359,633.21,600.6,39,266,42
2023-09-11,50,1081,Electronics,West,1,1,Sunny,22.4,119.13,220.05,6.33,335,509.58,548.22,31,495,208
2023-09-12,26,1151,Grocery,West,1,0,Rainy,17.3,112.18,220.33,8.38,627,784.85,719.37,5,62,11
2023-09-13,35,1110,Furniture,North,0,0,Sunny,24.1,81.31,214.97,10.59,715,1387.04,1477.69,22,361,46
2023-09-14,37,1023,Electronics,South,1,1,Sunny,11.2,103.31,298.58,8.53,861,1848.97,1956.04,25,441,195
2023-09-15,38,1075,Toys,North,1,0,Sunny,23.9,114.1,198.89,9.98,547,237.43,242.49,44,165,19
2023-09-16,3,1101,Beauty,East,0,1,Rainy,20.8,100.36,215.24,9.35,430,865.04,939.52,50,453,162
2023-09-17,16,1119,Grocery,South,0,0,Sunny,27.6,84.71,192.92,7.04,172,1459.4,1395.91,21,372,57
2023-09-18,21,1149,Grocery,West,1,1,Sunny,37.9,106.73,260.6,9.56,329,1878.0,1768.99,30,355,156
2023-09-19,13,1089,Electronics,North,0,1,Rainy,15.6,99.9,259.0,6.58,746,1732.02,1714.57,20,401,155
2023-09-20,46,1109,Sports,East,0,0,Sunny,38.6,96.63,238.43,11.9,171,131.95,122.46,32,329,31
2023-09-21,13,1185,Grocery,West,0,0,Cloudy,20.8,93.72,253.79,6.03,127,991.46,1055.77,32,123,9
2023-09-22,14,1038,Clothing,East,1,0,Rainy,33.1,109.25,184.73,11.68,625,1116.89,1125.56,48,253,44
2023-09-23,27,1151,Sports,North,1,1,Rainy,37.4,104.35,207.71,5.84,625,484.65,461.84,41,456,195
2023-09-24,3,1059,Sports,East,1,1,Sunny,25.9,81.62,294.24,7.04,426,54.39,49.47,4,430,196
2023-09-25,35,1107,Electronics,East,0,1,Cloudy,16.4,106.45,214.51,4.04,260,1854.98,1813.81,46,188,49
2023-09-26,12,1140,Sports,South,0,1,Sunny,19.9,89.82,237.58,3.9,973,1511.35,1438.26,42,169,50
2023-09-27,28,1053,Sports,South,1,0,Rainy,19.3,101.69,245.84,3.62,179,1752.78,1876.54,0,142,19
2023-09-28,5,1200,Beauty,East,0,0,Rainy,20.1,100.02,280.22,7.81,543,288.09,297.77,17,422,73
2023-09-29,23,1046,Furniture,South,1,0,Cloudy,34.1,111.73,190.37,3.57,169,717.1,720.27,44,293,54
2023-09-30,13,1123,Beauty,East,0,1,Rainy,33.8,97.3,276.87,9.98,432,464.1,435.34,40,267,97
2023-10-01,5,1191,Grocery,West,1,1,Rainy,29.3,87.96,185.04,7.08,23,1163.33,1050.98,42,498,195
2023-10-02,24,1167,Clothing,West,0,1,Rainy,12.6,113.72,251.36,8.05,139,1206.13,1199.72,35,302,108
2023-10-03,40,1009,Beauty,East,0,1,Cloudy,34.7,91.74,283.04,3.49,327,1346.41,1480.62,44,152,38
2023-10-04,25,1040,Clothing,East,1,0,Cloudy,20.9,99.93,268.64,6.66,46,1963.45,1895.81,45,67,15
2023-10-05,39,1154,Beauty,North,1,0,Sunny,39.2,110.72,218.2,4.11,610,464.01,491.89,14,45,0
2023-10-06,18,1080,Beauty,North,1,1,Sunny,36.9,110.09,184.89,11.27,450,231.29,223.58,47,46,9
2023-10-07,38,1002,Electronics,West,0,1,Rainy,22.2,84.28,199.06,11.46,936,1598.51,1464.88,10,114,45
2023-10-08,42,1146,Sports,North,0,1,Sunny,31.9,85.07,268.54,10.4,718,1043.88,1146.11,0,368,139
2023-10-09,47,1199,Beauty,South,1,0,Sunny,22.9,104.53,226.61,10.43,319,721.32,707.55,37,230,33
2023-10-10,38,1074,Clothing,South,0,1,Rainy,29.5,99.91,297.34,6.65,215,1506.23,1563.86,36,114,39
2023-10-11,43,1064,Grocery,North,0,0,Cloudy,11.4,82.89,227.37,11.69,303,1920.83,1949.48,41,127,0
2023-10-12,46,1029,Beauty,North,1,0,Rainy,16.2,85.78,266.92,10.07,909,769.08,842.49,24,357,56
2023-10-13,43,1052,Beauty,South,0,1,Rainy,15.6,106.63,293.61,5.18,520,1900.83,1877.05,16,21,2
2023-10-14,28,1119,Grocery,North,0,1,Cloudy,18.7,96.54,285.76,4.27,306,395.27,416.54,30,422,160
2023-10-15,30,1090,Clothing,South,1,0,Cloudy,35.9,113.58,295.62,5.43,511,480.1,518.97,1,419,79
2023-10-16,16,1166,Furniture,West,0,0,Sunny,18.0,94.83,210.58,3.89,902,1333.67,1413.55,47,226,32
2023-10-17,7,1062,Clothing,East,0,0,Cloudy,24.9,101.13,197.89,3.18,806,1394.79,1409.82,36,194,19
2023-10-18,1,1124,Grocery,South,0,1,Cloudy,32.9,90.05,276.55,8.28,663,833.81,890.83,38,309,108
2023-10-19,31,1160,Grocery,South,1,0,Rainy,20.7,110.36,243.9,7.44,461,1917.13,1731.72,4,72,11
2023-10-20,37,1036,Grocery,West,0,0,Rainy,22.4,119.84,188.71,9.13,581,910.5,844.16,47,129,6
2023-10-21,17,1003,Toys,West,0,1,Cloudy,27.7,97.99,205.09,6.07,262,1242.96,1141.91,16,425,169
2023-10-22,39,1138,Sports,South,0,1,Cloudy,18.3,86.68,270.88,9.56,968,1691.99,1799.28,13,427,159
2023-10-23,6,1129,Toys,South,1,0,Rainy,30.9,117.39,270.4,8.01,188,102.45,94.2,40,312,55
2023-10-24,2,1171,Clothing,South,0,0,Sunny,32.1,109.3,203.5,4.88,155,625.25,570.39,28,135,9
2023-10-25,47,1186,Grocery,East,1,1,Sunny,30.6,113.34,199.09,6.4,195,780.34,785.49,43,451,188
2023-10-26,27,1028,Electronics,South,0,0,Sunny,22.5,97.38,263.96,4.5,750,1064.51,1076.22,43,291,52
2023-10-27,38,1085,Furniture,South,0,1,Rainy,15.2,113.47,233.41,5.84,640,467.59,489.42,49,447,156
2023-10-28,2,1051,Furniture,East,1,1,Sunny,36.2,84.61,263.34,11.11,255,1487.16,1497.14,7,306,113
2023-10-29,38,1183,Sports,South,0,0,Cloudy,36.3,111.96,208.86,3.46,898,1233.46,1328.29,15,295,42
2023-10-30,36,1022,Clothing,North,1,1,Rainy,26.5,113.12,185.28,7.41,878,450.34,477.62,14,377,157
2023-10-31,40,1114,Electronics,West,0,1,Rainy,14.9,91.05,281.67,3.27,803,72.48,65.63,42,373,127
2023-11-01,2,1186,Electronics,North,1,0,Cloudy,34.2,103.43,189.92,4.71,995,1620.48,1600.7,34,351,47
2023-11-02,48,1155,Electronics,South,1,1,Rainy,30.2,111.79,240.48,5.61,319,558.57,512.21,9,327,157
2023-11-03,43,1148,Toys,West,1,1,Cloudy,37.3,83.06,201.09,9.87,533,1262.23,1146.73,24,260,120
2023-11-04,2,1012,Toys,North,0,1,Sunny,21.3,105.47,190.64,9.52,301,1083.57,1063.02,36,82,24
2023-11-05,16,1106,Grocery,East,0,1,Rainy,29.8,94.65,278.59,10.07,404,1472.72,1488.2,2,340,125
2023-11-06,16,1106,Toys,West,1,0,Cloudy,33.4,118.12,282.74,7.73,148,175.8,167.64,3,495,100
2023-11-07,8,1101,Clothing,North,0,1,Cloudy,32.0,118.49,257.25,7.93,505,1021.97,1110.04,33,119,25
2023-11-08,34,1166,Electronics,West,1,0,Sunny,30.2,85.66,228.01,9.1,763,383.2,388.67,42,361,71
2023-11-09,47,1079,Furniture,East,0,0,Sunny,36.4,110.26,195.66,9.5,885,1080.23,1018.41,19,418,56
2023-11-10,3,1100,Clothing,West,0,1,Rainy,32.7,114.65,185.08,6.63,254,1456.19,1418.05,34,369,148
2023-11-11,12,1076,Grocery,North,0,1,Rainy,19.2,111.68,283.57,7.62,854,1084.19,1174.45,1,415,166
2023-11-12,16,1143,Sports,South,1,1,Cloudy,39.2,98.63,279.81,3.55,724,712.86,682.88,40,49,14
2023-11-13,19,1062,Grocery,South,0,1,Sunny,34.9,90.31,217.81,9.38,424,1470.48,1560.68,6,66,35
2023-11-14,34,1120,Sports,North,0,0,Sunny,27.8,105.23,203.76,4.95,434,1305.86,1436.3,2,471,77
2023-11-15,27,1009,Sports,North,0,1,Rainy,39.7,83.81,295.29,10.73,817,1127.47,1209.55,0,25,15
2023-11-16,2,1008,Toys,North,1,1,Sunny,26.5,113.5,242.86,3.12,724,785.72,781.36,44,274,106
2023-11-17,17,1187,Clothing,North,1,0,Cloudy,30.4,95.67,253.17,6.11,927,162.99,156.84,4,433,94
2023-11-18,50,1148,Clothing,North,1,0,Sunny,21.9,99.09,280.57,8.28,794,1994.02,1872.27,46,100,14
2023-11-19,14,1156,Toys,South,0,0,Rainy,18.3,93.51,189.21,5.3,57,1406.06,1506.53,18,86,0
2023-11-20,48,1011,Beauty,East,0,1,Sunny,24.8,95.82,232.24,10.12,67,1062.71,976.84,47,85,18
2023-11-21,28,1200,Beauty,North,0,0,Sunny,25.6,88.13,226.87,10.96,110,1645.44,1731.9,24,98,5
2023-11-22,48,1055,Electronics,South,0,1,Rainy,20.7,112.7,241.09,4.65,605,262.11,268.74,31,237,81
2023-11-23,49,1144,Sports,South,0,1,Rainy,32.5,81.61,209.05,11.07,25,1597.93,1752.98,49,119,28
2023-11-24,43,1141,Sports,South,1,0,Sunny,17.0,94.97,266.86,3.48,703,772.6,802.13,1,330,71
2023-11-25,4,1130,Clothing,North,1,1,Cloudy,15.5,80.63,299.44,11.93,616,1624.28,1592.72,38,381,138
2023-11-26,27,1197,Toys,West,1,1,Sunny,36.7,91.82,244.23,6.3,413,1291.72,1309.48,9,189,71
2023-11-27,37,1027,Clothing,North,1,0,Sunny,36.7,84.33,280.7,10.26,248,624.14,579.36,27,226,13
2023-11-28,4,1105,Toys,North,1,0,Rainy,29.2,98.29,230.12,11.02,677,911.88,957.34,19,307,45
2023-11-29,47,1059,Toys,South,1,1,Cloudy,17.3,118.0,196.62,11.07,795,84.12,89.48,18,443,203
2023-11-30,27,1170,Electronics,South,1,1,Sunny,26.5,113.96,197.67,8.31,387,1111.78,1033.2,42,156,57
2023-12-01,6,1141,Furniture,West,1,1,Cloudy,12.2,113.17,181.79,7.34,456,241.59,257.56,9,412,187
2023-12-02,37,1087,Beauty,North,1,0,Rainy,22.0,85.96,250.51,9.96,890,1042.61,1068.89,2,457,102
2023-12-03,2,1043,Furniture,South,0,0,Cloudy,35.6,97.37,226.88,10.97,84,1996.96,1843.91,48,218,14
2023-12-04,43,1050,Beauty,East,0,0,Sunny,21.3,82.24,257.79,3.72,664,1232.74,1320.96,20,47,0
2023-12-05,30,1105,Beauty,South,0,1,Cloudy,22.3,85.75,267.6,4.98,306,576.74,622.39,28,246,81
2023-12-06,4,1183,Furniture,South,1,1,Cloudy,13.9,85.49,182.34,10.19,783,1751.27,1830.07,30,492,206
2023-12-07,25,1013,Grocery,North,1,0,Rainy,38.1,106.99,211.54,11.73,223,445.2,421.35,8,496,90
2023-12-08,11,1052,Clothing,West,0,1,Cloudy,37.8,98.57,204.59,11.96,949,370.33,340.83,38,103,44
2023-12-09,1,1098,Electronics,South,1,0,Cloudy,39.4,92.71,236.13,7.92,373,783.16,734.66,28,58,12
2023-12-10,20,1068,Toys,North,0,1,Sunny,14.2,95.82,241.23,11.76,116,890.76,852.41,3,141,47
2023-12-11,29,1053,Sports,East,0,1,Rainy,26.0,117.11,288.61,9.67,531,1351.19,1262.1,11,58,25
2023-12-12,6,1126,Beauty,South,0,0,Rainy,25.6,118.95,200.59,7.92,772,1668.01,1762.88,43,330,37
2023-12-13,29,1060,Beauty,West,0,0,Sunny,35.4,87.09,261.78,5.87,49,710.02,720.3,28,398,68
2023-12-14,38,1140,Sports,West,1,0,Rainy,24.3,82.44,283.31,7.47,941,839.92,886.94,9,460,91
2023-12-15,1,1094,Beauty,North,1,0,Sunny,29.8,86.84,206.87,6.14,710,360.47,395.95,43,467,79
2023-12-16,22,1139,Furniture,North,1,1,Cloudy,14.5,82.91,258.16,11.43,94,1964.32,1822.4,36,223,88
2023-12-17,30,1194,Toys,North,1,0,Rainy,28.7,101.67,274.0,10.81,995,358.76,386.9,2,455,89
2023-12-18,39,1178,Sports,South,1,1,Cloudy,39.1,105.93,215.78,8.45,886,1484.08,1487.7,40,53,14
2023-12-19,42,1022,Clothing,East,1,1,Sunny,30.9,97.66,222.83,4.61,936,1110.74,1099.09,30,120,19
2023-12-20,12,1007,Toys,West,1,1,Sunny,38.9,82.54,255.34,11.76,526,1240.34,1238.47,34,96,26
2023-12-21,40,1148,Furniture,West,0,0,Rainy,25.5,87.85,299.3,3.34,678,1087.67,1127.17,0,224,24
2023-12-22,16,1095,Electronics,East,0,1,Rainy,21.4,104.78,262.27,8.12,51,1362.37,1271.89,34,110,21
2023-12-23,50,1192,Clothing,East,1,1,Sunny,38.0,95.73,251.23,4.76,381,1661.61,1698.63,11,346,152
2023-12-24,44,1137,Sports,East,1,0,Sunny,26.4,116.06,248.71,3.93,434,370.62,339.46,43,488,109
2023-12-25,21,1048,Toys,East,1,0,Rainy,21.7,118.75,200.62,11.51,246,1743.25,1646.42,33,331,58
2023-12-26,15,1130,Electronics,West,1,1,Sunny,38.5,99.59,211.54,6.48,890,1139.44,1029.06,20,407,167
2023-12-27,32,1198,Sports,East,1,0,Sunny,15.8,105.13,194.4,9.08,544,1657.44,1516.4,7,487,83
2023-12-28,4,1051,Toys,East,0,1,Sunny,12.6,94.57,227.34,3.79,320,934.67,902.29,20,123,44
2023-12-29,7,1056,Sports,South,1,0,Rainy,24.3,113.84,242.94,5.14,456,922.29,888.59,1,337,65
2023-12-30,45,1165,Beauty,North,1,0,Sunny,33.3,87.09,225.95,7.76,144,1407.35,1414.03,35,50,18
2023-12-31,39,1188,Beauty,South,1,0,Rainy,20.8,89.4,241.71,8.02,805,729.22,680.04,8,498,88
2024-01-01,50,1110,Furniture,North,1,1,Rainy,26.2,91.18,283.51,4.24,743,708.89,685.82,47,477,216
2024-01-02,43,1072,Toys,East,1,1,Rainy,33.6,113.66,214.56,7.52,331,1918.11,2075.58,5,435,184
2024-01-03,2,1035,Beauty,North,0,0,Sunny,34.0,94.9,207.55,8.83,257,191.86,181.75,41,469,30
2024-01-04,8,1084,Beauty,East,0,0,Sunny,19.7,99.22,242.61,8.7,455,1133.31,1061.27,6,165,16
2024-01-05,34,1158,Furniture,West,1,0,Rainy,38.9,107.61,292.4,6.81,940,1292.78,1277.54,18,349,82
2024-01-06,27,1039,Sports,North,0,1,Cloudy,39.5,108.15,290.31,5.59,992,1919.45,1929.36,11,382,131
2024-01-07,48,1035,Grocery,North,0,0,Cloudy,14.3,113.65,180.85,5.74,114,165.02,172.88,5,286,36
2024-01-08,16,1107,Clothing,West,0,0,Cloudy,26.6,93.8,243.9,9.9,433,1061.43,973.78,29,110,12
2024-01-09,31,1119,Clothing,East,1,1,Rainy,14.1,86.19,248.55,3.29,165,1256.29,1259.04,49,457,170
2024-01-10,43,1190,Furniture,West,0,0,Rainy,11.6,114.76,266.19,11.64,680,964.11,879.91,43,130,12
2024-01-11,47,1056,Toys,South,0,1,Sunny,15.2,103.07,248.02,8.53,778,853.28,797.17,6,395,172
2024-01-12,28,1084,Sports,North,1,0,Cloudy,26.5,89.46,199.99,8.88,739,1930.1,2041.8,34,124,4
2024-01-13,18,1107,Electronics,West,1,1,Sunny,14.8,95.72,209.66,3.18,360,559.02,531.5,49,275,130
2024-01-14,40,1184,Sports,North,0,1,Cloudy,34.7,114.42,232.66,4.68,198,908.28,846.9,21,146,45
2024-01-15,49,1135,Furniture,North,0,1,Cloudy,36.9,93.08,249.55,8.02,956,1061.94,983.5,1,435,162
2024-01-16,44,1193,Electronics,South,1,1,Cloudy,33.7,114.52,245.76,4.56,924,136.71,143.85,31,330,144
2024-01-17,30,1133,Toys,West,1,0,Cloudy,32.2,108.2,224.66,7.63,209,511.75,515.33,3,428,70
2024-01-18,49,1197,Electronics,South,0,1,Rainy,17.1,95.51,189.84,8.15,833,1169.01,1077.71,4,197,80
2024-01-19,14,1187,Toys,North,0,0,Cloudy,27.3,111.17,267.57,8.28,376,1344.82,1235.21,12,264,30
2024-01-20,18,1168,Beauty,South,0,0,Sunny,27.3,119.69,189.92,9.18,531,231.21,252.82,9,223,36
2024-01-21,10,1030,Grocery,South,0,1,Rainy,24.0,106.41,186.42,8.45,783,1363.2,1258.49,24,226,84
2024-01-22,7,1034,Grocery,North,0,0,Rainy,14.1,93.72,269.11,7.76,468,1868.18,1755.32,39,402,48
2024-01-23,37,1050,Furniture,West,1,0,Cloudy,10.4,87.15,258.08,8.99,328,1564.47,1440.45,48,421,67
2024-01-24,19,1046,Electronics,North,1,0,Cloudy,30.5,105.01,196.87,6.03,28,1174.04,1133.33,8,96,8
2024-01-25,2,1152,Grocery,East,1,1,Sunny,34.3,109.44,180.15,11.38,752,1350.55,1376.54,8,418,180
2024-01-26,45,1150,Furniture,North,0,0,Rainy,13.6,91.02,230.86,6.23,354,1102.3,1077.47,48,493,72
2024-01-27,17,1020,Sports,South,0,0,Rainy,37.9,96.9,223.42,4.46,256,1137.18,1086.67,10,326,60
2024-01-28,40,1016,Furniture,North,1,1,Cloudy,10.7,89.13,195.18,5.53,685,1893.05,1744.27,20,153,68
2024-01-29,44,1162,Sports,North,0,1,Sunny,17.5,84.99,253.94,11.17,435,1915.35,1940.03,49,347,122
2024-01-30,29,1095,Furniture,East,0,1,Rainy,27.7,111.14,221.76,5.57,883,386.34,366.72,30,450,185
2024-01-31,17,1119,Furniture,North,0,0,Cloudy,11.8,84.74,274.03,4.1,232,101.96,110.35,50,231,31
2024-02-01,36,1059,Electronics,West,1,1,Sunny,24.7,96.95,185.11,3.12,119,1634.06,1689.68,28,74,26
2024-02-02,47,1028,Clothing,North,1,0,Sunny,25.3,96.34,192.2,3.48,749,496.92,455.15,3,436,88
2024-02-03,19,1093,Toys,East,1,1,Sunny,34.0,87.0,264.49,3.22,598,898.44,871.3,33,366,148
2024-02-04,28,1153,Clothing,West,0,0,Sunny,26.8,93.35,299.97,10.23,815,440.71,432.12,28,492,73
2024-02-05,17,1112,Furniture,West,0,0,Rainy,27.6,100.98,279.68,9.3,506,87.01,79.31,17,226,24
2024-02-06,22,1161,Toys,North,0,0,Sunny,23.4,99.43,236.08,11.23,58,88.31,91.05,37,140,12
2024-02-07,35,1197,Toys,North,1,0,Rainy,17.5,119.9,187.89,10.06,63,548.27,560.21,2,433,73
2024-02-08,39,1128,Furniture,West,0,0,Sunny,23.9,97.56,194.43,6.73,637,1135.26,1088.17,26,484,57
2024-02-09,25,1026,Grocery,South,1,1,Sunny,24.6,102.84,209.79,10.48,800,678.52,635.5,47,372,167
2024-02-10,39,1075,Toys,North,1,0,Sunny,31.3,116.44,199.82,6.88,998,1337.63,1210.9,29,46,0
2024-02-11,33,1118,Beauty,South,0,0,Rainy,11.6,86.33,259.84,3.25,842,1337.86,1273.51,34,429,62
2024-02-12,45,1193,Toys,West,0,0,Sunny,39.3,118.5,267.71,7.84,660,1195.91,1145.63,42,280,34
2024-02-13,2,1019,Toys,West,1,1,Cloudy,14.1,110.31,234.15,10.92,384,1067.8,1118.51,14,312,162
2024-02-14,24,1113,Electronics,South,0,0,Rainy,26.2,96.75,218.42,9.0,868,1693.06,1808.91,24,308,36
2024-02-15,6,1077,Toys,West,0,0,Sunny,25.3,99.99,278.06,5.43,189,1219.81,1201.14,32,97,0
2024-02-16,38,1172,Beauty,West,0,1,Sunny,27.7,89.17,194.15,11.14,110,1590.73,1566.4,22,238,92
2024-02-17,3,1127,Toys,South,0,1,Rainy,30.2,112.34,246.39,5.02,760,785.9,724.13,29,317,123
2024-02-18,43,1165,Furniture,South,1,0,Cloudy,37.8,108.08,213.96,8.49,412,1116.26,1165.45,39,239,18
2024-02-19,2,1069,Furniture,East,0,0,Rainy,10.3,102.43,192.27,4.28,975,743.36,782.02,40,228,20
2024-02-20,1,1129,Toys,South,1,1,Cloudy,30.9,89.12,184.93,6.92,284,820.62,763.4,48,289,128
2024-02-21,29,1155,Toys,North,1,0,Cloudy,35.0,83.57,188.86,11.99,135,1193.67,1254.95,46,147,5
2024-02-22,39,1164,Beauty,South,0,1,Sunny,17.0,99.0,228.92,3.0,211,1962.97,1783.87,16,184,81
2024-02-23,36,1131,Electronics,West,1,0,Sunny,20.8,118.25,270.06,7.46,288,292.91,269.32,20,352,70
2024-02-24,19,1071,Electronics,West,1,0,Rainy,32.7,99.37,289.39,9.73,810,1055.79,1098.06,38,295,48
2024-02-25,37,1193,Toys,North,0,1,Rainy,35.0,85.82,212.58,6.99,443,1058.09,1162.9,50,135,46
2024-02-26,26,1161,Furniture,East,1,0,Cloudy,39.3,95.83,254.23,6.96,972,1038.11,1052.07,44,476,70
2024-02-27,6,1084,Clothing,East,1,0,Sunny,13.7,85.39,251.89,4.63,885,1390.53,1384.34,23,146,19
2024-02-28,45,1012,Clothing,North,0,1,Sunny,22.7,109.13,207.25,8.36,790,1554.02,1649.59,13,235,80
2024-02-29,21,1064,Furniture,South,0,1,Rainy,21.2,82.23,238.26,3.44,628,1329.32,1348.57,8,172,53
2024-03-01,12,1013,Clothing,West,1,1,Cloudy,35.8,104.54,231.76,6.69,354,1588.9,1513.31,0,439,195
2024-03-02,20,1081,Furniture,East,1,1,Rainy,26.1,81.17,234.07,11.58,806,671.92,634.39,50,279,111
2024-03-03,9,1063,Beauty,East,1,1,Rainy,33.5,114.17,202.12,6.77,737,613.92,565.84,40,191,71
2024-03-04,39,1156,Clothing,South,0,0,Cloudy,38.0,97.02,282.67,4.07,175,623.52,681.29,28,239,38
2024-03-05,43,1122,Clothing,West,0,1,Cloudy,12.0,81.11,189.49,5.53,122,229.99,248.88,32,437,162
2024-03-06,17,1137,Beauty,West,0,0,Cloudy,10.5,98.98,241.95,6.56,748,1014.34,1026.27,12,467,77
2024-03-07,23,1114,Beauty,North,1,1,Sunny,39.8,96.34,211.57,4.48,851,878.73,816.74,7,490,224
2024-03-08,11,1014,Grocery,East,0,1,Rainy,16.8,93.83,250.65,6.47,790,1087.97,1079.53,22,439,162
2024-03-09,17,1132,Grocery,East,0,0,Cloudy,26.7,110.05,240.42,10.91,390,1603.99,1757.96,17,44,0
2024-03-10,3,1174,Furniture,East,1,1,Rainy,29.6,93.54,197.48,4.77,921,199.57,185.2,12,98,67
2024-03-11,19,1198,Toys,West,0,1,Rainy,37.0,95.93,204.75,8.98,680,1300.96,1363.99,31,106,21
2024-03-12,2,1050,Beauty,West,0,0,Rainy,20.6,80.5,245.15,10.21,88,1233.14,1205.28,15,443,70
2024-03-13,41,1050,Electronics,West,0,1,Cloudy,26.4,113.19,212.01,11.04,358,1703.15,1832.96,0,38,17
2024-03-14,45,1163,Sports,North,0,1,Rainy,24.2,91.46,288.6,10.58,373,1978.35,1890.85,16,489,186
2024-03-15,17,1110,Electronics,South,1,0,Rainy,28.1,88.7,264.55,7.97,35,1301.48,1340.76,46,362,50
2024-03-16,21,1062,Sports,North,0,1,Cloudy,25.4,90.22,244.66,6.47,657,1157.4,1140.17,37,290,99
2024-03-17,49,1177,Toys,North,1,1,Rainy,27.4,85.31,237.52,5.47,480,1378.0,1310.15,14,38,12
2024-03-18,6,1187,Toys,West,1,0,Rainy,14.0,88.15,246.81,5.04,480,367.33,347.9,36,425,95
2024-03-19,42,1169,Toys,West,0,1,Sunny,38.3,102.66,298.01,7.65,547,1852.1,1930.51,35,493,203
2024-03-20,14,1043,Grocery,North,0,0,Sunny,15.6,87.03,180.25,3.57,554,802.58,791.98,7,43,14
2024-03-21,41,1153,Sports,West,1,0,Sunny,26.4,112.71,202.72,6.45,115,613.09,664.25,15,479,84
2024-03-22,36,1075,Clothing,South,0,0,Rainy,18.3,111.32,271.97,7.95,161,430.23,413.82,37,181,24
2024-03-23,3,1001,Grocery,North,1,1,Sunny,10.1,112.69,213.47,5.96,780,1197.24,1182.28,4,189,68
2024-03-24,2,1177,Electronics,West,1,1,Rainy,18.1,82.95,288.6,6.54,399,633.23,580.87,5,380,186
2024-03-25,15,1073,Electronics,West,1,0,Rainy,28.4,116.9,250.98,9.95,500,131.82,134.86,23,415,49
2024-03-26,36,1195,Grocery,West,1,0,Rainy,26.6,95.12,267.07,8.08,434,360.65,368.36,50,27,0
2024-03-27,36,1143,Toys,North,1,1,Cloudy,12.2,81.23,276.34,6.86,391,934.39,855.44,29,479,204
2024-03-28,25,1006,Sports,South,0,0,Sunny,14.0,115.25,271.68,6.23,889,1928.61,1937.09,35,445,63
2024-03-29,20,1021,Toys,North,1,0,Sunny,33.5,94.45,241.26,11.74,140,948.11,939.94,45,66,0
2024-03-30,43,1192,Grocery,West,1,1,Cloudy,15.5,82.99,245.02,10.18,680,1125.28,1075.84,38,384,141
2024-03-31,28,1069,Grocery,South,0,1,Rainy,25.4,82.98,186.41,9.36,955,1773.57,1851.96,23,156,42
2024-04-01,9,1027,Beauty,East,1,1,Rainy,35.0,81.81,232.21,7.55,22,1697.6,1575.89,23,274,124
2024-04-02,2,1188,Electronics,North,1,0,Cloudy,37.0,96.4,294.08,7.13,236,1663.2,1589.5,30,110,0
2024-04-03,33,1042,Toys,East,1,0,Sunny,12.7,100.81,293.44,10.35,207,363.79,346.46,28,143,47
2024-04-04,5,1100,Toys,East,0,1,Sunny,11.8,94.06,247.49,9.28,991,165.05,152.38,23,20,18
2024-04-05,40,1046,Beauty,West,0,0,Rainy,15.6,83.23,285.61,9.69,252,1896.66,2034.05,28,47,0
2024-04-06,3,1009,Furniture,North,1,1,Cloudy,10.4,118.28,210.77,9.31,689,218.92,219.1,50,179,60
2024-04-07,36,1183,Clothing,East,0,0,Cloudy,25.7,96.53,246.64,4.92,898,853.64,790.73,16,162,35
2024-04-08,27,1188,Electronics,South,1,0,Rainy,34.3,83.31,288.2,9.53,92,119.27,115.27,9,200,32
2024-04-09,50,1144,Sports,West,0,0,Sunny,24.0,91.87,296.5,10.05,765,751.89,715.2,48,471,60
2024-04-10,10,1108,Toys,North,1,1,Cloudy,23.1,109.81,233.74,8.29,244,1979.97,2176.56,19,496,209
2024-04-11,35,1129,Grocery,East,0,1,Sunny,21.5,119.26,288.93,11.72,325,841.49,780.55,3,189,69
2024-04-12,29,1071,Sports,North,1,1,Rainy,28.6,94.1,223.71,6.57,230,1150.91,1203.66,0,324,155
2024-04-13,3,1139,Clothing,East,0,0,Rainy,28.9,92.38,183.31,11.91,124,1784.49,1641.63,5,71,0
2024-04-14,25,1025,Toys,North,0,1,Rainy,31.1,97.81,226.69,9.18,201,377.97,341.97,45,337,124
2024-04-15,24,1060,Clothing,East,0,0,Sunny,36.8,106.67,201.87,11.11,823,1598.08,1619.14,3,25,8
2024-04-16,45,1013,Electronics,East,0,1,Sunny,35.9,117.22,288.78,6.12,837,1326.62,1376.07,16,245,101
2024-04-17,41,1159,Clothing,North,1,1,Sunny,38.7,99.69,271.8,9.34,884,301.81,307.54,3,496,212
2024-04-18,44,1094,Sports,North,0,0,Sunny,10.3,95.71,294.89,8.6,331,1557.08,1405.17,44,479,71
2024-04-19,38,1031,Electronics,East,1,0,Sunny,36.3,97.14,240.78,9.29,798,604.21,552.49,19,340,58
2024-04-20,15,1168,Clothing,South,1,1,Sunny,37.3,107.44,220.86,3.41,417,187.79,171.24,31,311,127
2024-04-21,37,1004,Sports,North,1,1,Cloudy,11.8,101.87,266.06,7.3,65,1567.67,1691.65,30,276,113
2024-04-22,46,1056,Sports,South,1,1,Cloudy,31.0,119.46,283.43,3.18,422,1007.01,982.23,10,191,97
2024-04-23,21,1003,Grocery,South,1,0,Sunny,24.8,119.41,217.57,4.17,420,408.11,375.93,34,150,21
2024-04-24,12,1170,Toys,South,0,0,Rainy,19.9,83.81,181.83,10.09,605,127.68,137.77,26,449,62
2024-04-25,44,1012,Clothing,South,0,1,Cloudy,17.6,80.56,286.37,4.05,413,815.54,769.86,8,335,138
2024-04-26,44,1086,Furniture,East,1,1,Cloudy,35.8,83.51,251.21,8.34,453,657.79,644.01,14,451,195
2024-04-27,16,1108,Sports,South,0,0,Rainy,21.1,100.83,189.33,7.16,494,1785.36,1854.95,8,20,4
2024-04-28,23,1042,Grocery,North,0,0,Rainy,31.0,86.73,257.64,8.47,696,383.29,371.99,33,422,50
2024-04-29,8,1134,Toys,West,0,1,Cloudy,12.8,84.26,193.45,6.93,568,774.29,782.07,5,393,148
2024-04-30,48,1119,Sports,West,0,0,Rainy,26.7,81.78,186.04,11.93,367,1838.48,1830.67,48,433,45
2024-05-01,45,1155,Beauty,South,0,1,Cloudy,38.3,100.34,249.83,11.09,842,1042.68,1007.58,19,463,183
2024-05-02,33,1036,Grocery,West,0,0,Sunny,15.3,88.55,215.35,4.15,968,1685.43,1593.96,42,99,3
2024-05-03,4,1065,Electronics,East,1,1,Rainy,29.6,109.25,290.95,10.74,785,263.93,259.78,23,315,129
2024-05-04,1,1173,Grocery,North,0,0,Cloudy,16.2,82.03,292.45,9.26,244,1712.13,1585.63,28,274,28
2024-05-05,23,1033,Sports,North,0,1,Cloudy,15.8,115.94,271.12,7.53,447,704.16,640.37,16,222,88
2024-05-06,4,1089,Sports,South,1,1,Rainy,20.7,116.12,191.51,7.84,155,1547.42,1604.3,41,102,47
2024-05-07,39,1023,Furniture,North,1,1,Rainy,36.0,81.64,293.39,8.24,998,1085.23,1002.61,50,34,0
2024-05-08,48,1139,Beauty,East,0,1,Rainy,14.9,102.7,276.18,4.83,141,868.61,784.18,3,207,101
2024-05-09,26,1143,Clothing,West,1,1,Sunny,21.5,108.02,291.58,3.76,544,1618.15,1573.51,3,175,62
2024-05-10,17,1077,Sports,North,1,1,Rainy,39.4,107.39,252.56,4.7,250,1156.73,1120.59,19,351,143
2024-05-11,39,1097,Grocery,West,0,0,Sunny,21.6,97.35,280.08,3.8,170,548.67,580.04,42,90,15
2024-05-12,42,1143,Sports,East,1,0,Sunny,30.4,114.01,256.35,11.59,566,1483.16,1616.39,38,371,54
2024-05-13,40,1026,Sports,West,0,0,Cloudy,19.3,112.83,190.16,8.41,719,791.52,747.29,35,193,25
2024-05-14,47,1073,Furniture,South,1,0,Rainy,25.9,89.0,211.29,4.82,854,117.73,122.19,4,60,0
2024-05-15,46,1094,Beauty,West,1,0,Rainy,39.4,90.68,283.63,10.01,419,1836.47,1859.87,17,275,44
2024-05-16,38,1183,Sports,East,1,0,Rainy,39.0,97.46,247.72,11.92,297,816.4,886.81,38,417,81
2024-05-17,33,1098,Beauty,North,1,0,Rainy,13.8,87.08,214.27,3.2,734,1821.1,1847.57,39,489,97
2024-05-18,22,1048,Beauty,West,0,1,Rainy,27.3,95.88,281.31,4.64,893,1849.14,1669.24,17,89,26
2024-05-19,16,1095,Beauty,North,1,0,Rainy,13.7,112.55,186.32,9.01,291,1318.8,1340.83,15,425,99
2024-05-20,8,1078,Beauty,East,1,0,Cloudy,34.3,98.11,229.52,8.92,488,490.71,535.96,43,482,69
2024-05-21,2,1008,Toys,North,1,1,Sunny,14.3,84.81,224.2,7.94,114,1836.49,1857.42,20,100,43
2024-05-22,43,1072,Sports,South,1,1,Rainy,18.0,107.21,286.84,7.48,135,1019.58,1048.7,10,465,224
2024-05-23,42,1174,Electronics,West,1,0,Sunny,37.1,98.51,195.85,6.87,718,681.63,639.14,29,21,12
2024-05-24,42,1012,Beauty,East,0,1,Cloudy,11.9,117.1,224.1,8.84,694,1968.96,1786.38,9,267,118
2024-05-25,44,1046,Sports,South,0,1,Sunny,19.6,106.5,293.44,4.08,47,1228.22,1161.09,36,374,143
2024-05-26,14,1196,Furniture,North,1,0,Sunny,16.0,87.92,254.69,6.16,177,1060.29,1037.13,46,33,0
2024-05-27,39,1166,Grocery,West,0,1,Sunny,31.6,118.65,222.27,11.04,695,1381.63,1494.8,9,106,48
2024-05-28,29,1059,Sports,South,0,0,Rainy,20.9,98.95,263.22,11.05,871,483.02,468.92,8,136,30
2024-05-29,28,1110,Electronics,East,0,1,Rainy,12.7,81.96,297.13,3.41,211,808.73,808.38,7,411,156
2024-05-30,13,1098,Electronics,North,0,1,Sunny,14.7,83.99,257.38,11.57,586,483.41,528.15,43,306,109
2024-05-31,41,1047,Sports,North,1,1,Cloudy,32.9,101.37,210.99,6.62,225,682.41,717.04,8,94,46
2024-06-01,14,1177,Grocery,South,0,0,Cloudy,13.2,104.3,210.45,4.39,593,1981.26,2123.14,36,98,29
2024-06-02,46,1171,Sports,South,0,1,Rainy,11.7,87.32,286.61,11.94,365,461.57,475.98,24,144,57
2024-06-03,47,1123,Beauty,South,0,0,Cloudy,11.7,95.87,275.16,5.48,867,510.81,509.34,20,137,2
2024-06-04,36,1079,Beauty,North,1,0,Sunny,36.7,82.87,272.97,4.57,696,161.8,171.01,42,224,34
2024-06-05,31,1169,Clothing,West,0,1,Cloudy,18.3,99.05,223.38,5.26,94,1608.6,1749.12,42,54,27
2024-06-06,24,1023,Furniture,East,0,0,Cloudy,33.0,106.93,219.59,5.44,603,1870.02,1717.17,46,212,12
2024-06-07,21,1116,Toys,West,1,0,Sunny,24.3,80.02,196.45,5.28,465,1953.97,2019.1,4,338,62
2024-06-08,42,1128,Electronics,South,0,0,Rainy,12.2,88.07,209.24,9.45,947,1895.94,1859.36,34,310,30
2024-06-09,37,1134,Furniture,South,0,0,Rainy,24.7,99.35,189.59,8.42,808,411.48,406.37,24,365,39
2024-06-10,49,1008,Furniture,East,1,1,Rainy,17.1,105.5,204.96,8.68,605,1805.21,1876.8,19,123,52
2024-06-11,50,1098,Clothing,East,0,0,Cloudy,30.2,111.43,256.43,4.64,147,332.23,309.54,37,55,0
2024-06-12,23,1007,Beauty,East,1,1,Rainy,39.8,102.52,234.73,11.29,511,63.43,57.72,8,235,114
2024-06-13,20,1080,Toys,West,1,1,Rainy,27.2,103.72,290.8,10.96,111,868.59,816.7,22,238,98
2024-06-14,45,1009,Clothing,East,0,0,Rainy,17.3,92.59,206.47,4.79,622,1491.27,1632.96,36,238,5
2024-06-15,29,1021,Electronics,East,0,1,Sunny,19.6,81.98,224.52,7.19,28,399.53,387.53,10,290,95
2024-06-16,11,1119,Furniture,South,1,1,Sunny,39.6,114.13,253.69,11.25,655,1707.38,1823.65,48,191,64
2024-06-17,19,1106,Sports,West,0,1,Rainy,32.6,114.99,293.05,5.63,246,649.41,617.9,4,425,162
2024-06-18,20,1157,Electronics,West,0,0,Cloudy,38.3,90.34,249.4,5.57,608,1767.79,1901.11,16,28,0
2024-06-19,43,1180,Toys,South,0,0,Sunny,27.8,100.02,195.4,9.51,760,1873.6,2056.59,42,438,50
2024-06-20,35,1165,Beauty,East,0,0,Sunny,13.1,80.32,287.31,8.14,152,169.35,158.29,30,409,60
2024-06-21,34,1090,Grocery,East,1,1,Rainy,24.2,103.42,283.1,4.13,270,69.81,67.04,36,241,100
2024-06-22,20,1098,Electronics,South,0,0,Sunny,14.2,109.49,222.69,4.23,137,447.88,480.47,21,459,55
2024-06-23,46,1153,Furniture,South,1,1,Cloudy,30.3,98.85,180.28,11.46,845,203.82,206.82,13,55,26
2024-06-24,17,1181,Clothing,East,0,1,Cloudy,19.8,95.52,190.16,5.01,575,1123.92,1022.33,13,171,69
2024-06-25,27,1041,Sports,South,0,0,Sunny,19.3,91.71,211.81,4.87,130,86.5,81.86,28,385,45
2024-06-26,38,1107,Toys,West,0,0,Cloudy,33.7,119.54,258.14,9.4,938,324.69,348.09,24,405,50
2024-06-27,42,1023,Sports,West,1,1,Sunny,24.0,87.53,184.5,4.87,346,163.97,155.06,50,425,174
2024-06-28,24,1013,Grocery,South,1,1,Rainy,20.2,97.94,220.41,10.85,964,1529.61,1437.52,8,286,140
2024-06-29,15,1003,Grocery,North,0,1,Rainy,27.2,84.31,204.53,3.09,42,477.95,454.4,29,245,88
2024-06-30,5,1188,Sports,North,1,1,Rainy,38.0,80.43,282.71,4.28,509,1238.86,1201.04,20,147,62
2024-07-01,18,1165,Clothing,South,0,0,Sunny,37.3,109.39,246.74,5.32,519,382.72,346.67,17,386,50
2024-07-02,9,1012,Grocery,East,1,0,Cloudy,34.3,111.89,290.07,3.15,485,1449.51,1582.17,42,428,75
2024-07-03,24,1015,Furniture,West,1,1,Cloudy,33.3,84.06,290.08,8.78,727,1015.62,1081.6,26,74,27
2024-07-04,40,1154,Beauty,South,1,0,Rainy,20.8,101.66,244.42,11.28,177,1587.81,1578.02,9,193,12
2024-07-05,12,1040,Clothing,North,1,1,Rainy,32.7,91.27,210.57,7.56,777,337.49,320.44,15,341,148
2024-07-06,13,1116,Toys,North,0,0,Sunny,12.5,119.17,194.31,7.12,545,131.83,137.02,44,303,12
2024-07-07,40,1013,Sports,North,1,0,Rainy,18.7,81.44,255.51,5.03,174,737.42,750.36,39,336,66
2024-07-08,17,1178,Clothing,South,1,0,Rainy,13.1,87.02,288.64,11.51,786,546.33,515.77,29,113,18
2024-07-09,19,1039,Grocery,North,1,0,Rainy,30.4,107.4,211.28,10.91,411,1707.49,1602.43,12,398,84
2024-07-10,48,1001,Sports,South,0,1,Rainy,19.1,115.09,280.02,5.74,880,1061.2,1063.02,37,492,181
2024-07-11,2,1043,Electronics,East,1,1,Sunny,28.4,115.0,202.74,9.14,528,551.89,574.19,11,223,104
2024-07-12,28,1163,Sports,South,0,1,Rainy,17.0,87.4,290.55,7.27,833,382.47,413.99,36,98,32
2024-07-13,26,1090,Toys,North,0,0,Sunny,29.6,102.91,291.29,4.36,312,278.2,268.33,49,230,20
2024-07-14,14,1011,Grocery,East,1,1,Sunny,23.1,98.53,266.42,4.39,438,386.1,395.55,18,360,157
2024-07-15,28,1097,Electronics,East,1,0,Cloudy,30.1,93.59,203.34,9.51,248,1326.67,1395.73,2,42,1
2024-07-16,18,1147,Toys,South,0,0,Cloudy,12.5,114.02,191.32,10.46,820,198.73,208.63,32,359,48
2024-07-17,24,1138,Grocery,West,1,1,Rainy,18.9,80.34,271.63,3.99,354,561.18,565.36,24,178,70
2024-07-18,20,1193,Grocery,North,0,1,Sunny,27.1,100.1,291.89,6.98,557,986.86,1052.37,33,187,69
2024-07-19,41,1103,Clothing,West,1,0,Cloudy,23.1,85.17,215.54,4.62,645,324.77,352.71,9,111,0
2024-07-20,5,1050,Grocery,North,1,0,Sunny,18.5,104.47,243.83,10.16,135,598.74,597.02,32,489,100
2024-07-21,45,1029,Electronics,West,1,0,Rainy,27.6,103.76,253.56,8.18,559,238.24,222.08,44,121,0
2024-07-22,8,1189,Toys,North,0,0,Rainy,22.7,80.84,262.58,4.51,22,171.66,166.44,12,402,61
2024-07-23,35,1102,Grocery,North,0,1,Cloudy,11.4,112.38,212.42,10.98,940,508.14,529.46,22,303,122
2024-07-24,45,1042,Furniture,South,0,0,Rainy,21.9,107.9,199.68,7.12,466,1870.45,2004.3,11,452,44
2024-07-25,33,1157,Furniture,South,0,1,Rainy,37.0,83.33,220.35,4.03,666,1928.78,2088.12,48,443,155
2024-07-26,50,1104,Grocery,West,1,0,Sunny,23.0,92.19,273.24,3.01,96,420.25,434.02,50,100,7
2024-07-27,39,1040,Electronics,South,1,0,Rainy,32.1,109.13,187.6,7.29,745,1878.9,1967.69,44,30,0
2024-07-28,26,1124,Furniture,West,0,0,Rainy,32.7,108.93,279.06,4.5,670,1802.77,1816.55,6,458,62
2024-07-29,50,1020,Toys,South,1,1,Rainy,13.5,116.73,263.38,6.17,627,867.05,928.3,41,146,46
2024-07-30,35,1178,Clothing,East,1,0,Cloudy,30.3,119.63,278.63,4.36,420,784.9,815.66,25,293,46
2024-07-31,23,1148,Beauty,North,0,1,Rainy,16.1,104.67,251.18,11.02,186,719.69,679.89,17,363,144
2024-08-01,28,1161,Sports,North,1,1,Sunny,27.4,104.31,233.41,8.65,166,1541.42,1514.29,37,175,77
2024-08-02,40,1102,Furniture,North,0,1,Rainy,30.6,99.92,247.1,9.17,891,1163.41,1141.45,4,280,114
2024-08-03,13,1156,Beauty,East,0,1,Rainy,17.3,113.56,242.28,8.67,231,827.4,840.89,34,74,27
2024-08-04,38,1137,Electronics,East,1,1,Sunny,33.8,86.67,256.8,10.26,916,69.33,75.78,7,447,198
2024-08-05,3,1042,Furniture,South,1,0,Rainy,22.0,102.12,288.21,3.16,577,399.33,402.1,16,203,18
2024-08-06,1,1143,Toys,South,0,1,Rainy,19.2,112.59,246.13,8.57,774,973.77,1038.7,47,74,13
2024-08-07,36,1089,Furniture,South,0,0,Rainy,33.6,116.61,185.67,4.92,715,722.58,706.74,43,226,37
2024-08-08,50,1153,Clothing,South,0,1,Rainy,18.8,102.32,272.07,4.72,468,1958.56,2023.18,18,241,103
2024-08-09,29,1146,Electronics,West,0,0,Cloudy,24.2,96.58,257.13,3.31,135,1280.5,1204.71,23,474,63
2024-08-10,18,1076,Clothing,East,0,0,Rainy,24.5,106.61,294.56,8.03,971,831.7,900.99,10,174,20
2024-08-11,3,1097,Grocery,South,0,1,Rainy,28.3,97.45,237.32,5.84,455,1547.83,1450.08,11,83,22
2024-08-12,14,1163,Sports,East,1,0,Rainy,25.0,99.22,226.66,7.87,721,1581.66,1541.29,14,327,55
2024-08-13,28,1084,Grocery,North,0,0,Rainy,10.2,113.22,296.33,5.59,766,728.01,670.01,44,444,62
2024-08-14,1,1190,Grocery,West,0,0,Sunny,37.9,82.72,266.06,7.25,965,1568.66,1456.72,29,273,21
2024-08-15,11,1109,Beauty,East,0,1,Cloudy,19.6,107.0,246.5,4.54,618,1353.76,1264.5,22,91,27
2024-08-16,26,1030,Toys,East,1,1,Cloudy,12.5,82.66,220.32,3.47,892,1291.63,1256.31,38,67,10
2024-08-17,17,1115,Furniture,East,1,1,Sunny,32.9,105.55,222.79,4.27,468,1754.0,1835.32,46,171,76
2024-08-18,30,1031,Clothing,East,1,0,Rainy,18.7,116.05,204.38,6.0,520,1045.56,947.34,12,83,24
2024-08-19,34,1056,Furniture,North,0,0,Sunny,34.8,100.85,252.11,4.64,978,123.0,122.37,34,475,71
2024-08-20,5,1091,Beauty,South,1,1,Sunny,10.3,113.09,232.18,5.84,84,661.25,611.29,44,176,85
2024-08-21,27,1084,Beauty,South,1,0,Rainy,34.4,111.37,186.0,7.61,904,259.39,255.49,30,116,8
2024-08-22,32,1023,Sports,West,1,1,Sunny,27.8,95.9,291.86,11.88,249,459.31,449.76,37,329,156
2024-08-23,37,1066,Furniture,West,1,1,Sunny,28.3,103.0,274.84,9.21,134,144.04,146.79,21,265,113
2024-08-24,15,1176,Sports,East,0,0,Cloudy,12.5,103.78,259.63,5.61,314,381.89,366.22,17,396,56
2024-08-25,33,1199,Toys,East,1,1,Rainy,15.1,116.43,224.51,9.98,522,690.76,719.77,22,406,152
2024-08-26,48,1029,Beauty,North,0,0,Sunny,23.2,103.35,267.74,8.48,938,1342.02,1377.23,4,439,61
2024-08-27,9,1077,Toys,South,1,0,Rainy,10.4,93.13,249.67,5.69,288,1854.61,1969.92,50,156,18
2024-08-28,32,1195,Beauty,South,1,0,Sunny,15.5,88.71,183.56,7.75,369,1516.37,1622.19,7,416,74
2024-08-29,6,1148,Grocery,West,0,1,Rainy,27.3,115.5,182.72,10.15,692,1837.99,2009.32,46,313,107
2024-08-30,7,1114,Furniture,North,1,1,Sunny,26.8,97.01,230.76,4.87,862,1589.17,1458.68,42,180,63
2024-08-31,48,1130,Toys,North,1,0,Cloudy,19.6,85.06,227.35,9.72,144,287.63,272.74,37,60,26
2024-09-01,35,1033,Beauty,West,1,0,Cloudy,36.0,93.98,209.2,6.84,607,165.19,166.22,34,428,77
2024-09-02,7,1129,Sports,North,0,1,Rainy,11.8,85.43,205.46,7.15,430,185.87,180.04,44,427,160
2024-09-03,25,1194,Furniture,South,1,0,Sunny,30.7,100.39,251.95,8.12,234,738.8,782.9,3,380,63
2024-09-04,1,1161,Clothing,East,1,0,Rainy,29.0,91.68,259.88,3.77,362,1728.51,1839.28,15,319,52
2024-09-05,23,1030,Electronics,West,1,0,Rainy,38.7,104.54,259.2,10.54,952,517.97,516.54,29,34,0
2024-09-06,11,1140,Toys,West,1,1,Sunny,20.3,89.97,201.25,3.74,846,547.03,499.84,45,369,150
2024-09-07,7,1160,Sports,West,1,0,Rainy,26.1,112.73,290.29,6.69,291,133.56,130.18,7,39,7
2024-09-08,13,1172,Toys,North,0,1,Sunny,10.2,85.71,230.36,6.8,976,1721.57,1849.78,16,344,132
2024-09-09,8,1136,Beauty,South,1,0,Sunny,27.3,103.01,185.39,7.46,286,1405.59,1506.95,42,460,87
2024-09-10,39,1161,Sports,North,0,0,Cloudy,26.1,114.33,292.62,7.58,803,575.76,555.02,22,77,9
2024-09-11,50,1085,Toys,West,0,1,Sunny,23.6,115.53,182.55,11.71,845,1127.95,1141.47,7,423,161
2024-09-12,7,1194,Furniture,East,0,0,Rainy,38.4,103.63,271.2,11.11,539,1012.16,1021.95,28,353,44
2024-09-13,15,1188,Grocery,South,1,1,Rainy,23.5,113.18,191.32,9.46,639,74.29,80.43,22,118,20
2024-09-14,33,1164,Beauty,West,0,0,Cloudy,13.8,85.33,211.74,4.5,60,1851.47,1691.44,10,461,80
2024-09-15,40,1009,Sports,East,1,1,Sunny,10.2,110.32,187.95,3.51,726,1014.76,1033.34,45,159,42
2024-09-16,7,1145,Grocery,South,1,1,Sunny,35.2,105.73,187.14,7.34,650,653.65,713.1,9,93,39
2024-09-17,30,1008,Toys,West,0,1,Rainy,36.0,102.97,204.56,4.6,100,1984.12,2119.83,50,93,9
2024-09-18,12,1075,Electronics,East,0,0,Rainy,13.0,101.34,254.62,3.32,332,796.02,785.13,44,215,21
2024-09-19,10,1140,Furniture,West,0,0,Sunny,33.4,81.27,220.23,10.13,420,1791.86,1761.08,8,55,16
2024-09-20,37,1093,Grocery,West,0,0,Rainy,23.9,104.2,183.6,3.86,269,316.29,345.09,36,26,4
2024-09-21,40,1119,Electronics,South,0,1,Sunny,14.8,84.37,244.86,6.43,62,1499.33,1491.12,4,355,142
2024-09-22,25,1127,Grocery,South,0,0,Rainy,19.5,116.88,272.82,9.69,831,268.16,267.94,36,105,0
2024-09-23,5,1122,Beauty,North,1,1,Rainy,17.3,82.15,297.4,10.43,797,637.99,683.52,8,114,39
2024-09-24,24,1037,Electronics,West,0,0,Rainy,15.4,116.45,212.39,3.74,997,1478.51,1607.59,46,28,0
2024-09-25,29,1122,Grocery,West,0,0,Cloudy,15.5,105.66,222.37,3.85,965,304.57,299.03,41,258,22
2024-09-26,39,1077,Sports,North,0,1,Rainy,34.8,94.36,244.81,4.01,57,306.26,282.15,42,76,8
2024-09-27,38,1024,Grocery,West,1,1,Cloudy,28.2,101.43,229.63,7.31,458,1592.77,1722.84,32,365,175
2024-09-28,27,1033,Grocery,West,1,0,Sunny,25.0,90.77,234.74,3.21,787,499.91,531.99,35,65,7
2024-09-29,3,1126,Clothing,South,0,1,Rainy,11.3,96.15,268.44,9.88,975,1656.57,1787.02,12,221,84
2024-09-30,39,1187,Sports,South,0,1,Sunny,18.4,90.76,232.45,7.04,993,126.19,117.55,14,313,131
2024-10-01,18,1111,Grocery,South,0,0,Sunny,39.9,87.97,267.22,9.18,780,339.35,306.4,21,20,0
2024-10-02,14,1195,Grocery,North,0,0,Sunny,26.5,95.08,275.19,9.69,432,934.2,951.72,39,22,3
2024-10-03,50,1200,Toys,North,0,1,Sunny,22.2,80.11,249.56,10.7,114,799.74,840.2,40,97,27
2024-10-04,16,1036,Sports,West,0,1,Cloudy,35.0,106.93,293.41,8.19,490,1493.02,1528.19,24,24,0
2024-10-05,20,1140,Beauty,North,1,1,Rainy,21.7,81.63,182.77,8.37,881,1946.26,1952.12,43,132,42
2024-10-06,16,1112,Electronics,North,0,1,Sunny,37.9,100.94,190.22,3.83,638,1132.83,1103.24,16,188,53
2024-10-07,20,1039,Electronics,South,1,0,Sunny,20.9,92.96,208.7,6.72,50,920.63,897.63,36,330,55
2024-10-08,39,1065,Clothing,East,1,1,Rainy,14.4,82.15,187.03,4.24,922,1305.73,1179.34,8,381,171
2024-10-09,45,1130,Grocery,South,0,1,Cloudy,37.7,91.56,180.14,11.65,420,324.44,326.44,32,474,158
2024-10-10,5,1128,Clothing,East,0,1,Sunny,33.7,94.34,296.51,6.7,183,1904.52,1798.73,29,28,6
2024-10-11,40,1025,Beauty,South,1,0,Cloudy,13.5,96.75,188.33,4.59,666,1950.38,1890.29,1,166,33
2024-10-12,43,1102,Electronics,North,0,1,Cloudy,15.2,82.22,231.18,3.21,107,299.18,283.76,9,254,102
2024-10-13,48,1045,Grocery,South,1,0,Rainy,12.7,81.17,288.53,11.52,752,779.81,779.46,27,242,42
2024-10-14,49,1084,Grocery,East,1,1,Cloudy,11.4,115.01,258.61,11.04,470,866.98,818.21,40,173,46
2024-10-15,7,1160,Electronics,East,0,0,Rainy,25.0,109.74,255.11,4.84,769,652.8,697.89,16,140,33
2024-10-16,23,1143,Furniture,North,1,1,Cloudy,15.1,117.61,270.82,9.75,149,1660.8,1716.66,11,221,95
2024-10-17,26,1108,Sports,West,1,1,Sunny,35.7,91.04,189.19,11.34,920,911.76,1002.53,34,246,100
2024-10-18,33,1070,Beauty,East,1,1,Sunny,29.9,103.13,256.69,6.25,57,854.92,928.9,32,175,57
2024-10-19,20,1038,Grocery,South,1,1,Sunny,19.2,92.29,230.31,9.65,407,1117.98,1218.03,9,64,26
2024-10-20,22,1164,Furniture,East,1,0,Rainy,17.7,111.43,182.06,6.6,727,589.0,563.44,5,412,91
2024-10-21,40,1127,Beauty,South,0,0,Rainy,17.5,114.29,231.48,5.76,365,1370.48,1449.68,32,467,70
2024-10-22,33,1046,Sports,North,1,1,Cloudy,10.7,96.21,211.16,9.97,375,1701.15,1808.85,2,113,65
2024-10-23,24,1080,Grocery,East,0,0,Sunny,35.9,84.74,228.17,5.8,781,1904.57,1875.58,15,274,46
2024-10-24,10,1026,Sports,West,0,0,Sunny,14.9,119.98,204.2,8.35,583,1664.74,1705.66,3,61,15
2024-10-25,1,1054,Clothing,West,0,0,Sunny,32.5,99.86,191.87,10.4,800,1321.85,1299.36,49,403,50
2024-10-26,7,1162,Beauty,West,0,1,Cloudy,31.5,119.11,298.87,9.5,284,242.12,249.29,40,258,95
2024-10-27,24,1003,Sports,North,0,0,Rainy,20.2,93.51,199.88,4.07,503,1849.12,1870.61,43,464,48
2024-10-28,29,1134,Sports,North,1,0,Rainy,28.0,82.25,207.2,4.01,445,256.28,232.06,44,282,53
2024-10-29,10,1034,Grocery,West,1,1,Rainy,33.2,101.42,238.22,10.54,61,922.45,907.55,6,480,223
2024-10-30,1,1047,Beauty,East,0,1,Rainy,24.0,118.81,183.78,4.53,283,1354.8,1298.75,49,89,23
2024-10-31,12,1042,Beauty,North,1,0,Rainy,28.1,110.54,246.18,10.62,285,826.9,822.3,24,430,88
2024-11-01,29,1175,Sports,East,0,1,Cloudy,30.7,89.84,281.96,11.23,393,1409.11,1533.0,9,65,16
2024-11-02,27,1077,Beauty,South,1,0,Sunny,24.4,80.39,203.71,3.42,983,1912.23,1969.13,49,152,30
2024-11-03,11,1073,Beauty,South,0,0,Cloudy,14.1,101.67,215.14,3.59,44,69.93,75.7,47,237,6
2024-11-04,1,1081,Beauty,South,0,0,Sunny,21.0,82.85,237.15,6.28,846,1442.9,1584.06,44,168,1
2024-11-05,26,1183,Beauty,South,0,1,Sunny,19.3,83.63,180.38,3.15,141,1766.91,1687.8,31,235,82
2024-11-06,32,1130,Beauty,West,0,1,Rainy,17.4,93.48,269.34,11.23,133,316.79,333.92,28,484,216
2024-11-07,32,1085,Beauty,North,0,0,Cloudy,21.2,102.51,240.8,6.07,285,351.79,376.7,40,43,0
2024-11-08,30,1042,Grocery,West,0,0,Rainy,33.6,97.41,268.58,11.92,810,596.36,628.94,29,92,0
2024-11-09,3,1092,Electronics,West,0,0,Rainy,16.1,113.08,235.66,6.25,844,563.97,581.15,34,348,42
2024-11-10,47,1016,Grocery,North,1,1,Rainy,39.4,101.2,273.16,11.0,323,1651.61,1764.1,32,453,182
2024-11-11,21,1181,Furniture,South,1,0,Sunny,26.9,93.29,272.47,6.55,560,835.51,776.61,28,115,0
2024-11-12,3,1115,Furniture,West,1,0,Sunny,23.4,115.69,261.98,4.29,988,181.82,194.0,13,193,28
2024-11-13,14,1187,Toys,West,1,1,Cloudy,14.2,104.15,206.15,7.76,759,1032.7,1027.57,3,228,113
2024-11-14,17,1133,Toys,West,0,0,Sunny,30.8,111.21,273.29,5.34,375,1587.0,1646.45,38,415,41
2024-11-15,10,1122,Grocery,West,0,1,Cloudy,35.6,97.16,210.88,3.08,216,1379.53,1445.16,26,250,102
2024-11-16,39,1119,Furniture,East,1,1,Sunny,23.1,83.08,264.54,3.25,871,1573.45,1497.82,11,264,119
2024-11-17,14,1104,Sports,South,1,0,Sunny,11.8,87.04,293.24,4.33,125,257.51,235.62,29,445,65
2024-11-18,28,1156,Electronics,West,0,1,Sunny,11.7,91.78,254.01,7.89,136,613.45,654.81,25,315,133
2024-11-19,36,1060,Electronics,East,0,0,Rainy,38.7,80.31,250.14,10.26,211,107.7,100.81,26,311,39
2024-11-20,18,1048,Sports,West,1,1,Sunny,11.8,101.85,284.2,7.06,924,1779.77,1608.67,13,432,188
2024-11-21,6,1103,Grocery,West,0,1,Cloudy,10.3,81.32,250.0,4.88,443,1678.5,1572.26,17,212,62
2024-11-22,29,1041,Toys,East,1,1,Sunny,37.5,80.21,206.68,8.07,779,825.51,896.44,16,51,8
2024-11-23,11,1090,Toys,East,0,0,Cloudy,28.1,85.09,264.09,11.92,525,401.36,430.35,10,478,52
2024-11-24,15,1090,Sports,North,1,1,Sunny,13.8,97.22,230.37,6.56,359,1656.92,1641.55,10,303,125
2024-11-25,42,1078,Clothing,South,1,1,Cloudy,32.5,103.46,182.81,9.51,537,1725.37,1702.89,0,234,104
2024-11-26,49,1106,Beauty,North,0,0,Cloudy,10.3,108.59,192.39,11.64,884,384.93,350.01,11,415,27
2024-11-27,5,1096,Beauty,East,0,0,Rainy,17.8,102.9,184.15,5.03,940,355.91,388.45,15,125,25
2024-11-28,16,1092,Electronics,North,0,1,Cloudy,34.2,93.76,296.81,4.02,925,1472.3,1616.38,18,188,92
2024-11-29,46,1175,Electronics,South,1,1,Cloudy,33.5,104.95,270.61,5.21,916,366.29,391.92,25,490,218
2024-11-30,1,1138,Electronics,East,0,0,Sunny,34.9,111.55,270.32,3.81,920,1180.59,1167.45,21,404,63
2024-12-01,39,1101,Clothing,South,0,0,Sunny,17.3,99.86,203.77,7.33,336,1196.6,1143.44,4,484,77
2024-12-02,50,1069,Sports,North,0,1,Rainy,28.7,111.87,250.31,4.63,477,198.23,187.49,30,210,75
2024-12-03,15,1185,Furniture,South,1,1,Rainy,19.6,106.71,241.04,11.26,277,797.04,860.37,9,379,181
2024-12-04,8,1115,Beauty,South,0,0,Cloudy,27.8,106.39,285.52,11.12,342,1755.39,1674.81,12,105,14
2024-12-05,46,1028,Electronics,East,0,1,Rainy,10.3,83.76,205.19,9.95,122,1184.68,1091.11,15,361,146
2024-12-06,29,1125,Toys,West,0,1,Rainy,28.2,85.07,263.09,5.26,154,348.98,320.6,34,140,35
2024-12-07,46,1066,Sports,East,0,0,Cloudy,37.8,80.3,272.6,7.35,62,891.27,915.16,36,121,27
2024-12-08,49,1044,Toys,West,1,0,Rainy,36.2,117.71,199.91,7.21,575,1347.75,1471.75,17,49,0
2024-12-09,34,1086,Sports,East,0,0,Rainy,31.0,108.42,237.34,6.64,196,85.08,85.21,25,266,41
2024-12-10,11,1093,Clothing,South,1,1,Sunny,33.6,95.67,246.65,4.55,910,733.21,770.6,34,113,50
2024-12-11,23,1187,Beauty,West,0,1,Rainy,15.2,96.45,250.68,5.27,204,1309.93,1202.68,10,425,178
2024-12-12,6,1074,Toys,South,0,0,Cloudy,31.1,96.7,200.43,9.24,60,312.04,305.71,16,490,87
2024-12-13,22,1014,Toys,East,1,0,Sunny,12.0,113.44,257.64,3.17,257,1248.32,1135.95,48,63,0
2024-12-14,49,1052,Toys,South,0,0,Rainy,35.1,83.75,293.96,5.0,892,61.29,55.73,1,497,70
2024-12-15,34,1037,Furniture,West,0,1,Rainy,18.4,84.44,262.21,6.76,880,157.04,171.98,8,220,82
2024-12-16,46,1091,Electronics,North,1,0,Rainy,15.2,90.86,190.82,10.44,694,335.9,317.29,7,125,38
2024-12-17,13,1106,Electronics,North,1,1,Cloudy,12.8,97.41,196.47,4.8,121,808.72,772.49,18,79,35
2024-12-18,12,1119,Furniture,West,1,1,Rainy,36.8,110.08,230.64,9.23,829,539.47,517.06,39,43,4
2024-12-19,18,1110,Beauty,North,1,1,Rainy,13.0,102.02,182.37,3.78,886,1014.11,1037.54,12,108,43
2024-12-20,11,1074,Toys,South,1,1,Rainy,33.1,83.11,239.55,4.97,373,885.38,856.21,12,276,126
2024-12-21,25,1147,Clothing,West,0,0,Rainy,36.2,110.91,224.37,5.03,882,1534.08,1508.93,36,41,0
2024-12-22,13,1133,Furniture,East,0,0,Sunny,27.9,89.09,284.93,8.63,340,989.33,1077.1,11,66,17
2024-12-23,26,1186,Clothing,South,1,0,Sunny,27.4,88.81,244.04,5.36,457,147.33,147.0,41,345,52
2024-12-24,15,1117,Toys,East,1,0,Rainy,11.5,109.11,189.88,9.77,883,1321.06,1415.16,26,151,24
2024-12-25,27,1120,Grocery,West,0,1,Cloudy,37.7,116.05,273.86,6.31,324,1770.42,1624.23,23,438,154
2024-12-26,3,1016,Grocery,West,1,0,Cloudy,35.3,80.44,242.04,6.01,734,936.12,1000.01,35,217,31
2024-12-27,2,1075,Grocery,East,1,1,Sunny,20.1,81.46,264.71,7.0,956,878.37,879.99,13,33,0
2024-12-28,43,1055,Electronics,West,1,0,Cloudy,38.0,87.32,202.01,6.69,898,976.98,991.56,17,417,87
2024-12-29,6,1158,Electronics,West,1,1,Sunny,25.1,93.18,251.74,10.44,416,967.92,910.86,26,124,41
2024-12-30,45,1132,Sports,West,1,0,Cloudy,35.3,111.95,256.52,10.63,884,1357.95,1304.36,8,91,33
2023-01-01,8,1178,Furniture,North,1,1,Cloudy,32.9,101.8,228.18,9.51,50,843.91,794.28,3,410,198
2023-01-02,37,1174,Electronics,West,0,0,Cloudy,35.2,83.2,299.42,10.35,972,361.49,334.02,9,234,39
2023-01-03,45,1083,Beauty,South,0,1,Sunny,23.7,116.58,180.73,6.81,870,650.52,619.61,25,320,119
2023-01-04,46,1179,Toys,South,0,0,Rainy,19.1,119.58,252.18,3.17,309,749.65,759.48,26,250,32
2023-01-05,2,1098,Toys,South,0,1,Cloudy,23.2,80.08,211.02,8.47,186,1919.25,1831.56,35,487,167
2023-01-06,43,1063,Beauty,North,0,0,Rainy,31.7,84.47,236.58,10.74,25,803.41,783.63,41,158,10
2023-01-07,43,1057,Sports,North,1,0,Sunny,21.4,114.04,285.9,8.23,760,1333.43,1440.44,41,281,44
2023-01-08,29,1199,Electronics,North,1,0,Cloudy,39.3,96.49,215.8,7.02,69,446.99,448.17,34,36,0
2023-01-09,34,1164,Beauty,North,1,0,Rainy,14.5,86.62,293.5,7.95,686,1746.73,1675.46,19,451,68
2023-01-10,2,1170,Beauty,North,1,0,Cloudy,25.2,103.18,220.67,8.08,676,1311.35,1345.8,5,58,7
2023-01-11,27,1139,Electronics,West,0,1,Sunny,15.1,98.89,227.03,3.14,53,1084.25,1158.12,15,339,133
2023-01-12,49,1045,Furniture,South,1,1,Rainy,16.6,112.12,225.78,8.86,677,543.51,597.68,43,440,187
2023-01-13,32,1002,Electronics,South,0,1,Cloudy,37.9,85.7,199.48,10.89,240,845.25,763.86,5,500,220
2023-01-14,30,1094,Grocery,North,0,1,Cloudy,23.5,112.92,291.22,3.53,644,784.61,825.57,0,87,23
2023-01-15,49,1076,Grocery,West,1,0,Cloudy,19.3,94.08,206.68,9.88,281,1027.4,940.93,34,437,68
2023-01-16,18,1174,Electronics,South,1,1,Cloudy,26.4,84.75,284.91,8.13,530,535.1,521.13,45,224,90
2023-01-17,27,1039,Grocery,South,0,1,Sunny,21.4,112.27,252.52,8.62,561,845.12,859.54,8,210,70
2023-01-18,32,1171,Grocery,South,0,1,Sunny,28.1,95.48,199.89,6.7,654,301.18,294.18,25,57,8
2023-01-19,30,1146,Toys,West,0,0,Rainy,21.3,119.41,289.04,11.53,693,1651.19,1680.25,47,328,39
2023-01-20,16,1056,Clothing,West,1,1,Cloudy,24.9,104.44,224.66,10.03,32,637.16,604.93,33,108,22
2023-01-21,4,1134,Beauty,East,0,0,Rainy,16.0,101.12,202.75,9.88,106,351.78,325.47,0,35,8
2023-01-22,20,1013,Sports,West,1,0,Cloudy,31.7,117.76,294.79,5.74,687,1339.6,1434.15,18,394,73
2023-01-23,37,1019,Grocery,East,0,0,Sunny,25.5,103.0,218.57,11.11,883,1109.95,1028.35,37,333,24
2023-01-24,43,1099,Clothing,South,0,1,Sunny,19.9,118.78,257.88,3.5,207,505.39,538.91,1,311,120
2023-01-25,32,1110,Furniture,North,1,1,Sunny,37.5,102.74,297.21,9.99,963,1946.92,2070.14,41,458,185
2023-01-26,1,1022,Furniture,East,0,0,Rainy,28.5,96.36,292.37,6.88,361,1957.43,1821.56,48,353,47
2023-01-27,47,1165,Beauty,East,0,1,Sunny,33.9,92.29,210.92,9.4,345,489.8,447.93,12,266,98
2023-01-28,26,1025,Electronics,North,1,1,Rainy,15.9,86.78,239.56,11.74,83,490.22,449.65,36,410,166
2023-01-29,43,1046,Electronics,South,1,0,Cloudy,15.9,99.37,205.2,3.36,325,1476.94,1568.62,19,160,30
2023-01-30,39,1001,Beauty,East,1,1,Sunny,23.3,118.35,229.92,4.16,250,664.67,606.94,0,374,161
2023-01-31,31,1106,Clothing,North,0,1,Cloudy,11.0,116.76,246.88,10.03,385,225.17,233.96,42,105,38
2023-02-01,6,1069,Clothing,West,0,1,Sunny,28.2,82.93,275.37,7.58,372,725.32,760.42,46,397,134
2023-02-02,7,1083,Beauty,West,1,1,Cloudy,34.0,95.7,223.89,8.42,139,1847.56,1680.13,31,440,185
2023-02-03,1,1151,Grocery,North,1,1,Rainy,13.5,91.05,182.2,9.85,638,1850.08,1928.47,9,111,47
2023-02-04,6,1139,Electronics,South,1,1,Sunny,33.0,109.54,184.79,7.62,957,1650.5,1668.55,43,162,49
2023-02-05,2,1169,Furniture,North,0,1,Rainy,14.7,107.91,190.87,11.11,309,1399.5,1458.08,13,463,170
2023-02-06,14,1185,Grocery,East,1,0,Sunny,11.7,87.59,298.25,5.7,890,90.3,97.67,3,410,82
2023-02-07,3,1130,Sports,West,0,0,Sunny,39.4,108.63,251.94,8.54,573,1686.24,1794.94,40,473,48
2023-02-08,19,1057,Electronics,North,0,0,Rainy,21.4,83.85,244.45,7.98,594,141.74,132.19,25,143,15
2023-02-09,39,1168,Furniture,North,1,1,Cloudy,30.2,86.36,182.17,5.03,946,967.25,871.88,30,159,67
2023-02-10,24,1183,Clothing,East,1,0,Cloudy,30.4,107.16,196.51,8.77,221,205.86,216.18,18,219,37
2023-02-11,37,1087,Sports,South,1,1,Rainy,34.1,119.91,195.87,6.67,274,687.1,722.68,24,492,195
2023-02-12,1,1094,Grocery,North,0,1,Sunny,32.2,92.05,195.57,7.38,588,1819.07,1639.32,24,284,99
2023-02-13,4,1101,Grocery,North,1,1,Sunny,23.0,80.33,185.28,9.58,928,1300.09,1338.31,27,156,67
2023-02-14,1,1160,Toys,North,0,0,Cloudy,11.3,84.73,199.79,10.25,262,1296.23,1203.72,8,31,0
2023-02-15,45,1052,Beauty,West,1,1,Cloudy,27.9,89.25,193.45,8.84,211,1939.89,1762.06,39,386,156
2023-02-16,35,1111,Electronics,South,1,1,Rainy,38.0,106.46,210.93,5.46,665,1201.54,1114.32,20,166,68
2023-02-17,19,1178,Clothing,East,0,0,Sunny,26.7,105.22,194.49,7.93,418,728.33,706.54,13,165,0
2023-02-18,19,1196,Clothing,West,1,0,Sunny,27.9,107.43,197.93,7.44,526,152.05,158.11,24,26,0
2023-02-19,7,1108,Beauty,South,1,1,Sunny,23.4,91.85,283.64,4.39,451,1808.51,1774.55,8,120,69
2023-02-20,23,1017,Clothing,East,0,0,Rainy,38.6,107.24,188.14,5.07,763,1287.88,1182.32,31,434,64
2023-02-21,23,1135,Furniture,North,1,0,Sunny,17.7,83.0,209.44,5.94,472,1155.98,1053.47,24,155,29
2023-02-22,47,1191,Clothing,South,0,1,Cloudy,38.2,116.72,250.02,5.87,491,290.06,315.21,5,408,154
2023-02-23,37,1137,Furniture,West,1,1,Cloudy,16.4,93.2,286.22,7.98,219,1768.16,1843.65,31,155,50
2023-02-24,41,1172,Toys,West,1,0,Rainy,30.6,81.97,202.29,5.19,783,1403.43,1500.99,46,65,0
2023-02-25,1,1165,Electronics,South,0,0,Cloudy,20.8,99.55,206.04,10.65,167,1395.9,1424.85,30,128,8
2023-02-26,44,1035,Grocery,West,1,1,Sunny,15.6,102.43,196.0,5.16,187,1640.18,1782.8,29,212,76
2023-02-27,12,1067,Grocery,West,1,0,Cloudy,38.0,86.38,266.51,10.81,687,324.35,300.78,43,113,0
2023-02-28,2,1148,Electronics,East,0,0,Rainy,28.5,89.12,275.81,7.65,320,319.69,349.2,31,357,56
2023-03-01,10,1156,Electronics,West,1,1,Sunny,19.8,90.75,221.05,11.07,78,1833.94,1812.87,27,311,137
2023-03-02,45,1156,Toys,North,0,0,Sunny,10.9,108.66,227.2,5.56,271,466.22,434.03,49,408,33
2023-03-03,50,1039,Grocery,West,1,1,Rainy,16.6,117.57,229.7,9.53,736,1922.18,2097.08,25,495,221
2023-03-04,20,1187,Furniture,North,1,0,Sunny,26.8,82.09,225.41,3.31,649,660.72,677.09,50,175,25
2023-03-05,47,1010,Sports,West,1,0,Sunny,36.9,90.81,261.05,10.82,504,1573.93,1532.01,10,239,50
2023-03-06,30,1108,Grocery,East,0,1,Sunny,10.4,81.6,264.79,4.72,540,1341.6,1303.18,50,434,178
2023-03-07,17,1106,Sports,North,1,1,Rainy,19.5,99.43,250.34,3.94,967,474.3,482.56,49,312,118
2023-03-08,44,1125,Sports,East,0,1,Cloudy,37.4,100.24,184.13,9.66,930,664.24,639.47,18,325,120
2023-03-09,10,1107,Beauty,West,1,0,Sunny,14.0,88.9,250.86,11.04,123,304.99,284.06,35,319,39
2023-03-10,46,1137,Beauty,North,0,1,Cloudy,18.6,117.31,207.36,3.15,736,192.81,199.95,27,399,144
2023-03-11,11,1036,Grocery,East,1,1,Sunny,34.8,117.17,199.39,6.58,492,1505.72,1564.77,4,453,181
2023-03-12,33,1199,Toys,South,0,0,Rainy,25.8,101.84,237.97,5.97,579,1946.44,1864.74,24,287,50
2023-03-13,47,1052,Sports,East,1,1,Rainy,24.0,119.18,251.94,11.75,297,813.26,854.42,20,283,126
2023-03-14,28,1176,Furniture,East,1,0,Cloudy,26.2,118.84,282.76,10.72,475,350.62,343.25,7,45,8
2023-03-15,10,1107,Electronics,West,1,0,Sunny,13.0,92.91,288.1,9.59,720,1037.81,1131.44,21,275,45
2023-03-16,43,1134,Furniture,East,1,1,Rainy,20.6,119.65,200.66,7.23,301,61.16,55.68,33,248,92
2023-03-17,27,1136,Beauty,South,1,0,Rainy,12.1,95.3,210.64,3.96,199,1788.96,1918.33,16,55,21
2023-03-18,50,1132,Toys,West,1,0,Sunny,34.1,113.33,204.19,6.66,567,1996.32,1803.47,49,139,22
2023-03-19,3,1187,Electronics,West,0,0,Rainy,15.8,115.28,215.8,11.43,177,1836.8,1841.46,26,51,0
2023-03-20,12,1012,Beauty,East,0,0,Sunny,39.5,111.07,213.36,3.62,295,1352.55,1220.57,49,241,9
2023-03-21,31,1153,Furniture,West,0,1,Rainy,39.7,102.21,193.14,6.26,644,577.09,520.9,20,488,174
2023-03-22,3,1119,Grocery,East,1,1,Rainy,39.6,118.95,181.7,5.9,675,1296.36,1224.48,16,366,168
2023-03-23,41,1195,Toys,North,0,1,Sunny,15.1,104.68,212.43,8.86,848,1720.4,1824.12,5,201,79
2023-03-24,34,1154,Beauty,South,1,1,Cloudy,35.2,80.7,202.95,5.81,61,493.35,499.62,28,360,145
2023-03-25,28,1118,Clothing,East,0,1,Sunny,25.4,97.01,212.08,11.18,555,1457.19,1370.19,32,287,107
2023-03-26,49,1186,Grocery,East,1,1,Sunny,27.1,86.37,257.6,4.98,932,887.26,929.29,23,389,153
2023-03-27,49,1072,Grocery,West,1,1,Rainy,37.8,88.39,281.92,6.99,736,54.85,53.78,37,129,42
2023-03-28,43,1165,Sports,North,1,0,Cloudy,37.7,111.93,190.84,7.87,173,625.06,580.89,24,441,75
2023-03-29,20,1107,Toys,North,1,0,Sunny,14.0,109.0,206.41,7.26,481,1268.11,1381.18,1,97,26
2023-03-30,11,1059,Furniture,North,0,1,Rainy,34.7,114.92,265.74,8.65,478,158.48,170.8,17,434,157
2023-03-31,21,1181,Clothing,North,1,1,Rainy,19.4,88.1,242.98,11.9,919,1736.54,1750.71,43,40,7
2023-04-01,29,1192,Grocery,West,0,1,Cloudy,11.9,99.76,186.97,8.23,398,1044.36,1067.03,45,341,115
2023-04-02,36,1054,Toys,East,1,1,Sunny,25.8,114.45,295.14,9.17,428,204.58,193.85,25,368,164
2023-04-03,7,1047,Electronics,North,1,0,Cloudy,36.4,101.87,198.56,8.1,828,1103.04,1134.71,41,421,72
2023-04-04,9,1007,Sports,West,0,1,Rainy,31.5,113.99,251.52,10.86,68,936.63,867.69,30,419,146
2023-04-05,10,1151,Toys,South,1,0,Sunny,18.2,108.26,259.53,10.65,697,642.39,694.05,2,144,27
2023-04-06,32,1084,Furniture,West,0,0,Rainy,20.6,97.84,276.04,6.98,777,248.04,231.71,42,480,56
2023-04-07,14,1026,Clothing,East,1,0,Cloudy,35.3,92.73,261.13,3.29,150,1305.23,1311.7,39,328,46
2023-04-08,34,1071,Sports,East,1,0,Rainy,21.0,100.36,205.11,11.75,338,174.59,188.13,3,353,55
2023-04-09,45,1027,Beauty,South,0,1,Sunny,16.0,101.43,233.28,5.92,788,817.41,888.43,34,328,123
2023-04-10,41,1113,Beauty,West,1,0,Sunny,17.0,118.94,276.52,8.65,385,881.39,844.71,26,262,45
2023-04-11,37,1076,Electronics,South,1,1,Rainy,34.4,82.66,206.15,4.21,346,985.54,1036.47,32,358,152
2023-04-12,38,1128,Clothing,West,0,0,Cloudy,23.2,84.18,227.22,8.04,780,456.34,414.15,36,444,60
2023-04-13,6,1085,Toys,East,1,0,Sunny,16.8,92.0,225.11,11.93,401,184.5,178.85,47,150,3
2023-04-14,25,1007,Furniture,South,1,1,Rainy,35.4,108.36,226.65,9.54,373,1498.87,1520.54,34,165,60
2023-04-15,42,1022,Sports,West,1,0,Rainy,11.9,80.12,181.58,4.45,189,200.0,206.58,25,309,40
2023-04-16,19,1026,Grocery,East,1,1,Rainy,31.0,82.34,250.9,10.36,228,1403.29,1490.54,18,33,4
2023-04-17,48,1033,Toys,South,1,1,Cloudy,29.1,89.65,204.15,11.41,851,345.55,377.46,40,198,93
2023-04-18,37,1186,Sports,West,0,0,Cloudy,36.7,96.62,234.29,4.11,784,786.23,772.94,27,59,0
2023-04-19,1,1036,Clothing,West,0,1,Sunny,34.3,116.87,196.13,10.64,151,310.6,322.96,14,157,49
2023-04-20,5,1054,Sports,West,1,0,Rainy,24.6,104.69,181.94,7.27,483,1247.82,1204.74,40,175,14
2023-04-21,18,1104,Electronics,East,1,0,Cloudy,14.9,89.81,283.0,3.56,331,1710.36,1849.91,27,471,79
2023-04-22,25,1014,Electronics,West,0,1,Sunny,21.4,82.66,250.15,9.75,772,1813.96,1770.93,39,344,144
2023-04-23,22,1092,Toys,South,0,1,Cloudy,23.2,114.03,211.52,3.83,642,137.71,129.9,50,490,184
2023-04-24,12,1191,Beauty,East,1,0,Cloudy,31.7,88.33,292.41,11.72,818,612.67,635.14,35,224,26
2023-04-25,31,1037,Grocery,South,0,1,Rainy,32.7,118.27,187.93,11.33,302,787.04,824.65,5,211,79
2023-04-26,13,1039,Clothing,North,0,1,Cloudy,33.5,98.32,242.05,8.31,344,466.63,432.47,44,24,0
2023-04-27,19,1004,Toys,East,1,0,Rainy,24.9,97.42,191.37,4.75,735,1080.26,1053.03,3,50,21
2023-04-28,31,1063,Electronics,East,0,0,Rainy,12.8,82.6,207.46,7.33,442,383.12,352.77,0,268,49
2023-04-29,36,1020,Toys,West,0,0,Cloudy,30.1,105.23,218.41,5.71,358,1533.92,1637.9,26,348,26
2023-04-30,10,1110,Beauty,South,0,0,Rainy,38.3,87.17,269.17,3.11,54,152.95,143.63,11,277,32
2023-05-01,28,1086,Sports,East,0,1,Sunny,15.0,109.64,191.5,10.09,47,837.25,833.97,6,181,78
2023-05-02,38,1145,Grocery,North,0,1,Rainy,36.8,88.23,268.82,4.27,158,1713.12,1637.01,2,183,76
2023-05-03,15,1151,Grocery,South,0,0,Rainy,21.3,106.2,191.47,8.97,648,1527.14,1634.14,7,408,62
2023-05-04,14,1058,Toys,North,0,0,Cloudy,15.2,87.26,225.46,11.76,835,468.62,444.56,38,150,23
2023-05-05,22,1106,Sports,East,1,0,Sunny,19.1,100.02,215.81,10.24,644,913.3,966.83,11,155,18
2023-05-06,13,1069,Grocery,North,1,0,Rainy,32.5,105.47,236.83,11.14,860,522.88,539.81,35,346,53
2023-05-07,41,1093,Grocery,West,0,1,Rainy,35.0,83.68,262.6,11.98,433,773.31,747.41,4,156,39
2023-05-08,11,1095,Beauty,South,0,1,Rainy,19.0,90.66,273.93,6.33,275,838.42,852.1,23,101,35
2023-05-09,19,1114,Beauty,East,1,1,Cloudy,19.5,89.33,205.01,8.23,725,1414.43,1388.33,48,344,149
2023-05-10,22,1192,Grocery,South,1,0,Cloudy,32.6,95.53,290.85,4.36,125,710.57,651.14,41,254,29
2023-05-11,42,1179,Furniture,South,0,1,Rainy,16.4,106.37,229.3,5.96,787,886.87,916.8,1,231,94
2023-05-12,35,1038,Clothing,West,0,0,Rainy,12.9,114.42,260.86,7.5,123,817.62,863.67,41,120,0
2023-05-13,45,1119,Electronics,North,0,0,Rainy,34.2,98.96,225.54,7.24,190,1561.28,1646.61,6,160,11
2023-05-14,31,1142,Sports,North,0,1,Cloudy,18.3,88.32,195.82,4.1,312,826.55,776.37,49,172,51
2023-05-15,50,1114,Furniture,South,1,1,Sunny,32.5,119.66,255.94,6.5,739,628.25,659.74,13,489,221
2023-05-16,30,1036,Sports,East,0,0,Rainy,34.6,90.49,281.58,3.72,703,264.18,271.68,44,486,47
2023-05-17,25,1184,Clothing,West,0,1,Rainy,39.7,81.02,261.83,7.96,243,690.84,704.67,2,73,33
2023-05-18,23,1198,Toys,North,0,1,Cloudy,17.4,104.07,267.77,3.3,792,208.54,197.13,17,159,57
2023-05-19,14,1122,Sports,West,1,0,Cloudy,18.2,111.78,213.77,10.43,578,1604.43,1529.12,46,51,15
2023-05-20,32,1154,Grocery,North,0,1,Cloudy,12.7,96.02,297.04,8.21,747,1201.11,1238.99,49,32,0
2023-05-21,4,1080,Sports,South,0,0,Cloudy,26.9,115.27,282.39,11.33,433,1836.16,2019.5,47,57,4
2023-05-22,16,1075,Grocery,North,0,1,Cloudy,36.9,117.38,216.28,5.35,179,1993.01,1877.23,12,58,10
2023-05-23,28,1016,Sports,West,0,1,Cloudy,13.0,116.83,225.86,3.72,826,987.08,1057.2,5,424,161
2023-05-24,9,1181,Electronics,East,0,0,Rainy,37.2,106.76,180.52,11.74,553,1133.51,1168.7,18,67,4
2023-05-25,8,1034,Beauty,West,1,1,Sunny,37.3,117.36,189.01,11.36,238,1941.02,1931.87,32,208,75
2023-05-26,28,1049,Toys,North,0,0,Sunny,37.5,99.97,253.76,4.0,408,288.12,292.59,18,106,10
2023-05-27,16,1165,Grocery,North,1,1,Sunny,12.3,89.5,290.41,4.96,72,851.38,879.21,42,114,30
2023-05-28,17,1089,Clothing,South,1,0,Cloudy,24.9,92.48,189.01,4.25,392,601.84,628.4,4,498,104
2023-05-29,46,1120,Toys,East,1,1,Rainy,28.1,100.27,297.84,8.38,79,109.72,101.07,40,378,156
2023-05-30,23,1170,Furniture,South,1,1,Cloudy,18.9,85.83,298.86,7.03,761,218.52,203.49,25,88,21
2023-05-31,49,1168,Clothing,West,1,0,Rainy,21.5,80.32,182.71,3.39,321,1725.09,1778.19,17,76,10
2023-06-01,25,1131,Sports,West,0,1,Sunny,33.6,100.48,273.36,3.92,25,56.69,58.26,26,229,82
2023-06-02,35,1154,Electronics,East,0,1,Sunny,26.1,80.31,228.92,4.73,757,267.08,259.13,50,357,131
2023-06-03,36,1038,Grocery,South,0,1,Sunny,26.1,98.84,283.96,7.73,386,1999.85,2036.27,19,36,14
2023-06-04,1,1070,Electronics,North,1,1,Cloudy,34.1,89.13,286.79,3.92,138,1875.22,1817.85,1,442,209
2023-06-05,13,1082,Beauty,West,0,0,Cloudy,25.9,85.25,279.08,10.12,467,614.07,631.21,42,204,4
2023-06-06,32,1143,Electronics,West,0,0,Sunny,37.8,80.69,188.73,11.05,124,1263.02,1366.6,45,188,14
2023-06-07,22,1195,Grocery,North,1,1,Rainy,26.7,111.99,214.54,10.95,151,1123.68,1050.71,41,281,118
2023-06-08,44,1143,Toys,South,0,1,Sunny,32.7,99.91,289.53,8.78,45,1363.69,1289.33,35,319,119
2023-06-09,7,1057,Beauty,West,1,0,Cloudy,22.1,103.03,218.27,5.99,350,1917.75,2076.91,50,210,12
2023-06-10,38,1147,Clothing,North,1,0,Cloudy,36.8,80.03,230.29,11.68,600,1293.38,1342.39,22,477,96
2023-06-11,35,1110,Electronics,West,0,0,Rainy,19.9,98.39,208.02,9.81,400,915.9,832.23,25,182,31
2023-06-12,10,1114,Furniture,North,0,1,Cloudy,26.8,91.95,287.87,3.53,386,478.91,432.98,17,119,32
2023-06-13,40,1042,Sports,West,1,1,Rainy,23.8,113.49,283.16,4.62,841,1759.06,1586.37,18,365,160
2023-06-14,12,1062,Sports,South,1,0,Sunny,19.0,80.19,183.83,3.72,746,295.74,272.71,21,195,33
2023-06-15,39,1028,Clothing,East,1,1,Rainy,35.4,103.4,183.46,4.57,530,1148.04,1120.22,10,162,90
2023-06-16,11,1095,Furniture,North,0,0,Sunny,29.7,104.82,220.55,8.4,387,403.5,381.08,5,184,11
2023-06-17,9,1135,Furniture,South,0,1,Sunny,37.3,85.59,232.21,4.65,922,1395.81,1423.75,28,100,14
2023-06-18,7,1125,Clothing,South,0,0,Sunny,19.1,96.29,244.99,9.92,946,282.49,292.91,37,110,13
2023-06-19,14,1122,Beauty,North,1,0,Sunny,34.6,110.06,296.54,4.09,256,1193.42,1193.45,19,292,46
2023-06-20,50,1092,Electronics,South,0,0,Rainy,12.9,103.4,192.75,5.15,269,462.71,473.72,31,329,26
2023-06-21,1,1015,Sports,North,0,1,Rainy,13.0,85.85,281.0,6.39,755,1370.18,1424.99,4,283,113
2023-06-22,48,1095,Clothing,East,0,1,Cloudy,39.9,112.48,197.12,3.0,832,1570.29,1641.57,13,89,31
2023-06-23,25,1167,Sports,West,1,0,Rainy,19.9,91.59,268.07,10.54,474,75.05,78.65,39,171,18
2023-06-24,49,1091,Grocery,North,0,1,Rainy,22.8,96.83,231.36,3.53,201,1334.73,1374.27,48,234,81
2023-06-25,37,1041,Toys,North,1,1,Cloudy,11.6,106.49,275.66,8.62,179,307.49,281.0,7,220,97
2023-06-26,31,1161,Toys,West,0,1,Cloudy,34.8,105.3,204.54,5.21,174,436.92,435.72,34,202,67
2023-06-27,9,1097,Beauty,East,1,1,Sunny,37.3,83.35,214.33,4.37,339,425.5,386.36,47,145,49
2023-06-28,30,1087,Beauty,South,0,0,Cloudy,30.9,88.29,211.16,6.1,694,1271.42,1360.79,24,333,49
2023-06-29,49,1138,Sports,East,0,1,Cloudy,26.6,112.06,239.63,6.08,93,1770.65,1714.28,13,490,217
2023-06-30,34,1036,Electronics,North,0,1,Cloudy,36.1,112.58,276.46,4.47,458,816.19,764.61,28,463,178
2023-07-01,24,1017,Beauty,South,1,0,Rainy,19.5,93.82,295.47,11.19,520,1902.86,1851.65,25,180,21
2023-07-02,49,1099,Toys,West,1,1,Cloudy,23.2,91.74,231.1,4.48,853,1614.23,1545.78,23,445,199
2023-07-03,41,1036,Clothing,North,1,0,Cloudy,22.6,95.32,291.46,10.73,166,1645.93,1499.19,26,412,80
2023-07-04,9,1193,Furniture,West,1,0,Cloudy,38.3,109.59,264.26,8.53,618,1566.37,1490.37,17,463,90
2023-07-05,8,1078,Furniture,East,0,0,Sunny,33.6,91.71,239.21,7.95,897,1394.67,1493.58,42,393,50
2023-07-06,45,1002,Clothing,East,1,1,Sunny,21.2,114.56,214.96,8.9,489,97.24,91.99,39,291,124
2023-07-07,36,1175,Beauty,South,0,0,Rainy,29.4,115.23,263.21,11.34,735,1421.16,1369.05,45,492,66
2023-07-08,26,1125,Furniture,West,0,1,Sunny,22.2,88.79,196.87,10.77,847,1064.43,1000.66,7,54,40
2023-07-09,10,1007,Beauty,North,1,1,Sunny,21.6,90.13,295.76,7.89,229,1986.06,1871.87,28,365,154
2023-07-10,37,1098,Electronics,South,1,1,Cloudy,32.2,83.43,204.82,3.08,363,1298.22,1234.14,18,476,188
2023-07-11,9,1007,Toys,East,1,1,Cloudy,31.5,82.08,284.05,4.31,656,770.7,827.29,36,496,221
2023-07-12,14,1096,Electronics,North,0,0,Rainy,18.8,84.39,221.4,11.1,752,1397.3,1455.56,3,296,48
2023-07-13,34,1188,Toys,North,1,1,Cloudy,12.0,91.27,212.63,3.57,435,800.68,802.12,4,371,160
2023-07-14,14,1085,Grocery,North,1,0,Rainy,19.3,92.79,240.68,4.77,659,1296.37,1193.47,25,284,58
2023-07-15,29,1029,Furniture,West,1,0,Sunny,38.9,104.33,198.57,7.16,953,1331.26,1305.91,38,289,42
2023-07-16,45,1144,Sports,South,1,0,Rainy,12.8,94.63,291.34,6.82,838,1058.85,1042.42,5,311,43
2023-07-17,25,1113,Clothing,South,0,0,Rainy,12.0,114.79,266.33,10.78,360,1940.81,1954.9,23,117,2
2023-07-18,17,1092,Sports,North,1,1,Rainy,23.2,86.0,224.35,6.28,265,1975.41,2006.42,37,414,175
2023-07-19,11,1100,Furniture,South,0,1,Cloudy,24.5,102.38,187.98,5.97,853,571.99,563.45,35,268,90
2023-07-20,39,1054,Electronics,South,0,0,Cloudy,20.2,86.3,279.09,4.61,792,799.28,814.07,41,133,7
2023-07-21,24,1190,Sports,North,0,1,Sunny,36.2,94.82,215.98,3.96,264,58.62,59.14,12,488,195
2023-07-22,1,1138,Toys,West,0,0,Cloudy,23.7,113.15,246.67,9.44,190,1902.76,2014.4,30,253,50
2023-07-23,8,1031,Beauty,East,0,1,Sunny,30.8,99.23,240.47,6.51,21,1571.45,1433.63,28,484,173
2023-07-24,6,1038,Electronics,North,0,1,Sunny,15.8,107.01,238.66,11.0,73,730.16,753.33,44,359,119
2023-07-25,49,1159,Beauty,West,0,1,Sunny,21.3,108.39,232.14,9.95,432,1550.85,1521.92,2,330,135
2023-07-26,40,1186,Sports,West,0,0,Rainy,33.4,80.64,253.8,6.3,185,1875.53,2002.93,8,365,40
2023-07-27,13,1200,Furniture,South,0,0,Sunny,27.4,110.41,209.27,8.61,33,944.38,918.29,18,264,45
2023-07-28,43,1063,Furniture,North,0,1,Rainy,33.7,103.47,189.91,11.5,58,1503.18,1381.78,4,223,82
2023-07-29,27,1003,Electronics,North,0,1,Rainy,26.8,108.71,260.33,10.6,951,705.72,699.47,35,490,164
2023-07-30,14,1057,Clothing,East,0,1,Rainy,36.8,104.0,192.94,8.13,503,1161.76,1235.69,24,144,65
2023-07-31,27,1163,Furniture,East,0,0,Sunny,36.3,83.66,299.39,7.45,162,1643.71,1613.36,23,94,4
2023-08-01,50,1133,Grocery,East,1,1,Rainy,35.7,103.69,199.97,9.49,705,300.64,270.73,2,372,177
2023-08-02,10,1006,Toys,West,0,0,Rainy,30.0,95.08,182.1,3.77,44,1140.98,1103.99,13,441,52
2023-08-03,10,1127,Electronics,West,0,0,Cloudy,30.9,87.93,208.14,11.09,885,1328.14,1252.99,38,384,47
2023-08-04,1,1023,Electronics,North,0,0,Cloudy,34.6,103.55,187.92,6.99,136,1467.88,1558.75,19,457,41
2023-08-05,35,1012,Grocery,South,1,1,Sunny,20.1,115.23,252.02,4.62,719,148.62,155.74,3,492,219
2023-08-06,29,1107,Furniture,North,0,1,Rainy,15.1,116.65,182.97,10.1,104,323.64,300.15,40,239,90
2023-08-07,34,1018,Clothing,East,1,1,Rainy,35.4,114.87,289.36,4.98,868,1733.17,1590.45,22,368,152
2023-08-08,50,1190,Grocery,North,1,1,Sunny,28.1,104.75,214.83,4.26,591,1189.83,1100.54,19,91,33
2023-08-09,43,1109,Toys,South,1,1,Cloudy,35.9,105.91,270.9,3.93,851,997.35,993.15,6,280,114
2023-08-10,9,1169,Toys,South,1,0,Rainy,26.3,116.24,260.01,3.22,766,1326.74,1427.33,50,347,54
2023-08-11,11,1118,Furniture,South,0,0,Rainy,23.0,97.75,279.7,7.63,603,1413.51,1327.21,41,223,29
2023-08-12,21,1044,Grocery,North,1,1,Cloudy,27.5,112.34,247.87,3.96,351,715.73,712.38,29,97,40
2023-08-13,28,1083,Toys,West,1,1,Sunny,26.5,87.52,246.85,11.64,564,98.04,88.81,4,490,213
2023-08-14,8,1198,Furniture,North,1,1,Rainy,26.5,87.54,188.4,10.41,624,1916.67,2055.81,25,199,59
2023-08-15,6,1137,Toys,West,0,0,Rainy,25.8,81.58,284.76,6.25,64,58.51,59.72,16,158,7
2023-08-16,34,1115,Toys,West,1,1,Sunny,28.8,105.7,272.87,8.31,38,290.81,304.25,9,194,76
2023-08-17,41,1004,Electronics,West,0,1,Rainy,15.1,110.17,182.75,8.95,635,722.03,793.58,10,136,57
2023-08-18,14,1031,Sports,North,1,0,Sunny,10.4,118.09,256.67,3.18,159,1634.15,1727.46,24,353,55
2023-08-19,46,1109,Grocery,East,1,1,Sunny,24.1,111.7,256.21,11.95,734,1627.5,1625.81,50,373,164
2023-08-20,18,1079,Furniture,East,1,1,Rainy,11.5,95.22,288.39,10.1,390,1309.59,1244.94,23,132,60
2023-08-21,17,1085,Sports,North,1,1,Cloudy,22.9,101.96,244.38,10.4,382,1858.58,1863.83,42,402,176
2023-08-22,19,1144,Sports,South,1,1,Cloudy,14.8,96.66,239.34,6.91,421,1668.25,1674.12,15,98,31
2023-08-23,2,1170,Beauty,West,1,1,Cloudy,24.1,116.97,288.13,5.62,182,1557.62,1604.49,49,431,173
2023-08-24,42,1065,Clothing,South,1,1,Cloudy,11.0,80.95,266.89,5.75,838,166.17,182.61,2,325,141
2023-08-25,12,1137,Clothing,West,1,0,Cloudy,34.7,82.05,203.65,4.55,796,1226.84,1152.29,2,376,67
2023-08-26,48,1126,Grocery,East,1,1,Cloudy,28.9,107.43,209.0,11.33,84,872.33,843.56,22,76,29
2023-08-27,23,1010,Sports,South,0,1,Rainy,10.7,87.4,247.48,5.8,371,492.6,449.72,29,325,119
2023-08-28,44,1176,Grocery,South,1,1,Sunny,12.4,108.86,288.68,4.01,264,1330.8,1351.06,17,464,218
2023-08-29,11,1103,Clothing,South,1,1,Sunny,26.5,113.62,225.64,4.65,703,720.69,748.35,33,206,70
2023-08-30,36,1184,Sports,East,1,1,Rainy,38.6,90.38,270.79,11.79,837,1227.08,1327.42,5,319,142
2023-08-31,15,1083,Electronics,North,1,1,Rainy,34.9,92.51,262.11,9.2,735,110.94,116.82,8,262,123
2023-09-01,27,1117,Grocery,South,1,1,Rainy,12.9,113.74,281.5,9.01,870,977.47,1068.05,46,389,179
2023-09-02,49,1192,Grocery,West,1,0,Sunny,32.6,81.15,210.9,4.07,822,1327.26,1298.66,0,321,61
2023-09-03,37,1060,Electronics,West,0,0,Sunny,37.7,103.91,293.98,6.92,525,1885.0,1813.66,2,384,54
2023-09-04,22,1185,Toys,South,0,1,Rainy,16.8,112.15,293.72,11.57,240,596.77,564.44,49,291,112
2023-09-05,3,1079,Toys,East,0,1,Cloudy,14.6,85.81,252.94,5.18,324,764.22,819.09,9,303,112
2023-09-06,12,1185,Grocery,North,0,1,Sunny,24.1,110.68,232.99,7.2,640,1238.79,1142.21,21,169,47
2023-09-07,41,1067,Grocery,North,0,1,Sunny,23.1,104.6,207.0,10.16,927,124.36,128.17,10,360,132
2023-09-08,38,1124,Furniture,North,0,1,Sunny,22.2,107.33,193.76,9.06,498,1229.67,1202.57,50,193,70
2023-09-09,14,1042,Toys,North,1,0,Cloudy,28.4,109.75,267.74,7.4,859,1256.18,1169.94,37,301,28
2023-09-10,16,1102,Toys,North,1,1,Sunny,30.4,97.41,238.09,9.96,387,316.97,317.85,28,269,127
2023-09-11,23,1153,Sports,North,1,0,Sunny,17.6,92.71,181.24,11.89,26,305.32,314.25,47,433,72
2023-09-12,34,1063,Toys,West,0,0,Cloudy,38.2,105.52,285.66,4.53,343,1030.85,1021.08,25,44,0
2023-09-13,18,1003,Toys,South,1,1,Cloudy,30.7,107.18,215.71,3.62,748,1461.02,1385.07,27,297,142
2023-09-14,33,1025,Electronics,North,0,0,Rainy,15.2,81.94,270.04,3.9,270,597.59,545.01,34,178,16
2023-09-15,16,1138,Sports,South,1,0,Sunny,10.9,102.01,203.64,9.58,922,1516.91,1482.55,7,390,76
2023-09-16,50,1164,Furniture,South,1,0,Sunny,26.1,107.07,261.63,8.84,738,983.82,933.75,24,327,74
2023-09-17,38,1181,Clothing,West,1,1,Sunny,11.4,80.93,195.53,5.31,754,244.46,222.48,30,487,211
2023-09-18,1,1117,Electronics,West,0,1,Cloudy,21.0,111.77,275.33,9.04,878,1232.98,1135.38,13,254,107
2023-09-19,49,1029,Beauty,North,1,1,Rainy,17.8,94.53,252.66,4.28,424,721.03,705.09,7,327,145
2023-09-20,12,1117,Furniture,West,0,0,Rainy,23.4,107.37,193.96,9.8,533,1025.93,1077.24,27,143,4
2023-09-21,9,1190,Furniture,West,1,0,Sunny,21.2,99.78,235.05,4.76,886,1711.54,1703.95,18,441,77
2023-09-22,3,1043,Sports,South,0,1,Cloudy,21.4,82.75,215.65,6.52,410,393.02,387.07,46,131,63
2023-09-23,8,1019,Beauty,West,1,0,Cloudy,18.9,105.05,192.27,4.67,543,492.19,502.13,34,397,69
2023-09-24,27,1054,Furniture,East,1,0,Rainy,21.6,95.08,297.23,6.49,542,1809.67,1964.21,13,213,22
2023-09-25,15,1001,Electronics,East,0,1,Cloudy,28.1,105.63,228.19,5.04,883,203.58,197.25,11,402,152
2023-09-26,10,1200,Sports,North,0,1,Sunny,21.5,103.93,213.62,3.39,290,147.27,154.42,43,94,21
2023-09-27,29,1044,Grocery,South,1,1,Sunny,25.6,80.82,244.38,7.02,617,1556.72,1695.58,41,47,6
2023-09-28,31,1086,Sports,West,1,1,Rainy,27.4,97.95,252.03,5.84,972,1743.09,1605.89,7,76,28
2023-09-29,22,1107,Clothing,North,0,0,Rainy,12.3,88.45,276.09,10.69,906,1427.8,1401.07,15,68,24
2023-09-30,27,1052,Beauty,North,0,1,Rainy,35.0,97.95,201.36,10.8,444,251.54,256.4,38,230,85
2023-10-01,33,1019,Electronics,South,0,1,Cloudy,39.3,86.67,185.68,9.87,678,1655.43,1655.29,27,272,122
2023-10-02,23,1049,Beauty,South,0,1,Sunny,34.1,107.64,230.59,4.08,877,522.05,518.94,33,188,64
2023-10-03,3,1080,Sports,North,0,1,Cloudy,14.9,94.29,215.5,7.64,360,1031.87,999.21,26,482,187
2023-10-04,16,1175,Toys,North,0,1,Rainy,40.0,88.71,255.85,4.31,349,1565.53,1688.26,6,244,97
2023-10-05,39,1180,Sports,South,1,0,Cloudy,32.2,119.26,293.84,5.29,525,1741.91,1880.58,6,439,82
2023-10-06,46,1047,Sports,South,1,0,Sunny,30.9,95.81,248.57,5.35,284,240.45,226.4,49,304,46
2023-10-07,21,1100,Grocery,North,0,0,Rainy,27.9,100.85,268.43,9.98,656,139.98,142.42,44,358,47
2023-10-08,20,1093,Beauty,West,0,1,Cloudy,11.0,119.41,253.35,10.8,739,259.84,258.98,49,476,181
2023-10-09,49,1024,Furniture,West,0,0,Sunny,16.5,104.87,203.05,6.86,49,982.53,911.02,30,356,57
2023-10-10,15,1181,Clothing,North,0,1,Sunny,29.5,105.85,268.2,11.51,116,1392.27,1399.29,50,449,161
2023-10-11,4,1106,Sports,South,0,0,Rainy,19.4,116.07,191.3,7.9,684,1592.26,1525.45,10,171,4
2023-10-12,49,1142,Beauty,East,0,0,Sunny,30.8,89.79,280.41,6.31,734,1221.8,1206.95,22,379,53
2023-10-13,43,1189,Toys,West,0,1,Rainy,39.7,80.32,276.32,5.57,336,1015.24,952.78,34,337,121
2023-10-14,46,1017,Grocery,West,0,1,Rainy,34.9,85.37,280.65,11.91,720,1285.2,1171.02,11,217,92
2023-10-15,50,1019,Electronics,South,1,1,Rainy,28.5,87.25,249.35,11.91,56,1286.64,1202.88,30,215,76
2023-10-16,46,1098,Furniture,West,0,0,Cloudy,20.4,89.27,226.05,8.12,115,1677.79,1719.77,34,420,53
2023-10-17,2,1160,Beauty,South,1,0,Rainy,29.6,114.35,215.29,6.41,709,396.47,415.87,17,229,27
2023-10-18,13,1052,Beauty,East,0,0,Rainy,16.3,94.84,292.69,9.64,410,900.55,920.78,46,39,0
2023-10-19,24,1074,Grocery,East,0,0,Rainy,38.3,117.79,246.54,6.09,480,574.53,556.15,1,315,46
2023-10-20,23,1042,Beauty,East,1,1,Cloudy,36.0,89.95,231.23,11.14,914,1922.32,1839.04,13,185,63
2023-10-21,31,1104,Clothing,North,1,1,Sunny,34.1,100.92,180.54,9.86,837,1197.97,1143.81,35,280,104
2023-10-22,30,1055,Clothing,East,1,1,Cloudy,38.9,97.19,250.69,8.5,284,941.12,923.91,6,254,106
2023-10-23,2,1111,Toys,North,0,1,Cloudy,23.2,83.28,183.16,9.83,837,1071.02,1134.45,45,497,166
2023-10-24,29,1027,Clothing,West,1,1,Rainy,23.0,93.03,258.31,3.69,765,1035.11,1126.96,43,69,7
2023-10-25,17,1145,Sports,South,0,1,Cloudy,16.2,118.62,253.28,8.76,465,1172.19,1131.79,17,185,78
2023-10-26,49,1005,Sports,East,1,1,Cloudy,27.3,117.94,238.14,5.8,158,1658.41,1741.13,16,481,217
2023-10-27,5,1121,Beauty,South,1,1,Sunny,19.0,81.33,195.61,3.5,902,1380.85,1309.24,20,466,215
2023-10-28,46,1126,Furniture,South,1,1,Cloudy,39.8,82.85,229.35,9.8,549,1311.31,1330.45,48,403,156
2023-10-29,4,1172,Furniture,South,1,1,Sunny,10.6,113.6,182.61,3.72,802,325.54,328.75,24,327,146
2023-10-30,22,1022,Beauty,South,0,1,Cloudy,37.6,114.39,197.69,10.81,745,1004.96,974.87,24,408,135
2023-10-31,25,1084,Furniture,South,0,0,Cloudy,22.7,90.15,261.6,4.9,629,553.42,554.38,38,213,23
2023-11-01,48,1190,Sports,South,0,0,Cloudy,12.2,118.52,203.54,6.34,715,872.27,868.22,47,481,77
2023-11-02,8,1115,Clothing,East,1,1,Rainy,36.6,86.92,229.62,4.22,270,1889.24,1868.27,20,376,169
2023-11-03,3,1131,Toys,West,1,1,Rainy,39.0,114.35,253.59,9.16,685,516.88,494.68,32,384,156
2023-11-04,13,1115,Sports,West,1,0,Sunny,24.3,98.63,246.91,5.53,291,1750.63,1583.45,30,235,49
2023-11-05,30,1091,Electronics,East,1,1,Sunny,18.9,83.04,270.53,9.9,687,1565.06,1427.15,37,49,14
2023-11-06,3,1147,Beauty,East,0,1,Rainy,22.0,109.04,198.0,9.7,759,563.61,534.77,21,355,121
2023-11-07,43,1109,Clothing,South,1,0,Sunny,35.9,85.21,229.39,11.85,666,1382.9,1497.81,48,26,0
2023-11-08,30,1008,Beauty,North,0,0,Cloudy,17.4,92.31,298.75,8.99,864,871.76,798.3,44,411,46
2023-11-09,39,1129,Toys,West,1,0,Sunny,26.4,107.31,218.19,4.94,478,1585.73,1514.91,27,59,0
2023-11-10,29,1109,Electronics,West,1,0,Rainy,31.6,109.32,229.39,9.04,899,1574.85,1538.12,9,382,81
2023-11-11,40,1005,Sports,East,0,1,Rainy,20.3,104.02,224.99,7.74,653,182.21,190.17,44,139,42
2023-11-12,12,1148,Sports,South,1,1,Rainy,35.7,92.62,280.58,9.12,658,1093.31,1022.19,9,54,20
2023-11-13,17,1015,Clothing,North,0,0,Cloudy,21.7,81.29,238.15,7.06,269,465.77,474.23,5,149,5
2023-11-14,22,1043,Clothing,West,1,1,Sunny,10.1,93.09,211.49,3.93,972,1799.52,1934.04,10,489,221
2023-11-15,47,1058,Beauty,West,0,1,Sunny,26.1,109.91,263.96,10.73,443,654.68,702.74,31,265,94
2023-11-16,14,1094,Electronics,South,0,0,Rainy,25.4,87.82,288.08,11.73,810,670.65,712.86,22,127,18
2023-11-17,40,1135,Beauty,East,0,0,Rainy,26.5,93.11,285.22,10.26,79,1627.25,1634.58,45,473,45
2023-11-18,11,1142,Furniture,East,1,0,Rainy,23.8,110.32,201.34,7.84,985,1714.94,1744.98,19,292,28
2023-11-19,49,1147,Electronics,North,0,0,Cloudy,12.0,90.33,226.22,5.33,740,1233.07,1311.11,19,488,75
2023-11-20,24,1148,Furniture,South,0,0,Sunny,11.9,92.58,236.66,4.74,112,1980.79,1899.86,25,65,14
2023-11-21,13,1064,Electronics,East,1,1,Sunny,35.5,118.09,218.49,3.35,80,1626.51,1560.42,28,245,87
2023-11-22,7,1013,Toys,West,1,1,Cloudy,33.0,92.79,228.81,10.55,462,512.89,543.69,20,473,203
2023-11-23,20,1031,Beauty,South,0,0,Rainy,38.2,114.31,251.75,6.07,76,863.1,894.94,39,489,61
2023-11-24,27,1027,Sports,West,1,0,Sunny,11.8,110.15,280.82,9.32,559,1291.07,1203.29,16,88,8
2023-11-25,48,1032,Furniture,South,1,0,Sunny,30.6,105.31,239.91,11.35,431,382.47,404.05,39,311,55
2023-11-26,2,1136,Grocery,East,1,0,Cloudy,10.1,93.81,207.65,8.96,669,1285.04,1397.35,40,200,3
2023-11-27,32,1034,Beauty,South,1,0,Cloudy,16.0,85.83,185.6,8.81,494,1830.09,1744.93,21,335,55
2023-11-28,13,1143,Furniture,North,0,1,Sunny,18.9,87.45,266.07,3.4,713,1991.91,2145.12,41,31,0
2023-11-29,46,1038,Sports,West,0,1,Sunny,18.6,81.15,274.96,10.49,288,74.95,79.19,19,473,172
2023-11-30,26,1178,Toys,East,0,0,Rainy,36.1,105.38,296.65,8.26,358,899.52,982.8,16,124,15
2023-12-01,3,1025,Furniture,East,1,1,Sunny,16.6,102.35,243.7,11.34,473,1469.61,1434.61,27,376,188
2023-12-02,40,1061,Electronics,South,1,0,Rainy,29.4,115.4,196.57,8.32,925,221.96,204.1,46,464,75
2023-12-03,13,1143,Furniture,North,1,1,Cloudy,18.3,110.13,288.31,3.72,611,1250.03,1178.61,1,126,48
2023-12-04,47,1066,Beauty,East,0,0,Cloudy,27.1,92.32,250.69,9.78,285,946.22,958.21,3,205,44
2023-12-05,15,1079,Furniture,South,0,1,Sunny,38.7,96.35,205.81,3.51,597,696.19,657.35,42,393,143
2023-12-06,36,1066,Beauty,West,1,1,Rainy,30.7,85.97,286.91,6.31,699,1881.56,1894.65,11,466,207
2023-12-07,11,1135,Grocery,North,0,0,Sunny,17.4,88.39,232.41,7.59,371,882.83,923.0,43,445,34
2023-12-08,41,1127,Toys,North,1,1,Rainy,34.1,88.75,296.83,9.61,608,684.63,694.88,21,95,46
2023-12-09,6,1060,Clothing,South,0,1,Rainy,36.9,107.35,265.09,8.4,182,1851.34,1925.4,31,160,43
2023-12-10,18,1023,Sports,North,1,1,Cloudy,36.6,117.14,231.43,5.91,143,1686.11,1737.34,50,335,133
2023-12-11,40,1127,Furniture,East,1,0,Rainy,28.4,94.22,218.2,9.91,817,1300.59,1251.34,7,333,54
2023-12-12,28,1061,Sports,North,0,0,Rainy,32.1,112.73,187.32,3.99,823,423.76,384.57,48,397,52
2023-12-13,21,1148,Furniture,South,0,1,Sunny,13.8,91.23,244.97,9.71,332,1555.97,1587.15,30,215,74
2023-12-14,41,1134,Beauty,East,1,0,Sunny,34.1,114.97,296.5,5.47,832,447.76,484.48,35,22,0
2023-12-15,5,1086,Beauty,South,1,0,Rainy,33.8,101.08,228.03,9.72,126,1860.66,1796.02,17,233,48
2023-12-16,38,1040,Furniture,North,1,1,Rainy,37.9,112.99,228.35,9.3,527,315.26,323.4,47,125,35
2023-12-17,26,1179,Beauty,East,0,0,Cloudy,30.7,108.42,278.52,6.14,475,1490.83,1617.7,9,431,45
2023-12-18,11,1022,Clothing,East,0,0,Sunny,30.2,98.16,284.97,7.94,111,1832.66,1790.98,26,153,15
2023-12-19,14,1156,Clothing,West,1,1,Rainy,32.5,80.1,247.34,9.99,42,1670.82,1781.14,5,361,163
2023-12-20,37,1026,Toys,North,1,1,Rainy,21.1,86.13,261.31,5.5,118,1597.26,1630.49,10,193,71
2023-12-21,14,1173,Electronics,West,1,0,Cloudy,32.8,110.4,242.08,8.8,698,1162.21,1109.24,28,242,29
2023-12-22,38,1010,Furniture,North,1,1,Rainy,31.8,90.53,275.25,4.89,875,646.54,709.12,27,294,138
2023-12-23,31,1169,Furniture,North,1,1,Cloudy,15.2,85.63,180.32,8.24,806,1244.36,1343.31,31,227,107
2023-12-24,20,1029,Clothing,South,1,1,Rainy,13.7,82.04,185.73,4.11,361,1304.73,1294.9,14,412,176
2023-12-25,19,1158,Clothing,South,0,1,Cloudy,26.1,85.34,222.29,6.29,532,706.69,672.0,14,195,70
2023-12-26,41,1125,Clothing,North,1,1,Cloudy,21.2,88.56,259.82,4.36,901,331.91,323.06,23,198,108
2023-12-27,36,1005,Beauty,East,1,1,Rainy,20.9,100.06,258.43,6.62,179,1585.46,1715.45,49,485,202
2023-12-28,50,1050,Furniture,South,0,0,Cloudy,32.1,111.48,256.57,7.0,327,85.57,78.75,25,433,71
2023-12-29,38,1114,Sports,North,1,1,Cloudy,27.7,108.81,276.8,9.24,317,292.75,283.93,20,312,132
2023-12-30,46,1056,Furniture,East,1,1,Sunny,13.7,81.02,253.02,6.49,39,201.77,195.63,43,35,5
2023-12-31,43,1011,Beauty,North,1,0,Rainy,23.8,111.62,212.37,3.3,576,893.33,910.73,33,180,24
2024-01-01,46,1040,Electronics,East,0,1,Rainy,22.1,90.0,299.79,10.12,518,1999.72,1946.93,43,427,162
2024-01-02,23,1181,Toys,West,0,1,Sunny,23.6,85.31,244.6,5.43,107,1935.73,1831.39,22,439,174
2024-01-03,1,1020,Clothing,South,0,1,Rainy,14.9,105.41,297.07,5.04,434,1709.58,1854.17,20,265,104
2024-01-04,46,1198,Sports,West,1,0,Cloudy,18.0,118.53,203.52,9.91,932,1351.74,1396.13,29,364,60
2024-01-05,50,1161,Furniture,East,0,1,Sunny,25.4,118.97,221.12,11.54,705,859.41,927.63,30,434,146
2024-01-06,38,1068,Sports,North,0,1,Rainy,38.2,84.15,277.23,9.05,999,432.44,458.58,4,155,56
2024-01-07,11,1097,Electronics,North,1,0,Rainy,34.3,114.61,227.32,9.82,346,930.43,886.53,40,159,15
2024-01-08,25,1096,Sports,South,0,1,Cloudy,34.6,91.21,290.94,3.98,119,1604.72,1664.91,42,455,170
2024-01-09,6,1055,Furniture,West,0,0,Cloudy,20.1,82.32,246.31,8.83,572,245.52,250.09,28,448,43
2024-01-10,47,1110,Toys,East,0,1,Rainy,38.2,90.41,260.49,4.49,988,195.28,201.6,15,121,44
2024-01-11,4,1025,Electronics,South,1,0,Cloudy,16.2,95.57,203.47,7.57,919,1566.54,1698.17,29,484,95
2024-01-12,31,1012,Sports,North,1,1,Rainy,13.3,101.74,273.06,6.39,778,1227.22,1105.13,26,354,132
2024-01-13,41,1107,Grocery,North,1,0,Sunny,18.5,100.94,241.94,8.05,692,634.62,634.75,36,133,17
2024-01-14,3,1058,Beauty,South,1,1,Cloudy,19.9,96.02,253.77,7.21,131,1198.2,1098.35,2,185,79
2024-01-15,15,1156,Sports,North,1,1,Cloudy,11.0,102.58,265.16,7.38,35,497.46,460.72,42,78,7
2024-01-16,46,1153,Furniture,North,0,0,Cloudy,35.9,102.35,191.98,6.57,577,327.29,320.17,0,256,37
2024-01-17,22,1064,Electronics,South,1,0,Rainy,38.6,96.06,180.41,4.57,453,1164.2,1264.14,1,301,64
2024-01-18,46,1131,Furniture,East,1,0,Sunny,35.9,117.12,207.83,9.95,396,1113.21,1170.21,19,118,12
2024-01-19,6,1002,Furniture,East,1,0,Rainy,35.5,99.2,220.57,5.28,607,474.46,492.51,22,82,0
2024-01-20,2,1042,Sports,North,1,0,Sunny,14.5,101.72,202.73,8.14,396,1050.79,1079.12,45,266,38
2024-01-21,15,1087,Beauty,West,0,1,Rainy,12.4,99.44,183.22,3.29,440,1025.62,1109.22,36,175,58
2024-01-22,5,1034,Clothing,West,0,1,Sunny,38.9,90.13,277.1,9.85,666,1132.8,1092.19,15,249,89
2024-01-23,49,1143,Furniture,West,1,1,Cloudy,23.1,82.43,226.53,5.02,352,1886.4,1945.28,45,496,214
2024-01-24,38,1184,Furniture,South,0,1,Sunny,11.3,89.03,211.7,10.12,786,1666.0,1741.07,21,487,188
2024-01-25,17,1088,Electronics,North,1,1,Cloudy,35.8,103.47,264.11,11.85,762,1613.89,1724.83,34,67,8
2024-01-26,23,1100,Electronics,East,1,0,Rainy,11.5,103.77,281.85,11.02,388,1644.38,1716.11,19,431,61
2024-01-27,7,1028,Electronics,West,1,1,Rainy,36.4,94.48,260.83,6.16,369,949.6,951.83,50,253,101
2024-01-28,10,1043,Furniture,South,1,1,Rainy,38.3,107.21,270.99,8.22,643,1039.57,1134.51,24,290,133
2024-01-29,1,1112,Furniture,South,1,0,Sunny,25.6,117.26,273.81,7.29,659,1546.68,1529.0,28,475,73
2024-01-30,30,1113,Toys,East,1,0,Cloudy,16.2,102.6,279.05,4.3,248,1019.15,1037.34,47,433,73
2024-01-31,43,1022,Electronics,West,0,1,Sunny,13.9,103.88,200.69,8.95,53,843.39,922.13,41,489,172
2024-02-01,11,1074,Grocery,South,0,0,Cloudy,38.2,89.67,274.54,4.94,623,1861.69,1769.44,24,31,1
2024-02-02,2,1097,Toys,East,0,0,Rainy,28.4,106.17,202.89,6.94,921,813.99,859.33,38,176,0
2024-02-03,6,1035,Toys,East,0,1,Cloudy,35.0,81.32,225.9,11.46,279,1085.57,1156.79,21,167,43
2024-02-04,22,1063,Electronics,North,0,1,Sunny,20.9,118.52,288.54,7.76,26,681.77,746.46,26,409,152
2024-02-05,20,1034,Clothing,East,0,1,Cloudy,35.8,118.05,246.08,8.74,477,1111.5,1006.44,11,41,14
2024-02-06,9,1044,Electronics,South,0,1,Sunny,37.1,83.72,296.26,11.13,593,832.5,818.3,13,323,138
2024-02-07,50,1148,Sports,South,1,1,Sunny,37.6,100.78,204.36,10.18,98,540.62,503.59,19,310,127
2024-02-08,37,1029,Furniture,West,1,1,Sunny,22.8,89.38,271.23,7.88,538,62.93,56.69,20,60,28
2024-02-09,45,1011,Grocery,West,1,1,Cloudy,12.4,117.56,197.66,4.43,740,1329.36,1197.39,46,474,191
2024-02-10,18,1018,Furniture,East,1,0,Cloudy,35.9,82.73,284.21,5.42,445,306.64,304.58,41,398,67
2024-02-11,2,1200,Electronics,East,0,1,Cloudy,30.4,97.89,213.09,10.43,255,1742.06,1706.61,30,293,115
2024-02-12,48,1139,Beauty,South,0,0,Cloudy,39.0,100.31,239.21,11.12,725,1133.01,1109.87,45,349,33
2024-02-13,1,1110,Electronics,North,1,1,Rainy,39.3,86.14,196.15,7.37,294,1495.98,1505.41,32,380,172
2024-02-14,1,1025,Clothing,North,0,1,Rainy,28.3,113.88,238.01,4.19,652,301.8,276.06,8,43,23
2024-02-15,8,1144,Grocery,East,0,0,Sunny,31.2,118.78,234.0,3.03,295,1171.93,1254.2,48,264,15
2024-02-16,38,1027,Clothing,East,1,0,Sunny,22.9,88.44,252.52,6.99,309,1223.01,1338.85,50,258,30
2024-02-17,22,1118,Clothing,North,1,0,Rainy,26.8,98.71,208.59,6.71,414,304.06,310.22,33,493,73
2024-02-18,12,1077,Sports,West,1,0,Cloudy,23.0,111.58,237.6,10.94,284,629.28,646.32,12,342,60
2024-02-19,22,1078,Toys,West,1,0,Cloudy,39.2,95.06,237.19,6.04,435,1517.73,1624.4,14,477,76
2024-02-20,3,1041,Toys,North,0,1,Cloudy,29.4,105.63,195.04,7.24,904,866.59,788.69,1,389,153
2024-02-21,4,1146,Clothing,North,0,1,Cloudy,20.6,89.12,229.82,5.59,191,840.76,873.47,44,446,171
2024-02-22,39,1040,Electronics,South,1,0,Sunny,27.9,83.38,294.9,11.31,664,1950.36,2111.21,43,190,32
2024-02-23,10,1120,Grocery,North,0,1,Sunny,34.6,95.84,289.37,5.33,907,690.1,699.98,50,26,5
2024-02-24,34,1069,Grocery,South,0,1,Cloudy,25.8,109.48,233.81,5.76,181,1171.66,1203.85,50,409,138
2024-02-25,42,1196,Clothing,West,1,1,Rainy,33.9,83.3,222.35,10.77,40,1589.81,1483.66,49,487,208
2024-02-26,47,1200,Grocery,West,1,0,Sunny,31.6,85.73,247.53,8.17,740,1944.21,1771.41,19,451,91
2024-02-27,30,1105,Electronics,East,1,0,Rainy,25.1,89.98,268.51,5.92,286,1334.38,1214.95,18,110,13
2024-02-28,40,1127,Toys,South,0,1,Rainy,38.5,112.46,212.12,8.14,656,433.08,472.57,43,314,108
2024-02-29,26,1151,Electronics,East,1,0,Cloudy,33.3,103.6,201.99,11.92,375,390.31,387.88,44,133,10
2024-03-01,33,1026,Grocery,South,0,1,Sunny,18.3,89.94,287.78,9.11,71,402.54,380.8,19,71,28
2024-03-02,12,1040,Clothing,West,1,0,Cloudy,27.1,94.97,265.75,7.13,76,521.37,505.4,20,488,94
2024-03-03,16,1034,Clothing,North,0,1,Cloudy,12.7,117.89,218.91,10.73,75,1617.75,1765.3,17,344,133
2024-03-04,45,1014,Clothing,South,0,1,Rainy,21.8,82.85,251.25,4.41,852,775.91,711.91,20,139,31
2024-03-05,32,1198,Toys,North,0,0,Cloudy,39.2,93.81,182.56,9.44,248,1471.99,1416.07,16,496,68
2024-03-06,49,1018,Toys,West,0,1,Cloudy,24.9,110.26,222.95,11.54,935,1867.05,1841.75,14,108,52
2024-03-07,9,1072,Furniture,South,0,1,Sunny,32.3,85.37,282.25,9.04,913,1096.07,1066.41,45,241,79
2024-03-08,16,1081,Grocery,North,0,1,Rainy,38.2,92.51,214.7,3.49,641,1146.64,1120.36,22,361,130
2024-03-09,30,1020,Clothing,South,0,1,Sunny,37.4,100.21,269.42,8.34,131,136.06,147.39,48,406,137
2024-03-10,27,1188,Electronics,North,0,0,Rainy,34.9,100.98,246.87,7.84,232,124.62,132.08,25,356,63
2024-03-11,36,1134,Electronics,West,1,1,Sunny,25.8,107.4,291.91,11.38,66,1986.37,2037.11,42,322,147
2024-03-12,25,1086,Furniture,South,1,1,Sunny,25.7,80.48,293.91,9.43,180,1657.04,1731.28,35,77,13
2024-03-13,19,1115,Grocery,South,1,0,Rainy,22.6,80.71,241.89,9.54,749,1573.08,1717.62,14,45,0
2024-03-14,50,1103,Toys,West,1,0,Cloudy,17.7,119.08,252.91,4.84,492,1788.81,1703.02,30,154,0
2024-03-15,25,1135,Toys,West,1,1,Sunny,36.1,93.51,238.97,3.91,455,643.43,634.56,22,362,146
2024-03-16,39,1094,Beauty,West,0,1,Sunny,37.8,83.58,185.86,8.63,469,458.54,498.16,1,388,163
2024-03-17,23,1110,Clothing,South,0,1,Cloudy,24.3,111.78,182.21,4.8,407,1015.5,1027.12,6,323,129
2024-03-18,11,1107,Electronics,East,1,1,Cloudy,14.6,114.08,197.23,8.98,161,1910.18,2084.12,18,192,74
2024-03-19,22,1076,Toys,North,0,0,Cloudy,35.4,96.06,234.99,7.68,509,313.45,305.77,25,129,25
2024-03-20,1,1052,Beauty,East,0,0,Cloudy,11.8,81.2,189.54,5.01,181,1249.42,1279.02,14,29,0
2024-03-21,18,1028,Furniture,West,1,1,Rainy,32.6,86.1,254.3,9.24,387,244.56,249.73,24,100,39
2024-03-22,10,1087,Grocery,West,1,1,Sunny,10.1,85.1,184.48,5.02,996,609.59,594.02,47,259,83
2024-03-23,7,1048,Clothing,North,1,0,Rainy,13.1,100.66,255.48,9.95,539,1771.0,1598.14,4,231,50
2024-03-24,26,1111,Electronics,North,0,0,Cloudy,13.8,101.09,215.27,5.48,670,1247.71,1268.6,24,429,58
2024-03-25,9,1122,Furniture,East,1,1,Rainy,14.7,85.79,275.91,5.34,588,340.89,343.39,25,117,49
2024-03-26,47,1019,Grocery,West,0,1,Sunny,19.0,81.66,293.16,10.54,912,264.26,266.0,44,98,18
2024-03-27,38,1032,Clothing,North,0,1,Sunny,21.5,80.98,234.5,10.04,114,1753.05,1776.84,47,83,25
2024-03-28,7,1149,Beauty,South,1,1,Cloudy,30.3,85.72,216.45,7.38,593,1126.81,1189.25,18,52,24
2024-03-29,6,1072,Electronics,South,0,0,Sunny,38.3,119.98,247.48,3.93,29,1900.12,1840.0,5,377,53
2024-03-30,46,1060,Grocery,East,0,1,Cloudy,30.1,92.39,234.05,7.52,444,52.66,55.24,50,44,10
2024-03-31,30,1026,Clothing,West,0,0,Sunny,15.9,90.51,276.87,9.87,419,579.94,576.9,48,98,0
2024-04-01,30,1084,Sports,West,1,0,Rainy,31.8,81.09,205.78,11.94,480,567.77,581.2,37,334,66
2024-04-02,1,1155,Grocery,South,0,0,Rainy,32.4,119.96,214.67,4.67,665,838.81,805.33,0,446,61
2024-04-03,25,1005,Grocery,South,1,1,Rainy,17.0,82.61,257.51,3.41,520,1854.65,1816.29,5,370,167
2024-04-04,35,1155,Furniture,East,1,1,Sunny,15.0,89.03,184.49,11.38,41,169.79,167.78,33,224,87
2024-04-05,30,1154,Clothing,West,1,1,Cloudy,12.1,80.48,257.96,6.65,129,99.44,90.56,29,428,167
2024-04-06,29,1125,Beauty,South,1,1,Cloudy,37.2,103.82,277.07,10.34,976,122.1,122.78,7,496,224
2024-04-07,5,1114,Electronics,West,0,0,Rainy,28.5,86.81,191.14,5.58,108,1892.39,2009.78,21,454,52
2024-04-08,15,1060,Grocery,East,1,1,Rainy,38.2,89.15,298.28,7.32,716,101.7,95.82,14,204,81
2024-04-09,16,1001,Beauty,North,1,0,Rainy,28.8,119.2,205.73,6.47,134,1916.63,1960.11,41,445,72
2024-04-10,30,1056,Toys,East,1,0,Rainy,25.2,108.71,198.27,11.26,831,1505.18,1523.29,22,453,85
2024-04-11,34,1097,Beauty,East,0,0,Rainy,29.8,95.52,234.39,3.83,738,202.57,219.8,15,160,3
2024-04-12,49,1124,Toys,West,1,0,Rainy,10.2,94.55,256.93,7.3,254,1658.28,1645.85,8,80,5
2024-04-13,46,1032,Furniture,South,1,0,Rainy,30.9,103.5,253.48,11.41,399,1512.72,1480.39,25,126,22
2024-04-14,39,1115,Electronics,North,1,1,Rainy,24.6,113.88,207.69,9.46,276,1339.75,1333.17,6,390,162
2024-04-15,35,1102,Furniture,South,1,1,Sunny,28.1,114.09,186.57,3.21,966,388.59,426.28,0,44,11
2024-04-16,8,1171,Beauty,North,0,1,Rainy,12.2,82.82,250.25,4.73,284,1586.17,1734.62,47,339,106
2024-04-17,41,1132,Electronics,South,0,0,Sunny,11.4,109.59,241.44,8.9,217,1085.17,1042.4,24,446,56
2024-04-18,44,1176,Sports,West,1,0,Sunny,30.2,88.72,187.36,8.99,561,293.49,303.84,29,341,58
2024-04-19,16,1161,Furniture,East,1,1,Sunny,28.2,85.06,188.62,11.92,580,315.61,292.87,26,129,50
2024-04-20,26,1074,Electronics,West,1,0,Cloudy,28.9,118.99,206.8,3.26,214,856.25,901.56,44,341,42
2024-04-21,28,1156,Grocery,West,0,1,Cloudy,28.3,82.64,281.71,6.91,35,1681.37,1562.78,50,315,103
2024-04-22,47,1059,Sports,South,1,0,Cloudy,14.5,115.47,276.6,10.25,953,248.31,242.38,38,143,3
2024-04-23,30,1150,Clothing,East,0,0,Rainy,15.6,104.6,271.39,5.32,720,1064.46,1119.84,15,430,72
2024-04-24,50,1181,Sports,West,0,0,Sunny,19.3,118.84,206.49,6.83,44,1229.75,1234.6,20,307,33
2024-04-25,32,1123,Electronics,East,1,1,Cloudy,30.2,111.27,186.69,8.76,417,1412.27,1318.18,30,291,108
2024-04-26,11,1092,Toys,North,0,0,Cloudy,31.9,118.18,294.45,7.21,139,854.29,920.3,25,222,27
2024-04-27,47,1006,Grocery,South,0,1,Cloudy,18.9,101.41,180.81,8.6,372,1332.89,1356.73,31,259,96
2024-04-28,37,1051,Toys,East,1,1,Rainy,12.0,118.47,277.93,5.29,482,575.39,527.67,4,265,102
2024-04-29,44,1056,Furniture,West,0,0,Cloudy,25.8,85.94,222.62,11.62,494,1732.55,1595.36,10,206,35
2024-04-30,11,1053,Grocery,North,0,0,Rainy,21.9,89.97,269.17,7.57,169,1177.17,1098.57,16,346,44
2024-05-01,36,1036,Toys,West,0,0,Sunny,11.2,98.87,265.93,7.72,105,384.94,380.43,45,238,39
2024-05-02,19,1140,Clothing,South,0,0,Rainy,14.0,82.56,233.9,3.2,322,318.57,316.66,43,55,0
2024-05-03,28,1175,Sports,South,1,1,Sunny,28.9,93.05,198.84,9.58,355,739.29,678.87,45,29,8
2024-05-04,6,1009,Toys,North,1,1,Cloudy,13.9,97.17,200.75,9.21,33,459.12,414.19,28,88,32
2024-05-05,9,1062,Clothing,North,0,0,Sunny,31.2,87.62,212.61,4.28,858,1297.5,1219.0,29,189,24
2024-05-06,28,1197,Toys,South,0,0,Rainy,31.3,88.84,230.64,11.1,456,1243.82,1327.44,30,392,37
2024-05-07,44,1079,Electronics,South,0,0,Rainy,21.2,116.4,187.71,3.17,121,899.99,857.49,29,22,6
2024-05-08,19,1189,Clothing,North,0,1,Cloudy,29.7,99.59,215.92,8.22,442,1668.76,1558.61,0,320,130
2024-05-09,9,1076,Electronics,North,1,0,Rainy,34.5,106.17,295.72,6.67,606,1957.54,1924.54,46,388,64
2024-05-10,11,1182,Clothing,East,0,0,Cloudy,14.9,106.43,297.55,11.42,352,1031.27,1041.22,29,351,38
2024-05-11,29,1163,Clothing,South,1,1,Cloudy,11.7,107.98,265.57,7.47,434,390.0,377.51,43,121,39
2024-05-12,7,1023,Electronics,East,0,1,Rainy,25.2,97.42,201.79,7.01,576,1126.72,1053.97,2,133,50
2024-05-13,6,1114,Clothing,North,0,0,Rainy,37.3,94.35,288.29,11.02,539,63.64,66.94,30,80,8
2024-05-14,20,1034,Grocery,South,1,1,Cloudy,33.0,106.43,223.74,10.91,66,685.67,725.91,36,228,82
2024-05-15,29,1083,Furniture,West,0,0,Cloudy,15.7,97.97,251.09,7.93,38,1431.85,1505.9,29,230,36
2024-05-16,17,1084,Beauty,North,0,1,Sunny,26.5,119.16,281.86,11.71,604,956.27,1042.07,48,75,13
2024-05-17,23,1169,Grocery,South,0,0,Sunny,21.4,100.87,273.22,3.55,957,1052.33,1004.41,27,368,47
2024-05-18,33,1163,Toys,South,0,1,Rainy,21.7,84.23,194.02,5.22,877,1165.88,1225.36,30,315,111
2024-05-19,39,1033,Furniture,North,1,1,Sunny,37.4,114.25,206.44,7.69,517,1508.93,1624.19,43,200,81
2024-05-20,24,1188,Sports,West,0,1,Sunny,39.1,98.7,263.6,3.46,951,1798.26,1621.51,0,260,100
2024-05-21,16,1128,Toys,East,1,1,Rainy,23.9,116.03,259.13,10.83,337,590.35,631.67,2,251,94
2024-05-22,11,1191,Furniture,South,1,1,Rainy,29.6,91.91,234.23,6.19,601,262.79,257.06,46,152,67
2024-05-23,16,1088,Toys,South,1,0,Rainy,34.4,108.16,248.68,6.86,538,1717.39,1700.37,48,134,22
2024-05-24,27,1171,Beauty,North,1,1,Cloudy,19.3,112.95,298.92,9.09,520,1689.97,1755.35,3,246,104
2024-05-25,42,1172,Electronics,West,1,1,Sunny,36.4,107.44,283.19,5.85,46,1301.74,1172.25,32,293,124
2024-05-26,10,1049,Grocery,East,1,0,Sunny,37.1,96.35,250.54,6.06,996,1130.93,1172.12,2,392,90
2024-05-27,12,1058,Electronics,South,1,1,Sunny,14.8,89.52,263.32,9.4,848,281.82,288.76,9,154,63
2024-05-28,9,1033,Grocery,East,1,1,Sunny,18.8,111.69,219.57,3.3,268,1435.2,1381.8,22,375,160
2024-05-29,29,1011,Grocery,North,0,1,Sunny,24.1,82.95,230.17,5.78,979,1870.03,1817.84,17,429,156
2024-05-30,50,1041,Electronics,South,0,0,Rainy,30.3,110.23,181.71,6.77,50,903.32,886.2,9,106,15
2024-05-31,10,1139,Sports,South,0,1,Rainy,18.9,96.77,263.4,5.23,24,1876.78,1828.35,20,435,180
2024-06-01,4,1033,Furniture,South,1,1,Sunny,25.0,99.49,244.67,10.22,339,1849.72,1744.8,41,90,23
2024-06-02,32,1105,Beauty,South,0,1,Cloudy,34.7,81.41,242.35,9.25,864,526.18,533.08,46,358,148
2024-06-03,28,1145,Electronics,South,0,0,Sunny,26.9,94.98,220.46,3.21,126,942.93,962.82,27,349,42
2024-06-04,30,1007,Sports,North,1,0,Sunny,11.2,88.29,281.8,5.28,646,114.67,113.21,30,477,88
2024-06-05,12,1187,Electronics,South,0,0,Cloudy,32.0,114.21,188.71,8.37,611,1843.74,1948.17,39,95,6
2024-06-06,8,1001,Beauty,East,0,0,Rainy,12.6,86.93,230.15,10.79,939,1140.49,1228.18,32,139,5
2024-06-07,18,1047,Furniture,North,1,1,Cloudy,26.8,99.64,244.98,11.0,828,374.7,378.26,9,51,11
2024-06-08,26,1050,Grocery,South,0,0,Sunny,22.6,103.08,186.36,5.62,445,1422.19,1383.98,37,185,30
2024-06-09,32,1105,Electronics,West,0,1,Rainy,23.2,107.79,210.85,10.35,370,394.92,391.84,28,301,127
2024-06-10,30,1178,Clothing,West,1,1,Sunny,23.2,112.42,263.89,5.45,345,983.17,974.94,3,242,126
2024-06-11,33,1129,Toys,West,0,1,Sunny,22.0,82.45,251.85,7.61,170,1792.48,1859.52,4,382,162
2024-06-12,42,1194,Furniture,East,0,1,Sunny,10.0,87.84,239.12,8.81,984,877.28,848.28,46,387,131
2024-06-13,13,1020,Sports,West,1,1,Rainy,39.1,103.09,224.12,3.58,497,1186.13,1112.81,7,470,216
2024-06-14,12,1195,Beauty,East,0,1,Sunny,39.5,106.89,212.41,10.55,830,85.11,86.42,5,335,125
2024-06-15,2,1134,Furniture,North,0,1,Sunny,30.8,111.18,262.22,7.37,939,250.4,233.9,30,259,91
2024-06-16,42,1027,Sports,North,1,1,Sunny,18.5,89.0,297.01,8.21,769,913.14,891.1,44,97,25
2024-06-17,6,1172,Electronics,East,0,0,Sunny,37.8,102.83,180.06,9.09,72,1639.72,1638.53,47,205,9
2024-06-18,2,1186,Grocery,North,1,0,Sunny,20.4,91.56,236.83,9.17,972,1272.1,1323.83,39,109,11
2024-06-19,44,1045,Toys,West,1,1,Rainy,29.5,106.98,258.47,10.74,361,1298.01,1393.58,27,184,75
2024-06-20,39,1192,Furniture,East,1,0,Rainy,14.5,106.52,261.65,9.87,284,1354.45,1263.91,18,62,2
2024-06-21,50,1185,Grocery,West,1,0,Cloudy,35.5,83.72,287.77,4.69,489,1877.99,2059.52,49,137,15
2024-06-22,29,1109,Beauty,West,1,1,Cloudy,13.5,107.04,225.21,11.26,877,1083.88,1049.96,49,65,18
2024-06-23,39,1169,Electronics,East,1,1,Cloudy,25.3,91.0,250.59,3.31,79,462.31,491.85,21,277,108
2024-06-24,26,1044,Clothing,North,1,1,Rainy,18.0,81.07,254.06,8.02,234,406.18,395.93,15,182,83
2024-06-25,38,1028,Electronics,North,0,0,Cloudy,25.5,112.03,283.39,11.66,276,850.2,837.33,32,332,48
2024-06-26,36,1172,Sports,East,0,0,Sunny,17.3,113.07,229.45,7.5,234,152.01,156.85,46,375,44
2024-06-27,35,1003,Beauty,North,0,0,Cloudy,35.8,90.59,221.54,11.71,527,1342.26,1244.08,21,455,69
2024-06-28,22,1076,Toys,South,1,0,Cloudy,28.3,118.74,282.46,10.24,501,1944.9,1849.75,46,296,43
2024-06-29,1,1076,Grocery,South,1,0,Rainy,31.6,116.75,261.86,11.88,920,401.46,382.37,5,254,57
2024-06-30,12,1128,Clothing,North,1,1,Sunny,28.6,115.88,230.86,10.78,879,884.32,958.51,33,352,138
2024-07-01,35,1135,Furniture,West,1,1,Rainy,19.9,90.32,234.23,5.65,90,509.42,458.91,39,494,201
2024-07-02,9,1185,Toys,South,1,0,Cloudy,19.8,104.08,201.84,7.08,699,1982.54,2175.98,37,126,13
2024-07-03,34,1155,Electronics,North,0,1,Cloudy,18.6,91.78,252.49,6.8,827,1354.71,1329.55,4,204,101
2024-07-04,27,1142,Beauty,West,0,0,Cloudy,37.6,114.71,187.45,11.48,496,105.03,103.33,39,149,0
2024-07-05,15,1027,Furniture,North,0,0,Rainy,29.1,91.98,209.77,4.92,470,1922.43,1797.96,41,386,43
2024-07-06,49,1126,Electronics,West,0,1,Rainy,23.7,114.97,230.2,10.75,838,1622.64,1502.58,4,127,47
2024-07-07,35,1048,Toys,West,0,1,Rainy,12.3,107.88,215.86,8.6,542,696.09,682.35,14,201,75
2024-07-08,28,1084,Sports,East,0,0,Sunny,28.9,102.04,242.67,6.05,97,1879.38,2035.32,33,380,36
2024-07-09,3,1081,Beauty,East,1,1,Sunny,26.1,115.62,299.22,10.57,313,925.56,839.67,9,42,13
2024-07-10,16,1021,Sports,South,0,1,Sunny,33.8,110.19,200.11,9.71,959,82.7,88.78,24,287,99
2024-07-11,29,1192,Furniture,West,0,1,Cloudy,31.1,111.11,202.34,4.3,493,1490.62,1634.18,46,144,47
2024-07-12,10,1002,Toys,West,1,0,Rainy,23.1,83.2,269.21,6.66,701,1097.04,1168.1,17,346,51
2024-07-13,49,1194,Sports,East,1,0,Rainy,36.7,86.94,294.48,4.16,843,1710.17,1694.07,41,385,51
2024-07-14,50,1010,Electronics,East,1,0,Rainy,25.9,108.23,236.38,3.55,148,1563.1,1475.76,40,362,63
2024-07-15,23,1115,Electronics,East,0,1,Sunny,32.9,118.84,219.73,6.04,950,850.56,868.19,50,378,130
2024-07-16,44,1058,Toys,West,1,0,Rainy,13.1,96.62,296.53,7.84,997,184.84,195.51,26,346,63
2024-07-17,42,1118,Grocery,West,1,1,Cloudy,10.3,118.56,213.42,9.04,939,565.89,585.26,31,402,163
2024-07-18,15,1054,Grocery,South,0,0,Rainy,26.3,93.21,244.16,11.26,468,106.56,109.95,27,476,71
2024-07-19,17,1081,Toys,East,0,1,Rainy,11.0,96.5,256.34,8.35,231,165.36,153.08,45,44,16
2024-07-20,15,1063,Toys,North,0,0,Cloudy,38.4,99.95,284.06,6.38,577,486.5,472.47,35,339,60
2024-07-21,36,1199,Electronics,North,0,0,Rainy,34.6,88.27,213.62,10.27,353,837.22,757.04,40,355,48
2024-07-22,29,1126,Grocery,West,0,1,Rainy,21.0,97.26,254.52,7.16,958,1183.66,1277.87,22,273,97
2024-07-23,37,1095,Clothing,North,1,1,Cloudy,17.2,105.17,196.08,9.39,104,914.07,877.57,23,468,211
2024-07-24,19,1020,Toys,South,1,0,Cloudy,19.4,109.56,259.54,6.3,848,1869.41,2034.82,42,416,43
2024-07-25,11,1199,Beauty,North,1,1,Sunny,36.2,104.41,265.17,3.83,872,1819.97,1816.85,45,171,58
2024-07-26,21,1039,Electronics,South,0,0,Rainy,28.9,110.6,285.8,7.17,46,1050.14,1107.82,9,173,29
2024-07-27,47,1093,Sports,South,0,0,Sunny,32.1,91.38,298.95,3.09,739,387.1,363.9,49,243,19
2024-07-28,15,1075,Sports,North,1,0,Sunny,33.9,83.54,246.2,3.35,755,1669.38,1557.45,30,312,48
2024-07-29,46,1007,Clothing,West,1,0,Sunny,34.0,106.22,288.51,5.92,436,65.91,66.62,38,64,13
2024-07-30,8,1053,Beauty,East,0,1,Cloudy,31.3,98.92,204.26,8.41,722,1265.65,1314.23,29,238,82
2024-07-31,32,1062,Clothing,South,0,0,Sunny,10.8,86.62,190.36,9.26,228,1029.88,1131.62,2,67,8
2024-08-01,19,1152,Beauty,East,0,0,Cloudy,25.8,104.09,246.73,8.8,748,186.96,182.47,26,174,20
2024-08-02,8,1147,Electronics,North,0,0,Cloudy,16.5,92.84,295.71,9.54,732,453.45,448.21,9,139,12
2024-08-03,49,1111,Beauty,West,1,0,Rainy,39.2,108.46,263.49,3.62,515,215.9,231.37,13,373,58
2024-08-04,40,1030,Toys,West,1,0,Rainy,34.4,81.21,208.7,4.85,182,94.71,102.05,15,159,23
2024-08-05,17,1152,Clothing,West,0,1,Sunny,17.7,100.77,272.39,6.1,866,1445.34,1431.98,48,380,146
2024-08-06,42,1118,Grocery,South,0,1,Cloudy,16.3,95.77,280.23,8.96,677,1032.47,945.09,41,456,182
2024-08-07,43,1191,Beauty,North,1,1,Sunny,38.6,110.39,248.8,6.41,810,451.26,444.45,29,31,18
2024-08-08,18,1104,Toys,West,1,0,Cloudy,14.1,110.63,206.18,7.15,49,1011.65,1060.65,20,287,52
2024-08-09,1,1007,Toys,West,0,1,Cloudy,11.5,96.83,209.96,4.95,240,1696.54,1798.02,25,192,82
2024-08-10,19,1074,Sports,South,0,0,Rainy,20.1,109.29,280.89,7.44,165,1072.97,1156.52,34,449,46
2024-08-11,45,1037,Sports,East,1,1,Rainy,19.5,114.81,205.39,9.92,935,1173.41,1154.83,1,129,68
2024-08-12,11,1200,Beauty,South,1,1,Cloudy,26.8,88.25,265.25,4.76,919,1147.05,1178.0,9,143,55
2024-08-13,35,1005,Electronics,East,0,1,Rainy,23.2,100.76,229.6,11.09,300,1058.66,1109.06,45,156,54
2024-08-14,50,1023,Grocery,North,1,0,Sunny,23.7,93.81,200.24,6.98,429,122.77,116.88,32,174,29
2024-08-15,1,1132,Electronics,North,1,1,Sunny,21.1,87.13,193.53,5.8,239,1420.94,1532.24,4,232,98
2024-08-16,20,1099,Electronics,South,1,0,Sunny,25.5,86.66,269.82,3.2,360,716.31,746.29,17,214,36
2024-08-17,23,1067,Grocery,West,0,1,Cloudy,32.6,117.0,293.17,11.74,257,1024.67,940.55,17,433,176
2024-08-18,44,1070,Sports,East,1,1,Cloudy,20.6,96.41,230.88,3.08,27,1709.89,1570.61,26,349,150
2024-08-19,9,1039,Furniture,South,0,1,Cloudy,24.1,90.68,195.08,3.89,897,1467.22,1545.26,47,466,175
2024-08-20,34,1060,Toys,East,0,1,Cloudy,28.9,80.86,274.8,4.74,50,1572.74,1605.63,5,228,80
2024-08-21,44,1093,Electronics,North,0,0,Rainy,34.1,111.63,282.74,9.78,989,87.56,83.62,33,341,41
2024-08-22,48,1122,Beauty,West,0,0,Cloudy,22.6,112.42,291.35,5.98,696,1173.98,1262.33,7,176,32
2024-08-23,12,1153,Clothing,East,1,1,Rainy,27.3,91.75,280.24,11.83,789,1408.56,1505.07,44,201,80
2024-08-24,22,1044,Toys,North,0,0,Rainy,39.0,109.7,299.53,11.38,905,180.33,198.1,13,158,15
2024-08-25,20,1119,Toys,East,1,0,Sunny,19.4,84.7,229.12,4.92,253,1655.46,1629.82,46,283,30
2024-08-26,44,1175,Beauty,North,0,0,Rainy,10.4,102.25,293.51,4.13,749,1264.78,1299.25,21,249,21
2024-08-27,26,1020,Sports,South,0,1,Cloudy,19.1,91.27,263.86,10.68,197,1269.75,1369.05,15,180,63
2024-08-28,35,1052,Sports,South,1,0,Cloudy,26.0,98.87,223.1,6.65,523,1168.87,1181.68,42,126,0
2024-08-29,4,1036,Furniture,East,1,1,Cloudy,23.7,108.44,191.5,3.75,550,1142.72,1230.37,46,53,20
2024-08-30,30,1010,Sports,East,0,0,Rainy,31.8,84.83,298.66,4.07,327,1869.4,1778.84,24,384,33
2024-08-31,42,1021,Electronics,South,0,1,Rainy,34.0,86.9,272.09,10.86,521,465.13,486.68,49,363,117
2024-09-01,42,1196,Clothing,South,0,1,Cloudy,30.1,118.82,247.15,10.55,765,1016.38,915.7,30,306,112
2024-09-02,36,1031,Sports,South,1,0,Sunny,20.0,83.79,190.39,8.85,809,1132.11,1025.87,10,406,83
2024-09-03,38,1016,Toys,West,1,1,Cloudy,10.6,101.65,223.27,9.47,228,1121.16,1057.26,36,351,157
2024-09-04,24,1118,Electronics,West,1,1,Cloudy,25.9,119.0,272.22,3.01,34,418.38,459.63,30,24,9
2024-09-05,2,1115,Electronics,South,1,0,Cloudy,28.9,110.07,230.03,9.42,802,897.56,952.77,37,135,1
2024-09-06,11,1010,Furniture,North,0,1,Cloudy,18.1,86.18,263.43,6.92,759,643.71,636.02,26,498,185
2024-09-07,23,1016,Beauty,West,1,1,Rainy,21.8,97.67,231.25,6.56,713,588.54,620.72,32,102,23
2024-09-08,33,1027,Furniture,East,1,1,Cloudy,20.5,114.36,276.78,4.74,361,1541.19,1619.73,3,115,45
2024-09-09,40,1058,Electronics,South,0,1,Cloudy,38.6,90.23,200.62,11.34,995,914.44,867.17,39,486,185
2024-09-10,46,1195,Electronics,West,1,0,Cloudy,21.4,93.4,231.92,6.09,682,339.55,337.17,47,265,35
2024-09-11,46,1143,Grocery,West,0,0,Cloudy,34.0,113.62,285.57,6.59,966,1545.78,1576.84,13,119,17
2024-09-12,9,1127,Furniture,South,0,1,Sunny,14.5,117.75,263.66,4.43,989,1553.02,1469.43,8,478,193
2024-09-13,15,1128,Sports,South,0,1,Cloudy,16.2,81.41,277.19,9.46,864,1545.3,1606.79,3,23,0
2024-09-14,35,1178,Toys,East,0,0,Rainy,38.1,81.36,269.17,3.1,222,422.62,455.32,12,369,61
2024-09-15,33,1054,Toys,East,1,1,Cloudy,33.0,83.3,223.21,7.38,580,1270.58,1146.73,29,132,60
2024-09-16,29,1026,Toys,East,0,1,Rainy,27.1,95.43,181.99,11.8,662,803.02,782.07,45,202,61
2024-09-17,45,1037,Electronics,East,1,0,Rainy,28.6,86.29,214.72,5.91,750,333.67,355.29,12,351,81
2024-09-18,39,1110,Toys,East,0,1,Cloudy,38.8,101.05,246.73,8.72,605,124.13,126.69,39,486,165
2024-09-19,44,1173,Toys,South,0,0,Cloudy,21.2,89.52,191.35,7.59,795,1184.23,1225.49,22,428,43
2024-09-20,24,1200,Electronics,North,0,1,Sunny,21.9,97.38,289.38,8.84,434,1293.9,1363.1,25,350,103
2024-09-21,32,1107,Furniture,North,1,1,Sunny,14.3,103.34,266.9,3.8,768,51.89,52.18,11,178,84
2024-09-22,10,1121,Furniture,South,0,0,Rainy,20.6,110.37,209.04,9.09,322,451.5,467.45,26,136,6
2024-09-23,22,1153,Clothing,North,0,1,Rainy,33.6,91.44,223.48,10.01,688,767.6,702.28,3,282,107
2024-09-24,32,1056,Electronics,North,0,0,Sunny,29.9,109.45,293.39,11.46,409,1359.39,1283.66,47,105,0
2024-09-25,30,1053,Sports,South,0,0,Rainy,37.5,98.08,247.71,8.39,86,880.86,861.73,6,317,53
2024-09-26,8,1009,Toys,North,1,1,Rainy,31.6,109.09,269.73,4.87,899,1504.48,1478.41,19,493,216
2024-09-27,36,1147,Sports,South,1,1,Cloudy,20.9,117.58,190.96,11.93,834,163.65,174.0,42,31,0
2024-09-28,39,1051,Furniture,North,1,1,Cloudy,29.7,94.63,293.95,3.97,312,732.64,731.3,15,386,167
2024-09-29,37,1077,Clothing,West,0,0,Cloudy,23.2,101.96,186.84,9.94,933,1892.28,1826.27,32,313,47
2024-09-30,2,1169,Clothing,West,1,1,Sunny,26.6,97.7,275.86,5.73,480,912.96,930.02,48,296,91
2024-10-01,18,1063,Beauty,East,1,0,Cloudy,34.6,100.32,254.28,7.53,424,357.6,344.97,9,142,25
2024-10-02,3,1131,Beauty,West,1,1,Cloudy,38.6,86.62,291.64,5.68,915,502.78,477.76,25,324,121
2024-10-03,12,1027,Sports,East,1,0,Sunny,25.1,82.54,242.53,3.41,358,1742.17,1714.16,18,215,67
2024-10-04,28,1001,Clothing,North,0,1,Rainy,17.8,91.05,231.64,11.23,145,1331.29,1432.83,27,61,18
2024-10-05,22,1012,Beauty,South,1,1,Rainy,26.5,96.35,240.33,11.34,91,1295.02,1399.38,2,41,22
2024-10-06,20,1032,Clothing,South,0,0,Rainy,13.9,101.75,265.76,8.95,21,245.81,232.21,20,181,21
2024-10-07,2,1043,Toys,East,1,0,Cloudy,10.3,119.66,286.11,3.62,896,623.89,605.65,29,68,0
2024-10-08,35,1024,Clothing,North,1,0,Cloudy,18.9,102.73,249.41,4.71,430,1269.67,1326.56,2,469,90
2024-10-09,7,1172,Beauty,South,1,1,Sunny,25.0,111.8,239.09,7.35,569,72.36,69.63,9,325,147
2024-10-10,14,1182,Grocery,East,0,1,Cloudy,13.0,96.9,198.44,8.32,232,1634.92,1495.7,12,163,56
2024-10-11,9,1011,Toys,East,0,0,Sunny,24.3,107.05,292.28,7.24,391,1068.19,1035.88,9,386,52
2024-10-12,29,1066,Toys,North,1,1,Sunny,12.0,116.73,293.67,4.63,444,1588.54,1665.0,46,36,0
2024-10-13,25,1152,Beauty,East,0,1,Rainy,24.7,83.73,193.22,7.99,69,1671.35,1525.43,5,480,172
2024-10-14,8,1171,Sports,South,0,0,Sunny,11.8,92.98,250.05,9.71,807,1015.88,1060.71,8,50,0
2024-10-15,8,1073,Beauty,East,1,0,Sunny,36.4,108.16,255.99,8.14,434,1727.35,1571.34,18,203,37
2024-10-16,2,1089,Grocery,North,0,0,Sunny,35.3,111.7,180.71,4.1,824,584.47,538.09,44,475,56
2024-10-17,17,1192,Beauty,West,0,0,Cloudy,28.3,116.28,210.8,10.24,585,1689.52,1612.87,36,186,16
2024-10-18,17,1072,Toys,East,0,1,Sunny,27.7,112.46,268.82,10.46,953,1027.93,1010.24,8,374,154
2024-10-19,26,1111,Toys,South,1,0,Rainy,17.7,104.34,212.9,5.75,701,1256.39,1134.79,39,203,26
2024-10-20,30,1167,Furniture,West,0,1,Sunny,30.2,105.08,214.52,6.66,419,1229.4,1322.38,22,119,50
2024-10-21,19,1127,Grocery,West,0,1,Rainy,30.2,95.01,242.25,8.24,34,312.76,330.42,43,218,77
2024-10-22,9,1156,Beauty,West,1,0,Sunny,32.8,95.48,272.25,7.86,465,65.36,61.3,38,287,58
2024-10-23,26,1141,Toys,West,1,0,Sunny,21.9,95.14,280.7,9.71,861,1383.44,1257.49,4,479,107
2024-10-24,24,1128,Grocery,South,0,0,Rainy,14.4,87.17,204.37,4.36,867,1498.4,1597.64,0,286,34
2024-10-25,40,1080,Toys,West,0,1,Sunny,13.2,118.23,186.79,9.95,28,1270.58,1374.31,14,189,88
2024-10-26,13,1197,Electronics,South,0,1,Rainy,37.6,80.67,253.51,10.46,255,611.9,569.0,9,84,28
2024-10-27,1,1155,Electronics,South,1,1,Cloudy,16.8,84.36,277.73,11.18,676,1607.63,1537.23,1,433,178
2024-10-28,35,1125,Toys,South,1,0,Cloudy,35.3,98.62,280.14,8.33,577,344.7,370.47,2,407,94
2024-10-29,28,1136,Grocery,South,0,0,Rainy,28.7,102.63,261.77,9.71,102,1029.38,1060.91,2,431,82
2024-10-30,44,1146,Furniture,South,1,0,Rainy,20.3,98.53,272.68,9.79,465,1631.0,1689.48,23,278,22
2024-10-31,50,1089,Beauty,South,1,0,Cloudy,19.0,100.91,243.98,4.76,795,1984.67,2113.26,9,181,37
2024-11-01,20,1076,Sports,South,0,1,Sunny,19.8,82.7,235.91,7.74,590,1526.59,1542.94,21,43,18
2024-11-02,24,1059,Toys,South,1,0,Sunny,39.6,97.66,236.74,6.42,407,1431.75,1440.99,34,299,48
2024-11-03,32,1077,Clothing,West,0,0,Sunny,28.8,92.54,188.67,10.58,240,1447.73,1415.89,23,329,46
2024-11-04,49,1182,Grocery,West,0,0,Cloudy,29.6,99.23,215.46,11.09,104,551.0,601.11,14,21,7
2024-11-05,41,1032,Electronics,West,0,1,Rainy,20.7,103.64,284.07,6.44,333,737.43,731.73,17,496,194
2024-11-06,40,1123,Electronics,North,1,0,Sunny,34.6,115.49,274.26,11.4,188,1263.33,1349.74,29,34,1
2024-11-07,6,1007,Beauty,North,0,1,Sunny,18.8,103.99,239.56,9.65,575,1416.98,1505.89,45,231,67
2024-11-08,34,1130,Electronics,West,1,0,Cloudy,39.9,112.36,195.7,6.3,624,349.22,356.69,13,253,35
2024-11-09,28,1057,Toys,South,1,1,Cloudy,36.0,118.1,205.28,4.06,191,413.12,443.77,20,155,42
2024-11-10,29,1004,Clothing,West,0,0,Rainy,32.0,115.14,285.35,7.73,836,822.87,816.83,29,261,22
2024-11-11,47,1128,Clothing,North,1,0,Sunny,22.1,96.45,299.76,9.86,431,74.42,76.98,28,213,39
2024-11-12,36,1040,Electronics,South,0,0,Cloudy,34.9,88.5,282.77,6.74,570,371.81,375.94,16,410,55
2024-11-13,29,1035,Furniture,East,0,0,Sunny,35.5,116.25,266.63,6.24,620,1996.69,1969.09,10,359,52
2024-11-14,26,1169,Furniture,North,1,1,Sunny,12.8,88.1,258.41,5.38,368,1066.05,1114.45,37,469,178
2024-11-15,36,1024,Electronics,East,1,1,Sunny,14.6,90.46,194.2,10.86,787,508.33,514.16,5,262,116
2024-11-16,36,1182,Sports,South,1,1,Cloudy,38.5,83.79,262.72,9.54,613,731.74,711.46,35,432,181
2024-11-17,41,1182,Clothing,East,0,0,Cloudy,17.4,102.95,203.68,3.94,801,1713.69,1608.61,44,221,13
2024-11-18,32,1103,Furniture,West,1,1,Rainy,21.0,88.38,274.6,6.83,233,1675.23,1611.1,31,151,68
2024-11-19,39,1019,Toys,East,0,0,Cloudy,29.6,111.98,201.5,10.08,895,304.04,285.83,38,26,0
2024-11-20,26,1030,Clothing,North,0,0,Sunny,12.5,104.39,220.12,7.73,20,650.24,609.07,12,231,20
2024-11-21,17,1128,Toys,South,0,1,Cloudy,28.1,83.48,283.68,7.72,423,239.64,260.43,49,439,167
2024-11-22,30,1181,Toys,North,1,0,Rainy,39.4,99.25,243.64,11.3,410,935.67,1017.75,24,256,39
2024-11-23,43,1060,Furniture,West,0,0,Cloudy,30.3,84.73,276.12,9.86,489,403.35,387.66,43,108,14
2024-11-24,25,1146,Toys,West,0,1,Rainy,28.6,98.76,259.75,9.78,392,755.73,783.24,39,120,40
2024-11-25,11,1197,Furniture,West,0,0,Sunny,30.4,92.33,254.23,10.5,497,1368.06,1287.51,11,393,61
2024-11-26,38,1109,Toys,East,1,1,Sunny,11.0,110.25,221.16,8.44,225,1886.44,1886.8,30,461,189
2024-11-27,38,1076,Beauty,South,0,1,Rainy,18.1,99.85,200.19,4.81,521,821.45,820.27,27,473,187
2024-11-28,39,1101,Beauty,East,1,1,Cloudy,32.2,95.4,211.11,8.25,291,1946.27,2041.47,22,201,64
2024-11-29,41,1189,Grocery,East,1,1,Rainy,29.4,108.68,195.57,3.21,393,520.61,520.11,38,351,162
2024-11-30,44,1192,Toys,West,1,0,Cloudy,28.7,93.31,183.24,6.97,854,731.33,739.22,2,415,82
2024-12-01,31,1135,Electronics,East,0,0,Sunny,31.9,94.87,228.35,4.7,758,1233.97,1171.7,38,214,15
2024-12-02,3,1179,Clothing,North,1,0,Rainy,16.3,118.7,285.06,3.79,21,1457.34,1424.21,11,435,99
2024-12-03,46,1066,Beauty,North,1,0,Sunny,34.1,115.18,228.91,7.65,910,1089.28,1117.96,27,125,19
2024-12-04,26,1120,Clothing,West,1,1,Rainy,32.4,89.91,282.09,11.56,945,997.1,1061.36,36,337,148
2024-12-05,31,1068,Electronics,East,0,0,Cloudy,38.6,103.02,278.18,3.63,918,223.14,208.82,31,243,44
2024-12-06,8,1175,Beauty,East,0,1,Rainy,39.3,90.49,285.74,7.28,669,965.2,968.75,15,461,184
2024-12-07,2,1110,Electronics,East,1,0,Rainy,23.4,106.21,212.35,11.52,560,1200.58,1285.82,1,433,98
2024-12-08,50,1165,Sports,South,1,0,Sunny,32.8,81.16,228.42,7.75,362,893.79,888.51,30,63,0
2024-12-09,41,1180,Toys,North,0,0,Sunny,36.5,95.97,191.38,4.97,132,298.38,297.9,16,206,15
2024-12-10,20,1173,Electronics,South,0,1,Rainy,38.1,97.84,220.14,9.24,817,1959.46,1955.26,4,408,154
2024-12-11,3,1161,Beauty,West,1,0,Sunny,34.6,90.69,239.51,11.69,560,449.72,453.12,41,174,7
2024-12-12,33,1051,Beauty,North,0,1,Cloudy,35.2,94.05,205.57,11.37,356,1336.87,1387.7,0,464,191
2024-12-13,19,1068,Toys,South,1,0,Cloudy,11.7,80.4,194.12,7.07,909,1647.38,1563.32,42,422,49
2024-12-14,16,1190,Electronics,West,1,1,Cloudy,28.7,113.15,293.78,11.94,930,131.21,132.84,36,481,224
2024-12-15,21,1191,Toys,South,0,0,Sunny,39.2,81.35,255.16,6.35,25,1697.25,1807.52,9,236,19
2024-12-16,8,1191,Clothing,South,0,0,Sunny,28.2,103.92,254.69,6.43,244,91.6,93.44,10,486,58
2024-12-17,16,1092,Beauty,West,1,1,Sunny,39.4,81.17,251.67,8.34,842,738.78,783.86,3,431,197
2024-12-18,11,1007,Electronics,South,1,0,Sunny,26.8,116.86,180.53,5.63,225,202.85,221.0,8,378,83
2024-12-19,3,1195,Sports,West,0,0,Rainy,25.9,84.98,263.17,8.1,951,1937.02,2095.68,22,172,3
2024-12-20,14,1133,Clothing,West,1,1,Sunny,27.6,101.02,269.82,5.44,753,692.54,717.46,15,289,122
2024-12-21,7,1096,Beauty,North,0,1,Sunny,35.8,87.51,241.83,4.24,974,585.25,542.12,22,464,190
2024-12-22,12,1093,Clothing,West,1,0,Rainy,37.2,103.67,209.24,11.43,146,1171.62,1225.03,39,188,22
2024-12-23,20,1068,Sports,West,1,0,Cloudy,34.0,80.6,265.03,5.65,587,599.36,628.06,45,452,75
2024-12-24,37,1035,Sports,East,1,1,Cloudy,18.7,89.49,219.89,6.99,891,855.3,928.9,22,421,185
2024-12-25,23,1154,Sports,South,1,1,Cloudy,25.3,114.35,240.93,9.41,699,347.46,343.2,21,173,53
2024-12-26,41,1128,Furniture,East,1,0,Rainy,18.5,108.32,195.14,7.63,171,1710.48,1791.44,15,267,55
2024-12-27,39,1121,Toys,North,0,1,Sunny,31.3,114.97,287.12,8.4,311,1117.47,1075.13,44,397,127
2024-12-28,47,1028,Furniture,West,0,0,Cloudy,26.9,111.52,259.08,7.4,177,693.29,705.23,21,481,76
2024-12-29,2,1044,Beauty,West,1,1,Rainy,28.7,111.65,225.07,4.12,178,1826.97,2004.45,31,95,29
2024-12-30,13,1017,Clothing,East,0,0,Rainy,13.1,116.26,256.44,3.44,367,601.69,585.39,35,143,1
2023-01-01,19,1091,Clothing,East,1,1,Sunny,38.7,96.96,246.99,11.73,239,446.9,473.21,42,267,101
2023-01-02,27,1107,Toys,North,1,0,Rainy,39.7,109.75,191.0,7.52,797,1449.2,1389.41,5,262,32
2023-01-03,6,1095,Clothing,West,1,0,Sunny,28.8,103.16,249.97,5.01,589,798.25,725.8,39,369,81
2023-01-04,43,1175,Furniture,North,1,0,Sunny,11.0,94.87,271.5,4.77,100,231.03,225.0,13,108,13
2023-01-05,3,1042,Furniture,East,0,0,Cloudy,31.2,107.44,268.03,9.37,983,1162.79,1103.02,37,41,0
2023-01-06,43,1061,Toys,West,0,0,Cloudy,26.0,88.45,215.66,11.57,480,1063.48,1117.23,26,415,55
2023-01-07,29,1111,Furniture,South,1,0,Cloudy,10.2,89.3,241.5,3.83,321,413.38,435.37,27,169,20
2023-01-08,27,1079,Clothing,North,1,1,Cloudy,26.8,110.66,271.8,9.85,633,1649.84,1618.98,28,324,138
2023-01-09,42,1084,Toys,North,1,1,Rainy,18.2,102.66,217.33,7.74,699,222.21,241.42,16,216,95
2023-01-10,37,1158,Sports,East,0,0,Rainy,19.9,97.49,217.31,4.3,649,594.34,646.83,40,213,13
2023-01-11,38,1195,Electronics,West,1,1,Rainy,22.5,119.84,242.32,11.63,144,1339.51,1349.63,8,315,140
2023-01-12,43,1198,Sports,South,1,1,Cloudy,24.7,87.43,186.29,7.21,255,997.64,1009.21,17,47,10
2023-01-13,25,1173,Sports,North,0,1,Rainy,37.6,108.27,298.72,11.67,527,1027.81,935.61,16,423,158
2023-01-14,44,1084,Sports,West,1,1,Rainy,25.1,102.46,180.26,10.98,365,180.85,189.34,25,346,159
2023-01-15,48,1123,Sports,West,1,1,Cloudy,17.9,118.72,289.86,4.49,57,766.91,706.69,27,201,85
2023-01-16,17,1046,Electronics,North,1,0,Sunny,39.4,100.4,233.17,7.1,122,1737.64,1611.59,15,186,39
2023-01-17,6,1162,Toys,North,1,0,Rainy,22.3,105.09,208.25,5.85,892,1117.29,1016.66,5,340,65
2023-01-18,12,1048,Sports,West,1,1,Cloudy,39.9,87.45,238.8,8.32,753,142.86,136.55,13,124,58
2023-01-19,36,1025,Electronics,West,0,0,Cloudy,34.7,81.73,223.64,4.14,103,1081.05,1048.53,41,418,54
2023-01-20,50,1105,Clothing,North,1,0,Rainy,10.6,87.21,253.97,6.86,1000,270.48,259.12,20,482,83
2023-01-21,33,1050,Electronics,East,0,1,Rainy,31.9,109.68,223.95,4.99,458,199.78,203.59,9,479,193
2023-01-22,26,1141,Toys,West,1,1,Sunny,34.7,84.41,299.8,5.15,874,352.25,336.99,5,332,144
2023-01-23,9,1114,Clothing,South,0,0,Rainy,22.7,94.06,282.71,4.58,226,833.33,900.72,22,193,11
2023-01-24,10,1065,Furniture,East,1,1,Sunny,22.6,117.61,287.31,9.07,434,1276.66,1269.78,3,93,40
2023-01-25,30,1186,Clothing,North,0,0,Rainy,37.1,113.82,290.1,11.31,583,1000.49,985.74,0,183,23
2023-01-26,5,1046,Electronics,North,1,1,Cloudy,28.0,112.41,296.62,6.28,834,415.87,441.11,48,376,155
2023-01-27,15,1005,Sports,East,1,1,Cloudy,27.5,92.79,189.83,10.84,358,972.51,886.16,28,317,132
2023-01-28,7,1181,Toys,South,0,0,Rainy,15.3,107.34,229.47,7.75,362,1274.76,1321.7,47,76,2
2023-01-29,37,1007,Grocery,North,1,0,Cloudy,37.2,92.92,216.57,7.54,817,666.32,606.34,14,117,15
2023-01-30,47,1064,Grocery,West,0,0,Sunny,19.5,108.35,224.2,5.72,496,1416.09,1289.47,36,439,71
2023-01-31,35,1073,Electronics,West,1,0,Rainy,37.9,81.32,257.61,3.86,493,70.91,77.53,17,245,61
2023-02-01,22,1181,Sports,South,0,0,Cloudy,34.6,109.79,191.1,8.78,887,1101.2,1074.92,6,252,42
2023-02-02,25,1155,Furniture,East,0,1,Cloudy,12.8,118.07,208.41,9.2,596,516.01,543.2,4,49,12
2023-02-03,38,1022,Beauty,West,0,0,Cloudy,29.5,99.53,205.43,11.0,314,1304.99,1181.78,38,385,31
2023-02-04,17,1186,Clothing,North,1,1,Cloudy,31.5,105.18,291.37,10.83,867,341.02,357.39,36,123,53
2023-02-05,2,1170,Furniture,West,1,0,Cloudy,17.8,87.2,181.48,7.84,683,674.66,627.06,46,113,4
2023-02-06,29,1029,Toys,South,1,0,Sunny,39.3,113.21,258.92,10.09,858,1920.94,1775.44,27,282,49
2023-02-07,8,1007,Toys,South,1,0,Cloudy,29.5,103.58,281.32,3.03,589,181.12,179.94,3,466,90
2023-02-08,13,1035,Furniture,West,0,0,Rainy,37.9,112.09,260.04,7.71,496,1655.4,1771.65,50,45,4
2023-02-09,30,1035,Sports,West,0,0,Sunny,26.9,97.07,258.72,9.62,950,832.4,821.41,31,250,35
2023-02-10,13,1163,Clothing,East,1,0,Cloudy,34.5,85.97,222.49,10.34,884,284.25,267.46,25,142,30
2023-02-11,37,1190,Sports,West,1,0,Rainy,11.3,99.84,192.7,7.2,292,1764.6,1843.12,26,347,48
2023-02-12,31,1049,Clothing,North,0,0,Rainy,31.8,90.49,233.91,11.82,531,929.7,881.12,39,495,51
2023-02-13,22,1168,Toys,East,0,0,Rainy,21.6,103.15,236.36,4.12,379,331.96,301.16,5,333,37
2023-02-14,13,1016,Sports,West,1,1,Cloudy,27.3,85.95,277.18,4.01,111,1158.76,1265.87,36,116,43
2023-02-15,3,1055,Sports,North,0,1,Cloudy,16.5,92.84,227.2,4.19,836,1489.19,1573.46,23,138,55
2023-02-16,16,1085,Beauty,East,0,1,Cloudy,15.1,85.43,261.06,9.98,999,1007.37,1003.35,7,78,31
2023-02-17,38,1171,Toys,South,1,1,Sunny,23.6,102.82,199.82,4.15,612,481.01,475.29,29,281,123
2023-02-18,28,1086,Electronics,South,1,1,Rainy,35.1,105.77,186.66,5.93,513,1400.81,1399.39,30,419,181
2023-02-19,20,1053,Electronics,South,1,0,Rainy,29.2,88.26,209.72,11.32,98,183.98,177.74,22,36,0
2023-02-20,38,1037,Furniture,South,0,1,Cloudy,11.0,111.49,225.66,9.32,402,928.88,901.45,26,115,43
2023-02-21,13,1148,Electronics,West,1,1,Sunny,34.2,101.48,218.94,6.6,797,580.94,612.78,37,349,140
2023-02-22,18,1069,Beauty,North,0,0,Sunny,19.0,114.32,273.54,8.34,286,1263.36,1225.16,37,96,22
2023-02-23,7,1135,Beauty,North,1,0,Sunny,38.8,110.51,283.52,8.28,398,924.18,1007.96,13,290,70
2023-02-24,20,1129,Sports,North,0,0,Rainy,31.5,81.5,202.64,7.12,425,153.76,141.23,26,166,28
2023-02-25,11,1099,Grocery,East,1,1,Rainy,22.5,86.51,289.44,11.65,870,499.5,520.38,50,219,66
2023-02-26,40,1182,Sports,South,0,0,Cloudy,18.5,99.61,283.21,9.76,272,1349.5,1276.38,24,216,44
2023-02-27,40,1088,Beauty,East,1,0,Cloudy,29.9,96.68,275.53,5.25,604,1074.7,1179.01,3,246,36
2023-02-28,37,1199,Clothing,North,1,0,Rainy,14.0,90.39,271.51,3.77,201,50.89,47.54,18,344,70
2023-03-01,5,1099,Toys,North,1,1,Rainy,29.9,83.44,267.83,11.17,296,287.6,271.4,12,242,110
2023-03-02,26,1093,Sports,North,0,1,Cloudy,34.0,82.69,288.57,9.27,920,673.01,621.4,41,333,128
2023-03-03,31,1141,Grocery,North,1,0,Cloudy,34.1,103.71,200.42,10.33,903,276.48,286.74,41,164,26
2023-03-04,11,1147,Toys,East,0,1,Sunny,18.5,110.04,205.97,7.62,390,1402.07,1373.12,36,317,117
2023-03-05,11,1106,Clothing,South,0,0,Sunny,34.6,81.22,234.03,11.01,175,150.7,162.82,41,174,18
2023-03-06,45,1079,Furniture,West,1,1,Cloudy,18.9,82.96,245.1,7.17,982,1608.62,1487.85,42,217,70
2023-03-07,39,1027,Furniture,East,1,0,Rainy,15.7,85.98,193.64,8.89,933,235.45,220.88,33,181,30
2023-03-08,9,1056,Electronics,East,1,0,Sunny,18.7,101.73,292.09,11.76,764,294.5,316.96,47,491,84
2023-03-09,26,1123,Beauty,North,0,0,Sunny,39.8,92.53,292.48,11.71,922,543.62,515.54,27,245,34
2023-03-10,3,1115,Furniture,West,0,1,Sunny,28.6,109.27,258.22,8.71,696,1338.32,1405.58,31,347,123
2023-03-11,46,1102,Furniture,East,0,1,Rainy,35.9,83.0,233.86,6.04,832,619.62,642.94,1,143,36
2023-03-12,14,1179,Electronics,East,0,0,Cloudy,30.2,112.16,251.8,10.77,959,332.05,351.86,8,196,25
2023-03-13,19,1017,Furniture,South,0,1,Rainy,32.6,118.14,265.15,5.11,584,672.17,629.86,35,356,142
2023-03-14,7,1142,Grocery,South,1,0,Cloudy,28.8,111.08,235.13,8.86,548,91.62,98.67,47,490,90
2023-03-15,15,1091,Furniture,South,0,1,Cloudy,17.1,112.82,267.06,9.14,627,414.82,380.05,12,183,71
2023-03-16,16,1080,Sports,West,0,1,Sunny,34.5,119.34,299.6,3.03,510,781.16,816.03,35,490,186
2023-03-17,19,1169,Toys,West,0,1,Rainy,21.3,96.65,294.98,4.13,92,513.48,558.09,20,486,180
2023-03-18,38,1092,Electronics,East,1,1,Rainy,32.4,86.52,224.49,6.0,123,432.48,462.42,12,382,176
2023-03-19,5,1090,Clothing,North,1,0,Cloudy,30.7,84.39,269.72,11.31,121,100.52,98.73,19,195,35
2023-03-20,7,1173,Grocery,West,0,1,Rainy,32.0,80.39,282.42,9.61,277,176.53,167.26,9,92,34
2023-03-21,45,1125,Beauty,West,0,0,Cloudy,15.2,105.33,245.4,4.26,102,910.63,981.08,33,437,61
2023-03-22,40,1168,Sports,South,1,1,Cloudy,23.3,107.28,269.9,10.9,997,1651.15,1509.35,10,245,107
2023-03-23,28,1063,Beauty,West,0,0,Sunny,19.2,113.65,204.7,11.91,127,1800.45,1979.17,32,226,0
2023-03-24,11,1062,Electronics,West,1,1,Cloudy,34.9,81.07,277.68,7.79,541,1612.27,1529.55,26,172,60
2023-03-25,6,1174,Electronics,North,0,0,Cloudy,14.6,83.03,210.34,7.9,478,138.81,139.3,27,52,0
2023-03-26,28,1163,Toys,West,1,0,Sunny,32.8,91.26,252.79,7.3,956,1715.37,1615.75,8,30,0
2023-03-27,43,1127,Clothing,South,0,1,Rainy,13.9,81.74,223.35,10.84,844,90.58,96.8,0,53,35
2023-03-28,1,1162,Clothing,North,0,0,Sunny,20.1,93.36,269.42,8.14,156,142.28,141.49,9,370,46
2023-03-29,39,1092,Furniture,West,0,0,Rainy,21.3,111.24,265.29,10.21,634,1787.88,1809.09,37,303,20
2023-03-30,32,1184,Toys,West,1,1,Rainy,32.1,116.71,283.77,4.96,511,956.2,875.2,50,129,39
2023-03-31,37,1058,Toys,West,0,0,Rainy,25.2,88.99,212.99,4.05,278,672.22,704.39,26,495,63
2023-04-01,33,1022,Sports,West,0,1,Sunny,26.2,115.95,183.67,11.66,612,1331.78,1406.06,46,366,146
2023-04-02,7,1090,Furniture,East,1,0,Cloudy,13.2,119.38,256.51,5.15,420,1454.57,1318.7,17,443,86
2023-04-03,20,1154,Grocery,South,0,1,Sunny,30.2,92.65,183.73,6.7,548,662.33,651.8,29,24,3
2023-04-04,30,1163,Electronics,East,0,1,Cloudy,29.7,87.44,262.41,6.12,718,1315.32,1372.93,48,132,40
2023-04-05,44,1082,Clothing,East,0,1,Cloudy,31.2,107.1,234.72,9.29,535,1755.33,1768.69,37,494,196
2023-04-06,47,1035,Beauty,North,0,0,Rainy,33.4,107.17,181.1,5.5,807,1524.39,1466.57,48,54,0
2023-04-07,8,1045,Clothing,West,0,1,Rainy,30.1,101.5,181.87,11.49,117,1888.09,1707.96,44,179,48
2023-04-08,6,1134,Furniture,East,1,0,Rainy,13.8,91.69,278.85,11.65,80,1406.62,1424.33,26,260,40
2023-04-09,6,1030,Beauty,North,0,1,Rainy,33.4,89.24,198.84,7.17,68,1401.23,1445.96,14,422,164
2023-04-10,9,1079,Beauty,West,1,1,Cloudy,36.8,104.03,277.3,3.54,238,1296.22,1181.39,14,282,111
2023-04-11,7,1119,Furniture,South,1,1,Cloudy,14.8,98.68,213.9,7.75,127,1861.73,1928.78,3,67,12
2023-04-12,19,1063,Grocery,South,0,1,Rainy,30.7,112.62,191.63,10.08,190,954.25,972.32,30,49,9
2023-04-13,2,1063,Clothing,South,1,1,Sunny,31.9,86.18,286.6,10.25,500,627.24,686.51,50,420,171
2023-04-14,9,1081,Electronics,South,0,0,Sunny,34.6,90.31,256.44,4.02,876,1844.31,1669.85,8,34,0
2023-04-15,25,1003,Furniture,North,0,1,Cloudy,27.5,82.11,183.97,10.84,200,197.01,203.9,16,103,30
2023-04-16,29,1168,Grocery,East,0,1,Cloudy,14.1,111.0,194.39,10.49,131,1928.48,1856.23,48,338,112
2023-04-17,37,1184,Toys,East,1,0,Rainy,33.8,83.41,213.03,10.44,342,458.83,482.98,20,294,62
2023-04-18,9,1185,Sports,East,0,0,Rainy,35.5,103.22,282.25,5.8,52,406.8,381.7,12,197,24
2023-04-19,36,1095,Toys,South,1,0,Cloudy,16.2,106.79,291.95,6.0,680,384.22,385.59,21,34,10
2023-04-20,3,1128,Sports,North,1,0,Rainy,17.8,111.6,215.36,4.18,205,596.97,621.0,31,270,39
2023-04-21,31,1065,Clothing,East,1,1,Cloudy,17.4,92.24,213.88,3.48,465,66.98,67.89,32,493,217
2023-04-22,28,1033,Sports,West,1,1,Sunny,24.9,103.75,274.22,10.34,595,735.69,757.99,18,354,160
2023-04-23,25,1006,Toys,North,0,0,Sunny,36.6,90.17,236.13,10.74,279,1629.16,1581.66,12,328,41
2023-04-24,28,1016,Toys,South,0,1,Rainy,10.9,102.55,227.66,4.22,704,1879.25,1989.75,45,264,93
2023-04-25,19,1052,Electronics,West,0,0,Sunny,21.2,105.96,207.74,9.12,729,1565.12,1501.62,43,344,19
2023-04-26,17,1069,Grocery,West,1,0,Cloudy,37.7,97.1,274.36,7.49,952,565.96,556.24,16,192,20
2023-04-27,20,1155,Sports,East,1,1,Cloudy,25.2,84.64,233.84,4.74,131,1011.37,1087.04,43,392,175
2023-04-28,29,1187,Electronics,South,0,0,Cloudy,18.4,80.95,205.59,11.68,423,1731.87,1875.35,30,218,10
2023-04-29,7,1119,Furniture,East,0,1,Sunny,18.3,116.92,220.36,6.3,102,368.57,359.56,32,60,39
2023-04-30,23,1002,Grocery,South,0,0,Rainy,33.2,91.68,256.37,8.29,193,1596.63,1734.6,45,89,0
2023-05-01,29,1200,Furniture,West,1,1,Sunny,16.2,88.41,263.91,4.95,790,497.01,510.8,29,119,44
2023-05-02,29,1134,Grocery,West,0,0,Rainy,13.6,80.48,225.52,7.41,794,372.01,353.96,40,340,33
2023-05-03,17,1179,Toys,West,1,1,Sunny,36.2,82.73,288.31,7.29,134,1940.7,1884.85,0,306,131
2023-05-04,36,1117,Grocery,North,1,0,Rainy,28.7,113.65,236.05,10.65,946,494.08,541.75,39,263,38
2023-05-05,13,1071,Electronics,East,1,0,Sunny,30.5,98.15,289.49,6.36,674,1667.44,1733.04,33,96,0
2023-05-06,1,1156,Electronics,West,0,0,Sunny,26.8,105.13,190.25,4.41,791,286.42,291.25,48,162,18
2023-05-07,23,1047,Grocery,East,1,0,Sunny,17.0,83.02,219.34,8.59,818,1792.66,1798.43,29,199,38
2023-05-08,40,1008,Grocery,South,0,0,Cloudy,25.8,82.27,232.07,3.03,639,601.87,549.75,21,26,3
2023-05-09,11,1188,Clothing,North,0,0,Sunny,23.3,105.01,230.78,8.85,548,1416.3,1411.94,21,369,25
2023-05-10,1,1151,Clothing,North,1,1,Sunny,18.9,113.15,232.53,11.11,420,853.99,818.34,25,85,24
2023-05-11,29,1046,Toys,West,1,0,Cloudy,37.3,91.52,262.78,3.35,832,1936.91,1830.75,35,158,21
2023-05-12,3,1175,Sports,East,1,0,Sunny,24.6,95.44,259.49,11.36,639,1746.15,1871.28,18,74,0
2023-05-13,28,1184,Beauty,West,1,1,Sunny,23.2,115.78,247.17,10.89,449,1149.1,1203.29,44,479,207
2023-05-14,21,1115,Clothing,North,0,0,Rainy,29.4,117.49,234.93,4.36,459,614.91,564.69,28,339,34
2023-05-15,16,1168,Toys,West,1,0,Rainy,24.2,82.9,199.21,8.17,919,1694.85,1671.52,17,202,29
2023-05-16,10,1067,Grocery,West,0,1,Rainy,10.1,81.57,255.39,4.81,372,183.13,183.46,28,211,63
2023-05-17,26,1149,Grocery,West,0,0,Sunny,30.0,117.94,199.08,11.58,370,1563.81,1444.28,23,219,49
2023-05-18,5,1040,Beauty,South,0,0,Cloudy,33.4,98.31,240.71,8.18,826,1194.61,1162.93,9,381,35
2023-05-19,20,1047,Clothing,West,1,0,Sunny,27.4,111.38,282.49,10.88,361,1837.9,1952.29,13,228,39
2023-05-20,14,1008,Grocery,East,0,0,Cloudy,22.2,106.17,195.0,7.64,464,1477.94,1488.61,39,475,57
2023-05-21,44,1155,Beauty,West,1,0,Cloudy,25.0,81.74,185.28,7.49,981,785.79,837.9,50,142,13
2023-05-22,4,1072,Sports,North,1,1,Rainy,15.9,102.39,189.89,9.55,865,1702.82,1662.49,32,486,219
2023-05-23,45,1118,Furniture,South,0,1,Rainy,31.2,112.0,279.89,9.65,281,1945.86,2075.59,27,239,91
2023-05-24,49,1139,Sports,West,1,0,Rainy,15.1,100.24,285.89,8.65,276,262.21,274.48,32,276,49
2023-05-25,31,1045,Furniture,South,1,0,Sunny,29.0,85.45,265.65,8.19,619,1677.27,1685.37,10,82,6
2023-05-26,1,1119,Sports,North,0,0,Cloudy,30.9,91.58,212.77,7.6,965,1572.1,1546.92,50,267,41
2023-05-27,5,1094,Beauty,East,0,1,Cloudy,30.9,95.62,215.6,6.76,623,1683.76,1709.6,6,225,81
2023-05-28,24,1113,Sports,West,1,1,Rainy,38.0,112.66,266.35,6.46,901,540.83,591.96,2,307,122
2023-05-29,23,1033,Electronics,East,0,1,Rainy,19.9,92.83,202.21,7.42,83,610.66,625.71,33,273,86
2023-05-30,33,1125,Grocery,West,1,1,Cloudy,18.3,86.66,231.73,9.18,587,755.54,686.12,38,107,34
2023-05-31,39,1138,Furniture,South,1,1,Sunny,11.9,112.02,196.76,6.73,462,444.23,403.13,10,429,195
2023-06-01,4,1050,Electronics,South,0,0,Sunny,36.9,84.34,193.44,10.82,289,1353.74,1326.8,16,276,30
2023-06-02,35,1083,Clothing,West,1,1,Sunny,30.9,94.22,248.34,3.94,96,589.14,578.78,29,499,215
2023-06-03,34,1055,Clothing,North,1,0,Cloudy,25.1,108.5,190.68,5.17,377,1939.31,2115.88,39,241,47
2023-06-04,16,1169,Grocery,East,1,1,Sunny,23.9,101.36,196.9,11.5,416,1812.72,1882.51,38,334,138
2023-06-05,50,1189,Furniture,South,1,1,Cloudy,19.2,98.82,264.44,4.51,220,817.0,879.96,34,165,32
2023-06-06,9,1111,Toys,East,0,1,Cloudy,23.7,97.36,247.75,10.55,927,1973.88,1812.2,0,87,21
2023-06-07,32,1020,Toys,North,1,0,Sunny,15.6,118.2,234.5,3.91,151,292.19,313.25,23,346,43
2023-06-08,5,1147,Electronics,East,1,1,Sunny,34.8,112.62,266.78,6.75,207,343.48,315.58,21,237,88
2023-06-09,16,1155,Grocery,East,0,0,Rainy,15.7,85.26,195.39,5.17,571,228.12,217.92,15,47,10
2023-06-10,42,1127,Clothing,East,1,0,Cloudy,18.2,86.38,196.94,5.55,324,419.77,457.39,3,269,52
2023-06-11,48,1154,Grocery,South,0,0,Cloudy,29.2,115.28,252.97,7.19,163,566.75,510.52,50,123,5
2023-06-12,6,1007,Toys,North,1,1,Sunny,30.1,86.96,261.32,9.32,267,1880.47,1741.02,31,263,104
2023-06-13,28,1091,Clothing,East,1,1,Sunny,23.1,97.75,237.1,5.03,348,654.47,710.33,18,259,106
2023-06-14,7,1047,Furniture,West,1,0,Rainy,36.7,89.88,206.06,9.95,782,1746.43,1783.88,11,256,42
2023-06-15,5,1089,Electronics,North,0,1,Sunny,29.1,102.78,232.4,7.25,895,1494.67,1635.9,41,473,158
2023-06-16,22,1130,Grocery,East,1,1,Sunny,16.5,115.38,247.8,10.48,637,1736.49,1863.1,14,250,121
2023-06-17,8,1038,Furniture,East,0,1,Rainy,23.9,116.8,293.87,10.22,106,1590.05,1459.53,43,115,25
2023-06-18,12,1009,Beauty,West,1,0,Sunny,10.1,91.04,210.17,6.54,917,470.4,448.48,16,127,28
2023-06-19,37,1108,Toys,North,1,0,Sunny,30.7,119.22,264.91,8.68,494,1277.04,1191.52,28,223,21
2023-06-20,46,1129,Grocery,East,0,1,Cloudy,11.4,105.09,288.3,11.28,963,1113.47,1151.03,6,48,11
2023-06-21,35,1193,Clothing,South,0,0,Sunny,27.6,115.98,259.87,4.91,163,717.11,750.22,27,350,40
2023-06-22,31,1115,Clothing,East,1,1,Cloudy,22.4,99.18,246.33,5.78,493,1325.73,1257.14,17,431,182
2023-06-23,12,1183,Clothing,West,1,1,Cloudy,18.6,112.89,187.81,5.67,440,1482.95,1433.39,29,180,75
2023-06-24,32,1053,Clothing,North,1,0,Cloudy,35.3,99.99,248.27,6.48,740,1643.17,1597.47,37,229,29
2023-06-25,3,1164,Beauty,South,0,1,Cloudy,19.4,87.29,281.16,9.63,548,549.76,510.14,0,308,132
2023-06-26,11,1048,Grocery,East,0,1,Rainy,20.6,116.71,256.07,10.55,222,933.66,864.66,31,223,73
2023-06-27,19,1037,Furniture,East,0,0,Sunny,28.6,98.87,245.41,4.99,518,352.75,359.12,9,82,13
2023-06-28,2,1159,Beauty,South,1,0,Rainy,36.8,106.85,252.73,4.5,673,770.1,706.48,43,361,67
2023-06-29,26,1035,Toys,East,0,1,Rainy,30.3,106.7,277.2,4.78,75,1846.24,1834.36,13,357,135
2023-06-30,43,1076,Beauty,West,1,1,Cloudy,28.7,82.01,297.24,7.55,338,641.72,632.86,25,213,76
2023-07-01,15,1111,Sports,North,1,0,Cloudy,22.3,86.35,261.87,6.2,766,81.98,79.14,37,112,1
2023-07-02,22,1163,Furniture,South,1,0,Rainy,21.4,110.03,197.56,10.26,816,328.37,324.95,10,269,51
2023-07-03,46,1106,Toys,South,1,0,Cloudy,30.5,98.7,203.09,9.05,266,543.96,516.91,27,233,62
2023-07-04,26,1027,Electronics,East,0,1,Cloudy,31.9,95.45,245.62,11.82,910,1050.74,981.14,35,217,77
2023-07-05,45,1134,Furniture,South,1,1,Cloudy,36.8,90.19,182.28,5.21,977,1602.81,1650.9,39,204,63
2023-07-06,6,1134,Furniture,East,1,0,Sunny,30.0,90.92,282.01,11.78,253,1406.04,1331.61,6,298,57
2023-07-07,26,1149,Sports,South,1,1,Rainy,27.6,112.18,257.45,10.11,228,1013.22,1011.97,50,146,53
2023-07-08,41,1157,Toys,North,0,0,Sunny,37.9,81.11,226.27,3.86,802,765.77,693.95,40,98,2
2023-07-09,10,1056,Electronics,South,0,1,Cloudy,32.8,88.67,187.99,9.91,627,1128.96,1034.03,31,43,12
2023-07-10,12,1063,Electronics,West,1,0,Sunny,35.0,87.32,221.72,3.16,888,1899.73,1746.87,49,253,27
2023-07-11,37,1179,Sports,North,0,0,Cloudy,13.2,103.27,299.72,9.74,994,952.68,1022.95,13,440,62
2023-07-12,49,1045,Clothing,East,0,1,Sunny,33.5,100.41,273.37,4.02,955,191.82,183.56,31,175,56
2023-07-13,30,1161,Electronics,West,0,0,Rainy,14.2,118.69,288.73,10.59,74,140.84,133.44,46,388,46
2023-07-14,34,1003,Beauty,South,1,0,Sunny,35.1,86.71,225.65,9.13,45,780.58,796.24,45,129,19
2023-07-15,35,1060,Grocery,East,0,1,Rainy,14.8,85.9,284.27,10.96,110,479.47,440.99,29,308,128
2023-07-16,23,1186,Clothing,South,0,0,Rainy,24.8,81.06,269.92,3.75,476,1035.8,955.62,27,492,47
2023-07-17,35,1106,Sports,South,0,0,Rainy,12.9,87.55,227.64,5.31,193,893.0,845.47,1,107,19
2023-07-18,11,1011,Toys,East,0,1,Cloudy,34.2,117.71,205.05,10.71,309,1893.58,1708.74,50,121,44
2023-07-19,50,1020,Electronics,East,0,1,Rainy,33.9,80.11,211.13,5.88,580,617.87,670.89,28,51,17
2023-07-20,15,1128,Toys,East,1,1,Cloudy,24.8,109.35,247.1,9.53,44,1318.3,1290.01,42,170,68
2023-07-21,33,1060,Clothing,East,0,0,Rainy,37.1,97.67,234.55,8.35,473,522.63,546.16,35,115,0
2023-07-22,37,1007,Electronics,South,0,0,Rainy,13.2,110.06,187.59,4.74,48,883.0,829.22,24,293,57
2023-07-23,39,1011,Clothing,North,0,1,Sunny,22.0,82.57,260.93,8.74,871,582.67,635.22,4,388,158
2023-07-24,6,1118,Electronics,West,1,1,Rainy,27.0,116.49,246.74,11.57,665,1331.86,1242.23,50,426,176
2023-07-25,48,1170,Toys,North,1,1,Cloudy,30.5,117.6,245.09,8.92,143,1176.22,1273.59,6,405,183
2023-07-26,18,1086,Sports,West,1,1,Rainy,23.2,116.08,250.14,6.04,294,1150.76,1205.49,6,267,123
2023-07-27,7,1116,Furniture,East,1,0,Rainy,36.1,98.67,275.82,4.16,176,1347.69,1362.55,16,380,72
2023-07-28,23,1059,Clothing,West,0,1,Rainy,29.7,92.9,202.75,4.34,652,1838.94,1889.0,41,373,140
2023-07-29,37,1143,Furniture,South,1,1,Sunny,39.4,118.29,254.33,10.89,214,469.17,490.26,44,261,111
2023-07-30,44,1161,Electronics,South,1,0,Cloudy,17.3,100.12,259.92,4.76,640,1609.82,1548.11,24,166,18
2023-07-31,44,1117,Grocery,South,1,1,Cloudy,20.4,108.4,252.34,7.98,586,861.8,853.87,10,423,185
2023-08-01,10,1122,Grocery,East,0,0,Rainy,36.8,117.56,255.69,3.51,126,851.47,799.43,17,419,65
2023-08-02,9,1024,Clothing,West,0,1,Cloudy,39.5,87.08,284.84,4.91,195,1609.44,1618.51,26,113,40
2023-08-03,14,1050,Clothing,West,0,1,Rainy,18.0,94.52,265.99,9.66,925,1322.19,1271.02,17,466,179
2023-08-04,5,1027,Furniture,East,1,1,Rainy,39.7,93.3,256.99,4.5,852,208.05,210.31,45,173,69
2023-08-05,12,1161,Beauty,East,1,0,Cloudy,13.3,94.68,199.37,4.0,951,845.35,888.03,41,332,57
2023-08-06,25,1074,Grocery,West,0,1,Rainy,31.9,92.93,258.22,8.6,560,1770.2,1725.82,41,311,118
2023-08-07,8,1093,Grocery,North,0,1,Rainy,34.3,90.44,297.79,8.86,836,1081.61,1158.76,30,472,159
2023-08-08,16,1013,Clothing,West,0,1,Rainy,32.2,119.91,183.09,7.53,163,539.44,591.19,15,400,146
2023-08-09,31,1137,Sports,West,0,1,Sunny,32.3,119.51,256.28,11.29,667,860.74,847.96,47,400,141
2023-08-10,2,1097,Beauty,West,0,1,Rainy,28.2,115.24,197.64,10.72,85,1061.8,1059.91,44,341,120
2023-08-11,3,1099,Clothing,North,1,0,Rainy,23.1,94.0,181.08,3.97,188,670.92,622.45,12,61,8
2023-08-12,17,1195,Electronics,South,1,0,Cloudy,37.9,104.84,229.87,11.96,900,1047.3,990.08,8,77,13
2023-08-13,12,1016,Toys,West,0,1,Cloudy,31.1,101.92,196.92,3.33,493,1256.03,1322.06,39,329,126
2023-08-14,29,1130,Clothing,South,0,0,Cloudy,12.0,83.39,280.58,4.23,421,76.99,76.62,31,106,0
2023-08-15,16,1181,Beauty,West,0,1,Cloudy,21.0,100.75,291.19,5.9,633,1431.94,1460.47,29,185,56
2023-08-16,14,1193,Furniture,South,0,0,Rainy,19.4,99.11,236.31,10.39,676,1092.55,1165.06,24,247,16
2023-08-17,28,1005,Furniture,East,0,0,Rainy,27.6,104.21,267.57,7.82,344,58.66,56.09,14,311,49
2023-08-18,28,1190,Electronics,South,1,1,Cloudy,29.0,95.32,266.0,10.69,449,462.38,444.56,29,484,211
2023-08-19,26,1005,Furniture,East,0,0,Sunny,11.7,100.02,195.54,4.49,160,790.39,843.89,18,488,69
2023-08-20,9,1072,Clothing,East,0,1,Cloudy,29.0,92.87,224.82,6.03,840,589.02,558.88,49,252,87
2023-08-21,49,1187,Toys,East,0,1,Cloudy,36.8,116.85,291.18,9.96,350,944.56,892.33,16,306,124
2023-08-22,23,1187,Sports,South,1,0,Sunny,15.1,93.24,278.13,7.96,317,867.65,918.51,40,46,0
2023-08-23,6,1169,Furniture,East,0,0,Rainy,27.7,105.38,201.02,5.46,722,1533.53,1684.45,20,469,73
2023-08-24,26,1128,Clothing,North,0,0,Sunny,29.9,93.58,184.57,3.01,593,561.34,515.27,36,385,61
2023-08-25,6,1033,Clothing,South,1,1,Rainy,36.7,88.86,263.37,6.07,744,1986.72,2056.54,38,465,182
2023-08-26,22,1042,Toys,East,1,0,Rainy,13.9,97.38,200.11,5.44,543,740.63,669.89,50,145,15
2023-08-27,14,1068,Furniture,North,0,1,Cloudy,24.9,97.95,242.55,8.86,943,731.19,746.29,12,357,141
2023-08-28,19,1027,Sports,North,1,0,Rainy,11.4,89.81,298.25,9.64,713,501.24,501.7,23,169,38
2023-08-29,19,1023,Toys,East,0,1,Cloudy,34.1,97.2,259.8,9.09,665,1229.54,1155.57,14,261,110
2023-08-30,47,1041,Sports,North,0,0,Rainy,24.6,119.06,291.82,7.49,488,1577.09,1562.87,26,195,14
2023-08-31,49,1117,Furniture,East,1,1,Rainy,19.9,115.43,204.96,11.1,536,266.11,257.11,44,148,58
2023-09-01,47,1029,Electronics,North,0,1,Cloudy,16.1,92.61,204.65,10.4,570,1255.62,1318.68,12,373,162
2023-09-02,16,1049,Sports,North,0,1,Cloudy,32.4,82.79,296.86,7.68,364,1506.09,1364.06,1,93,35
2023-09-03,9,1109,Electronics,West,1,1,Cloudy,13.2,105.29,194.8,10.42,333,1639.18,1631.81,10,74,31
2023-09-04,27,1074,Toys,South,1,0,Rainy,30.9,113.41,249.47,5.24,198,1187.11,1081.14,36,187,36
2023-09-05,23,1043,Sports,North,0,0,Cloudy,33.9,118.31,240.87,4.86,493,1548.4,1443.36,34,112,0
2023-09-06,35,1068,Toys,North,1,1,Sunny,21.5,109.01,254.99,3.6,743,1415.76,1352.42,25,356,188
2023-09-07,28,1065,Beauty,East,0,0,Cloudy,10.2,90.31,296.22,4.53,913,354.61,381.28,47,289,29
2023-09-08,25,1127,Toys,East,1,1,Rainy,36.7,111.5,240.25,7.23,519,1218.28,1180.92,2,83,43
2023-09-09,29,1012,Sports,South,1,1,Sunny,32.8,118.12,288.44,9.69,949,1031.84,934.41,44,178,61
2023-09-10,43,1020,Furniture,West,0,1,Sunny,18.1,114.02,185.15,5.23,443,240.6,248.47,0,402,146
2023-09-11,44,1191,Electronics,West,1,1,Rainy,19.7,87.1,221.44,8.83,754,1030.53,1117.42,12,465,206
2023-09-12,9,1195,Toys,West,1,1,Sunny,38.8,107.2,230.75,10.96,553,1874.3,1713.2,22,400,158
2023-09-13,24,1107,Sports,West,0,1,Rainy,26.8,103.29,216.18,3.39,265,870.13,912.99,24,148,55
2023-09-14,27,1164,Electronics,East,1,1,Sunny,30.9,84.66,288.78,4.97,621,701.73,769.68,11,87,35
2023-09-15,5,1131,Grocery,East,1,1,Sunny,27.8,83.26,197.44,9.38,945,1156.64,1236.6,19,305,141
2023-09-16,49,1180,Furniture,West,1,1,Cloudy,32.6,100.3,252.78,6.68,222,216.29,213.04,14,49,11
2023-09-17,4,1067,Sports,South,1,0,Sunny,32.9,112.55,267.81,6.8,156,508.37,553.24,8,267,60
2023-09-18,19,1104,Toys,North,0,1,Rainy,16.1,84.32,252.71,8.14,534,1731.4,1642.65,43,353,140
2023-09-19,43,1089,Grocery,West,0,1,Sunny,15.2,80.48,202.63,6.75,231,1300.29,1262.01,29,211,76
2023-09-20,26,1159,Sports,East,0,1,Sunny,10.1,91.92,181.01,11.77,56,473.32,496.46,30,124,57
2023-09-21,20,1197,Toys,South,1,1,Cloudy,39.6,88.28,275.26,4.15,762,497.07,481.32,26,61,21
2023-09-22,8,1143,Toys,South,0,0,Cloudy,10.1,113.72,282.83,9.05,757,1186.25,1187.57,26,91,0
2023-09-23,13,1167,Sports,North,0,0,Cloudy,37.9,100.1,189.43,7.36,637,108.54,118.08,40,220,10
2023-09-24,28,1099,Furniture,South,1,1,Rainy,15.3,82.95,209.55,6.73,889,686.42,688.54,21,25,14
2023-09-25,32,1157,Electronics,South,1,0,Sunny,24.7,88.75,255.95,4.78,780,259.93,244.38,45,148,41
2023-09-26,48,1088,Grocery,West,1,1,Rainy,34.9,103.28,221.08,10.32,868,1578.16,1499.1,23,226,82
2023-09-27,30,1018,Grocery,West,1,0,Rainy,35.5,104.9,275.46,8.43,532,743.3,787.8,38,278,44
2023-09-28,16,1130,Toys,South,0,0,Rainy,13.6,103.48,233.01,6.72,608,224.04,219.56,5,229,39
2023-09-29,23,1036,Toys,South,0,1,Sunny,35.2,106.22,258.79,9.38,597,1349.5,1220.95,8,308,112
2023-09-30,20,1144,Beauty,East,1,0,Cloudy,35.6,112.58,268.84,5.88,511,1675.63,1838.75,25,59,3
2023-10-01,35,1138,Beauty,West,1,1,Sunny,33.3,118.26,289.88,9.36,616,1709.09,1776.58,38,197,69
2023-10-02,47,1103,Sports,West,0,0,Sunny,26.9,106.05,268.95,9.88,978,1525.75,1604.06,24,433,62
2023-10-03,50,1073,Electronics,South,1,0,Rainy,21.5,102.48,219.26,5.07,55,1425.67,1423.59,2,499,99
2023-10-04,29,1035,Electronics,South,0,0,Cloudy,31.4,102.02,245.9,11.49,181,72.24,78.21,39,238,14
2023-10-05,15,1114,Grocery,North,0,1,Sunny,18.9,90.01,206.85,11.06,390,870.03,783.19,40,71,23
2023-10-06,38,1162,Sports,North,1,1,Cloudy,35.7,99.62,214.44,10.76,218,1198.46,1195.85,2,182,80
2023-10-07,13,1154,Grocery,North,1,1,Cloudy,27.9,103.61,269.12,6.08,455,1793.82,1849.0,31,402,190
2023-10-08,16,1184,Sports,North,1,1,Cloudy,13.7,113.99,219.66,11.83,159,1936.84,2053.36,27,449,197
2023-10-09,18,1127,Beauty,North,0,1,Cloudy,11.6,80.57,190.87,5.64,145,1672.37,1708.63,29,413,152
2023-10-10,47,1004,Electronics,North,0,0,Sunny,23.5,100.76,292.58,5.32,471,1839.47,1916.39,40,178,13
2023-10-11,26,1193,Toys,South,0,1,Sunny,16.3,102.98,218.15,8.18,529,181.98,171.75,6,122,38
2023-10-12,1,1090,Clothing,South,1,0,Rainy,28.9,84.14,295.98,8.25,62,432.82,420.13,19,460,86
2023-10-13,11,1170,Toys,East,0,0,Rainy,26.9,104.86,268.6,8.31,766,1382.32,1454.29,8,146,6
2023-10-14,36,1139,Sports,West,1,1,Rainy,35.6,81.45,255.93,10.48,881,1469.43,1492.13,20,478,212
2023-10-15,13,1200,Beauty,East,0,0,Cloudy,28.4,118.95,246.01,7.8,313,615.88,640.48,12,30,0
2023-10-16,34,1026,Toys,South,1,0,Sunny,30.7,102.74,204.54,8.61,720,1646.94,1714.68,11,217,40
2023-10-17,11,1002,Furniture,North,1,1,Cloudy,12.4,93.03,206.7,10.42,127,201.47,200.26,26,48,6
2023-10-18,22,1113,Beauty,West,1,1,Rainy,12.1,85.46,264.52,10.86,700,1139.43,1163.76,48,37,4
2023-10-19,10,1136,Furniture,East,1,1,Sunny,20.7,104.97,288.98,5.14,876,75.23,73.99,24,244,100
2023-10-20,32,1136,Furniture,North,0,1,Cloudy,24.2,117.15,225.36,6.07,921,957.4,897.92,25,164,48
2023-10-21,17,1179,Clothing,North,1,1,Sunny,23.6,110.62,222.65,9.47,846,629.48,668.62,33,292,116
2023-10-22,10,1083,Grocery,West,0,0,Cloudy,21.0,84.17,291.06,10.37,342,1484.84,1477.81,15,423,61
2023-10-23,5,1082,Furniture,West,1,1,Rainy,39.8,105.96,187.23,6.72,906,1700.52,1711.42,38,298,142
2023-10-24,13,1130,Sports,South,0,0,Rainy,23.0,108.1,201.3,7.36,541,1908.49,1737.34,40,173,13
2023-10-25,25,1052,Sports,South,0,0,Sunny,19.0,118.86,223.15,5.51,348,931.54,901.54,20,462,41
2023-10-26,22,1185,Furniture,South,1,0,Cloudy,26.3,112.96,204.3,4.5,295,1990.97,2086.13,9,257,52
2023-10-27,34,1192,Sports,West,0,1,Cloudy,38.1,118.34,210.11,6.76,844,400.73,432.17,13,343,135
2023-10-28,31,1007,Grocery,East,1,1,Cloudy,32.7,110.08,263.41,6.72,118,1163.06,1248.62,7,427,185
2023-10-29,37,1072,Electronics,South,0,0,Cloudy,32.6,80.04,292.68,11.99,421,411.59,390.24,37,148,7
2023-10-30,47,1025,Toys,East,1,1,Rainy,18.3,113.73,253.55,5.86,939,1083.18,1174.7,15,63,23
2023-10-31,15,1089,Furniture,South,0,0,Sunny,25.2,97.24,202.89,9.01,911,1244.13,1196.44,28,316,39
2023-11-01,49,1140,Furniture,East,1,0,Rainy,34.8,100.15,265.66,8.89,114,429.66,453.67,50,207,36
2023-11-02,35,1105,Toys,East,1,1,Cloudy,16.3,97.53,186.06,9.12,863,1752.79,1766.2,13,30,13
2023-11-03,37,1044,Beauty,East,1,0,Cloudy,27.9,106.04,214.74,7.2,916,1345.54,1316.73,4,223,43
2023-11-04,36,1076,Furniture,North,0,1,Sunny,32.3,118.7,198.27,9.93,261,1892.13,1968.19,25,179,65
2023-11-05,39,1013,Toys,East,1,1,Cloudy,12.4,83.61,276.84,5.16,893,1321.4,1248.08,43,37,4
2023-11-06,46,1177,Electronics,West,1,0,Rainy,22.9,119.39,296.53,7.72,391,1682.32,1617.06,18,404,79
2023-11-07,1,1137,Sports,East,1,1,Sunny,14.9,103.0,189.11,10.54,669,53.57,51.56,27,60,34
2023-11-08,50,1107,Sports,North,0,0,Rainy,36.7,91.85,250.94,8.73,472,560.6,578.55,12,281,42
2023-11-09,41,1160,Electronics,West,0,1,Rainy,12.2,80.96,226.66,7.42,577,611.39,670.91,14,454,187
2023-11-10,28,1090,Electronics,South,1,0,Sunny,33.2,102.89,221.59,9.68,887,1679.14,1666.01,4,348,49
2023-11-11,1,1176,Furniture,South,1,0,Sunny,17.3,106.35,298.86,8.75,787,109.34,107.71,28,68,5
2023-11-12,15,1169,Grocery,North,1,0,Rainy,23.7,110.41,222.82,9.62,87,382.87,414.96,35,375,73
2023-11-13,11,1075,Beauty,South,0,0,Sunny,25.2,106.86,245.86,6.21,689,402.95,403.68,43,201,29
2023-11-14,26,1141,Electronics,North,0,1,Cloudy,22.9,93.37,185.46,5.95,78,980.59,927.24,45,89,36
2023-11-15,18,1192,Toys,North,0,1,Sunny,11.6,112.73,262.56,4.52,66,1496.64,1397.38,16,327,121
2023-11-16,16,1144,Grocery,East,1,0,Cloudy,35.2,99.27,227.16,5.31,630,1188.86,1133.23,46,307,51
2023-11-17,49,1092,Sports,North,0,0,Sunny,25.7,105.62,278.54,5.59,441,1327.95,1415.46,37,352,50
2023-11-18,2,1086,Electronics,East,1,0,Rainy,27.5,113.45,194.15,4.13,236,959.92,896.64,3,334,68
2023-11-19,4,1124,Clothing,East,1,1,Cloudy,30.7,102.72,263.02,7.24,516,1882.33,2015.64,0,35,18
2023-11-20,26,1136,Sports,East,1,1,Cloudy,38.0,110.17,237.46,10.03,633,787.8,768.43,0,246,118
2023-11-21,9,1057,Furniture,West,0,1,Rainy,17.9,85.92,247.0,7.89,217,900.9,917.88,32,347,140
2023-11-22,9,1137,Sports,East,0,1,Sunny,27.4,110.95,194.04,3.16,425,1235.02,1286.53,30,245,104
2023-11-23,24,1034,Sports,West,1,1,Cloudy,38.1,88.68,268.87,6.85,429,966.27,883.07,20,96,36
2023-11-24,5,1064,Clothing,South,1,1,Rainy,14.7,113.2,293.62,5.07,647,479.42,451.54,39,410,187
2023-11-25,23,1062,Toys,East,0,1,Sunny,25.7,101.49,221.49,4.63,845,1139.77,1132.47,15,168,62
2023-11-26,6,1066,Toys,West,1,1,Rainy,18.2,99.58,260.64,8.89,896,953.26,910.45,37,335,137
2023-11-27,3,1148,Furniture,West,0,1,Rainy,34.7,95.57,283.22,8.17,988,928.9,949.26,6,419,179
2023-11-28,50,1176,Clothing,North,1,1,Sunny,37.3,96.06,288.47,9.56,118,1848.9,1855.88,47,30,0
2023-11-29,19,1029,Sports,West,1,1,Cloudy,29.2,115.62,183.8,10.7,953,365.02,336.12,43,277,105
2023-11-30,43,1117,Beauty,North,1,0,Rainy,19.6,98.5,207.79,5.23,801,186.78,169.3,34,459,71
2023-12-01,22,1113,Toys,West,1,0,Sunny,21.6,112.37,263.31,7.94,88,1128.79,1048.32,49,320,52
2023-12-02,32,1195,Toys,East,0,1,Cloudy,38.7,103.3,254.94,6.64,673,1083.16,996.49,44,198,60
2023-12-03,44,1144,Beauty,East,1,0,Rainy,31.4,82.47,275.38,4.93,940,861.84,797.03,20,208,11
2023-12-04,2,1127,Beauty,North,1,1,Rainy,26.4,116.88,191.46,9.75,22,59.32,62.24,17,38,1
2023-12-05,29,1095,Furniture,North,0,0,Sunny,11.5,96.91,296.28,3.36,807,1984.11,1978.66,37,230,17
2023-12-06,47,1144,Toys,East,1,0,Rainy,37.7,109.71,211.03,8.3,517,1172.66,1229.15,9,478,92
2023-12-07,24,1030,Beauty,West,0,1,Rainy,28.9,115.08,299.01,7.01,982,764.14,825.48,29,448,144
2023-12-08,43,1187,Grocery,West,0,0,Cloudy,19.7,118.96,269.38,4.29,683,1442.2,1313.89,27,374,37
2023-12-09,32,1118,Electronics,East,0,1,Sunny,33.0,84.27,214.74,5.02,40,551.51,602.58,10,199,63
2023-12-10,3,1076,Electronics,South,0,1,Cloudy,21.9,99.77,222.25,7.32,20,903.75,992.43,28,314,129
2023-12-11,46,1189,Sports,West,0,1,Rainy,16.4,118.3,181.11,10.86,799,626.48,689.08,29,100,18
2023-12-12,2,1177,Clothing,South,0,1,Cloudy,22.2,95.91,291.95,4.51,925,904.89,840.43,22,179,59
2023-12-13,16,1019,Furniture,South,0,1,Cloudy,19.3,96.84,286.29,4.13,448,155.65,148.89,29,476,153
2023-12-14,3,1175,Grocery,West,0,1,Cloudy,37.2,92.81,275.46,6.16,699,1635.63,1600.59,4,141,53
2023-12-15,17,1008,Sports,West,0,0,Sunny,14.6,110.83,186.65,10.33,462,798.56,788.25,20,166,13
2023-12-16,48,1163,Grocery,East,0,0,Cloudy,35.9,119.11,213.3,6.01,738,375.0,409.97,47,242,14
2023-12-17,5,1120,Toys,North,1,0,Sunny,39.3,100.77,294.43,7.08,211,275.7,268.98,28,458,61
2023-12-18,42,1144,Furniture,East,1,1,Rainy,14.0,84.41,194.3,6.96,772,728.17,708.57,31,24,0
2023-12-19,24,1041,Toys,East,0,1,Cloudy,24.8,111.91,214.72,4.14,215,720.16,745.17,37,448,177
2023-12-20,38,1112,Sports,South,1,1,Cloudy,14.5,95.97,217.64,3.22,412,1313.91,1270.48,22,52,4
2023-12-21,24,1023,Furniture,West,1,0,Cloudy,16.0,115.1,210.06,6.01,88,1678.47,1568.58,12,156,28
2023-12-22,22,1136,Sports,North,0,1,Rainy,30.6,84.48,292.55,6.75,111,823.59,853.77,4,183,64
2023-12-23,10,1180,Beauty,West,1,0,Sunny,34.4,85.1,261.02,5.36,919,1558.87,1415.18,43,281,68
2023-12-24,7,1070,Toys,North,0,1,Sunny,28.5,101.41,185.23,10.56,635,1765.46,1821.35,15,249,112
2023-12-25,50,1078,Toys,North,0,1,Cloudy,13.3,110.16,252.18,3.07,34,1066.33,963.56,32,297,113
2023-12-26,1,1085,Beauty,North,0,1,Sunny,15.8,91.3,280.72,6.06,54,1128.09,1182.48,44,389,129
2023-12-27,4,1087,Furniture,South,1,1,Cloudy,27.7,105.39,295.37,10.0,90,239.57,249.23,36,175,49
2023-12-28,41,1020,Grocery,East,1,1,Rainy,33.3,85.77,193.77,9.35,761,1468.1,1487.47,12,223,107
2023-12-29,50,1041,Electronics,West,1,1,Cloudy,37.0,108.98,251.86,10.63,418,58.77,59.7,0,145,67
2023-12-30,17,1191,Furniture,East,1,1,Rainy,31.5,114.87,271.08,6.52,522,1708.71,1851.91,40,69,34
2023-12-31,14,1006,Clothing,East,0,1,Sunny,37.8,102.79,270.46,5.62,122,825.97,801.47,33,217,86
2024-01-01,37,1083,Grocery,South,0,0,Sunny,24.2,85.91,212.55,9.55,585,1839.05,1796.95,6,489,84
2024-01-02,12,1106,Electronics,South,1,1,Rainy,17.5,101.76,194.23,9.71,724,679.68,680.22,36,145,44
2024-01-03,34,1057,Clothing,East,1,0,Cloudy,29.2,100.6,222.34,7.91,542,293.72,274.45,27,333,82
2024-01-04,25,1096,Furniture,South,0,1,Cloudy,37.5,96.59,197.05,7.13,724,368.3,349.15,34,140,51
2024-01-05,22,1060,Clothing,North,0,1,Rainy,29.0,98.81,247.32,9.74,993,113.8,123.02,50,495,186
2024-01-06,9,1132,Electronics,North,1,1,Sunny,30.3,81.07,195.59,5.67,908,1832.64,1698.31,24,358,154
2024-01-07,30,1058,Beauty,East,0,1,Sunny,39.8,113.56,213.82,5.22,94,109.77,103.56,15,396,145
2024-01-08,45,1032,Beauty,West,1,1,Cloudy,29.1,115.54,230.64,7.38,782,551.16,549.18,40,89,28
2024-01-09,7,1021,Sports,North,1,0,Cloudy,16.9,90.01,269.0,10.62,197,818.85,866.73,41,299,31
2024-01-10,29,1121,Sports,West,1,0,Sunny,36.0,109.88,213.9,4.2,236,1203.37,1309.55,8,88,14
2024-01-11,49,1127,Furniture,West,0,1,Rainy,17.6,97.84,220.69,4.48,129,1333.82,1339.47,22,115,48
2024-01-12,6,1026,Clothing,East,1,0,Sunny,31.3,87.58,207.64,10.44,748,1543.43,1540.09,32,467,78
2024-01-13,2,1195,Sports,East,1,1,Cloudy,28.8,115.38,272.62,5.22,699,1030.79,1050.18,28,405,191
2024-01-14,31,1015,Furniture,South,0,1,Sunny,13.9,105.56,198.03,11.76,344,655.45,600.55,26,384,138
2024-01-15,38,1075,Furniture,West,1,0,Cloudy,39.8,102.78,274.49,4.94,444,1505.27,1378.35,14,465,76
2024-01-16,37,1084,Toys,East,1,0,Cloudy,39.2,84.59,247.23,9.73,197,497.83,511.03,40,46,4
2024-01-17,14,1127,Furniture,West,0,1,Cloudy,15.9,116.61,250.01,10.95,381,619.52,676.51,39,469,180
2024-01-18,32,1174,Furniture,North,1,0,Sunny,10.6,102.01,257.38,3.21,50,239.96,228.23,32,438,69
2024-01-19,4,1102,Grocery,East,0,1,Rainy,19.7,93.61,210.4,8.24,792,1534.25,1554.21,25,247,96
2024-01-20,7,1162,Sports,North,0,0,Cloudy,18.0,117.6,241.78,7.35,207,582.15,600.66,30,459,53
2024-01-21,47,1178,Toys,West,1,1,Cloudy,29.8,104.77,277.93,4.79,65,1902.21,1843.37,29,83,15
2024-01-22,38,1119,Grocery,East,0,0,Cloudy,16.5,116.4,204.68,11.49,355,502.43,495.6,23,365,36
2024-01-23,29,1055,Clothing,South,1,1,Cloudy,35.6,92.91,204.82,3.63,326,1432.28,1458.14,38,67,22
2024-01-24,17,1001,Furniture,West,0,0,Cloudy,10.9,111.54,190.24,8.94,610,1212.84,1208.32,16,221,16
2024-01-25,27,1155,Beauty,West,1,1,Sunny,33.8,115.92,270.0,7.14,788,1874.68,1795.88,14,208,99
2024-01-26,25,1109,Toys,South,0,0,Sunny,20.4,87.89,291.63,10.63,606,774.84,719.73,23,186,5
2024-01-27,25,1126,Grocery,East,0,1,Cloudy,32.8,109.84,259.34,4.58,725,486.79,496.08,29,450,168
2024-01-28,25,1069,Sports,West,0,0,Cloudy,21.4,90.41,263.72,10.1,229,1329.71,1374.97,15,74,7
2024-01-29,29,1086,Furniture,East,1,0,Cloudy,36.0,81.53,218.2,8.67,876,706.94,761.89,25,131,8
2024-01-30,2,1016,Sports,West,0,1,Sunny,31.3,84.72,298.87,6.23,99,808.24,736.55,32,256,110
2024-01-31,46,1166,Electronics,East,0,0,Sunny,32.2,94.56,283.63,9.78,914,1867.77,1953.49,47,343,18
2024-02-01,43,1162,Grocery,West,1,0,Rainy,37.7,115.47,271.85,8.36,614,1511.13,1478.66,29,260,40
2024-02-02,20,1133,Toys,North,1,0,Sunny,30.8,116.8,226.1,9.89,972,237.39,227.54,35,113,3
2024-02-03,31,1003,Electronics,South,0,0,Cloudy,34.8,88.49,195.44,7.58,219,968.38,922.25,1,100,24
2024-02-04,35,1138,Clothing,North,1,1,Rainy,12.5,85.42,252.9,3.61,292,386.92,396.62,23,52,20
2024-02-05,47,1152,Clothing,West,0,1,Rainy,30.0,116.29,220.32,8.4,178,479.22,466.63,8,373,134
2024-02-06,43,1007,Beauty,West,0,0,Cloudy,14.5,85.91,273.39,9.42,642,1860.35,1971.0,22,93,3
2024-02-07,35,1113,Toys,West,0,1,Cloudy,36.8,94.03,288.65,8.84,327,994.63,926.33,33,360,128
2024-02-08,18,1106,Clothing,East,1,0,Rainy,30.5,115.87,209.45,9.82,965,1931.56,2124.22,22,391,86
2024-02-09,44,1013,Toys,North,1,1,Rainy,32.2,112.75,293.04,9.75,785,1371.42,1383.2,41,26,0
2024-02-10,1,1144,Sports,West,1,1,Rainy,17.6,97.41,250.59,7.02,850,1555.3,1570.25,27,212,88
2024-02-11,13,1099,Beauty,East,1,1,Sunny,38.1,89.36,278.07,6.98,781,1169.45,1280.33,12,265,98
2024-02-12,10,1178,Furniture,South,0,0,Rainy,10.0,88.74,214.82,7.94,674,1022.54,979.25,20,45,0
2024-02-13,21,1043,Electronics,East,0,1,Cloudy,10.1,98.93,270.19,3.24,509,1735.38,1784.52,27,103,26
2024-02-14,38,1125,Furniture,South,1,1,Sunny,27.2,110.04,292.3,8.23,641,1135.47,1121.64,19,268,110
2024-02-15,47,1060,Furniture,West,1,0,Cloudy,23.2,101.15,222.01,7.05,326,1036.63,1056.45,43,197,43
2024-02-16,29,1030,Grocery,North,1,1,Rainy,38.7,108.91,291.92,3.58,465,524.16,530.92,11,193,71
2024-02-17,31,1065,Furniture,West,1,1,Sunny,23.2,86.31,196.99,7.57,547,937.45,912.92,4,422,197
2024-02-18,36,1194,Toys,West,1,1,Rainy,27.8,106.75,281.8,4.99,768,415.43,423.29,40,418,165
2024-02-19,2,1016,Clothing,North,1,1,Rainy,32.2,97.53,225.57,7.95,311,113.21,118.4,4,312,140
2024-02-20,12,1075,Furniture,South,1,0,Sunny,15.7,89.37,292.53,11.19,813,1959.06,1922.39,15,123,28
2024-02-21,24,1050,Sports,East,1,1,Cloudy,30.1,80.81,227.51,10.29,535,412.51,429.33,38,226,100
2024-02-22,36,1126,Beauty,East,1,0,Cloudy,33.6,119.37,235.81,11.46,273,142.43,154.74,29,132,11
2024-02-23,38,1165,Beauty,South,1,1,Rainy,10.8,99.98,248.33,7.49,849,685.51,662.88,0,424,193
2024-02-24,42,1075,Clothing,East,0,1,Cloudy,14.2,95.99,293.42,11.05,766,1979.7,2087.95,1,371,145
2024-02-25,6,1005,Furniture,South,0,0,Rainy,20.7,97.95,199.0,5.61,263,80.61,82.56,42,60,0
2024-02-26,8,1018,Furniture,West,1,0,Cloudy,26.5,110.83,267.01,10.1,188,592.02,608.3,35,66,0
2024-02-27,46,1152,Beauty,West,0,1,Sunny,24.8,108.47,271.78,9.22,845,54.33,51.02,25,193,61
2024-02-28,28,1134,Grocery,East,0,1,Cloudy,30.9,80.96,189.85,4.71,66,847.05,832.72,11,53,10
2024-02-29,50,1033,Toys,North,1,1,Cloudy,17.3,98.0,183.37,11.38,515,1736.85,1744.04,21,134,34
2024-03-01,36,1198,Grocery,North,1,0,Rainy,12.5,98.93,237.53,3.02,927,880.9,826.67,2,444,94
2024-03-02,34,1096,Toys,South,0,1,Cloudy,17.8,116.85,204.5,10.74,817,1870.15,1876.09,7,236,86
2024-03-03,26,1109,Clothing,West,0,1,Rainy,24.4,119.83,221.99,6.2,823,524.85,568.31,50,187,62
2024-03-04,19,1026,Beauty,North,1,1,Rainy,37.0,85.23,297.27,5.64,203,690.01,734.87,47,292,107
2024-03-05,36,1017,Electronics,East,1,1,Sunny,16.3,99.38,215.04,6.24,503,1277.1,1161.26,1,98,30
2024-03-06,19,1030,Electronics,East,0,1,Sunny,33.7,109.41,292.36,5.73,270,278.04,271.31,33,363,147
2024-03-07,8,1023,Clothing,East,1,1,Sunny,16.9,91.38,264.56,6.96,690,744.77,676.56,19,191,91
2024-03-08,36,1078,Electronics,South,0,1,Sunny,22.2,115.67,254.76,3.33,686,799.63,816.74,19,339,130
2024-03-09,23,1190,Sports,North,0,1,Sunny,26.9,96.14,238.47,10.84,331,757.5,798.59,47,69,24
2024-03-10,32,1010,Toys,South,0,1,Sunny,33.5,110.91,284.54,9.01,286,580.69,596.49,50,333,107
2024-03-11,26,1180,Grocery,North,0,0,Rainy,20.7,103.67,293.77,7.94,299,1417.88,1523.65,46,301,19
2024-03-12,49,1140,Beauty,West,1,0,Rainy,13.1,80.41,249.04,3.99,468,149.31,151.69,28,127,33
2024-03-13,38,1129,Electronics,West,1,0,Sunny,36.8,89.19,255.2,5.65,637,261.73,245.01,6,206,47
2024-03-14,4,1026,Furniture,East,1,1,Rainy,21.6,86.14,232.7,4.01,906,730.9,719.45,8,245,98
2024-03-15,26,1045,Beauty,South,1,1,Cloudy,29.2,117.67,238.59,6.27,588,166.86,169.0,32,335,147
2024-03-16,29,1031,Furniture,South,0,0,Rainy,33.2,83.76,230.92,11.04,196,796.18,866.84,5,155,30
2024-03-17,29,1023,Furniture,East,0,1,Rainy,33.0,94.8,231.62,5.56,373,1380.26,1380.32,40,93,10
2024-03-18,39,1107,Sports,East,1,1,Sunny,29.8,113.57,275.78,4.03,244,1867.45,1986.15,35,42,8
2024-03-19,28,1035,Electronics,South,0,1,Sunny,27.8,117.24,268.31,5.81,197,1642.67,1698.56,0,380,163
2024-03-20,32,1073,Sports,North,1,1,Rainy,35.3,115.74,180.41,4.53,730,291.75,283.13,18,99,34
2024-03-21,6,1143,Grocery,South,1,0,Sunny,16.2,90.23,194.75,9.19,372,191.17,172.39,42,200,35
2024-03-22,18,1034,Beauty,East,0,1,Rainy,10.2,96.08,244.94,8.75,542,1814.24,1867.66,33,492,187
2024-03-23,11,1121,Electronics,South,1,0,Sunny,19.2,107.69,202.12,8.56,520,1082.52,997.07,50,147,15
2024-03-24,10,1105,Furniture,South,1,0,Sunny,14.6,96.38,233.86,11.24,459,905.98,894.1,39,191,41
2024-03-25,8,1149,Sports,East,1,1,Cloudy,31.2,110.1,250.03,4.36,608,614.58,627.74,12,423,177
2024-03-26,5,1052,Furniture,West,1,1,Sunny,39.6,113.17,270.03,6.63,536,558.24,593.41,0,485,215
2024-03-27,42,1109,Furniture,South,0,0,Sunny,12.3,84.94,265.58,9.99,915,259.24,256.66,0,194,22
2024-03-28,16,1078,Electronics,South,0,0,Sunny,13.1,92.76,296.74,11.47,765,236.88,213.94,25,226,22
2024-03-29,11,1064,Furniture,South,0,0,Cloudy,16.7,101.14,263.17,11.23,679,1753.04,1912.58,4,76,28
2024-03-30,23,1071,Beauty,South,1,0,Rainy,24.5,90.4,190.39,5.86,842,214.7,222.16,49,238,43
2024-03-31,12,1061,Sports,West,1,0,Rainy,21.9,118.02,229.25,11.9,198,1628.99,1567.39,31,302,51
2024-04-01,41,1155,Grocery,South,1,0,Cloudy,33.5,119.73,197.57,11.62,456,1925.25,1770.96,50,417,68
2024-04-02,27,1033,Electronics,North,1,0,Sunny,19.7,99.2,253.63,8.24,965,1320.64,1292.82,45,334,56
2024-04-03,34,1017,Electronics,West,1,0,Rainy,25.9,96.74,224.9,11.83,239,866.56,796.01,25,305,67
2024-04-04,11,1030,Clothing,North,1,0,Rainy,39.6,82.16,262.31,7.08,965,597.12,561.02,1,119,17
2024-04-05,40,1003,Toys,South,0,0,Rainy,35.4,109.56,226.94,6.58,60,990.63,1016.88,41,499,60
2024-04-06,21,1168,Furniture,South,0,0,Sunny,23.9,101.32,286.77,11.45,176,1212.31,1291.4,11,89,18
2024-04-07,37,1117,Sports,South,1,1,Sunny,13.4,103.71,282.42,5.24,720,1903.91,2053.53,31,414,183
2024-04-08,42,1022,Toys,West,1,1,Cloudy,18.0,101.84,186.89,10.33,871,1668.83,1559.92,17,405,171
2024-04-09,28,1056,Furniture,West,0,1,Rainy,20.8,105.54,223.86,3.15,871,1840.32,1856.57,34,272,97
2024-04-10,48,1128,Sports,West,0,0,Cloudy,15.6,97.75,197.38,8.67,99,1597.52,1682.47,37,381,47
2024-04-11,33,1001,Clothing,South,0,0,Sunny,34.2,94.99,230.47,6.78,38,275.29,252.35,25,35,9
2024-04-12,13,1054,Clothing,South,0,1,Sunny,39.6,112.38,225.99,9.18,232,200.66,196.15,17,86,36
2024-04-13,49,1099,Furniture,South,0,0,Rainy,12.8,82.1,245.97,4.41,127,65.21,64.89,44,249,37
2024-04-14,19,1082,Furniture,East,0,1,Sunny,28.1,105.47,223.44,7.99,632,1797.18,1621.64,48,436,172
2024-04-15,22,1106,Beauty,West,0,1,Sunny,34.1,119.91,223.78,6.32,503,1609.56,1525.42,11,155,69
2024-04-16,2,1039,Sports,South,1,1,Sunny,11.6,96.57,269.1,3.2,321,1183.18,1293.66,23,472,214
2024-04-17,29,1113,Furniture,East,0,1,Cloudy,11.3,98.83,239.81,4.72,151,1441.04,1545.87,39,496,172
2024-04-18,45,1174,Beauty,East,0,1,Sunny,19.5,98.58,289.52,8.62,951,1695.72,1703.9,45,79,5
2024-04-19,26,1187,Toys,South,0,1,Sunny,19.5,118.28,191.23,5.32,760,563.03,524.43,44,432,127
2024-04-20,20,1107,Furniture,South,0,0,Rainy,12.2,109.64,287.48,10.96,290,230.2,248.22,0,369,55
2024-04-21,27,1103,Toys,East,1,1,Cloudy,11.6,94.08,268.83,3.04,280,64.51,59.64,50,66,23
2024-04-22,6,1119,Electronics,West,0,0,Cloudy,36.3,84.53,260.65,7.07,565,482.23,442.73,33,343,37
2024-04-23,42,1023,Furniture,South,0,0,Rainy,24.1,95.23,294.6,6.8,32,109.77,111.3,42,416,63
2024-04-24,21,1075,Beauty,South,1,0,Cloudy,36.8,97.51,278.39,4.34,317,196.49,193.39,17,125,1
2024-04-25,18,1196,Sports,South,1,0,Sunny,17.6,119.94,218.05,5.62,425,1888.13,1753.88,48,290,47
2024-04-26,4,1165,Furniture,East,0,0,Sunny,22.7,100.45,228.04,5.02,846,1901.09,1938.2,22,70,9
2024-04-27,41,1180,Clothing,South,0,1,Cloudy,22.7,92.74,187.76,9.78,313,878.14,847.36,48,493,185
2024-04-28,49,1070,Toys,East,0,1,Sunny,33.4,105.82,214.56,3.87,922,465.73,510.48,41,73,40
2024-04-29,15,1165,Sports,East,1,0,Cloudy,13.2,107.34,293.58,7.89,888,1383.69,1422.15,34,239,24
2024-04-30,21,1116,Sports,West,0,0,Cloudy,34.0,101.08,298.07,5.47,732,1363.68,1400.23,17,347,39
2024-05-01,19,1126,Clothing,West,0,0,Rainy,31.1,94.84,258.53,8.88,643,964.16,951.05,38,264,42
2024-05-02,33,1198,Clothing,South,1,0,Sunny,30.0,113.67,238.04,10.76,69,545.52,491.42,36,129,18
2024-05-03,31,1005,Electronics,North,1,1,Cloudy,27.2,97.91,257.31,9.64,387,379.85,343.48,46,423,171
2024-05-04,39,1090,Furniture,South,0,1,Rainy,31.9,95.62,240.64,6.57,230,1494.97,1526.77,40,476,170
2024-05-05,12,1074,Electronics,West,0,0,Cloudy,20.4,90.78,277.5,9.49,964,1802.37,1921.04,50,215,22
2024-05-06,42,1157,Electronics,North,1,0,Sunny,32.9,86.0,260.13,4.06,979,1186.01,1210.36,35,96,19
2024-05-07,50,1042,Grocery,South,0,0,Rainy,21.7,99.93,221.55,10.42,745,1674.8,1681.2,22,407,58
2024-05-08,12,1177,Furniture,North,1,0,Sunny,18.4,86.98,258.33,7.45,167,443.02,456.36,14,378,68
2024-05-09,32,1066,Grocery,North,1,0,Sunny,28.3,87.41,232.71,5.15,512,558.76,544.19,32,253,55
2024-05-10,19,1037,Clothing,North,1,0,Cloudy,38.8,111.74,207.15,10.83,676,1623.13,1461.53,49,314,54
2024-05-11,24,1092,Sports,West,1,0,Rainy,18.9,111.35,238.63,7.14,376,934.97,883.08,46,340,74
2024-05-12,5,1033,Toys,South,0,0,Rainy,13.1,106.39,256.4,5.15,232,148.91,134.89,21,116,26
2024-05-13,24,1196,Sports,North,0,1,Rainy,39.2,91.16,243.03,9.99,315,1437.36,1545.7,10,128,58
2024-05-14,12,1059,Beauty,South,0,1,Sunny,25.7,92.87,264.46,10.25,80,1885.2,1982.06,46,314,124
2024-05-15,20,1054,Toys,North,0,1,Sunny,39.5,119.0,247.42,6.96,551,449.95,460.57,7,135,56
2024-05-16,48,1142,Grocery,South,1,0,Cloudy,10.2,119.82,251.53,7.02,401,258.08,244.24,28,451,80
2024-05-17,35,1078,Clothing,South,0,0,Rainy,29.1,119.38,232.52,9.66,256,1110.27,1020.5,50,126,0
2024-05-18,37,1069,Furniture,South,1,1,Rainy,19.3,97.58,238.59,11.85,35,675.7,639.57,22,184,81
2024-05-19,42,1130,Toys,South,0,1,Cloudy,31.7,106.69,273.49,3.25,588,1631.7,1652.8,47,138,32
2024-05-20,9,1187,Toys,East,1,1,Cloudy,39.3,110.55,295.38,7.64,773,740.51,735.25,23,238,99
2024-05-21,50,1076,Electronics,East,0,0,Cloudy,11.0,110.87,225.76,6.74,933,1012.17,1041.45,42,377,30
2024-05-22,15,1024,Electronics,North,1,0,Sunny,39.7,103.61,220.44,4.98,629,527.56,496.49,7,450,97
2024-05-23,13,1066,Sports,North,0,1,Rainy,28.7,118.9,181.01,11.53,517,1165.86,1201.33,1,232,102
2024-05-24,9,1014,Electronics,East,1,0,Sunny,24.3,112.26,226.94,10.45,479,1948.86,1870.35,19,240,49
2024-05-25,36,1070,Furniture,South,0,1,Rainy,11.8,96.98,219.42,4.21,696,1231.51,1190.94,14,216,90
2024-05-26,40,1163,Electronics,South,0,1,Sunny,37.2,109.92,184.1,6.11,581,1634.77,1788.34,1,453,158
2024-05-27,15,1081,Sports,East,0,0,Cloudy,28.1,112.09,296.07,6.73,900,1611.43,1751.33,16,162,15
2024-05-28,46,1115,Sports,North,1,1,Rainy,39.9,81.34,217.75,3.5,1000,1289.89,1394.16,23,492,222
2024-05-29,45,1171,Clothing,West,1,1,Sunny,26.9,86.97,194.05,6.54,530,1607.84,1640.45,38,367,154
2024-05-30,2,1019,Grocery,East,0,1,Sunny,20.5,105.17,186.26,8.67,39,1163.28,1243.06,50,422,176
2024-05-31,18,1111,Clothing,East,1,0,Sunny,10.4,115.58,184.49,5.64,442,547.0,531.55,39,256,26
2024-06-01,19,1188,Toys,West,1,0,Rainy,22.2,91.28,287.42,8.23,165,1726.37,1690.57,8,181,45
2024-06-02,29,1109,Electronics,North,0,0,Cloudy,24.1,93.26,189.49,11.89,134,382.74,412.78,50,436,45
2024-06-03,43,1096,Electronics,North,1,1,Cloudy,10.7,89.61,220.58,3.19,908,1684.45,1802.47,49,274,112
2024-06-04,17,1019,Sports,West,1,1,Rainy,35.7,118.83,259.36,10.9,858,1552.13,1649.82,40,40,0
2024-06-05,50,1041,Sports,South,0,1,Rainy,24.2,86.49,216.87,6.38,443,1044.3,1132.15,17,214,60
2024-06-06,38,1108,Clothing,East,0,1,Cloudy,19.2,117.66,245.07,4.67,936,1556.66,1670.86,50,143,51
2024-06-07,18,1191,Sports,East,1,0,Cloudy,23.7,108.68,297.5,3.83,899,569.0,607.06,33,485,76
2024-06-08,37,1079,Electronics,North,1,1,Rainy,35.5,114.56,210.61,6.65,923,1942.45,1973.54,41,403,165
2024-06-09,33,1127,Toys,North,1,0,Rainy,21.9,105.54,276.67,6.76,280,1714.72,1704.44,13,251,62
2024-06-10,34,1012,Clothing,South,1,0,Rainy,13.3,83.98,244.56,4.1,149,1701.03,1725.41,19,246,33
2024-06-11,28,1178,Furniture,North,0,0,Cloudy,15.7,94.59,225.67,5.28,370,1174.89,1209.82,13,77,12
2024-06-12,29,1112,Beauty,West,0,1,Rainy,32.6,97.9,249.02,3.24,403,1699.14,1677.42,50,128,40
2024-06-13,42,1172,Beauty,West,1,0,Cloudy,19.1,91.1,233.44,11.69,958,1658.52,1529.48,2,201,24
2024-06-14,29,1120,Electronics,South,1,0,Cloudy,12.6,94.74,213.85,8.56,56,1297.8,1371.58,44,338,60
2024-06-15,21,1034,Clothing,West,0,1,Rainy,38.5,90.68,269.56,5.42,364,1478.5,1540.45,41,262,86
2024-06-16,25,1193,Sports,West,0,0,Rainy,30.7,118.86,180.39,11.14,361,101.45,102.77,21,130,16
2024-06-17,11,1121,Sports,West,0,0,Rainy,21.7,93.08,240.9,8.01,81,1896.18,1917.16,17,450,47
2024-06-18,11,1189,Sports,West,1,0,Sunny,22.3,96.95,253.22,3.28,671,415.43,412.5,43,468,76
2024-06-19,42,1198,Toys,East,0,1,Sunny,11.7,99.28,279.73,10.22,462,742.03,738.79,49,259,100
2024-06-20,44,1135,Clothing,South,1,1,Sunny,22.6,91.52,299.4,8.28,418,426.44,441.82,37,190,93
2024-06-21,31,1045,Clothing,South,1,0,Sunny,21.6,82.96,231.25,7.29,83,986.7,988.6,13,47,8
2024-06-22,31,1172,Electronics,North,0,0,Sunny,32.6,109.98,278.98,8.22,164,456.58,481.31,19,138,27
2024-06-23,37,1184,Grocery,East,1,0,Cloudy,10.1,107.87,260.73,8.75,949,1241.06,1146.2,41,375,89
2024-06-24,12,1147,Beauty,East,1,1,Sunny,17.4,119.64,245.09,7.98,633,1816.08,1730.06,22,322,122
2024-06-25,42,1038,Electronics,South,0,0,Rainy,28.1,95.39,231.87,6.89,613,544.93,514.07,18,443,83
2024-06-26,13,1143,Sports,South,1,1,Cloudy,32.4,119.9,286.39,7.77,327,800.57,796.41,30,143,50
2024-06-27,50,1084,Electronics,South,0,0,Rainy,24.2,85.47,275.15,11.96,609,448.48,410.33,10,203,39
2024-06-28,3,1085,Clothing,South,0,1,Rainy,28.5,85.83,283.43,8.89,332,1367.37,1422.87,15,373,134
2024-06-29,36,1184,Furniture,West,0,1,Cloudy,12.4,86.86,243.19,6.93,189,1037.53,1033.41,31,423,162
2024-06-30,35,1099,Toys,North,0,1,Sunny,23.3,108.2,282.83,4.49,406,1739.09,1898.11,24,180,71
2024-07-01,7,1191,Clothing,West,0,0,Cloudy,25.4,85.63,214.28,5.37,741,1796.84,1782.53,6,310,59
2024-07-02,5,1035,Toys,East,0,0,Rainy,11.7,117.04,230.68,6.94,965,244.4,250.28,14,429,58
2024-07-03,38,1054,Clothing,South,0,0,Sunny,36.5,108.77,241.34,6.32,473,1694.52,1848.52,5,436,65
2024-07-04,15,1123,Electronics,North,0,1,Rainy,27.0,83.69,294.13,6.24,994,104.15,104.14,14,23,6
2024-07-05,45,1114,Grocery,West,0,0,Cloudy,24.4,105.34,185.31,10.57,915,61.1,63.06,18,309,45
2024-07-06,11,1106,Grocery,North,0,0,Cloudy,30.3,90.44,297.94,6.74,233,1072.23,1036.77,44,323,26
2024-07-07,11,1167,Clothing,North,1,0,Rainy,26.3,81.66,213.21,7.24,85,1668.6,1739.09,1,422,88
2024-07-08,3,1078,Clothing,North,0,1,Cloudy,17.3,82.8,193.5,11.49,645,1935.66,2088.29,40,228,103
2024-07-09,31,1104,Toys,South,1,1,Rainy,28.2,96.69,281.68,5.31,534,1693.23,1636.43,9,182,88
2024-07-10,31,1090,Electronics,East,0,0,Rainy,22.0,90.44,186.83,8.32,289,1342.7,1394.33,26,407,65
2024-07-11,32,1087,Beauty,East,0,0,Rainy,33.3,84.37,193.9,8.06,867,1588.04,1550.78,23,304,48
2024-07-12,2,1020,Toys,West,1,1,Rainy,11.3,86.82,239.03,7.94,890,1917.07,2065.68,16,158,65
2024-07-13,20,1072,Sports,South,1,0,Cloudy,22.1,111.64,182.25,7.85,736,725.77,659.53,21,439,77
2024-07-14,8,1059,Furniture,West,0,1,Cloudy,17.6,104.7,299.27,3.39,166,546.83,537.09,36,360,124
2024-07-15,1,1114,Furniture,North,1,0,Sunny,22.9,83.11,211.76,6.83,610,971.2,1004.55,14,325,60
2024-07-16,48,1167,Beauty,West,1,1,Cloudy,13.1,81.89,210.19,10.79,822,212.9,193.22,50,273,104
2024-07-17,30,1090,Beauty,North,0,0,Rainy,37.4,102.14,201.48,5.56,396,757.05,747.48,33,340,42
2024-07-18,28,1124,Furniture,North,1,1,Rainy,13.9,83.69,267.14,10.19,201,1128.81,1068.43,37,462,201
2024-07-19,41,1152,Beauty,South,0,1,Sunny,23.6,87.07,223.63,7.37,247,432.74,472.01,29,486,190
2024-07-20,18,1177,Electronics,North,0,0,Rainy,27.8,112.34,276.98,9.19,663,1762.6,1724.2,47,453,34
2024-07-21,2,1024,Grocery,South,1,1,Sunny,11.8,88.65,191.52,3.13,592,1102.45,1025.0,31,441,185
2024-07-22,43,1010,Beauty,North,1,0,Cloudy,11.4,106.15,266.19,7.12,251,1807.98,1962.41,39,200,38
2024-07-23,21,1032,Furniture,West,1,0,Rainy,31.2,86.07,248.7,10.88,375,1106.29,1083.4,47,118,0
2024-07-24,25,1014,Grocery,East,0,1,Cloudy,24.6,117.05,277.13,8.57,202,686.14,655.39,2,432,149
2024-07-25,2,1100,Toys,East,0,1,Cloudy,34.0,98.52,204.52,11.63,685,1731.08,1730.39,6,438,166
2024-07-26,35,1052,Sports,East,0,0,Sunny,29.2,97.48,218.71,5.64,314,1984.99,2170.65,15,456,59
2024-07-27,37,1060,Electronics,North,1,1,Sunny,16.8,112.48,280.38,9.43,21,1432.39,1463.68,40,274,93
2024-07-28,3,1099,Clothing,South,1,1,Cloudy,33.9,91.39,236.1,8.5,72,1289.13,1404.43,47,303,123
2024-07-29,31,1004,Grocery,West,0,0,Rainy,22.8,94.73,299.73,3.04,986,1547.49,1491.98,40,427,48
2024-07-30,4,1031,Toys,East,1,1,Rainy,24.5,116.12,240.95,3.0,309,400.9,385.46,24,101,26
2024-07-31,1,1114,Grocery,East,1,0,Sunny,10.4,107.74,295.45,6.25,347,1692.31,1827.14,7,116,20
2024-08-01,22,1041,Clothing,West,0,0,Rainy,26.6,98.96,271.29,9.97,33,1453.13,1343.3,39,402,41
2024-08-02,41,1069,Electronics,North,1,0,Rainy,13.1,80.88,265.58,10.42,524,553.67,600.73,17,396,54
2024-08-03,24,1018,Clothing,West,0,0,Sunny,24.2,108.01,197.45,9.97,595,1164.9,1262.14,16,249,34
2024-08-04,40,1052,Electronics,South,1,0,Sunny,28.1,95.02,186.15,6.71,441,1631.84,1611.91,9,174,43
2024-08-05,8,1053,Furniture,South,1,0,Sunny,29.4,101.41,277.69,8.11,935,888.99,902.97,12,240,36
2024-08-06,23,1174,Sports,South,0,1,Cloudy,39.1,107.72,251.54,10.13,401,1907.03,1926.83,7,208,106
2024-08-07,3,1194,Toys,East,0,1,Rainy,31.0,111.59,291.49,3.97,478,1253.87,1273.67,26,419,163
2024-08-08,49,1012,Grocery,South,0,1,Sunny,34.3,88.41,277.55,9.22,557,1281.14,1214.35,42,311,138
2024-08-09,25,1002,Beauty,South,1,0,Cloudy,31.8,106.36,239.48,5.33,44,1567.51,1487.62,34,489,78
2024-08-10,33,1078,Furniture,North,1,0,Rainy,11.3,86.41,217.74,9.6,640,866.01,853.3,26,277,51
2024-08-11,2,1092,Grocery,West,0,0,Cloudy,33.2,119.04,197.67,4.71,894,134.17,133.11,5,331,51
2024-08-12,11,1076,Furniture,West,0,1,Rainy,13.0,107.7,227.54,3.94,596,1038.67,1064.71,50,355,114
2024-08-13,27,1049,Furniture,West,0,0,Rainy,26.3,102.96,181.35,6.41,925,1802.51,1929.95,32,368,48
2024-08-14,11,1125,Toys,North,1,0,Rainy,15.2,106.88,225.29,7.53,43,873.47,921.73,43,250,35
2024-08-15,39,1035,Grocery,East,0,1,Cloudy,23.3,88.68,184.95,3.56,237,565.59,591.03,39,299,115
2024-08-16,47,1067,Clothing,West,0,1,Cloudy,17.4,90.2,288.01,5.86,406,1839.98,1824.48,47,344,118
2024-08-17,9,1100,Electronics,South,0,0,Sunny,30.1,100.17,183.55,9.33,785,1467.9,1408.49,20,492,54
2024-08-18,31,1163,Sports,East,0,0,Cloudy,25.0,102.23,281.02,4.9,556,387.31,424.15,49,191,0
2024-08-19,46,1062,Furniture,North,0,1,Cloudy,36.3,101.04,239.58,5.59,936,206.58,218.42,20,269,87
2024-08-20,16,1162,Sports,West,0,0,Rainy,34.6,118.92,194.33,7.3,366,806.01,747.58,30,324,36
2024-08-21,39,1071,Sports,East,0,0,Sunny,24.9,101.78,233.95,9.5,59,736.12,789.71,30,229,23
2024-08-22,20,1004,Furniture,East,1,1,Sunny,32.9,93.28,233.88,6.66,415,320.88,327.29,44,268,108
2024-08-23,33,1170,Clothing,West,1,0,Rainy,37.1,106.56,216.08,5.37,595,1587.08,1555.94,11,332,69
2024-08-24,30,1042,Grocery,West,1,1,Sunny,23.0,80.94,217.73,9.96,126,493.95,460.72,45,493,220
2024-08-25,15,1143,Furniture,South,0,0,Sunny,35.0,106.66,252.7,6.51,178,748.4,805.45,27,352,34
2024-08-26,37,1106,Furniture,North,0,0,Rainy,22.0,99.89,256.97,3.47,955,658.7,657.46,5,381,55
2024-08-27,20,1198,Toys,South,1,0,Rainy,17.0,94.63,257.7,3.28,767,200.44,213.35,26,461,82
2024-08-28,3,1150,Beauty,West,0,1,Cloudy,33.5,102.66,282.86,3.06,631,257.44,251.89,42,323,126
2024-08-29,21,1080,Clothing,East,0,0,Sunny,12.9,115.4,284.31,10.69,153,1326.32,1424.25,46,172,21
2024-08-30,11,1002,Sports,East,0,0,Rainy,30.0,102.0,240.77,11.04,722,1864.77,1751.95,31,416,42
2024-08-31,13,1041,Electronics,West,1,1,Rainy,27.1,84.24,269.94,3.53,564,1373.57,1347.2,4,462,215
2024-09-01,14,1172,Clothing,North,0,1,Sunny,38.5,96.29,201.14,11.81,450,1820.9,1732.49,19,446,180
2024-09-02,37,1166,Clothing,West,1,0,Rainy,30.2,116.58,187.3,5.88,217,604.67,651.68,43,455,77
2024-09-03,27,1004,Grocery,East,1,0,Cloudy,35.2,116.13,245.93,9.49,371,750.34,771.25,35,272,48
2024-09-04,21,1145,Sports,South,0,1,Cloudy,12.1,93.77,218.78,11.66,562,1488.62,1590.0,10,410,163
2024-09-05,7,1103,Clothing,South,0,0,Cloudy,39.0,85.36,295.15,7.12,305,625.08,659.4,14,136,34
2024-09-06,50,1184,Grocery,East,1,1,Cloudy,22.9,116.76,239.87,8.79,309,1762.4,1605.12,30,252,114
2024-09-07,49,1101,Sports,East,1,0,Cloudy,34.2,88.44,272.83,3.92,834,69.84,69.15,50,357,66
2024-09-08,5,1006,Electronics,West,1,1,Sunny,28.4,86.6,248.39,3.59,671,556.36,514.2,32,84,17
2024-09-09,39,1121,Beauty,North,0,1,Cloudy,27.8,80.07,257.19,7.23,606,1157.36,1125.34,33,400,155
2024-09-10,17,1059,Clothing,East,1,1,Sunny,29.5,119.76,206.75,4.84,291,586.7,612.13,29,374,176
2024-09-11,27,1167,Grocery,North,0,1,Cloudy,29.5,89.55,291.95,7.86,822,1328.85,1267.59,20,337,131
2024-09-12,2,1191,Furniture,South,0,0,Cloudy,14.9,105.49,275.3,4.64,335,1292.91,1188.1,42,281,36
2024-09-13,50,1127,Toys,South,1,1,Sunny,24.6,94.8,183.39,3.23,399,1896.65,1980.68,40,225,92
2024-09-14,9,1099,Sports,South,0,1,Rainy,15.4,90.21,258.81,9.87,227,303.5,293.47,9,21,16
2024-09-15,34,1014,Clothing,West,0,1,Cloudy,28.6,111.65,281.73,5.17,638,1852.99,1852.53,42,188,59
2024-09-16,11,1180,Sports,South,1,0,Rainy,27.0,84.35,242.3,6.26,294,259.88,269.18,37,299,35
2024-09-17,24,1116,Sports,South,0,1,Sunny,32.3,80.71,230.33,11.26,127,665.58,695.33,20,104,10
2024-09-18,31,1073,Furniture,West,0,1,Cloudy,19.9,88.96,295.34,3.64,683,919.64,1000.71,14,56,20
2024-09-19,20,1127,Clothing,West,0,1,Cloudy,12.8,98.59,223.29,3.46,135,1615.12,1712.6,50,42,0
2024-09-20,11,1128,Toys,West,1,1,Cloudy,30.1,110.21,285.35,3.51,25,734.52,754.57,20,136,40
2024-09-21,42,1108,Grocery,North,0,1,Sunny,36.6,113.39,225.97,8.38,194,1473.86,1464.33,36,484,181
2024-09-22,44,1043,Sports,West,1,1,Sunny,15.4,116.43,261.16,7.28,219,223.25,234.27,22,103,31
2024-09-23,14,1138,Furniture,South,0,1,Rainy,23.4,87.71,191.64,10.75,326,539.64,551.37,50,429,141
2024-09-24,8,1152,Sports,West,1,1,Cloudy,27.2,118.89,271.54,6.46,668,562.27,528.82,17,23,28
2024-09-25,46,1037,Beauty,West,1,0,Rainy,23.5,116.94,259.89,6.73,359,60.8,60.13,20,365,61
2024-09-26,8,1139,Grocery,East,0,0,Sunny,38.1,83.59,243.75,7.08,39,979.88,995.37,17,162,23
2024-09-27,28,1020,Toys,West,1,1,Cloudy,21.3,80.38,191.07,6.0,753,577.12,550.82,0,413,177
2024-09-28,6,1001,Grocery,West,1,1,Rainy,21.4,92.16,224.42,10.6,886,1551.02,1683.82,23,401,167
2024-09-29,9,1151,Sports,West,1,1,Sunny,32.9,93.5,231.99,5.92,41,1594.93,1691.19,9,143,63
2024-09-30,16,1014,Toys,East,1,0,Sunny,19.3,99.41,182.81,6.76,120,1683.51,1835.29,21,132,32
2024-10-01,15,1004,Clothing,South,1,0,Cloudy,27.9,118.04,265.12,3.63,932,1672.67,1555.23,12,51,0
2024-10-02,37,1167,Furniture,North,1,0,Rainy,13.3,113.69,231.82,4.1,638,156.43,154.35,29,49,0
2024-10-03,8,1031,Furniture,West,1,1,Cloudy,16.1,103.78,297.45,6.71,53,1157.04,1185.26,43,44,9
2024-10-04,36,1119,Clothing,West,0,0,Sunny,28.2,117.21,206.28,7.62,788,1005.67,1009.1,45,260,13
2024-10-05,33,1130,Grocery,East,0,1,Rainy,28.7,119.45,268.9,7.84,461,1992.65,1971.52,16,491,195
2024-10-06,33,1048,Sports,South,0,0,Cloudy,31.4,82.59,218.93,7.39,360,1201.3,1166.45,7,435,82
2024-10-07,14,1099,Furniture,South,0,0,Rainy,21.5,110.59,242.63,3.6,38,1094.62,1183.57,11,170,21
2024-10-08,49,1104,Clothing,North,0,1,Sunny,22.6,93.04,248.15,9.03,191,1344.63,1420.63,42,74,7
2024-10-09,41,1061,Furniture,North,0,0,Cloudy,34.9,82.51,192.74,9.54,746,520.55,552.53,1,33,13
2024-10-10,18,1113,Toys,North,1,1,Cloudy,19.2,103.94,187.2,6.12,844,1115.35,1077.12,38,409,173
2024-10-11,10,1127,Toys,North,0,0,Rainy,33.7,101.4,186.52,8.61,884,1987.25,2168.97,3,347,58
2024-10-12,28,1134,Electronics,East,1,0,Rainy,36.9,97.07,266.7,3.86,508,1530.52,1587.1,38,162,21
2024-10-13,31,1013,Toys,North,1,1,Cloudy,14.6,119.96,181.4,8.61,511,994.83,1031.47,44,185,70
2024-10-14,45,1124,Grocery,East,0,0,Sunny,11.8,83.34,187.74,10.08,905,856.57,847.55,37,305,29
2024-10-15,10,1176,Clothing,East,1,1,Rainy,29.4,84.02,212.46,11.69,374,1734.5,1884.43,11,205,84
2024-10-16,5,1154,Toys,North,0,0,Sunny,35.8,112.39,207.89,5.36,657,1678.37,1840.6,28,490,65
2024-10-17,31,1015,Toys,East,1,0,Rainy,25.2,89.39,259.05,6.24,399,564.64,586.56,16,295,38
2024-10-18,12,1024,Grocery,North,0,0,Rainy,29.4,93.55,228.65,5.49,122,1360.79,1325.59,6,127,5
2024-10-19,24,1095,Beauty,South,0,0,Rainy,20.8,100.17,205.88,7.45,140,952.55,1028.23,20,96,0
2024-10-20,44,1184,Grocery,South,1,0,Rainy,31.0,83.84,204.54,6.14,779,990.98,1006.06,27,186,34
2024-10-21,1,1126,Grocery,South,1,0,Sunny,22.6,90.36,262.89,9.94,757,1070.24,1177.05,19,420,76
2024-10-22,34,1044,Toys,East,0,1,Cloudy,26.2,100.78,202.46,9.61,554,909.34,851.09,12,464,180
2024-10-23,50,1110,Beauty,South,1,1,Cloudy,16.5,80.78,187.26,6.17,156,1661.52,1540.52,9,406,169
2024-10-24,13,1181,Sports,North,1,1,Rainy,35.5,82.54,224.41,10.65,671,1885.2,1978.43,49,130,52
2024-10-25,19,1114,Furniture,East,1,1,Sunny,32.1,83.59,298.47,11.89,621,1097.4,989.39,1,461,192
2024-10-26,45,1086,Grocery,South,0,0,Cloudy,14.5,111.31,206.76,8.93,646,811.18,864.34,28,372,47
2024-10-27,49,1166,Furniture,West,1,1,Rainy,13.4,105.05,291.21,4.39,193,348.72,351.62,42,125,24
2024-10-28,18,1198,Furniture,East,1,0,Cloudy,27.0,109.35,194.64,7.66,478,196.58,203.57,24,42,10
2024-10-29,38,1167,Grocery,East,1,0,Sunny,38.5,106.32,243.51,7.67,175,1251.89,1144.38,9,318,55
2024-10-30,34,1188,Furniture,North,1,0,Rainy,25.2,108.04,275.4,3.95,78,528.66,544.62,40,26,0
2024-10-31,42,1167,Beauty,West,0,1,Cloudy,11.0,103.25,253.62,3.66,239,672.25,678.58,34,334,133
2024-11-01,38,1173,Beauty,North,1,0,Cloudy,12.1,115.38,180.44,3.9,630,1501.88,1626.26,13,380,66
2024-11-02,27,1131,Electronics,East,1,1,Rainy,16.3,113.31,196.12,4.02,223,388.88,416.79,45,383,163
2024-11-03,32,1127,Beauty,West,0,0,Sunny,31.5,83.04,290.67,3.49,331,504.22,543.74,44,143,21
2024-11-04,31,1146,Furniture,East,1,1,Sunny,13.5,84.86,271.11,3.3,850,1074.94,1128.01,17,256,113
2024-11-05,11,1154,Electronics,South,0,0,Sunny,38.9,94.27,263.01,5.78,27,473.55,438.62,13,74,14
2024-11-06,8,1115,Beauty,North,1,0,Cloudy,17.3,85.62,282.72,7.73,584,229.19,209.91,20,332,68
2024-11-07,11,1007,Furniture,South,0,1,Sunny,21.4,85.21,234.42,10.89,111,1128.81,1143.81,0,314,123
2024-11-08,3,1005,Beauty,North,1,0,Rainy,11.9,95.88,256.47,4.4,576,1322.07,1209.74,42,249,40
2024-11-09,3,1046,Electronics,North,1,0,Sunny,36.0,110.22,226.58,6.49,906,1423.81,1513.78,2,499,93
2024-11-10,32,1041,Electronics,East,1,0,Cloudy,31.4,118.24,180.86,9.62,937,449.16,465.8,22,137,21
2024-11-11,16,1053,Clothing,North,0,1,Cloudy,15.6,85.28,296.9,3.32,883,1675.4,1599.04,7,268,105
2024-11-12,24,1171,Electronics,East,0,0,Sunny,29.7,81.17,227.5,4.83,905,1736.36,1766.4,50,96,19
2024-11-13,19,1001,Furniture,East,0,0,Rainy,27.0,107.21,229.78,5.15,596,147.28,155.98,14,358,74
2024-11-14,24,1124,Clothing,South,0,0,Cloudy,19.6,100.17,264.31,3.25,585,631.97,618.3,43,213,15
2024-11-15,32,1093,Electronics,North,1,1,Cloudy,17.2,84.85,226.96,3.05,870,1574.07,1487.54,16,413,161
2024-11-16,24,1131,Sports,East,1,1,Cloudy,14.8,83.91,192.67,8.81,632,91.45,86.21,0,68,9
2024-11-17,25,1090,Electronics,North,1,0,Cloudy,13.4,99.46,221.89,7.11,371,283.97,311.41,37,493,97
2024-11-18,30,1122,Sports,East,0,1,Rainy,12.8,95.66,199.14,4.31,672,1819.58,1865.9,18,120,58
2024-11-19,47,1155,Sports,West,1,1,Cloudy,36.4,114.82,246.97,9.83,531,1579.94,1473.98,9,474,229
2024-11-20,36,1125,Electronics,North,0,1,Cloudy,20.2,91.37,225.19,5.66,278,618.37,574.18,45,460,170
2024-11-21,48,1121,Electronics,West,1,1,Sunny,11.9,91.86,249.66,6.2,1000,1141.87,1039.31,9,341,149
2024-11-22,28,1185,Toys,East,1,1,Sunny,39.2,96.99,290.09,4.22,479,1391.46,1417.48,13,231,98
2024-11-23,41,1024,Electronics,North,0,1,Rainy,11.7,100.86,211.69,6.88,324,911.81,848.14,12,234,98
2024-11-24,32,1016,Beauty,West,0,0,Sunny,20.9,93.43,288.97,4.82,694,206.51,196.37,5,250,36
2024-11-25,27,1048,Grocery,North,1,1,Sunny,24.8,90.64,183.79,6.5,479,1247.42,1210.25,35,157,48
2024-11-26,29,1049,Toys,South,0,1,Cloudy,28.9,84.13,271.3,11.64,930,1906.44,1778.19,37,236,79
2024-11-27,42,1170,Clothing,West,0,0,Sunny,33.4,117.7,214.19,5.5,438,1681.6,1849.75,24,152,0
2024-11-28,25,1044,Clothing,North,1,1,Sunny,32.3,83.11,284.03,10.97,333,533.24,584.88,36,317,136
2024-11-29,37,1040,Clothing,West,0,0,Cloudy,23.0,80.33,242.52,8.66,803,1673.73,1590.34,33,366,50
2024-11-30,22,1037,Electronics,South,0,1,Rainy,35.0,84.71,271.51,4.1,879,1147.46,1228.79,2,418,159
2024-12-01,23,1048,Toys,South,0,1,Sunny,10.5,97.32,206.32,3.13,706,1105.47,1174.42,14,307,125
2024-12-02,7,1189,Furniture,West,1,1,Cloudy,14.3,107.55,187.82,10.79,145,1482.19,1431.32,31,471,197
2024-12-03,7,1149,Furniture,North,1,1,Rainy,39.1,110.38,221.8,9.36,45,1706.84,1737.94,7,475,207
2024-12-04,28,1121,Grocery,East,0,0,Cloudy,37.8,92.7,276.12,6.72,454,1236.15,1260.74,29,339,53
2024-12-05,11,1145,Furniture,South,1,0,Sunny,31.5,88.74,295.59,11.53,520,1524.29,1429.98,40,335,68
2024-12-06,3,1084,Furniture,West,1,0,Rainy,11.9,89.34,202.94,11.04,426,1060.81,1136.32,9,315,67
2024-12-07,50,1130,Furniture,West,0,1,Sunny,38.0,112.41,255.27,8.25,502,1595.26,1486.83,17,115,47
2024-12-08,16,1114,Clothing,South,1,0,Cloudy,11.4,88.71,189.03,11.96,217,610.12,572.1,43,266,32
2024-12-09,46,1031,Beauty,West,0,1,Sunny,12.0,109.62,214.43,6.44,938,382.62,378.43,16,256,77
2024-12-10,49,1059,Sports,East,1,0,Rainy,34.7,92.94,221.88,11.41,911,645.37,697.35,12,52,1
2024-12-11,42,1026,Beauty,West,1,0,Rainy,22.1,98.94,267.14,3.12,909,1311.89,1413.7,17,134,18
2024-12-12,20,1141,Sports,East,1,0,Rainy,21.2,97.34,242.29,11.71,931,1371.76,1493.57,4,280,53
2024-12-13,44,1159,Electronics,South,1,1,Rainy,34.2,87.38,243.22,4.53,87,961.21,915.51,24,37,25
2024-12-14,30,1056,Beauty,West,0,0,Rainy,26.9,107.58,241.95,4.71,952,310.71,289.07,47,123,0
2024-12-15,34,1191,Electronics,East,1,0,Cloudy,16.9,111.05,257.06,10.08,255,590.51,544.68,5,225,41
2024-12-16,38,1048,Sports,West,0,1,Cloudy,34.3,88.14,208.06,9.55,684,306.41,318.58,40,269,105
2024-12-17,45,1200,Toys,North,0,1,Rainy,36.9,106.37,202.25,9.2,567,535.69,582.03,5,122,44
2024-12-18,4,1167,Grocery,South,1,0,Cloudy,24.2,100.84,228.44,4.39,524,654.05,718.68,30,101,13
2024-12-19,27,1177,Sports,East,0,0,Rainy,30.8,89.93,190.57,7.33,96,388.59,389.42,15,247,27
2024-12-20,42,1139,Clothing,South,0,0,Sunny,33.6,105.85,242.03,5.47,605,729.33,742.98,15,443,57
2024-12-21,50,1108,Toys,South,0,0,Sunny,23.2,105.29,277.71,6.73,900,1374.28,1330.48,43,445,57
2024-12-22,15,1014,Beauty,West,1,0,Sunny,30.4,91.18,238.95,11.95,303,1422.32,1302.12,9,307,42
2024-12-23,1,1066,Clothing,West,0,0,Sunny,39.6,88.06,230.38,5.56,477,649.76,627.63,11,129,21
2024-12-24,36,1109,Sports,North,1,0,Sunny,33.9,98.37,228.87,9.33,796,417.06,448.42,43,189,13
2024-12-25,41,1017,Sports,South,1,0,Rainy,20.8,98.98,188.93,6.72,581,539.47,509.18,26,227,44
2024-12-26,16,1122,Sports,East,1,0,Cloudy,18.2,88.86,237.82,7.33,527,1783.93,1734.76,8,372,68
2024-12-27,40,1071,Clothing,South,1,0,Cloudy,39.2,117.15,241.57,9.28,470,618.69,623.8,36,482,94
2024-12-28,25,1010,Clothing,South,1,1,Rainy,10.1,94.06,281.67,7.47,83,353.04,387.36,33,108,53
2024-12-29,40,1086,Beauty,North,1,0,Cloudy,10.1,89.37,266.49,4.87,185,1198.74,1079.48,50,280,57
2024-12-30,2,1078,Grocery,West,1,0,Cloudy,14.7,104.44,278.64,11.44,544,1475.74,1422.27,7,27,2
2023-01-01,34,1106,Beauty,North,1,0,Rainy,35.4,109.85,204.84,10.12,714,206.15,190.81,19,36,7
2023-01-02,24,1151,Clothing,South,1,0,Sunny,36.6,96.14,233.8,6.28,506,637.5,621.95,40,96,16
2023-01-03,36,1019,Electronics,West,0,1,Rainy,11.8,115.57,298.89,7.31,555,1448.3,1524.51,18,79,35
2023-01-04,50,1008,Sports,West,1,0,Rainy,36.4,112.16,283.38,8.94,218,1967.68,1944.27,25,30,1
2023-01-05,45,1043,Clothing,East,1,1,Cloudy,23.9,103.59,241.23,5.64,255,1530.34,1651.57,24,463,193
2023-01-06,30,1086,Beauty,East,1,1,Sunny,21.5,87.62,272.98,4.63,41,776.81,735.71,33,299,117
2023-01-07,11,1162,Clothing,West,1,1,Cloudy,11.5,108.17,282.59,9.53,721,274.86,273.0,20,284,114
2023-01-08,19,1164,Electronics,South,1,0,Rainy,25.8,90.4,192.64,10.22,419,285.83,289.47,15,463,85
2023-01-09,29,1157,Electronics,South,0,0,Sunny,28.0,107.51,215.32,11.49,91,1388.69,1273.36,12,160,36
2023-01-10,22,1113,Toys,North,0,1,Sunny,20.3,95.49,282.23,9.8,516,305.68,290.37,24,348,131
2023-01-11,14,1108,Clothing,West,0,1,Cloudy,12.2,107.24,193.1,10.09,311,243.14,238.23,29,267,130
2023-01-12,39,1093,Beauty,South,0,0,Rainy,36.1,95.32,206.17,3.72,451,969.72,936.45,28,318,29
2023-01-13,8,1034,Electronics,East,1,1,Cloudy,10.7,86.53,264.58,10.95,304,1809.21,1701.88,47,290,128
2023-01-14,29,1104,Toys,East,0,0,Cloudy,21.7,99.48,271.98,7.69,881,1037.11,1138.78,25,328,56
2023-01-15,1,1133,Beauty,West,1,0,Cloudy,37.4,119.48,215.64,7.85,265,680.93,618.04,46,480,72
2023-01-16,44,1073,Beauty,East,1,1,Rainy,15.6,82.13,196.52,5.7,371,1466.37,1460.63,26,52,6
2023-01-17,4,1155,Clothing,East,1,0,Cloudy,24.3,116.19,234.76,11.82,913,1246.6,1274.26,16,215,40
2023-01-18,35,1044,Toys,North,0,1,Rainy,25.7,103.93,262.71,9.08,39,1141.67,1175.17,34,273,91
2023-01-19,31,1118,Electronics,West,1,0,Sunny,15.7,106.16,254.89,10.54,635,1274.45,1398.1,25,251,54
2023-01-20,31,1178,Beauty,East,1,0,Sunny,32.9,99.17,237.89,7.67,205,842.35,881.29,47,411,48
2023-01-21,34,1106,Electronics,West,0,0,Cloudy,21.8,111.64,194.33,3.09,222,327.71,347.33,8,175,18
2023-01-22,27,1078,Electronics,East,1,1,Rainy,34.3,91.07,238.38,3.27,340,488.75,468.9,15,438,179
2023-01-23,17,1145,Sports,East,1,0,Sunny,13.3,98.6,200.45,11.15,687,111.24,101.81,11,462,81
2023-01-24,17,1130,Grocery,North,0,0,Sunny,20.7,114.34,218.56,5.6,383,828.8,816.59,26,326,39
2023-01-25,3,1010,Electronics,South,0,0,Sunny,33.6,92.65,276.74,3.13,298,1790.07,1655.04,20,346,34
2023-01-26,18,1178,Beauty,South,1,1,Cloudy,22.5,113.82,258.2,4.57,479,1637.64,1712.39,36,400,172
2023-01-27,13,1062,Grocery,South,1,1,Cloudy,19.3,86.19,191.24,5.41,835,674.94,660.6,24,62,4
2023-01-28,43,1045,Toys,East,0,1,Rainy,12.0,88.55,244.16,3.57,686,1878.84,2063.45,15,362,149
2023-01-29,12,1164,Furniture,East,0,0,Rainy,29.0,97.12,264.14,11.08,308,887.5,810.03,42,429,67
2023-01-30,35,1072,Sports,West,1,0,Rainy,17.8,106.99,189.14,8.42,861,1519.66,1555.42,45,281,49
2023-01-31,39,1030,Clothing,South,1,0,Rainy,36.3,105.62,279.07,6.09,752,1929.8,1902.7,34,362,74
2023-02-01,42,1001,Furniture,North,0,1,Cloudy,23.6,93.32,188.76,9.65,283,1560.51,1549.02,17,336,115
2023-02-02,6,1129,Beauty,East,0,1,Cloudy,36.3,115.39,196.63,5.34,796,724.25,787.08,49,157,40
2023-02-03,9,1016,Furniture,North,1,0,Sunny,28.7,111.29,221.85,8.33,243,1296.4,1207.09,15,424,84
2023-02-04,1,1060,Electronics,East,1,1,Rainy,16.8,110.55,273.91,5.44,873,1528.98,1543.37,44,184,69
2023-02-05,38,1043,Beauty,South,0,1,Sunny,38.7,102.41,209.15,10.92,370,1384.85,1407.51,2,142,58
2023-02-06,49,1070,Sports,South,0,0,Rainy,14.3,115.74,261.76,9.92,396,1428.38,1553.89,46,215,27
2023-02-07,20,1156,Furniture,East,1,1,Cloudy,37.7,101.85,206.36,11.86,254,1208.88,1233.63,49,168,41
2023-02-08,14,1019,Electronics,East,0,1,Rainy,26.4,101.23,202.42,10.93,982,1717.98,1779.43,36,194,50
2023-02-09,33,1063,Toys,West,0,0,Cloudy,35.6,102.43,247.49,10.32,666,1304.71,1397.92,43,287,31
2023-02-10,19,1104,Beauty,North,1,1,Rainy,36.1,86.29,218.33,9.72,675,962.13,1038.32,10,249,119
2023-02-11,41,1130,Furniture,East,1,1,Sunny,33.8,102.09,183.82,4.19,517,715.73,784.66,8,43,24
2023-02-12,17,1103,Beauty,North,1,1,Sunny,27.4,105.31,279.11,11.28,277,986.02,985.02,39,105,43
2023-02-13,17,1200,Clothing,North,1,0,Cloudy,13.0,99.35,289.07,8.87,786,1361.68,1258.41,11,49,8
2023-02-14,49,1051,Beauty,West,1,0,Cloudy,30.4,105.96,268.2,8.57,665,542.72,502.05,27,62,21
2023-02-15,26,1107,Sports,West,1,1,Sunny,39.7,99.55,248.78,6.12,473,716.22,697.12,44,382,156
2023-02-16,2,1140,Grocery,North,0,0,Cloudy,10.2,109.46,189.61,10.79,246,398.02,384.53,36,498,82
2023-02-17,32,1076,Electronics,West,1,1,Sunny,38.5,101.99,182.9,5.67,589,1721.79,1630.58,25,271,119
2023-02-18,9,1055,Grocery,East,1,1,Rainy,24.2,81.53,185.79,6.54,460,935.73,962.66,31,484,196
2023-02-19,40,1043,Electronics,East,0,0,Sunny,11.8,86.44,252.97,7.53,283,968.3,1028.33,34,388,51
2023-02-20,3,1186,Electronics,North,1,0,Cloudy,20.3,95.63,235.79,10.83,458,1493.39,1505.14,23,252,43
2023-02-21,2,1058,Beauty,South,1,1,Cloudy,19.6,103.56,267.35,5.52,520,1866.75,2044.9,1,438,185
2023-02-22,38,1195,Toys,South,1,1,Cloudy,31.5,96.09,199.47,9.94,570,58.69,56.53,13,119,49
2023-02-23,17,1157,Beauty,South,0,1,Sunny,10.1,86.16,294.36,7.22,365,560.69,543.56,45,417,160
2023-02-24,40,1112,Beauty,East,0,1,Sunny,25.9,93.66,192.49,10.68,164,1649.38,1693.8,3,118,51
2023-02-25,11,1023,Furniture,South,1,0,Cloudy,17.4,81.17,272.0,3.48,988,1509.93,1436.92,40,346,49
2023-02-26,1,1138,Sports,West,0,0,Sunny,33.2,100.08,216.31,9.32,257,167.15,183.25,43,444,57
2023-02-27,9,1024,Electronics,South,1,0,Cloudy,22.1,84.23,247.76,11.1,891,1336.04,1323.72,26,480,65
2023-02-28,28,1060,Clothing,South,0,1,Sunny,38.0,99.36,279.37,7.06,94,74.37,78.31,25,293,97
2023-03-01,18,1108,Sports,East,0,1,Rainy,36.6,94.0,252.83,5.8,582,1160.08,1088.49,29,169,66
2023-03-02,12,1088,Grocery,East,1,1,Rainy,26.2,113.38,256.81,7.42,513,1631.92,1540.89,36,211,96
2023-03-03,25,1009,Grocery,South,0,1,Cloudy,34.9,83.99,261.16,3.15,649,738.23,759.86,3,367,153
2023-03-04,29,1166,Beauty,North,1,0,Cloudy,28.3,95.2,260.09,9.64,164,486.01,500.64,31,486,78
2023-03-05,38,1108,Electronics,North,1,1,Cloudy,30.5,114.34,207.61,10.0,812,617.86,604.71,48,369,152
2023-03-06,38,1175,Beauty,North,1,0,Cloudy,32.1,100.35,218.51,9.26,438,825.33,852.01,50,485,91
2023-03-07,37,1137,Electronics,East,0,0,Rainy,37.9,90.96,248.09,6.67,349,898.48,819.64,33,275,56
2023-03-08,29,1158,Sports,South,1,1,Sunny,18.8,108.05,191.29,6.82,416,331.28,351.21,31,401,170
2023-03-09,27,1074,Furniture,East,0,0,Sunny,21.7,89.45,216.22,7.35,638,1452.5,1492.7,37,454,58
2023-03-10,22,1027,Furniture,South,0,1,Rainy,17.9,111.58,225.32,6.94,947,451.18,415.27,11,192,68
2023-03-11,50,1144,Furniture,West,1,0,Rainy,10.2,111.9,254.75,11.77,780,542.0,587.53,29,237,37
2023-03-12,22,1184,Grocery,South,1,1,Cloudy,22.0,111.93,292.81,4.03,626,397.06,395.21,4,256,121
2023-03-13,43,1037,Sports,East,1,1,Cloudy,23.6,108.47,280.08,3.06,43,741.17,798.18,16,369,167
2023-03-14,22,1182,Toys,North,1,1,Rainy,19.4,98.39,215.77,5.03,702,536.96,502.47,27,43,0
2023-03-15,13,1090,Toys,East,0,0,Rainy,20.9,91.48,294.42,9.81,569,281.46,302.44,42,116,5
2023-03-16,24,1064,Clothing,North,1,1,Cloudy,34.9,92.46,192.8,5.36,125,1307.22,1327.8,6,36,9
2023-03-17,50,1119,Beauty,South,0,0,Cloudy,25.2,106.09,292.88,5.82,276,599.38,657.31,45,24,0
2023-03-18,44,1026,Grocery,West,1,0,Sunny,36.6,119.19,263.68,11.23,414,1311.99,1442.03,12,443,85
2023-03-19,38,1025,Sports,West,1,1,Rainy,27.1,117.75,181.68,7.74,692,424.98,449.91,48,295,117
2023-03-20,39,1188,Grocery,South,0,1,Rainy,34.8,104.2,271.66,5.93,786,626.06,582.81,36,145,39
2023-03-21,9,1107,Sports,East,1,0,Cloudy,10.4,86.74,246.02,6.46,449,397.92,391.08,0,303,62
2023-03-22,1,1094,Toys,North,0,0,Sunny,31.0,80.0,219.86,4.76,570,349.86,382.89,33,396,43
2023-03-23,47,1168,Beauty,South,0,0,Sunny,23.6,82.46,283.04,3.56,801,877.0,918.73,10,124,16
2023-03-24,46,1152,Furniture,West,1,0,Sunny,21.0,82.76,282.15,9.27,612,1984.66,1809.82,0,449,93
2023-03-25,30,1188,Grocery,South,1,0,Cloudy,26.8,88.67,244.55,10.67,333,1188.32,1236.68,24,122,0
2023-03-26,36,1150,Beauty,West,1,1,Rainy,28.3,82.12,196.9,9.96,255,1883.28,1830.34,33,278,103
2023-03-27,10,1132,Sports,South,1,1,Cloudy,16.5,100.63,253.08,10.99,103,1342.09,1215.06,20,486,228
2023-03-28,36,1125,Clothing,South,0,0,Cloudy,22.3,90.87,250.22,9.02,78,1962.38,2109.66,39,172,24
2023-03-29,21,1161,Sports,South,0,0,Rainy,27.9,116.66,253.82,9.58,118,585.94,627.05,34,61,3
2023-03-30,5,1144,Toys,North,1,0,Cloudy,18.4,111.33,216.1,9.65,296,1194.46,1085.27,2,315,69
2023-03-31,36,1200,Toys,West,1,0,Rainy,29.7,119.49,279.39,8.02,697,93.88,93.07,1,61,4
2023-04-01,37,1128,Clothing,South,1,1,Rainy,30.6,106.3,254.03,5.97,858,1814.05,1908.16,40,235,78
2023-04-02,36,1069,Furniture,North,0,0,Rainy,30.8,102.49,195.33,4.9,897,347.07,361.21,18,337,45
2023-04-03,42,1175,Clothing,West,0,0,Sunny,39.2,93.8,248.66,3.36,937,1319.21,1425.84,19,375,49
2023-04-04,40,1093,Beauty,West,1,0,Rainy,26.0,99.38,234.97,5.19,939,1916.25,2086.38,34,128,25
2023-04-05,22,1113,Grocery,North,0,0,Sunny,31.5,113.18,209.98,8.77,334,1273.73,1318.27,32,27,3
2023-04-06,9,1012,Sports,South,0,0,Sunny,19.5,114.72,237.21,6.1,275,468.86,494.85,27,304,18
2023-04-07,50,1168,Beauty,South,1,1,Rainy,38.7,94.4,222.87,4.25,541,856.56,826.37,24,468,201
2023-04-08,28,1196,Furniture,East,1,0,Cloudy,22.0,114.99,241.22,4.0,66,149.98,140.25,22,153,23
2023-04-09,26,1165,Clothing,East,0,0,Rainy,23.3,100.39,196.35,5.39,661,1952.76,1869.24,29,23,0
2023-04-10,45,1080,Clothing,North,1,1,Sunny,33.0,99.3,231.29,11.19,684,256.51,234.23,6,322,147
2023-04-11,26,1166,Electronics,South,1,1,Cloudy,28.5,93.03,213.53,4.6,557,1881.45,1943.6,15,472,213
2023-04-12,5,1158,Sports,West,1,0,Sunny,25.6,114.43,265.66,6.4,733,1578.36,1513.49,12,214,36
2023-04-13,4,1068,Toys,North,1,0,Rainy,13.0,90.33,262.13,8.16,297,967.14,1063.63,13,345,61
2023-04-14,45,1133,Toys,South,1,0,Rainy,29.0,83.63,290.7,8.99,844,945.84,909.35,46,181,33
2023-04-15,34,1173,Electronics,East,0,0,Cloudy,22.4,92.72,267.08,11.15,477,1682.59,1762.03,40,423,60
2023-04-16,43,1017,Grocery,West,0,1,Rainy,30.9,99.6,187.45,11.16,838,1086.47,1179.8,21,338,130
2023-04-17,24,1138,Beauty,West,1,1,Rainy,27.0,113.6,256.85,6.74,112,492.94,492.55,15,250,111
2023-04-18,34,1178,Sports,South,1,1,Sunny,15.1,89.44,269.23,5.35,616,1447.77,1361.43,23,374,157
2023-04-19,34,1015,Sports,South,1,1,Rainy,35.1,83.1,192.19,6.45,203,1631.37,1620.03,49,126,31
2023-04-20,19,1153,Grocery,West,0,0,Rainy,31.0,86.15,191.96,5.31,944,1915.81,1773.93,47,58,13
2023-04-21,3,1098,Electronics,West,1,0,Rainy,18.2,88.31,261.57,3.02,685,1999.53,2154.12,24,126,18
2023-04-22,18,1019,Sports,West,0,1,Sunny,34.3,93.23,191.36,9.49,916,221.88,229.78,46,136,50
2023-04-23,23,1025,Furniture,South,0,1,Cloudy,21.0,90.53,269.33,8.93,568,759.14,742.21,40,472,176
2023-04-24,16,1086,Clothing,West,0,0,Rainy,11.1,92.78,266.91,6.24,852,1798.34,1634.86,25,478,45
2023-04-25,5,1030,Grocery,North,0,1,Rainy,29.7,116.51,196.22,6.27,669,372.0,354.74,32,271,108
2023-04-26,36,1171,Grocery,South,1,1,Rainy,22.1,100.36,250.81,3.57,808,349.99,333.23,13,333,148
2023-04-27,37,1200,Furniture,East,1,0,Sunny,36.2,108.66,238.6,11.63,865,1733.85,1630.66,33,21,0
2023-04-28,9,1104,Sports,West,0,1,Sunny,19.1,98.24,289.08,3.24,485,1624.24,1466.86,26,367,145
2023-04-29,26,1089,Beauty,East,0,1,Rainy,26.0,95.88,250.89,10.79,786,1437.92,1332.4,12,106,38
2023-04-30,16,1005,Electronics,West,0,0,Cloudy,13.2,81.49,231.55,8.07,878,1699.32,1780.54,15,215,30
2023-05-01,49,1062,Clothing,North,0,1,Cloudy,14.4,81.98,280.36,7.93,131,310.47,288.39,10,303,101
2023-05-02,49,1031,Clothing,North,0,1,Rainy,18.9,85.83,268.59,4.41,314,517.72,481.34,44,87,32
2023-05-03,50,1180,Electronics,North,0,0,Sunny,13.9,101.06,252.43,7.9,708,364.18,376.0,21,51,0
2023-05-04,37,1025,Sports,South,1,0,Sunny,28.1,118.93,193.99,11.47,440,408.4,390.49,47,376,46
2023-05-05,34,1071,Furniture,West,1,1,Sunny,37.0,101.49,295.98,10.74,909,935.9,950.88,23,130,36
2023-05-06,1,1142,Grocery,North,1,0,Cloudy,11.6,89.84,291.59,6.39,151,996.05,933.83,7,389,90
2023-05-07,22,1109,Furniture,South,1,0,Rainy,32.4,116.57,203.74,4.68,169,618.38,656.92,42,299,33
2023-05-08,30,1051,Toys,South,1,0,Cloudy,14.7,91.17,199.94,4.44,210,1983.64,2160.64,14,120,12
2023-05-09,34,1185,Beauty,North,0,1,Sunny,31.7,88.7,252.17,3.25,168,996.42,902.24,37,461,167
2023-05-10,3,1185,Sports,North,1,1,Sunny,15.2,93.54,199.25,8.31,178,540.7,526.61,28,365,134
2023-05-11,2,1134,Sports,South,0,1,Sunny,18.4,116.36,263.3,8.52,213,433.4,472.79,17,77,21
2023-05-12,22,1142,Beauty,South,0,1,Cloudy,29.3,103.3,274.53,3.72,947,1622.93,1658.44,21,144,56
2023-05-13,49,1009,Toys,East,1,1,Rainy,27.1,82.37,263.92,4.67,848,1822.8,1687.59,11,399,174
2023-05-14,1,1124,Electronics,West,0,1,Cloudy,34.4,100.12,215.76,9.13,311,959.44,984.41,22,106,29
2023-05-15,48,1159,Electronics,East,0,1,Cloudy,21.4,94.52,246.72,9.94,605,315.94,337.32,29,452,193
2023-05-16,1,1192,Grocery,East,0,1,Cloudy,30.0,90.57,255.11,10.16,783,1352.49,1458.57,23,201,64
2023-05-17,48,1106,Grocery,East,0,0,Rainy,29.8,97.83,287.56,7.57,824,1312.36,1330.63,16,45,1
2023-05-18,20,1124,Electronics,South,0,1,Rainy,15.1,91.56,271.88,9.84,752,353.97,349.03,17,455,163
2023-05-19,47,1188,Grocery,South,1,0,Rainy,39.7,91.93,187.04,8.99,936,1690.19,1857.48,13,264,54
2023-05-20,46,1069,Grocery,North,0,0,Rainy,30.3,117.44,244.02,8.85,50,1257.24,1356.12,23,143,17
2023-05-21,47,1020,Sports,South,0,1,Sunny,32.1,110.85,213.08,7.0,468,1120.6,1022.38,28,353,125
2023-05-22,19,1042,Toys,West,0,0,Rainy,39.5,109.48,235.22,3.71,60,1476.89,1545.76,6,89,4
2023-05-23,19,1075,Toys,North,1,1,Cloudy,29.2,117.7,192.57,9.65,513,649.41,660.63,1,33,12
2023-05-24,4,1169,Beauty,North,1,0,Cloudy,15.8,82.86,280.79,5.64,603,387.33,350.98,36,327,67
2023-05-25,14,1005,Sports,West,1,0,Rainy,12.6,82.94,235.01,9.04,301,1385.86,1304.63,1,429,75
2023-05-26,14,1023,Clothing,West,1,0,Rainy,22.5,110.83,233.38,10.29,683,275.74,254.56,33,136,31
2023-05-27,23,1019,Clothing,West,0,1,Sunny,18.0,85.26,234.94,3.47,179,176.83,186.68,34,218,96
2023-05-28,8,1031,Electronics,West,0,1,Sunny,17.7,110.06,253.96,5.37,56,816.13,840.15,26,186,83
2023-05-29,1,1162,Clothing,West,0,1,Rainy,16.5,113.97,184.32,4.8,938,195.04,181.22,28,94,28
2023-05-30,42,1079,Clothing,South,1,0,Cloudy,25.5,108.77,184.14,8.49,710,1206.31,1162.3,14,436,85
2023-05-31,16,1105,Electronics,North,0,0,Sunny,35.0,103.63,191.81,9.96,877,574.34,523.67,38,332,36
2023-06-01,47,1160,Furniture,North,0,0,Cloudy,25.6,114.3,216.71,3.69,747,1202.76,1299.91,39,96,0
2023-06-02,23,1068,Sports,South,1,1,Sunny,14.5,97.05,257.37,7.31,565,1876.85,1851.89,38,457,185
2023-06-03,18,1141,Electronics,North,0,1,Sunny,38.6,86.84,256.87,4.22,919,963.24,1024.73,12,29,14
2023-06-04,48,1110,Furniture,West,1,0,Cloudy,21.6,98.35,188.0,7.44,542,1397.77,1295.66,3,277,49
2023-06-05,23,1022,Sports,South,0,0,Rainy,23.6,87.14,247.43,9.05,830,892.93,818.62,45,218,14
2023-06-06,42,1042,Electronics,North,1,0,Cloudy,34.3,93.02,194.06,4.26,679,1693.18,1659.71,43,307,57
2023-06-07,38,1109,Beauty,North,0,0,Cloudy,18.1,106.94,254.97,9.68,204,1333.66,1379.43,30,220,18
2023-06-08,31,1056,Beauty,West,0,1,Sunny,36.6,88.27,277.95,8.36,374,135.89,132.93,25,349,142
2023-06-09,46,1088,Clothing,North,0,0,Rainy,34.9,81.95,253.01,7.94,64,861.37,882.37,23,44,0
2023-06-10,45,1182,Toys,North,1,1,Rainy,37.8,92.47,189.34,8.17,314,1560.93,1668.39,16,128,44
2023-06-11,24,1004,Sports,South,0,1,Rainy,12.8,84.71,255.64,3.99,939,1805.23,1845.41,34,127,45
2023-06-12,27,1127,Toys,East,0,0,Sunny,35.1,83.75,233.09,8.07,998,1406.3,1539.64,49,264,16
2023-06-13,2,1178,Sports,North,1,0,Rainy,20.2,114.83,268.54,3.95,858,919.26,945.85,42,460,82
2023-06-14,9,1046,Toys,East,0,0,Cloudy,21.8,116.29,293.62,3.53,454,1016.62,1027.85,28,455,53
2023-06-15,24,1053,Beauty,East,0,1,Sunny,17.8,107.95,297.44,5.56,632,1871.46,1870.14,33,73,27
2023-06-16,11,1015,Furniture,North,0,0,Rainy,26.2,114.25,193.88,5.24,166,1614.3,1454.65,9,453,66
2023-06-17,50,1104,Electronics,North,1,1,Rainy,31.1,101.39,275.62,4.02,430,827.24,837.58,31,470,223
2023-06-18,26,1067,Clothing,East,0,1,Sunny,33.5,91.56,260.57,11.03,428,1449.17,1430.09,41,92,28
2023-06-19,30,1177,Beauty,West,0,1,Sunny,10.6,90.74,257.78,10.71,58,380.28,371.27,47,454,171
2023-06-20,12,1134,Sports,East,1,1,Cloudy,19.9,85.68,190.92,7.77,344,796.97,798.11,25,482,209
2023-06-21,37,1056,Beauty,South,1,1,Rainy,15.7,104.26,187.61,3.38,258,1105.14,1117.62,26,63,48
2023-06-22,41,1078,Clothing,East,0,0,Cloudy,30.3,97.65,207.82,9.94,681,122.14,133.6,3,282,37
2023-06-23,50,1189,Furniture,East,1,1,Sunny,13.1,108.61,258.47,4.62,606,81.27,75.72,37,104,43
2023-06-24,42,1125,Toys,East,0,0,Rainy,22.0,118.02,189.41,3.62,939,1921.73,1772.36,27,271,31
2023-06-25,34,1156,Furniture,North,0,0,Rainy,38.4,97.09,218.08,10.97,476,1028.97,959.01,19,86,7
2023-06-26,48,1095,Beauty,West,1,0,Cloudy,16.6,112.72,210.07,8.75,62,1274.51,1223.67,18,340,54
2023-06-27,37,1141,Furniture,South,0,1,Rainy,39.4,119.6,252.32,3.2,142,1997.96,1915.73,33,220,91
2023-06-28,3,1036,Toys,West,1,0,Sunny,30.6,108.39,206.75,3.69,698,1874.35,1695.22,1,258,65
2023-06-29,7,1159,Electronics,East,1,1,Sunny,12.3,82.48,265.29,8.74,251,1828.45,1732.91,17,434,178
2023-06-30,21,1019,Grocery,South,1,1,Rainy,32.6,100.32,203.92,7.47,553,260.7,268.55,48,483,201
2023-07-01,23,1007,Furniture,East,0,0,Sunny,34.6,103.79,279.13,3.54,748,1614.94,1596.62,27,248,23
2023-07-02,29,1086,Clothing,North,0,1,Sunny,39.2,92.75,275.45,10.65,667,1790.82,1749.2,3,353,144
2023-07-03,14,1056,Furniture,North,1,0,Rainy,24.2,83.38,222.75,10.45,870,897.37,847.82,39,181,43
2023-07-04,28,1107,Sports,North,1,0,Cloudy,17.9,89.68,216.21,6.08,474,1078.61,1120.76,43,205,27
2023-07-05,4,1196,Furniture,North,1,1,Sunny,12.4,106.79,271.91,8.36,333,100.02,104.53,3,442,186
2023-07-06,47,1151,Grocery,East,1,0,Cloudy,19.9,104.02,290.5,10.46,476,1064.56,1091.36,35,262,32
2023-07-07,17,1001,Grocery,South,1,1,Sunny,18.5,84.58,203.19,5.45,919,62.69,58.02,41,420,178
2023-07-08,11,1108,Beauty,East,1,1,Sunny,27.1,116.52,225.17,6.26,203,935.84,984.81,21,365,158
2023-07-09,50,1079,Toys,South,1,1,Cloudy,20.7,89.47,258.8,8.66,193,403.35,366.98,37,154,56
2023-07-10,29,1009,Clothing,East,1,1,Rainy,20.7,115.05,263.8,8.49,805,1430.44,1563.98,4,307,135
2023-07-11,50,1177,Beauty,South,1,0,Rainy,35.7,100.46,219.74,9.5,906,1747.67,1730.45,22,413,64
2023-07-12,45,1133,Grocery,East,1,0,Sunny,13.9,103.32,262.7,7.2,754,518.12,499.25,17,466,98
2023-07-13,4,1040,Toys,East,0,1,Cloudy,22.7,101.01,264.31,11.01,654,1436.93,1453.59,39,43,0
2023-07-14,35,1183,Furniture,West,0,1,Cloudy,15.2,86.62,232.7,7.19,134,734.36,741.68,12,265,104
2023-07-15,22,1105,Electronics,West,0,0,Cloudy,24.7,95.12,236.85,3.77,779,1078.7,1077.67,4,169,11
2023-07-16,2,1179,Sports,South,0,0,Rainy,22.8,114.69,266.2,6.82,338,1506.13,1554.63,39,390,31
2023-07-17,42,1188,Furniture,West,1,0,Cloudy,12.3,85.54,217.44,8.13,664,1278.49,1182.85,31,227,31
2023-07-18,42,1142,Furniture,West,0,1,Sunny,21.8,97.72,256.54,7.67,604,750.65,767.12,21,253,79
2023-07-19,13,1081,Grocery,North,0,0,Rainy,32.8,88.91,232.98,5.26,295,300.72,287.85,48,69,0
2023-07-20,5,1089,Clothing,South,0,0,Cloudy,13.4,102.63,190.11,3.83,638,1937.5,1918.49,1,242,21
2023-07-21,43,1156,Grocery,North,0,0,Rainy,37.1,91.91,209.25,4.77,429,1784.93,1664.04,20,24,1
2023-07-22,15,1093,Grocery,South,0,0,Sunny,13.0,93.49,215.99,6.63,355,1550.07,1579.76,18,316,30
2023-07-23,37,1196,Beauty,West,1,0,Sunny,12.9,112.19,180.22,6.86,693,1464.82,1426.64,12,115,12
2023-07-24,3,1018,Clothing,South,1,1,Rainy,21.7,116.58,203.16,6.56,502,1251.35,1255.26,14,243,97
2023-07-25,41,1077,Sports,East,1,0,Sunny,29.9,117.23,203.28,4.19,442,1725.9,1816.12,36,91,7
2023-07-26,41,1007,Furniture,North,1,0,Cloudy,18.8,104.64,283.65,9.81,111,1247.7,1166.58,28,154,36
2023-07-27,41,1088,Electronics,West,1,0,Sunny,27.3,109.51,240.32,4.21,141,234.08,254.26,13,281,48
2023-07-28,10,1186,Toys,South,0,0,Rainy,36.7,111.24,294.08,9.1,396,1262.27,1373.41,31,238,37
2023-07-29,49,1016,Sports,West,0,0,Sunny,19.3,118.68,183.7,10.78,354,1380.2,1434.58,26,286,41
2023-07-30,2,1021,Beauty,South,0,1,Sunny,37.5,96.65,289.89,7.44,220,412.24,431.65,6,81,38
2023-07-31,37,1086,Toys,South,0,1,Cloudy,32.1,84.31,225.47,11.92,926,1262.03,1301.9,38,462,168
2023-08-01,5,1061,Furniture,East,0,1,Cloudy,22.5,118.17,248.28,3.16,881,1662.04,1821.02,19,297,101
2023-08-02,2,1146,Electronics,North,1,0,Sunny,32.7,93.61,297.86,8.95,779,861.89,883.28,18,127,6
2023-08-03,39,1077,Clothing,South,1,1,Sunny,13.8,80.12,250.01,3.3,139,774.65,749.05,40,425,186
2023-08-04,50,1089,Furniture,South,1,0,Rainy,39.8,99.82,211.77,5.49,924,1416.92,1366.68,6,369,73
2023-08-05,26,1146,Sports,South,0,1,Sunny,35.3,115.69,256.63,7.05,831,1360.82,1437.49,6,61,33
2023-08-06,24,1051,Toys,North,0,0,Cloudy,29.3,103.17,263.23,10.33,429,1020.35,1058.56,39,464,51
2023-08-07,44,1093,Grocery,North,1,1,Cloudy,36.3,81.71,263.4,4.7,286,331.59,299.36,50,283,106
2023-08-08,10,1084,Beauty,East,1,0,Cloudy,31.5,118.42,185.41,7.3,239,931.78,877.02,5,98,7
2023-08-09,4,1095,Toys,West,1,1,Sunny,30.8,98.28,242.46,11.53,99,1617.37,1538.55,1,390,162
2023-08-10,8,1071,Electronics,East,0,0,Cloudy,13.0,108.42,265.14,3.67,919,115.29,104.62,17,283,28
2023-08-11,23,1078,Sports,North,0,0,Cloudy,17.5,117.01,181.01,9.53,311,1372.85,1280.98,20,472,64
2023-08-12,10,1083,Beauty,East,1,0,Rainy,18.1,117.47,259.58,9.45,728,1570.17,1720.12,34,248,52
2023-08-13,4,1017,Beauty,North,0,0,Sunny,20.0,103.55,192.94,10.26,132,265.83,286.29,19,283,42
2023-08-14,49,1181,Electronics,West,1,0,Cloudy,22.3,83.06,194.81,10.36,442,1992.66,2018.0,33,65,1
2023-08-15,45,1164,Electronics,North,0,0,Sunny,31.3,88.77,263.52,4.1,485,1180.42,1152.45,23,340,58
2023-08-16,16,1048,Grocery,South,1,1,Sunny,18.8,92.29,227.17,4.53,841,1035.35,1087.11,16,359,155
2023-08-17,39,1165,Electronics,East,0,0,Rainy,31.9,94.69,253.77,11.13,766,1941.74,1810.4,41,55,0
2023-08-18,10,1085,Furniture,West,0,0,Sunny,31.0,99.62,236.02,11.58,145,1909.18,2036.21,23,318,43
2023-08-19,6,1090,Sports,West,0,1,Rainy,20.1,102.07,251.15,9.46,829,767.7,786.54,16,146,49
2023-08-20,7,1124,Grocery,South,1,0,Rainy,33.3,99.18,257.17,4.54,567,166.45,155.2,9,336,60
2023-08-21,5,1165,Furniture,South,1,1,Sunny,29.6,89.76,211.52,3.29,660,704.43,703.11,48,76,27
2023-08-22,19,1093,Beauty,West,0,1,Sunny,11.8,82.42,196.62,10.65,244,80.54,74.35,13,53,16
2023-08-23,19,1109,Clothing,East,0,0,Rainy,17.5,105.69,240.26,10.87,48,1930.82,1881.12,42,485,48
2023-08-24,31,1122,Electronics,South,1,0,Cloudy,19.2,98.66,254.75,8.85,647,1188.23,1299.0,28,376,55
2023-08-25,12,1090,Furniture,West,1,0,Sunny,16.4,80.62,233.74,6.91,316,1255.35,1225.3,10,378,62
2023-08-26,14,1145,Furniture,North,0,1,Sunny,37.3,104.64,213.92,5.83,693,1900.18,1845.52,11,85,34
2023-08-27,3,1025,Electronics,South,1,0,Cloudy,18.5,85.14,263.96,11.39,762,485.63,500.1,8,127,23
2023-08-28,20,1060,Grocery,North,1,0,Rainy,39.5,109.55,254.57,8.98,334,1372.51,1485.39,26,318,51
2023-08-29,32,1011,Furniture,North,0,1,Sunny,33.8,84.71,239.29,11.12,151,517.76,472.2,12,273,116
2023-08-30,34,1103,Electronics,South,1,1,Sunny,16.3,114.8,266.87,5.72,836,1043.49,1089.68,18,384,177
2023-08-31,25,1190,Toys,South,1,0,Rainy,23.9,102.06,221.57,3.23,706,94.97,97.75,29,341,78
2023-09-01,32,1136,Clothing,East,1,0,Sunny,14.7,99.49,211.25,7.58,281,381.47,366.73,14,246,53
2023-09-02,39,1053,Furniture,West,1,0,Rainy,19.3,110.23,274.3,9.61,139,283.08,284.44,26,54,0
2023-09-03,46,1113,Sports,South,1,1,Rainy,18.6,96.7,296.69,9.67,403,1415.51,1404.98,15,374,161
2023-09-04,16,1165,Sports,North,0,1,Rainy,24.9,114.2,194.51,4.92,363,590.71,622.31,40,200,62
2023-09-05,30,1164,Beauty,North,1,0,Rainy,36.8,105.68,279.89,8.68,402,707.91,666.92,1,56,19
2023-09-06,32,1051,Electronics,East,0,0,Rainy,15.2,94.06,201.05,8.74,608,1271.4,1235.13,28,373,49
2023-09-07,24,1088,Beauty,South,1,0,Rainy,24.1,105.39,222.63,5.89,965,1317.66,1267.07,9,408,81
2023-09-08,48,1070,Grocery,West,1,0,Cloudy,32.3,111.28,182.84,4.14,301,192.05,188.92,36,227,40
2023-09-09,22,1041,Sports,North,0,1,Cloudy,23.8,81.88,229.34,11.56,469,381.97,346.34,36,142,47
2023-09-10,11,1031,Sports,East,1,0,Sunny,11.8,109.3,230.7,6.13,426,1792.49,1752.43,40,78,0
2023-09-11,22,1139,Toys,East,1,1,Sunny,16.5,90.0,288.84,3.65,947,1498.26,1588.27,50,474,183
2023-09-12,44,1044,Electronics,West,1,1,Cloudy,11.0,82.34,274.74,4.29,988,413.68,441.52,7,376,178
2023-09-13,8,1155,Furniture,West,0,1,Sunny,20.1,97.22,208.12,11.54,715,1603.33,1529.73,11,111,38
2023-09-14,3,1127,Beauty,North,1,0,Sunny,33.7,81.81,234.65,4.52,166,1144.65,1088.29,38,465,75
2023-09-15,13,1188,Furniture,West,1,0,Cloudy,31.8,81.32,238.34,6.53,927,1397.36,1389.3,33,250,50
2023-09-16,14,1129,Beauty,North,0,0,Sunny,34.2,81.32,222.01,9.18,614,343.27,323.21,14,206,32
2023-09-17,14,1120,Furniture,East,0,1,Rainy,33.9,112.08,227.7,5.18,211,564.7,570.38,39,224,75
2023-09-18,36,1065,Furniture,North,1,0,Cloudy,15.1,84.19,266.88,6.3,666,656.44,652.12,15,120,12
2023-09-19,4,1034,Electronics,East,1,0,Cloudy,21.6,113.17,270.95,5.81,705,791.11,719.98,39,458,68
2023-09-20,28,1170,Beauty,East,1,1,Sunny,27.6,81.78,275.54,4.79,496,1740.4,1624.47,42,232,71
2023-09-21,22,1003,Grocery,East,1,0,Sunny,38.5,112.7,297.64,5.47,703,573.62,553.6,25,24,2
2023-09-22,19,1138,Beauty,East,0,0,Cloudy,27.8,116.46,218.43,6.54,260,393.09,368.41,25,268,19
2023-09-23,5,1126,Toys,East,0,0,Rainy,28.1,86.85,234.49,10.17,615,200.5,204.38,8,410,48
2023-09-24,10,1034,Beauty,South,1,0,Cloudy,17.7,102.08,219.64,10.75,971,811.01,809.38,23,367,60
2023-09-25,17,1094,Beauty,South,1,1,Sunny,25.0,102.39,208.19,8.97,68,1051.86,1100.89,12,261,114
2023-09-26,33,1056,Furniture,North,1,0,Rainy,22.4,96.23,257.33,3.21,987,93.15,94.81,26,191,30
2023-09-27,12,1037,Furniture,East,0,0,Cloudy,22.3,112.57,213.71,10.86,653,353.01,320.23,14,251,35
2023-09-28,6,1068,Grocery,North,0,1,Rainy,23.5,87.06,279.34,5.05,199,1280.18,1327.61,46,380,130
2023-09-29,37,1084,Clothing,South,1,1,Cloudy,36.3,104.43,267.47,9.85,982,820.68,832.84,32,129,48
2023-09-30,10,1193,Clothing,North,1,0,Cloudy,12.6,119.69,279.48,8.51,127,1279.72,1322.48,4,360,57
2023-10-01,33,1193,Electronics,North,1,0,Cloudy,16.2,95.76,201.24,4.32,295,1566.53,1513.05,8,115,20
2023-10-02,31,1093,Toys,East,0,1,Rainy,17.0,85.35,264.45,9.35,203,411.47,382.48,20,198,73
2023-10-03,50,1025,Furniture,South,0,1,Rainy,20.8,83.41,259.81,6.04,739,1977.94,2089.24,27,22,9
2023-10-04,35,1103,Grocery,East,1,0,Sunny,16.0,97.01,277.6,3.04,773,1903.23,2028.06,20,452,92
2023-10-05,26,1191,Clothing,West,0,0,Cloudy,12.6,116.5,196.15,3.03,178,426.95,433.21,37,383,56
2023-10-06,6,1138,Clothing,West,1,1,Sunny,33.3,117.49,231.92,9.26,898,1041.74,1145.27,50,52,19
2023-10-07,48,1108,Sports,East,1,0,Cloudy,21.4,112.99,250.24,6.65,778,408.38,383.66,17,176,28
2023-10-08,37,1182,Toys,East,0,1,Sunny,23.5,80.18,212.27,10.99,277,1948.98,1869.76,6,456,171
2023-10-09,8,1128,Furniture,West,1,1,Sunny,15.4,83.95,202.31,5.71,681,260.04,271.31,37,450,196
2023-10-10,31,1050,Toys,North,0,0,Rainy,23.3,84.16,219.2,3.28,200,1202.3,1169.92,15,393,52
2023-10-11,48,1053,Grocery,South,1,0,Sunny,19.0,88.29,294.72,3.79,242,669.76,659.91,12,364,68
2023-10-12,46,1076,Grocery,North,1,0,Cloudy,30.2,105.31,187.74,12.0,255,1863.04,1749.62,22,153,20
2023-10-13,23,1067,Beauty,South,0,0,Rainy,19.1,99.39,229.22,8.14,164,1394.21,1295.81,25,492,67
2023-10-14,35,1035,Toys,East,1,0,Sunny,37.9,117.25,221.59,4.07,590,864.36,942.87,6,407,66
2023-10-15,6,1110,Sports,South,1,1,Cloudy,28.2,84.27,216.29,5.24,448,710.49,667.9,33,242,93
2023-10-16,8,1058,Furniture,West,1,1,Sunny,22.9,97.17,181.3,5.45,251,932.72,843.15,48,362,153
2023-10-17,25,1121,Electronics,South,1,1,Rainy,10.1,104.22,289.73,6.37,265,1618.95,1513.42,29,424,163
2023-10-18,34,1197,Toys,East,0,1,Cloudy,33.1,85.62,251.29,7.02,164,1715.39,1637.46,35,240,88
2023-10-19,40,1194,Electronics,West,1,1,Rainy,32.3,117.44,226.22,5.32,284,77.83,82.18,7,331,152
2023-10-20,10,1164,Clothing,East,0,0,Rainy,39.2,93.05,180.15,6.52,125,897.19,860.4,14,297,52
2023-10-21,18,1013,Grocery,West,0,1,Rainy,20.1,93.83,230.18,8.3,78,1184.65,1087.27,8,202,60
2023-10-22,43,1193,Electronics,East,1,0,Rainy,30.3,82.25,241.13,8.82,184,1038.83,1043.58,12,79,17
2023-10-23,40,1110,Furniture,South,1,0,Rainy,26.1,107.33,223.77,8.21,912,1232.62,1326.8,29,229,35
2023-10-24,16,1132,Clothing,West,0,0,Rainy,31.4,107.91,212.37,7.39,436,432.49,424.29,32,274,40
2023-10-25,8,1112,Clothing,South,1,1,Rainy,39.3,104.22,291.03,10.26,455,1347.68,1353.44,21,277,124
2023-10-26,50,1169,Grocery,East,1,0,Sunny,28.2,109.24,264.47,7.68,353,1404.24,1341.53,28,317,60
2023-10-27,40,1077,Grocery,North,1,0,Rainy,14.8,82.85,210.29,9.5,915,114.69,112.43,24,95,29
2023-10-28,20,1037,Toys,East,1,1,Sunny,19.3,117.94,224.41,9.7,728,995.53,1033.51,50,30,0
2023-10-29,30,1111,Furniture,South,0,1,Cloudy,36.4,102.81,252.92,5.88,703,1307.29,1328.93,25,380,151
2023-10-30,42,1091,Beauty,North,1,0,Rainy,15.1,112.0,207.42,11.56,437,249.96,261.28,17,80,10
2023-10-31,4,1132,Grocery,South,0,0,Cloudy,14.3,92.71,270.85,4.9,49,58.53,59.53,22,42,0
2023-11-01,5,1189,Electronics,East,1,1,Cloudy,34.9,97.83,254.03,3.49,375,1998.47,1927.33,15,266,99
2023-11-02,2,1065,Toys,West,1,1,Cloudy,33.1,92.53,291.39,5.55,159,1658.15,1569.24,13,441,194
2023-11-03,16,1199,Beauty,East,1,1,Sunny,27.1,81.68,265.55,8.05,830,153.48,142.36,5,126,65
2023-11-04,4,1104,Sports,East,1,0,Sunny,21.0,109.77,209.17,11.96,969,1868.68,2042.54,43,267,43
2023-11-05,48,1161,Grocery,South,1,0,Cloudy,28.9,118.28,264.43,11.25,484,266.51,278.22,9,445,100
2023-11-06,35,1041,Electronics,West,0,1,Cloudy,15.7,86.6,206.37,7.75,405,949.55,975.14,33,78,19
2023-11-07,44,1022,Sports,North,0,0,Sunny,37.6,102.28,286.48,11.98,716,985.33,888.03,43,91,5
2023-11-08,23,1116,Toys,East,0,1,Rainy,19.3,106.37,288.42,8.45,717,419.05,401.62,49,251,71
2023-11-09,45,1048,Toys,West,0,1,Sunny,19.2,80.67,198.82,7.52,288,1937.29,1799.31,14,56,9
2023-11-10,5,1067,Clothing,North,0,0,Cloudy,15.7,107.0,272.05,4.25,936,783.8,743.28,21,140,16
2023-11-11,37,1164,Beauty,North,0,1,Cloudy,24.4,88.81,290.36,4.66,413,1941.88,1871.96,13,409,155
2023-11-12,12,1178,Clothing,West,1,0,Sunny,38.9,94.49,221.41,5.98,206,103.08,92.81,7,344,80
2023-11-13,45,1178,Beauty,East,1,1,Rainy,26.5,92.4,251.36,3.04,297,161.04,148.31,46,441,177
2023-11-14,30,1004,Grocery,South,0,0,Cloudy,29.6,98.25,253.84,3.49,372,1565.88,1643.61,40,325,18
2023-11-15,34,1062,Toys,North,0,0,Sunny,10.2,90.97,266.77,5.07,518,305.92,321.95,3,96,30
2023-11-16,30,1045,Toys,East,1,1,Rainy,36.5,84.58,231.76,7.17,679,158.77,167.11,27,414,167
2023-11-17,42,1191,Grocery,South,0,0,Sunny,20.5,98.68,231.53,10.52,657,1241.76,1146.91,10,270,36
2023-11-18,14,1055,Clothing,East,1,0,Cloudy,28.7,94.7,227.74,6.15,183,174.67,190.54,38,498,93
2023-11-19,47,1084,Beauty,North,1,1,Sunny,32.5,99.94,290.23,9.85,457,1699.64,1786.42,48,304,145
2023-11-20,12,1090,Furniture,East,1,1,Rainy,39.9,97.48,250.03,11.09,351,1370.12,1366.31,0,184,67
2023-11-21,8,1144,Furniture,East,0,1,Rainy,28.0,110.96,229.63,5.52,365,179.91,175.38,41,22,0
2023-11-22,22,1106,Toys,West,0,1,Sunny,22.7,95.12,253.24,8.56,67,1703.75,1719.24,50,417,156
2023-11-23,20,1177,Furniture,West,0,1,Sunny,25.2,111.29,279.45,7.54,52,1446.25,1331.19,9,410,161
2023-11-24,41,1164,Grocery,North,0,0,Rainy,15.2,87.38,273.05,5.02,32,390.39,415.14,46,164,10
2023-11-25,17,1180,Beauty,West,0,1,Rainy,17.3,118.25,191.51,10.84,543,954.87,972.08,30,342,140
2023-11-26,9,1173,Toys,East,1,1,Cloudy,27.9,109.21,245.54,5.01,667,1980.34,1872.23,32,462,206
2023-11-27,43,1076,Toys,North,1,1,Sunny,38.3,116.89,257.42,8.4,367,329.15,332.45,30,353,148
2023-11-28,1,1147,Sports,North,0,0,Rainy,30.0,110.16,234.9,9.9,145,205.14,221.29,27,142,9
2023-11-29,14,1109,Beauty,North,0,0,Rainy,30.1,91.27,299.44,5.9,789,809.54,866.14,39,355,27
2023-11-30,18,1016,Electronics,East,1,1,Cloudy,16.2,116.44,299.05,6.22,773,581.48,533.68,45,173,68
2023-12-01,11,1005,Sports,East,0,0,Cloudy,28.8,117.97,218.46,8.13,873,957.17,946.25,20,188,31
2023-12-02,8,1086,Electronics,North,0,1,Rainy,35.0,110.37,297.77,11.84,895,913.48,965.36,24,356,137
2023-12-03,2,1175,Furniture,North,1,1,Sunny,16.3,94.6,192.07,10.35,288,1586.95,1604.92,24,454,174
2023-12-04,24,1151,Beauty,East,0,1,Rainy,32.1,107.73,249.96,10.62,927,316.11,322.37,42,76,1
2023-12-05,24,1100,Toys,East,0,1,Sunny,35.5,105.8,239.68,4.12,31,380.93,360.0,4,356,155
2023-12-06,49,1067,Clothing,West,0,1,Rainy,16.2,90.44,211.36,4.75,374,1858.22,1917.85,12,124,63
2023-12-07,31,1092,Toys,East,0,0,Cloudy,26.2,98.94,264.81,7.48,22,270.35,271.21,40,421,40
2023-12-08,44,1023,Electronics,South,0,1,Cloudy,19.8,106.74,199.18,4.82,292,508.5,485.67,40,483,164
2023-12-09,29,1004,Sports,West,0,0,Rainy,25.1,110.88,229.95,5.21,542,996.36,1058.73,41,40,2
2023-12-10,13,1173,Grocery,South,0,0,Sunny,36.4,92.21,242.29,8.93,753,516.48,497.69,38,271,15
2023-12-11,33,1199,Beauty,North,1,1,Cloudy,20.6,84.46,271.07,10.21,164,1353.8,1310.67,39,322,148
2023-12-12,41,1048,Toys,East,0,0,Rainy,32.9,99.94,264.78,7.85,819,1324.28,1442.49,14,456,65
2023-12-13,41,1025,Grocery,West,1,1,Sunny,17.7,88.97,286.77,3.53,369,1490.78,1482.73,10,190,78
2023-12-14,32,1058,Grocery,South,1,0,Sunny,22.3,86.53,199.47,3.74,919,702.61,654.26,44,269,26
2023-12-15,40,1108,Toys,East,1,1,Sunny,12.4,95.42,234.2,8.7,447,370.05,371.1,6,441,197
2023-12-16,50,1169,Furniture,West,1,1,Cloudy,34.5,95.55,279.38,4.15,794,1407.42,1516.81,21,42,13
2023-12-17,41,1026,Electronics,South,1,1,Cloudy,21.3,116.76,297.46,10.94,613,686.14,698.48,36,62,23
2023-12-18,33,1150,Toys,East,1,1,Cloudy,37.3,103.36,268.23,6.95,380,624.75,667.56,42,480,193
2023-12-19,49,1015,Clothing,West,1,1,Sunny,30.4,97.91,223.29,5.08,283,1194.26,1299.67,24,186,83
2023-12-20,17,1079,Furniture,East,1,1,Cloudy,12.0,91.7,218.18,5.85,740,1780.39,1871.62,34,361,157
2023-12-21,26,1077,Furniture,East,0,0,Sunny,17.5,119.25,237.08,8.02,178,199.06,216.54,6,134,20
2023-12-22,40,1128,Clothing,East,0,0,Rainy,24.5,115.82,195.9,9.99,471,1488.73,1637.2,16,447,46
2023-12-23,10,1042,Clothing,North,0,1,Sunny,31.5,114.07,261.29,5.48,120,412.77,410.69,11,137,70
2023-12-24,10,1012,Furniture,East,0,1,Rainy,16.5,99.1,293.16,3.47,459,510.61,483.52,38,305,107
2023-12-25,43,1161,Toys,West,1,0,Sunny,38.7,86.37,299.07,7.78,958,1082.41,1183.65,29,207,18
2023-12-26,12,1107,Grocery,South,0,1,Rainy,36.4,109.09,246.81,6.12,539,1149.65,1193.12,33,383,161
2023-12-27,43,1024,Toys,North,0,1,Sunny,26.8,99.88,286.66,8.04,312,313.06,321.98,26,150,57
2023-12-28,38,1191,Sports,East,1,0,Rainy,15.9,91.35,261.26,9.41,807,1211.79,1121.54,0,158,45
2023-12-29,4,1145,Sports,South,0,1,Sunny,18.3,87.84,255.2,9.95,889,112.27,101.59,41,61,1
2023-12-30,30,1058,Electronics,West,0,0,Sunny,18.8,89.1,258.92,8.9,700,1021.0,1115.08,19,150,0
2023-12-31,31,1129,Grocery,North,1,0,Sunny,12.5,116.2,223.9,8.57,572,1887.75,1861.95,38,59,8
2024-01-01,8,1146,Toys,South,1,0,Rainy,18.7,104.94,201.18,3.34,413,1162.55,1192.43,4,202,41
2024-01-02,10,1139,Grocery,North,0,1,Rainy,25.2,94.27,231.15,6.22,956,159.87,147.29,34,44,15
2024-01-03,2,1193,Grocery,West,1,1,Sunny,13.5,114.61,206.67,6.5,367,1695.04,1650.25,1,37,18
2024-01-04,2,1056,Furniture,West,1,1,Rainy,17.2,111.15,298.3,11.94,262,1119.95,1200.05,28,347,149
2024-01-05,45,1140,Clothing,East,0,1,Sunny,35.8,117.04,192.86,8.33,99,1095.11,1027.65,12,456,174
2024-01-06,31,1035,Clothing,North,0,0,Cloudy,29.9,117.37,269.27,4.85,792,1454.17,1324.09,24,98,7
2024-01-07,3,1099,Beauty,West,1,0,Cloudy,20.5,114.55,198.29,4.44,308,1705.28,1808.11,21,438,83
2024-01-08,49,1181,Sports,East,1,1,Sunny,34.4,97.3,191.07,6.34,940,1210.58,1293.47,13,217,88
2024-01-09,48,1073,Grocery,South,1,0,Rainy,23.1,98.08,226.08,10.61,191,848.22,881.8,24,57,12
2024-01-10,32,1078,Sports,West,0,1,Rainy,39.9,93.41,199.94,4.29,761,1525.79,1584.41,23,325,124
2024-01-11,10,1094,Clothing,West,0,1,Rainy,16.9,83.32,281.04,11.64,969,826.41,858.57,12,168,55
2024-01-12,49,1131,Toys,West,0,0,Sunny,22.8,84.91,225.61,6.09,929,1774.05,1810.59,11,494,85
2024-01-13,41,1188,Sports,East,1,0,Rainy,10.1,93.89,261.19,5.35,880,1296.68,1325.48,50,51,4
2024-01-14,46,1135,Furniture,North,0,1,Cloudy,31.5,94.77,222.28,7.52,990,1901.69,1873.99,20,154,48
2024-01-15,49,1157,Furniture,West,1,0,Rainy,32.0,116.88,255.85,8.83,79,1475.87,1578.63,13,216,31
2024-01-16,34,1043,Beauty,West,1,1,Cloudy,17.7,119.18,286.34,7.75,83,1623.26,1749.82,28,287,133
2024-01-17,31,1047,Beauty,East,0,0,Cloudy,13.2,101.2,245.2,6.64,469,1068.76,1128.13,38,153,0
2024-01-18,24,1028,Electronics,South,0,1,Rainy,24.5,105.83,257.1,8.55,178,955.11,892.28,28,480,199
2024-01-19,47,1038,Sports,East,1,0,Rainy,12.2,110.65,281.67,6.16,76,764.16,812.25,2,308,73
2024-01-20,46,1063,Furniture,North,0,0,Sunny,18.7,112.28,212.83,11.69,656,1917.7,1786.42,36,445,64
2024-01-21,43,1015,Grocery,West,1,1,Cloudy,38.6,95.5,273.68,5.0,746,1473.51,1554.01,33,476,202
2024-01-22,38,1069,Electronics,North,0,1,Sunny,35.0,115.39,270.05,11.55,516,104.52,103.68,33,155,42
2024-01-23,4,1142,Furniture,West,0,1,Sunny,39.1,84.22,229.94,8.14,166,922.49,942.71,31,178,67
2024-01-24,27,1013,Electronics,North,0,1,Cloudy,28.3,106.07,233.1,5.63,21,1209.09,1199.89,4,282,113
2024-01-25,44,1177,Beauty,West,1,0,Cloudy,10.3,83.75,243.2,6.05,269,1631.01,1481.29,31,51,10
2024-01-26,2,1026,Electronics,South,0,0,Cloudy,13.5,108.09,247.15,4.96,986,1247.39,1202.14,47,38,10
2024-01-27,5,1195,Toys,North,1,0,Rainy,31.8,84.48,273.95,11.24,466,1251.19,1351.53,4,40,24
2024-01-28,8,1073,Toys,East,0,0,Rainy,16.9,87.18,197.98,4.37,134,1156.47,1100.33,8,486,83
2024-01-29,22,1130,Sports,West,0,1,Rainy,14.4,82.52,284.92,3.18,821,354.07,341.8,19,422,160
2024-01-30,39,1100,Clothing,East,0,0,Cloudy,18.3,109.55,288.13,3.75,550,1343.58,1422.25,20,446,65
2024-01-31,4,1085,Sports,West,1,1,Sunny,39.5,86.83,197.0,5.27,805,319.72,301.51,23,111,29
2024-02-01,15,1030,Sports,West,1,1,Cloudy,23.3,117.72,281.26,11.66,177,54.64,49.36,5,373,171
2024-02-02,9,1004,Grocery,North,1,1,Rainy,35.0,111.43,235.47,5.77,925,376.07,376.84,31,303,144
2024-02-03,1,1128,Grocery,North,0,1,Cloudy,23.0,81.25,249.43,6.48,420,1740.58,1830.27,27,109,33
2024-02-04,11,1182,Toys,West,1,0,Cloudy,11.2,111.68,239.13,11.86,324,1652.39,1683.9,16,445,83
2024-02-05,21,1164,Toys,East,1,1,Rainy,24.0,108.68,194.16,9.19,941,1284.9,1185.0,12,150,69
2024-02-06,38,1055,Sports,South,1,0,Sunny,38.1,111.07,276.7,9.91,456,1923.68,1830.21,46,293,55
2024-02-07,41,1075,Grocery,West,1,1,Rainy,30.7,93.71,213.02,3.53,933,1472.6,1537.42,9,349,161
2024-02-08,25,1107,Clothing,East,1,0,Cloudy,39.7,86.89,297.42,4.23,274,646.03,705.0,46,145,20
2024-02-09,14,1090,Furniture,West,0,0,Cloudy,28.0,109.37,229.85,6.28,515,1358.15,1304.71,40,96,0
2024-02-10,15,1180,Toys,North,0,0,Sunny,34.3,98.67,227.61,10.13,99,1805.38,1867.48,30,24,0
2024-02-11,7,1080,Electronics,North,0,1,Cloudy,33.2,84.32,225.65,4.38,90,739.63,755.84,10,300,125
2024-02-12,30,1185,Furniture,East,0,0,Rainy,16.1,104.01,285.66,6.28,397,1779.62,1893.61,38,405,53
2024-02-13,49,1036,Electronics,East,0,0,Cloudy,38.2,102.27,191.1,3.27,612,1717.17,1646.73,0,38,13
2024-02-14,9,1193,Electronics,West,1,1,Cloudy,18.7,97.86,229.57,4.7,28,1676.72,1685.49,24,462,209
2024-02-15,13,1043,Beauty,West,1,1,Cloudy,16.8,105.65,190.53,5.22,784,169.74,164.3,38,277,126
2024-02-16,31,1021,Clothing,North,1,0,Rainy,31.6,91.67,251.03,3.28,405,1357.01,1438.65,46,215,13
2024-02-17,8,1073,Grocery,South,0,1,Rainy,19.0,108.97,262.86,9.54,873,660.3,635.29,3,202,65
2024-02-18,17,1064,Toys,East,1,1,Sunny,33.9,117.95,238.12,10.41,687,645.11,685.99,29,487,207
2024-02-19,37,1143,Toys,South,0,1,Rainy,20.3,91.8,267.37,11.44,175,288.13,259.86,19,345,123
2024-02-20,8,1195,Beauty,West,1,1,Rainy,21.2,102.63,280.35,3.28,374,908.36,930.15,24,216,84
2024-02-21,9,1191,Furniture,South,0,0,Cloudy,20.2,89.65,291.54,10.52,53,1504.81,1543.58,8,355,45
2024-02-22,13,1153,Clothing,South,1,1,Cloudy,16.2,113.71,238.5,9.72,128,392.64,381.55,19,205,94
2024-02-23,34,1185,Beauty,West,0,0,Sunny,40.0,109.52,194.04,7.0,144,1006.54,1040.17,23,305,40
2024-02-24,19,1145,Sports,South,0,1,Sunny,20.2,103.17,217.38,7.98,927,1117.9,1021.74,4,138,59
2024-02-25,21,1176,Toys,South,1,0,Sunny,37.4,111.34,213.43,11.07,814,1988.8,1921.5,10,389,80
2024-02-26,28,1072,Grocery,South,0,1,Sunny,33.0,80.01,251.94,4.27,582,870.36,876.2,46,380,134
2024-02-27,31,1143,Clothing,South,1,1,Rainy,13.1,88.89,258.88,10.11,68,1401.35,1384.42,47,201,85
2024-02-28,40,1152,Electronics,South,1,1,Cloudy,19.9,114.45,214.96,6.78,861,1165.12,1096.49,49,483,204
2024-02-29,6,1023,Clothing,West,1,1,Sunny,15.1,109.94,195.02,7.66,422,1447.31,1492.56,0,386,174
2024-03-01,16,1044,Grocery,East,0,1,Sunny,14.3,106.37,231.3,6.19,115,438.58,473.23,28,396,177
2024-03-02,16,1159,Toys,West,0,1,Cloudy,18.7,92.85,212.51,11.31,223,107.83,107.06,18,420,154
2024-03-03,29,1189,Furniture,West,1,0,Cloudy,36.7,115.95,278.62,9.73,830,725.34,667.35,13,69,22
2024-03-04,26,1063,Grocery,South,1,0,Sunny,31.2,87.87,219.9,9.61,494,1390.63,1477.86,25,467,123
2024-03-05,12,1087,Electronics,West,1,1,Rainy,11.3,95.46,256.89,6.21,547,1876.17,1955.66,27,61,32
2024-03-06,4,1108,Toys,West,1,1,Cloudy,16.3,95.42,297.35,7.47,906,259.23,270.07,4,112,48
2024-03-07,49,1067,Grocery,West,1,0,Rainy,27.5,110.88,186.01,3.05,88,1126.74,1168.74,0,481,94
2024-03-08,33,1125,Electronics,West,0,0,Cloudy,16.5,107.08,255.77,4.31,103,1154.45,1155.82,36,433,57
2024-03-09,7,1157,Toys,West,0,0,Rainy,20.0,83.89,242.97,3.67,774,755.98,744.03,0,72,29
2024-03-10,33,1009,Toys,West,1,1,Cloudy,13.8,96.46,216.75,10.04,361,300.96,302.06,14,106,21
2024-03-11,26,1112,Clothing,North,1,1,Sunny,12.3,83.34,253.71,10.23,942,614.81,583.57,15,186,77
2024-03-12,9,1183,Beauty,West,1,0,Rainy,20.3,89.88,239.02,8.93,84,231.01,231.87,8,184,15
2024-03-13,41,1199,Clothing,North,1,0,Cloudy,13.3,86.78,191.48,5.97,567,1401.8,1377.52,34,67,11
2024-03-14,48,1050,Clothing,North,0,1,Sunny,15.6,91.33,181.49,7.26,626,860.85,884.04,32,245,84
2024-03-15,48,1076,Furniture,East,1,1,Cloudy,14.3,100.61,286.66,11.95,242,1248.84,1263.26,11,74,37
2024-03-16,49,1033,Clothing,East,1,1,Rainy,34.6,115.99,222.16,4.96,86,713.86,672.17,48,360,145
2024-03-17,46,1170,Furniture,East,1,1,Cloudy,32.4,101.82,274.7,5.64,925,1009.32,954.51,5,104,47
2024-03-18,22,1191,Grocery,South,1,0,Sunny,22.7,111.06,279.24,4.22,767,1463.65,1602.51,28,235,43
2024-03-19,49,1041,Sports,North,1,1,Cloudy,11.5,89.45,252.83,4.93,404,909.17,941.92,29,151,51
2024-03-20,20,1025,Electronics,East,0,1,Sunny,32.5,110.48,242.37,11.88,76,1809.11,1707.02,17,38,4
2024-03-21,48,1194,Toys,South,1,0,Rainy,15.9,109.2,196.23,11.64,74,461.77,476.94,27,223,31
2024-03-22,26,1073,Furniture,East,0,1,Rainy,25.3,100.33,265.94,8.78,498,1075.61,1078.19,19,199,82
2024-03-23,47,1126,Toys,East,1,1,Sunny,13.0,114.95,190.39,11.26,636,1693.1,1664.91,41,464,185
2024-03-24,40,1014,Furniture,South,0,1,Sunny,10.6,114.41,295.53,9.5,773,1828.07,1991.96,48,272,82
2024-03-25,26,1134,Beauty,West,1,0,Sunny,10.6,87.49,226.23,10.29,81,1300.88,1429.94,20,488,69
2024-03-26,9,1067,Electronics,North,1,0,Sunny,32.0,119.91,224.87,3.86,845,484.76,468.99,36,164,12
2024-03-27,4,1064,Sports,West,0,0,Cloudy,18.1,118.98,255.91,8.11,793,1451.07,1444.64,19,415,49
2024-03-28,21,1053,Toys,West,1,1,Sunny,14.3,110.04,233.84,7.42,175,271.39,278.81,12,191,79
2024-03-29,49,1018,Clothing,South,0,1,Cloudy,15.9,106.61,241.45,4.72,920,643.13,684.69,41,315,122
2024-03-30,38,1183,Beauty,East,0,0,Sunny,36.1,116.49,183.83,9.89,610,1849.12,1779.52,49,35,0
2024-03-31,44,1116,Electronics,South,1,1,Sunny,36.5,111.93,266.74,4.96,229,632.93,649.83,19,52,11
2024-04-01,19,1161,Furniture,North,1,1,Sunny,35.4,110.39,274.04,7.22,894,1857.76,1974.65,46,170,59
2024-04-02,42,1157,Grocery,North,0,0,Rainy,14.1,115.69,245.04,4.2,745,714.27,655.26,30,412,27
2024-04-03,22,1006,Sports,West,1,0,Sunny,16.7,90.95,187.24,10.8,976,585.16,572.23,5,338,78
2024-04-04,41,1082,Electronics,West,1,0,Rainy,12.8,94.04,186.18,6.82,968,1395.73,1507.87,27,418,66
2024-04-05,33,1112,Grocery,South,1,1,Cloudy,32.5,98.5,261.13,11.75,145,396.97,402.94,36,119,51
2024-04-06,39,1023,Furniture,West,1,0,Cloudy,35.9,119.22,256.43,3.01,195,1311.03,1331.33,27,416,63
2024-04-07,11,1189,Clothing,East,1,0,Rainy,25.2,113.91,293.88,3.0,30,477.86,482.17,32,346,59
2024-04-08,19,1109,Clothing,East,0,1,Cloudy,29.4,112.95,216.48,8.86,518,1409.06,1437.87,12,377,136
2024-04-09,12,1002,Grocery,South,0,1,Cloudy,35.8,96.11,236.5,8.83,231,967.35,942.62,47,425,146
2024-04-10,19,1084,Furniture,West,1,0,Sunny,27.4,90.43,294.4,5.59,38,1826.48,1684.61,8,96,17
2024-04-11,12,1089,Furniture,East,0,1,Sunny,14.1,96.86,216.71,5.15,836,778.23,818.76,36,163,58
2024-04-12,48,1166,Sports,West,0,0,Rainy,33.1,86.03,294.87,6.8,168,1625.5,1545.28,28,239,20
2024-04-13,1,1052,Toys,South,0,1,Sunny,11.8,85.78,217.94,9.95,753,1079.95,1135.65,17,77,15
2024-04-14,16,1154,Toys,West,1,0,Cloudy,36.2,111.26,256.76,9.8,647,1543.31,1464.84,12,390,63
2024-04-15,13,1135,Furniture,West,0,1,Cloudy,27.4,101.17,221.46,4.1,478,460.27,494.38,27,295,137
2024-04-16,23,1047,Sports,South,0,1,Sunny,24.7,113.12,252.39,9.4,650,509.47,513.89,31,139,67
2024-04-17,47,1162,Clothing,South,0,0,Rainy,38.3,90.23,289.77,6.63,702,434.09,408.79,18,110,0
2024-04-18,40,1186,Clothing,North,1,1,Sunny,39.9,86.17,259.52,6.91,567,221.94,202.26,25,245,92
2024-04-19,30,1190,Furniture,West,1,0,Cloudy,28.1,83.01,299.5,11.85,66,749.82,761.25,16,484,69
2024-04-20,37,1146,Grocery,South,0,1,Sunny,30.8,91.23,260.24,4.42,282,323.56,298.8,45,140,52
2024-04-21,16,1039,Clothing,West,1,0,Rainy,20.5,101.13,212.85,8.45,648,1096.22,1076.24,25,61,7
2024-04-22,2,1103,Grocery,East,1,0,Rainy,24.0,113.94,251.93,6.13,803,337.48,330.51,44,287,56
2024-04-23,21,1009,Electronics,West,0,1,Sunny,25.2,108.48,222.59,9.97,831,66.16,67.2,37,487,173
2024-04-24,44,1180,Toys,South,1,1,Cloudy,10.5,93.07,284.55,8.55,337,1031.28,1024.51,14,196,83
2024-04-25,47,1156,Furniture,East,1,0,Rainy,38.5,92.86,298.97,10.57,653,1152.4,1060.28,3,269,30
2024-04-26,39,1163,Furniture,West,0,0,Sunny,14.2,97.17,284.43,6.41,711,214.92,235.98,15,141,16
2024-04-27,3,1003,Grocery,West,0,0,Rainy,33.3,109.69,282.73,7.29,449,1619.62,1776.28,39,260,28
2024-04-28,45,1145,Grocery,North,1,0,Rainy,20.8,114.83,225.28,8.35,30,278.18,274.55,4,99,3
2024-04-29,49,1010,Furniture,East,0,0,Sunny,22.1,114.35,288.58,9.16,993,728.56,732.89,22,495,49
2024-04-30,43,1041,Beauty,South,1,1,Rainy,20.7,97.45,201.93,4.63,118,642.23,702.93,39,178,60
2024-05-01,18,1197,Electronics,South,1,0,Rainy,22.1,103.99,205.03,3.47,584,204.32,201.62,20,320,67
2024-05-02,23,1189,Sports,West,1,0,Sunny,35.2,112.89,205.04,11.13,686,1581.28,1678.63,33,456,75
2024-05-03,32,1075,Electronics,North,0,1,Sunny,39.4,107.47,249.35,8.41,872,1084.22,990.81,20,87,8
2024-05-04,34,1150,Toys,West,0,0,Sunny,33.4,87.48,214.43,6.25,96,1029.79,936.56,24,462,56
2024-05-05,4,1144,Grocery,North,0,0,Cloudy,22.3,90.51,267.55,6.18,560,1156.15,1115.9,39,499,51
2024-05-06,18,1070,Electronics,South,1,1,Rainy,23.8,104.89,202.41,7.5,884,1887.11,1957.81,23,149,56
2024-05-07,33,1118,Clothing,West,0,1,Rainy,21.4,89.0,282.95,11.34,68,1675.68,1639.65,0,319,122
2024-05-08,41,1101,Beauty,North,1,0,Sunny,14.2,115.58,273.61,10.01,246,1838.09,1673.63,25,341,53
2024-05-09,24,1097,Furniture,North,1,0,Rainy,28.5,113.38,282.31,8.8,732,942.65,910.57,34,476,68
2024-05-10,31,1147,Sports,South,0,1,Rainy,18.0,98.47,285.16,10.59,62,1424.64,1374.95,9,62,13
2024-05-11,45,1197,Beauty,West,0,0,Sunny,14.1,96.9,273.81,7.47,951,1540.22,1654.09,11,148,15
2024-05-12,6,1026,Electronics,North,0,1,Cloudy,22.5,106.95,208.15,7.05,667,1867.02,1721.04,14,458,172
2024-05-13,16,1002,Toys,South,0,1,Rainy,39.3,90.0,244.08,9.91,33,454.21,443.84,12,397,164
2024-05-14,17,1163,Grocery,East,1,1,Rainy,38.9,116.29,227.12,9.84,54,1508.44,1646.75,35,40,0
2024-05-15,3,1013,Sports,East,1,0,Cloudy,13.5,98.76,224.7,11.03,954,230.43,221.86,14,370,55
2024-05-16,22,1117,Toys,North,0,1,Rainy,28.6,116.43,276.03,8.57,761,1843.5,1953.78,33,286,100
2024-05-17,8,1089,Sports,North,1,1,Rainy,22.2,115.54,258.94,6.07,133,935.58,848.67,26,490,200
2024-05-18,26,1101,Furniture,East,1,1,Cloudy,20.0,111.09,256.05,6.59,529,1865.76,1864.37,27,204,98
2024-05-19,39,1159,Clothing,North,0,0,Rainy,18.4,110.96,195.93,11.05,594,249.45,245.85,11,215,21
2024-05-20,20,1158,Sports,North,1,0,Rainy,21.5,86.41,242.01,6.64,749,703.55,765.53,42,211,33
2024-05-21,49,1053,Grocery,North,1,0,Cloudy,16.0,107.1,203.64,6.88,854,263.09,260.16,0,103,12
2024-05-22,13,1077,Clothing,West,0,1,Sunny,32.4,89.07,254.47,10.26,132,991.04,967.31,39,377,139
2024-05-23,27,1143,Grocery,South,1,1,Cloudy,38.4,119.57,291.96,5.46,221,284.23,291.88,48,180,61
2024-05-24,20,1004,Toys,West,1,1,Rainy,10.8,98.06,253.21,4.36,663,868.75,911.47,22,228,81
2024-05-25,22,1113,Furniture,North,1,0,Cloudy,36.9,109.63,211.51,5.96,108,1036.78,1056.96,16,190,28
2024-05-26,43,1033,Clothing,North,1,0,Cloudy,38.7,89.48,245.66,3.05,456,1697.55,1557.38,28,44,12
2024-05-27,42,1171,Furniture,East,0,1,Rainy,19.8,119.97,239.07,11.64,883,399.47,367.22,23,215,73
2024-05-28,44,1028,Furniture,East,0,1,Rainy,16.8,99.01,287.47,7.66,27,1461.47,1341.23,17,56,12
2024-05-29,41,1126,Toys,North,0,0,Rainy,13.3,94.97,257.08,8.91,326,1812.05,1667.69,37,203,30
2024-05-30,45,1167,Clothing,East,0,1,Sunny,21.5,81.45,284.65,4.57,423,881.36,806.95,33,45,15
2024-05-31,35,1066,Grocery,North,1,1,Cloudy,14.2,98.74,200.39,4.76,926,95.23,97.03,2,253,129
2024-06-01,47,1099,Clothing,East,1,0,Sunny,10.7,80.27,260.59,5.36,750,1461.26,1512.13,39,44,0
2024-06-02,33,1022,Beauty,West,0,0,Sunny,10.9,99.72,278.9,5.15,162,1625.15,1611.17,10,125,17
2024-06-03,28,1157,Beauty,East,0,1,Sunny,14.4,105.96,286.87,5.99,69,557.71,528.02,13,187,63
2024-06-04,10,1043,Furniture,East,1,0,Sunny,39.0,112.65,221.28,4.88,596,963.06,903.32,19,451,80
2024-06-05,43,1089,Beauty,West,1,0,Rainy,11.8,95.19,187.43,3.23,595,1263.2,1252.69,29,150,26
2024-06-06,1,1180,Clothing,North,1,0,Sunny,37.5,95.47,190.94,3.62,649,1716.51,1785.58,27,207,19
2024-06-07,42,1195,Grocery,East,1,0,Rainy,11.2,96.51,244.8,8.81,694,407.15,381.85,16,124,27
2024-06-08,24,1119,Toys,South,1,1,Rainy,36.3,102.49,200.07,5.93,676,991.05,1063.83,20,110,32
2024-06-09,30,1091,Furniture,East,1,0,Sunny,25.4,111.08,241.57,10.99,707,699.6,690.59,34,116,5
2024-06-10,28,1126,Furniture,West,1,1,Sunny,16.3,109.41,189.39,4.15,93,528.51,543.73,44,284,97
2024-06-11,42,1199,Sports,East,0,0,Rainy,18.6,100.45,278.94,6.02,712,1562.25,1509.62,50,252,23
2024-06-12,19,1145,Toys,South,1,0,Cloudy,30.8,94.48,224.6,5.58,56,1265.35,1187.48,21,372,68
2024-06-13,12,1017,Clothing,North,1,0,Cloudy,39.5,111.59,230.4,10.65,982,1583.25,1726.65,46,313,65
2024-06-14,41,1145,Beauty,South,1,1,Sunny,38.9,99.03,218.51,11.02,37,1113.81,1150.45,4,39,22
2024-06-15,11,1046,Electronics,South,0,1,Rainy,13.2,83.86,277.58,8.37,249,315.98,294.07,22,486,170
2024-06-16,17,1026,Clothing,South,0,1,Sunny,28.8,96.5,299.9,4.15,322,564.96,531.39,30,74,19
2024-06-17,21,1032,Beauty,West,1,1,Rainy,26.5,112.39,271.89,11.64,715,293.08,284.46,38,71,22
2024-06-18,14,1046,Furniture,East,0,0,Sunny,31.2,95.73,220.52,10.14,444,1241.12,1127.09,12,387,42
2024-06-19,46,1049,Electronics,North,1,1,Sunny,27.0,89.89,204.03,7.93,382,621.9,601.82,29,500,226
2024-06-20,36,1187,Furniture,West,0,1,Sunny,36.4,115.15,219.57,5.56,712,1187.39,1072.1,39,409,143
2024-06-21,39,1021,Toys,East,0,1,Cloudy,26.8,99.82,248.28,6.53,605,1233.07,1163.36,33,75,13
2024-06-22,37,1166,Electronics,East,1,1,Rainy,13.5,89.38,259.13,8.39,698,67.12,62.31,5,205,84
2024-06-23,21,1134,Beauty,West,0,1,Sunny,20.0,88.11,285.55,3.31,536,1561.6,1590.69,25,229,94
2024-06-24,28,1129,Furniture,East,1,0,Sunny,12.7,86.46,188.04,9.41,730,839.95,900.97,48,63,0
2024-06-25,30,1053,Beauty,West,1,1,Cloudy,16.0,80.73,222.44,7.46,698,138.12,129.97,3,358,173
2024-06-26,50,1037,Furniture,East,1,0,Cloudy,37.6,101.83,249.39,5.98,412,1239.16,1265.9,21,464,79
2024-06-27,11,1049,Electronics,East,1,1,Sunny,32.3,86.75,264.86,11.69,581,894.82,881.27,41,409,170
2024-06-28,1,1194,Toys,North,0,1,Sunny,29.6,114.91,266.47,9.55,653,1190.26,1146.69,19,401,155
2024-06-29,4,1143,Clothing,North,0,0,Cloudy,18.0,105.17,265.82,11.73,724,833.0,786.21,26,150,15
2024-06-30,5,1047,Grocery,West,1,1,Sunny,19.6,90.68,206.31,8.17,903,397.7,385.02,38,495,211
2024-07-01,19,1033,Clothing,North,0,1,Rainy,31.2,91.06,224.09,5.14,604,1413.62,1504.81,25,290,106
2024-07-02,42,1087,Beauty,South,1,1,Cloudy,35.7,80.77,191.75,8.83,124,372.65,358.24,49,216,64
2024-07-03,11,1200,Beauty,North,1,0,Sunny,10.2,110.47,236.17,9.35,641,898.88,853.37,6,445,102
2024-07-04,44,1082,Toys,North,0,1,Rainy,29.5,89.43,232.78,4.22,885,733.06,689.63,31,326,108
2024-07-05,4,1079,Sports,South,1,1,Rainy,26.5,87.2,224.14,7.2,524,319.8,331.61,20,137,57
2024-07-06,16,1059,Electronics,North,0,0,Rainy,38.5,103.02,276.94,5.44,801,540.28,583.63,12,493,73
2024-07-07,7,1092,Electronics,West,0,1,Cloudy,32.5,107.69,198.95,6.71,462,435.12,423.63,13,29,5
2024-07-08,38,1158,Electronics,South,1,0,Sunny,12.3,112.84,256.87,4.76,859,1433.5,1414.03,5,126,15
2024-07-09,46,1051,Clothing,North,1,1,Sunny,15.5,110.19,196.28,4.25,352,1389.53,1481.44,32,357,157
2024-07-10,21,1186,Grocery,West,0,1,Cloudy,35.5,94.21,232.58,5.84,265,1997.12,1885.76,11,81,23
2024-07-11,44,1100,Clothing,North,1,1,Sunny,14.3,117.19,293.43,9.64,98,680.76,618.25,19,153,52
2024-07-12,30,1129,Grocery,North,1,1,Sunny,13.2,87.87,239.69,3.19,214,1318.95,1337.71,16,72,37
2024-07-13,9,1098,Toys,West,0,1,Rainy,15.0,117.3,267.64,4.69,914,842.14,917.36,43,180,47
2024-07-14,19,1052,Furniture,West,1,1,Cloudy,38.7,99.15,216.69,7.31,896,1857.64,1815.43,32,229,93
2024-07-15,6,1177,Grocery,South,0,0,Rainy,28.5,102.44,276.29,9.47,991,312.93,287.56,28,20,0
2024-07-16,11,1165,Furniture,West,0,1,Sunny,18.9,104.12,254.77,10.71,380,283.28,296.58,22,236,113
2024-07-17,48,1011,Beauty,South,1,1,Cloudy,14.5,81.17,230.25,10.93,880,357.5,357.62,36,180,61
2024-07-18,46,1104,Electronics,East,0,0,Cloudy,37.4,95.3,260.69,6.32,193,1260.26,1182.12,46,192,25
2024-07-19,39,1012,Toys,East,0,1,Cloudy,10.4,82.19,264.41,9.93,312,1485.05,1620.4,47,448,161
2024-07-20,47,1195,Sports,North,0,0,Sunny,14.1,88.5,279.77,8.85,945,506.99,509.85,23,346,36
2024-07-21,7,1178,Sports,South,0,0,Rainy,14.6,87.88,274.73,5.18,773,1129.23,1066.58,36,296,29
2024-07-22,40,1173,Clothing,North,0,0,Sunny,28.8,119.68,249.91,9.87,500,1842.73,1748.25,42,254,16
2024-07-23,30,1100,Furniture,South,0,1,Sunny,29.0,108.57,201.88,8.34,412,1629.12,1713.17,26,188,60
2024-07-24,7,1078,Clothing,East,1,1,Rainy,18.1,80.95,228.35,10.38,411,1079.28,1038.14,43,452,182
2024-07-25,37,1158,Sports,North,1,0,Sunny,15.2,103.61,189.5,4.88,797,59.18,56.48,41,131,10
2024-07-26,38,1031,Clothing,North,0,0,Cloudy,38.8,97.52,229.23,11.04,41,1270.02,1395.93,29,405,64
2024-07-27,22,1014,Beauty,East,1,0,Sunny,23.2,113.03,250.87,8.13,928,1317.68,1187.49,45,286,39
2024-07-28,18,1167,Clothing,North,1,0,Cloudy,21.3,88.52,262.06,6.68,203,582.36,530.9,47,289,46
2024-07-29,8,1168,Sports,West,0,0,Sunny,25.2,87.83,181.67,11.1,347,991.42,1024.08,4,39,0
2024-07-30,16,1122,Furniture,South,0,1,Cloudy,20.0,90.71,266.25,4.16,973,1760.16,1772.15,33,199,78
2024-07-31,21,1127,Toys,North,0,1,Rainy,33.6,91.12,232.05,10.4,301,1621.53,1493.88,12,107,44
2024-08-01,44,1159,Electronics,North,0,0,Cloudy,29.5,117.6,242.57,10.73,897,1364.51,1321.1,7,449,73
2024-08-02,6,1031,Beauty,North,0,1,Rainy,11.4,87.65,269.47,5.25,365,1286.0,1309.67,25,280,110
2024-08-03,11,1131,Toys,North,0,1,Sunny,26.1,113.96,263.19,6.03,253,1633.64,1600.68,24,222,92
2024-08-04,26,1144,Toys,South,1,1,Rainy,25.4,107.46,235.19,3.81,98,1714.84,1611.52,34,137,54
2024-08-05,20,1128,Sports,West,0,1,Sunny,10.4,112.72,269.05,5.3,258,1983.18,2177.48,35,35,8
2024-08-06,7,1056,Electronics,North,1,0,Rainy,28.9,114.23,279.72,5.71,259,90.77,95.49,19,215,48
2024-08-07,37,1119,Toys,East,0,1,Cloudy,22.4,92.01,291.85,9.76,798,91.52,84.04,28,234,69
2024-08-08,15,1064,Clothing,East,0,0,Rainy,13.1,94.56,259.99,4.78,64,468.23,462.92,24,459,59
2024-08-09,25,1019,Furniture,North,1,0,Rainy,30.6,96.08,268.05,10.69,338,1602.55,1614.88,8,427,81
2024-08-10,39,1134,Furniture,South,1,0,Cloudy,13.2,95.57,227.18,4.26,819,597.53,644.95,3,187,34
2024-08-11,24,1113,Grocery,East,1,1,Sunny,12.5,88.9,248.48,10.68,685,1931.87,1797.69,45,318,130
2024-08-12,43,1070,Toys,East,0,1,Cloudy,31.0,114.57,188.19,8.62,84,905.82,941.83,24,236,87
2024-08-13,34,1097,Grocery,West,0,0,Cloudy,26.4,94.52,246.57,4.94,374,1051.51,998.97,46,492,60
2024-08-14,20,1124,Electronics,East,1,0,Sunny,35.0,92.71,295.37,6.46,948,1401.26,1289.39,27,181,24
2024-08-15,26,1100,Furniture,West,0,1,Rainy,33.2,117.78,296.54,10.4,163,126.01,125.86,6,287,112
2024-08-16,22,1161,Toys,South,1,1,Rainy,28.9,112.33,276.48,10.96,206,755.0,811.08,8,196,84
2024-08-17,30,1108,Electronics,East,0,0,Sunny,20.4,112.99,275.77,7.62,284,1094.25,1168.76,26,53,0
2024-08-18,43,1177,Sports,South,0,1,Sunny,18.4,85.8,251.12,10.87,881,1017.17,991.47,8,443,174
2024-08-19,8,1177,Sports,North,0,0,Sunny,37.0,101.77,279.17,3.09,34,597.11,543.06,31,497,69
2024-08-20,36,1080,Beauty,North,0,1,Sunny,36.3,97.31,268.29,4.33,380,927.7,925.56,43,398,136
2024-08-21,39,1012,Toys,East,0,0,Cloudy,37.5,109.42,247.64,5.44,217,820.11,878.95,49,324,35
2024-08-22,34,1196,Grocery,West,1,0,Rainy,14.0,103.47,293.86,3.72,737,428.01,466.84,42,263,18
2024-08-23,5,1117,Sports,West,1,0,Cloudy,22.3,116.92,248.47,5.69,709,1587.75,1647.75,39,70,0
2024-08-24,35,1162,Toys,West,0,1,Sunny,30.7,90.31,279.89,10.15,790,1654.02,1500.34,2,425,175
2024-08-25,35,1121,Clothing,East,0,1,Rainy,14.9,91.81,278.77,3.72,780,1907.31,2048.04,46,294,85
2024-08-26,25,1114,Toys,East,0,0,Sunny,36.6,84.52,249.24,7.73,83,904.56,864.47,45,61,0
2024-08-27,20,1044,Electronics,North,0,1,Cloudy,34.5,111.59,283.02,4.91,928,1506.94,1520.75,48,495,202
2024-08-28,2,1075,Furniture,South,1,1,Cloudy,23.1,109.11,275.45,10.57,969,1517.53,1431.23,42,103,43
2024-08-29,31,1059,Grocery,North,0,0,Rainy,19.6,91.87,227.61,7.5,842,1810.64,1978.74,11,447,79
2024-08-30,3,1153,Clothing,East,1,1,Sunny,24.6,112.09,259.84,3.52,944,970.89,1054.77,36,337,147
2024-08-31,5,1178,Beauty,East,1,1,Rainy,12.0,80.77,248.91,4.06,790,127.29,132.76,22,226,94
2024-09-01,31,1178,Furniture,South,0,0,Cloudy,28.8,81.35,243.2,6.12,796,1834.91,1868.06,44,195,10
2024-09-02,24,1006,Electronics,North,1,1,Rainy,12.2,97.06,281.14,9.92,716,514.57,560.38,23,392,163
2024-09-03,24,1112,Grocery,South,0,0,Sunny,23.5,101.63,201.46,11.29,237,1150.68,1040.65,12,255,36
2024-09-04,2,1031,Sports,South,1,1,Cloudy,32.2,118.66,259.8,4.66,707,1675.22,1558.84,46,162,45
2024-09-05,50,1037,Grocery,West,1,1,Rainy,24.7,104.45,212.52,6.38,906,1113.32,1047.52,11,161,67
2024-09-06,8,1196,Clothing,East,0,1,Cloudy,39.3,104.17,296.71,9.55,928,999.09,970.92,40,498,183
2024-09-07,34,1087,Sports,West,1,1,Rainy,21.0,111.03,249.81,5.49,479,1157.25,1102.94,34,368,172
2024-09-08,9,1168,Toys,East,0,1,Rainy,14.3,106.68,238.86,10.96,354,260.34,262.98,30,291,101
2024-09-09,41,1018,Clothing,East,1,1,Rainy,19.0,117.63,273.31,8.26,694,1456.07,1588.29,1,118,57
2024-09-10,5,1135,Toys,West,0,1,Rainy,36.2,117.96,296.24,10.87,703,1101.76,1166.67,42,215,58
2024-09-11,19,1187,Grocery,North,1,0,Cloudy,34.6,92.98,244.2,5.66,199,331.27,302.76,13,154,32
2024-09-12,50,1105,Clothing,North,1,1,Sunny,20.4,83.44,187.64,11.03,712,1724.37,1797.58,8,341,140
2024-09-13,31,1160,Electronics,West,1,1,Sunny,37.6,90.14,280.57,10.27,822,1587.92,1586.06,49,397,154
2024-09-14,23,1146,Grocery,West,1,0,Sunny,39.9,112.59,220.17,9.23,188,408.76,393.08,47,88,2
2024-09-15,24,1086,Grocery,East,1,1,Sunny,37.6,84.59,245.16,4.26,983,1641.65,1529.73,29,386,174
2024-09-16,8,1022,Grocery,North,0,0,Sunny,12.5,91.12,242.26,3.29,803,1952.14,1856.1,43,181,17
2024-09-17,29,1176,Furniture,South,1,0,Sunny,26.8,89.16,252.77,4.69,698,1426.95,1303.17,50,441,64
2024-09-18,41,1062,Furniture,West,1,0,Rainy,27.6,105.65,242.92,6.51,548,1635.32,1634.42,8,315,71
2024-09-19,21,1131,Clothing,East,1,0,Rainy,13.2,105.91,235.95,8.63,285,1833.79,1794.32,39,288,44
2024-09-20,18,1090,Toys,North,0,1,Rainy,37.9,81.12,215.63,7.72,75,1641.93,1526.02,27,168,35
2024-09-21,33,1137,Toys,West,0,1,Rainy,32.8,95.55,295.06,5.18,165,1469.35,1523.52,50,91,37
2024-09-22,44,1011,Toys,South,1,1,Cloudy,17.4,102.68,185.31,7.64,721,205.96,191.06,11,404,191
2024-09-23,9,1166,Sports,East,0,0,Rainy,25.3,81.28,214.88,3.97,417,1354.97,1264.23,14,270,42
2024-09-24,1,1001,Beauty,West,1,1,Rainy,12.3,82.16,185.55,4.58,762,890.28,885.97,18,409,186
2024-09-25,19,1062,Grocery,West,1,1,Cloudy,19.3,90.89,256.3,3.7,83,1643.23,1804.01,8,131,47
2024-09-26,15,1140,Sports,East,1,0,Rainy,31.5,118.34,237.73,3.5,384,1118.56,1127.07,4,337,51
2024-09-27,49,1088,Toys,West,0,0,Rainy,16.2,116.46,261.64,10.91,172,743.64,815.1,32,276,39
2024-09-28,40,1134,Grocery,South,0,0,Rainy,26.3,90.69,195.31,9.98,357,961.37,992.71,28,482,74
2024-09-29,40,1181,Sports,South,1,1,Cloudy,34.5,92.02,279.09,7.22,689,1224.85,1209.69,6,138,64
2024-09-30,8,1096,Beauty,West,1,0,Sunny,30.2,85.22,198.88,10.24,344,1222.7,1296.64,14,312,82
2024-10-01,34,1074,Clothing,South,0,0,Cloudy,10.4,114.28,246.57,6.1,749,978.65,954.77,43,115,0
2024-10-02,45,1122,Clothing,North,0,1,Cloudy,12.1,86.18,216.68,3.99,26,387.34,391.2,28,436,176
2024-10-03,36,1008,Furniture,South,1,1,Cloudy,36.7,108.56,216.91,11.68,62,788.58,808.29,20,316,152
2024-10-04,46,1159,Electronics,North,1,1,Sunny,32.4,119.8,208.76,6.73,213,1183.24,1251.44,11,57,37
2024-10-05,33,1121,Electronics,North,0,0,Cloudy,36.2,87.15,298.58,6.23,154,1512.11,1373.76,37,140,0
2024-10-06,37,1184,Clothing,West,0,0,Rainy,22.7,82.84,233.64,10.52,35,1735.75,1661.46,34,112,5
2024-10-07,23,1145,Toys,North,0,1,Sunny,27.0,111.62,230.25,3.52,432,1054.05,1081.37,32,206,83
2024-10-08,30,1184,Furniture,North,0,1,Sunny,13.6,80.8,279.5,6.14,177,1393.0,1504.36,21,27,0
2024-10-09,13,1033,Sports,West,0,1,Sunny,35.3,91.02,190.56,11.73,457,1236.41,1176.36,49,345,139
2024-10-10,48,1081,Furniture,East,1,1,Rainy,24.0,110.93,291.88,9.59,280,852.88,913.76,7,162,76
2024-10-11,1,1005,Electronics,North,0,0,Rainy,17.9,97.89,212.55,9.58,37,1527.96,1448.58,11,117,24
2024-10-12,12,1038,Clothing,South,0,1,Rainy,33.4,116.14,257.06,4.27,234,1455.32,1387.96,2,79,28
2024-10-13,32,1104,Clothing,West,1,1,Sunny,11.3,106.06,184.29,10.98,632,218.26,239.52,33,479,209
2024-10-14,25,1042,Sports,East,1,0,Cloudy,16.5,118.18,294.85,7.57,611,216.22,197.02,25,321,50
2024-10-15,15,1023,Clothing,East,1,0,Cloudy,10.6,99.24,239.79,6.05,356,242.1,251.28,7,280,46
2024-10-16,49,1058,Sports,South,0,1,Sunny,30.0,101.5,212.95,6.49,975,1294.5,1169.33,42,121,32
2024-10-17,33,1094,Sports,East,0,1,Sunny,28.5,86.43,228.35,5.52,350,934.46,853.3,28,147,47
2024-10-18,15,1125,Sports,North,0,0,Rainy,20.8,96.07,221.52,10.11,866,1151.69,1055.62,30,315,39
2024-10-19,35,1040,Furniture,South,1,1,Rainy,22.6,110.98,267.28,8.45,648,1511.56,1491.69,1,173,91
2024-10-20,8,1130,Furniture,West,0,1,Rainy,22.1,113.63,190.19,9.63,589,414.4,420.8,5,381,162
2024-10-21,33,1111,Clothing,South,1,0,Sunny,27.6,92.87,298.64,9.22,222,270.12,257.25,8,276,54
2024-10-22,41,1152,Furniture,North,1,0,Cloudy,24.2,105.87,245.46,4.96,943,668.46,638.36,37,215,45
2024-10-23,11,1045,Electronics,West,0,1,Rainy,25.9,89.62,181.3,10.2,378,1092.67,1128.48,45,302,101
2024-10-24,50,1118,Clothing,West,0,1,Cloudy,18.7,83.87,282.81,3.35,550,728.58,689.6,35,488,163
2024-10-25,39,1194,Grocery,West,0,1,Rainy,25.2,88.39,185.65,8.25,722,1271.3,1191.95,32,60,7
2024-10-26,36,1023,Furniture,West,0,1,Rainy,30.0,84.77,207.11,3.39,74,1930.32,1927.01,14,243,100
2024-10-27,30,1194,Clothing,North,1,0,Cloudy,18.2,101.14,182.16,3.56,789,79.96,85.18,14,142,27
2024-10-28,4,1176,Sports,South,0,1,Cloudy,27.7,90.21,180.96,3.84,860,1799.62,1920.07,49,348,120
2024-10-29,43,1163,Toys,North,0,1,Rainy,38.2,90.66,209.98,7.03,450,1903.62,1835.97,4,285,110
2024-10-30,47,1190,Clothing,West,0,1,Cloudy,29.1,109.77,203.53,11.21,986,690.17,726.08,19,269,119
2024-10-31,41,1152,Electronics,East,1,0,Cloudy,15.6,106.93,270.47,10.79,827,487.25,530.43,8,451,72
2024-11-01,48,1097,Clothing,West,0,1,Cloudy,29.1,111.15,225.43,10.98,158,785.14,771.23,39,317,127
2024-11-02,37,1146,Beauty,South,1,1,Cloudy,10.8,113.54,277.42,6.82,823,784.82,777.91,50,171,72
2024-11-03,35,1188,Furniture,East,1,1,Cloudy,38.6,104.02,289.16,7.41,513,467.18,482.63,40,279,135
2024-11-04,21,1009,Sports,West,0,0,Cloudy,31.9,111.21,208.2,11.11,599,515.67,512.33,18,373,52
2024-11-05,6,1171,Sports,South,1,1,Cloudy,25.0,112.64,233.86,7.02,680,1647.19,1780.52,23,153,62
2024-11-06,48,1194,Clothing,South,0,1,Sunny,14.1,89.94,180.36,5.99,837,905.69,916.64,10,429,167
2024-11-07,41,1131,Toys,North,0,0,Cloudy,29.7,93.86,273.27,10.84,531,826.78,869.21,3,282,34
2024-11-08,44,1009,Furniture,North,0,1,Sunny,15.7,106.49,189.97,9.67,250,1557.21,1492.93,5,308,120
2024-11-09,32,1080,Beauty,West,0,1,Cloudy,32.3,99.52,193.42,6.96,809,358.79,366.66,40,181,65
2024-11-10,17,1052,Furniture,East,0,1,Sunny,22.5,85.65,263.51,9.25,421,1929.7,1805.62,0,278,102
2024-11-11,39,1098,Grocery,West,0,0,Cloudy,17.4,113.89,224.66,10.68,454,925.2,844.34,39,59,0
2024-11-12,8,1002,Clothing,East,0,0,Rainy,34.3,116.4,283.97,7.95,704,1955.76,1818.8,5,144,19
2024-11-13,7,1143,Toys,West,0,1,Sunny,15.7,92.5,193.08,11.31,112,973.68,933.83,30,480,177
2024-11-14,18,1105,Beauty,East,1,1,Rainy,12.6,119.44,295.0,10.73,976,1969.71,1916.2,4,232,81
2024-11-15,49,1078,Sports,North,1,1,Rainy,15.8,107.61,225.82,5.09,441,1444.22,1446.81,21,29,28
2024-11-16,17,1054,Clothing,South,1,0,Sunny,39.5,83.51,223.91,6.58,492,88.38,86.49,27,334,66
2024-11-17,28,1161,Beauty,West,1,0,Sunny,17.9,92.36,221.06,5.47,896,587.15,638.41,17,414,64
2024-11-18,21,1056,Clothing,North,0,1,Sunny,38.9,109.39,189.11,7.69,60,1897.66,1851.59,13,326,118
2024-11-19,10,1154,Sports,East,1,1,Sunny,33.4,88.18,290.11,3.77,55,633.49,653.19,6,463,214
2024-11-20,50,1072,Beauty,South,1,1,Cloudy,10.8,104.4,191.76,10.21,682,83.52,75.98,38,68,34
2024-11-21,25,1055,Grocery,South,0,1,Sunny,19.5,119.87,196.09,7.97,389,1004.72,1062.06,7,375,156
2024-11-22,46,1076,Toys,North,0,0,Sunny,36.5,97.1,284.52,9.82,135,1049.05,1135.37,41,338,28
2024-11-23,11,1069,Clothing,North,1,1,Cloudy,12.7,98.01,194.68,9.44,467,65.35,66.92,5,68,15
2024-11-24,10,1061,Grocery,East,0,0,Cloudy,16.3,88.25,288.69,5.23,462,376.76,395.93,29,388,51
2024-11-25,9,1184,Clothing,East,0,1,Cloudy,37.9,116.43,183.37,5.28,292,1597.08,1649.82,5,407,167
2024-11-26,35,1171,Toys,South,0,0,Rainy,18.6,101.9,277.53,3.87,219,782.02,797.33,0,128,8
2024-11-27,34,1111,Beauty,East,1,0,Sunny,39.1,86.5,288.75,11.62,278,359.5,354.67,28,465,78
2024-11-28,33,1192,Electronics,South,1,1,Sunny,18.8,119.97,292.06,10.0,983,1636.04,1564.09,22,332,140
2024-11-29,1,1072,Clothing,West,1,0,Rainy,22.7,88.59,212.26,3.03,489,1193.13,1233.15,2,217,40
2024-11-30,23,1056,Grocery,South,0,1,Rainy,35.1,106.51,270.58,5.5,403,281.47,306.83,23,183,60
2024-12-01,1,1193,Toys,West,1,1,Rainy,24.8,108.68,274.1,9.7,704,928.42,1004.85,27,111,32
2024-12-02,7,1181,Furniture,South,0,0,Rainy,15.9,113.31,233.23,4.12,647,1738.48,1755.15,30,104,19
2024-12-03,19,1133,Clothing,South,1,0,Rainy,15.2,100.75,270.77,11.8,263,61.32,64.4,35,88,4
2024-12-04,36,1013,Toys,South,0,1,Cloudy,25.1,80.17,240.18,11.08,195,1996.45,2028.5,8,202,58
2024-12-05,12,1161,Electronics,North,1,0,Sunny,29.1,107.15,238.93,3.74,70,1473.02,1470.04,49,317,61
2024-12-06,38,1003,Grocery,East,0,0,Sunny,33.9,116.55,200.33,8.38,966,1606.03,1716.51,29,312,52
2024-12-07,37,1132,Toys,South,1,1,Sunny,15.1,111.59,207.84,10.57,326,145.87,131.41,41,259,101
2024-12-08,15,1124,Beauty,North,1,0,Rainy,11.5,95.19,219.33,5.64,33,1037.19,1118.26,35,427,75
2024-12-09,38,1095,Beauty,South,0,1,Sunny,38.4,83.37,202.41,8.82,542,862.46,842.31,2,31,24
2024-12-10,46,1117,Sports,East,1,0,Sunny,33.4,84.4,299.09,11.08,260,841.22,897.22,32,388,65
2024-12-11,32,1064,Furniture,South,1,0,Sunny,14.4,104.09,231.13,5.51,726,447.33,470.6,44,89,27
2024-12-12,45,1114,Toys,West,1,0,Rainy,19.4,117.58,258.86,4.66,862,1477.71,1497.51,48,479,79
2024-12-13,22,1173,Toys,East,1,0,Cloudy,19.1,106.86,258.6,3.46,498,1970.53,2010.02,5,399,68
2024-12-14,4,1060,Clothing,South,0,1,Sunny,37.1,104.96,193.73,11.4,203,443.89,400.48,21,405,142
2024-12-15,41,1023,Clothing,East,1,1,Sunny,34.5,84.41,259.03,5.45,246,1106.84,1008.66,7,52,18
2024-12-16,8,1029,Beauty,East,1,0,Cloudy,14.4,108.4,219.03,8.23,140,977.93,925.66,41,219,36
2024-12-17,28,1079,Toys,North,1,0,Sunny,16.5,98.02,211.66,11.92,782,51.2,47.03,34,49,14
2024-12-18,1,1105,Grocery,South,0,1,Rainy,17.1,95.38,272.77,11.69,602,1654.92,1593.44,42,283,88
2024-12-19,39,1161,Sports,North,1,1,Rainy,12.0,98.01,193.53,5.56,264,831.38,841.03,50,40,19
2024-12-20,18,1094,Toys,East,0,0,Rainy,28.5,81.98,185.6,10.91,54,1914.11,1882.11,20,225,14
2024-12-21,40,1139,Electronics,South,0,0,Sunny,21.9,103.56,271.0,6.5,414,611.72,643.8,44,141,5
2024-12-22,1,1087,Toys,North,1,1,Sunny,25.5,82.41,233.69,3.52,127,911.14,888.52,6,29,0
2024-12-23,21,1155,Grocery,North,1,1,Sunny,31.7,91.57,212.58,9.22,749,1089.32,1109.79,5,288,115
2024-12-24,28,1099,Sports,East,1,0,Rainy,37.6,118.22,192.72,4.33,440,1058.56,1061.52,7,23,16
2024-12-25,31,1161,Beauty,West,0,0,Sunny,12.4,98.57,255.38,4.96,522,1273.6,1280.03,29,398,44
2024-12-26,46,1045,Clothing,East,0,0,Cloudy,32.2,113.39,258.03,4.49,470,953.56,876.99,23,455,64
2024-12-27,7,1140,Electronics,West,1,1,Sunny,17.9,98.73,273.98,10.17,39,169.14,181.65,8,431,205
2024-12-28,27,1081,Furniture,North,0,1,Rainy,18.9,94.0,216.16,11.86,601,1345.93,1426.36,5,324,126
2024-12-29,26,1017,Clothing,North,0,1,Sunny,30.8,103.5,182.58,5.73,680,636.36,681.67,27,107,21
2024-12-30,10,1029,Furniture,East,0,1,Cloudy,16.5,103.28,286.18,11.19,69,942.1,923.95,47,225,57
2023-01-01,32,1092,Sports,South,1,1,Sunny,10.4,113.73,192.45,11.79,348,987.59,1006.1,0,227,110
2023-01-02,36,1017,Electronics,South,1,1,Sunny,33.9,97.51,208.05,5.01,63,1367.44,1401.34,47,281,107
2023-01-03,4,1027,Toys,South,0,1,Sunny,32.9,96.74,200.56,10.71,641,1309.97,1272.8,26,20,29
2023-01-04,29,1045,Beauty,West,1,1,Cloudy,12.0,115.89,195.26,11.73,120,420.33,433.42,16,500,237
2023-01-05,9,1116,Beauty,North,0,0,Sunny,16.1,110.99,195.91,8.65,78,150.49,145.2,43,134,25
2023-01-06,47,1103,Furniture,East,0,1,Sunny,26.3,110.84,266.21,6.35,258,270.73,247.85,25,171,65
2023-01-07,45,1130,Grocery,East,1,0,Cloudy,26.7,98.43,203.2,3.96,541,554.35,602.43,15,141,14
2023-01-08,8,1089,Grocery,West,1,1,Cloudy,24.0,82.53,226.08,8.85,234,1451.38,1366.47,8,102,52
2023-01-09,7,1112,Beauty,North,1,0,Sunny,25.4,114.77,190.04,9.31,939,1763.69,1705.28,31,154,39
2023-01-10,6,1035,Beauty,East,0,0,Sunny,26.3,87.62,286.5,4.76,35,1717.01,1572.08,36,385,43
2023-01-11,5,1152,Clothing,East,1,1,Rainy,36.9,109.47,291.35,9.8,405,343.56,323.06,28,446,201
2023-01-12,48,1035,Electronics,South,1,1,Cloudy,39.1,107.68,194.66,11.82,475,714.53,692.31,39,389,170
2023-01-13,12,1054,Electronics,North,0,0,Rainy,39.3,85.16,296.15,7.05,432,1983.1,1908.18,13,358,47
2023-01-14,45,1092,Electronics,West,0,0,Sunny,12.1,85.34,298.64,4.46,790,1696.98,1811.84,39,496,46
2023-01-15,44,1149,Grocery,North,1,1,Rainy,28.9,85.03,256.12,9.43,827,277.39,292.54,31,491,212
2023-01-16,16,1020,Electronics,North,0,0,Sunny,38.7,110.64,227.08,3.43,359,412.58,447.53,19,319,26
2023-01-17,22,1100,Furniture,West,1,0,Sunny,16.0,113.67,223.0,7.25,668,404.08,400.8,45,418,51
2023-01-18,12,1189,Toys,North,0,1,Sunny,15.4,90.71,245.26,10.8,42,1008.85,1109.2,38,438,160
2023-01-19,47,1182,Furniture,East,1,1,Rainy,19.4,88.53,222.3,8.37,188,1130.55,1040.11,27,140,55
2023-01-20,42,1198,Clothing,East,0,1,Rainy,17.8,108.14,296.47,10.8,991,198.63,180.12,32,155,46
2023-01-21,44,1120,Toys,North,0,0,Sunny,16.4,108.55,261.48,8.71,837,614.67,609.03,42,427,48
2023-01-22,23,1171,Furniture,East,1,1,Sunny,31.0,87.08,255.52,7.17,655,1498.73,1376.75,8,214,101
2023-01-23,46,1015,Furniture,North,0,0,Cloudy,12.6,89.37,244.21,6.97,824,599.17,586.77,49,87,1
2023-01-24,21,1068,Clothing,South,1,0,Sunny,23.2,113.55,181.26,6.72,499,910.73,976.43,13,50,19
2023-01-25,40,1174,Furniture,North,0,0,Rainy,22.0,95.81,186.1,7.31,989,1898.12,1922.1,38,64,0
2023-01-26,38,1049,Toys,South,0,0,Cloudy,19.6,97.7,254.69,5.73,673,1881.71,1821.39,23,38,0
2023-01-27,26,1131,Electronics,East,0,0,Rainy,22.4,98.42,240.27,6.56,669,843.61,771.3,45,405,42
2023-01-28,30,1184,Grocery,East,0,0,Rainy,18.1,94.5,284.22,11.88,105,1433.45,1536.4,37,328,41
2023-01-29,29,1088,Grocery,North,0,1,Rainy,21.5,88.5,245.29,5.89,310,700.6,631.0,8,355,142
2023-01-30,40,1176,Beauty,East,0,0,Sunny,13.8,82.15,222.95,8.46,77,1129.67,1134.28,45,139,10
2023-01-31,2,1145,Sports,South,0,0,Cloudy,11.2,108.7,290.73,10.89,848,1024.63,1005.68,50,323,16
2023-02-01,44,1104,Beauty,South,0,0,Rainy,31.2,97.93,187.24,11.37,702,63.94,69.63,42,266,34
2023-02-02,32,1057,Clothing,East,1,0,Rainy,30.0,103.91,250.95,9.58,164,226.97,220.81,12,46,12
2023-02-03,17,1176,Grocery,West,1,1,Rainy,27.4,98.6,231.14,8.71,957,897.62,860.0,13,342,156
2023-02-04,6,1069,Toys,South,0,0,Sunny,28.6,90.41,276.25,11.57,792,1410.83,1320.69,22,211,21
2023-02-05,7,1102,Beauty,East,1,1,Sunny,14.6,112.95,251.5,10.19,34,737.65,741.02,13,392,178
2023-02-06,26,1014,Furniture,South,0,1,Cloudy,27.3,118.43,249.6,10.14,866,1087.55,1189.3,46,384,134
2023-02-07,33,1149,Toys,North,0,0,Rainy,29.0,93.62,272.25,10.99,204,1083.96,1037.37,19,395,33
2023-02-08,13,1009,Clothing,South,0,1,Sunny,38.5,114.73,271.84,6.89,826,1868.95,1769.36,28,29,0
2023-02-09,17,1181,Grocery,North,0,1,Sunny,15.5,104.82,276.47,3.04,987,912.97,933.74,14,328,128
2023-02-10,29,1122,Sports,North,0,1,Cloudy,21.1,84.01,221.77,8.38,778,749.62,714.42,18,304,116
2023-02-11,41,1012,Clothing,North,1,1,Sunny,17.8,107.2,283.14,11.17,550,952.75,1012.74,48,198,62
2023-02-12,5,1083,Sports,West,0,0,Cloudy,13.4,105.83,234.73,9.91,54,1275.68,1249.65,33,164,10
2023-02-13,31,1104,Sports,South,0,0,Cloudy,30.7,117.22,217.18,9.97,630,245.12,225.63,20,355,39
2023-02-14,37,1048,Beauty,East,0,1,Rainy,24.7,113.67,213.38,6.9,267,1568.3,1499.27,26,396,132
2023-02-15,36,1088,Beauty,West,0,1,Sunny,21.3,89.46,188.17,11.85,136,234.06,229.6,33,208,91
2023-02-16,38,1096,Grocery,East,0,1,Sunny,22.9,99.76,238.88,4.48,436,1294.29,1235.5,47,124,37
2023-02-17,8,1021,Electronics,South,0,0,Rainy,27.1,110.93,212.38,3.48,111,1495.98,1359.98,5,351,54
2023-02-18,30,1079,Furniture,East,0,1,Cloudy,24.3,97.45,299.29,10.83,300,1777.93,1667.28,32,48,11
2023-02-19,17,1083,Beauty,South,1,1,Cloudy,10.3,118.74,269.93,3.39,204,949.62,976.92,23,249,108
2023-02-20,18,1188,Grocery,West,1,0,Rainy,18.2,107.07,261.47,3.55,196,803.03,863.73,40,183,31
2023-02-21,26,1104,Furniture,South,0,1,Cloudy,15.2,98.36,195.79,9.78,261,1416.54,1478.92,33,351,117
2023-02-22,29,1007,Toys,West,0,0,Rainy,32.6,91.07,207.67,6.96,388,1754.56,1595.53,11,311,44
2023-02-23,13,1132,Sports,East,1,0,Sunny,26.7,91.14,292.0,4.38,549,440.32,457.25,42,213,28
2023-02-24,36,1184,Clothing,East,0,1,Rainy,28.0,90.56,234.68,3.74,260,1796.58,1844.36,10,225,88
2023-02-25,49,1111,Electronics,South,0,0,Sunny,38.7,80.65,261.83,4.55,503,1095.85,1078.59,30,394,48
2023-02-26,36,1036,Sports,East,1,1,Cloudy,19.4,80.19,197.69,4.63,194,285.84,286.64,6,224,94
2023-02-27,21,1138,Beauty,South,0,0,Sunny,15.0,85.75,216.6,4.24,93,1802.3,1939.61,3,284,36
2023-02-28,14,1143,Toys,North,1,1,Cloudy,38.1,86.67,260.45,4.93,998,423.53,396.12,46,174,46
2023-03-01,26,1031,Toys,West,0,0,Cloudy,31.2,110.64,228.0,4.32,957,1818.67,1724.06,14,248,41
2023-03-02,49,1178,Clothing,South,0,1,Rainy,29.9,113.02,210.88,4.18,509,104.38,95.01,16,284,127
2023-03-03,41,1159,Furniture,East,1,0,Sunny,29.7,104.53,283.24,4.81,243,1008.66,1011.71,23,351,51
2023-03-04,4,1135,Grocery,West,1,0,Sunny,32.0,110.07,286.62,11.91,429,1334.55,1422.83,50,301,45
2023-03-05,30,1125,Grocery,West,1,1,Rainy,38.6,94.23,242.26,11.14,997,232.57,243.44,47,182,82
2023-03-06,30,1060,Grocery,South,1,0,Cloudy,16.4,110.63,250.78,3.34,272,1091.62,1185.55,47,323,57
2023-03-07,44,1015,Clothing,West,1,1,Rainy,32.9,118.08,200.25,11.45,927,1072.76,998.39,43,481,199
2023-03-08,3,1119,Toys,West,0,1,Cloudy,11.1,102.98,253.64,4.42,288,1331.19,1398.91,20,238,97
2023-03-09,16,1115,Grocery,North,0,1,Cloudy,30.8,117.7,187.64,7.02,673,693.71,720.56,29,255,100
2023-03-10,19,1123,Grocery,East,0,0,Rainy,23.6,92.15,215.65,9.22,828,1230.71,1232.7,2,422,56
2023-03-11,45,1103,Furniture,West,0,0,Sunny,34.3,119.08,298.1,8.18,158,477.27,494.11,0,490,49
2023-03-12,1,1144,Grocery,South,1,0,Cloudy,24.4,118.94,273.53,9.36,828,1385.03,1521.48,12,335,61
2023-03-13,15,1131,Beauty,North,0,1,Rainy,16.2,113.08,209.91,9.62,131,344.46,359.01,23,427,161
2023-03-14,45,1008,Beauty,East,0,1,Cloudy,20.9,113.91,247.93,5.05,730,395.96,402.56,30,288,119
2023-03-15,34,1061,Beauty,West,0,0,Cloudy,11.2,87.14,213.17,6.86,491,1145.5,1239.58,2,413,64
2023-03-16,15,1139,Electronics,West,0,1,Cloudy,21.8,81.56,257.88,9.29,991,1098.7,1078.25,16,159,64
2023-03-17,8,1140,Clothing,North,0,0,Rainy,17.9,86.66,273.38,4.58,362,1781.34,1684.63,47,72,0
2023-03-18,33,1192,Electronics,West,0,1,Cloudy,19.0,114.17,181.98,4.45,769,977.02,1070.06,11,268,97
2023-03-19,11,1030,Sports,East,0,1,Cloudy,39.1,115.63,197.66,3.62,143,1417.07,1338.17,4,392,137
2023-03-20,25,1099,Beauty,South,0,1,Rainy,23.2,94.62,249.93,4.19,471,959.01,988.45,32,378,141
2023-03-21,13,1180,Clothing,West,1,1,Rainy,36.9,110.07,253.65,10.13,257,556.15,572.47,27,420,183
2023-03-22,41,1153,Toys,West,0,1,Cloudy,18.7,119.08,274.64,8.53,598,232.05,231.93,48,118,31
2023-03-23,16,1194,Beauty,North,0,0,Sunny,10.7,99.29,264.35,7.86,918,277.98,296.68,10,395,57
2023-03-24,27,1053,Furniture,East,0,1,Cloudy,32.4,88.31,202.01,5.86,770,1054.65,1080.91,14,339,128
2023-03-25,17,1167,Clothing,East,1,1,Cloudy,39.0,110.75,289.46,11.52,474,1061.45,1060.24,38,448,184
2023-03-26,12,1075,Clothing,West,1,0,Rainy,19.4,96.32,227.03,6.49,602,1552.88,1629.19,8,464,107
2023-03-27,8,1056,Furniture,West,0,0,Rainy,21.3,112.89,195.71,11.79,639,1720.74,1837.63,13,486,69
2023-03-28,2,1140,Furniture,West,0,0,Sunny,25.0,83.07,293.58,11.48,939,841.4,810.45,45,423,40
2023-03-29,31,1020,Electronics,South,1,0,Sunny,31.3,110.24,268.33,8.47,216,668.0,618.64,49,279,37
2023-03-30,19,1075,Grocery,West,0,0,Cloudy,17.6,108.96,191.92,4.51,927,1409.44,1284.95,16,145,21
2023-03-31,5,1139,Grocery,North,0,1,Rainy,37.4,95.89,230.27,11.21,696,959.65,903.27,12,69,35
2023-04-01,32,1044,Toys,East,0,0,Rainy,20.5,88.52,229.9,11.01,567,1894.13,1802.4,7,175,23
2023-04-02,39,1189,Furniture,West,0,1,Rainy,12.0,86.13,241.05,11.83,656,1511.16,1465.91,50,282,93
2023-04-03,22,1024,Toys,East,0,1,Rainy,26.2,110.15,221.64,10.26,615,1702.58,1768.64,3,499,200
2023-04-04,30,1094,Beauty,South,1,1,Sunny,14.2,118.62,220.76,10.07,694,1428.34,1299.02,11,192,80
2023-04-05,40,1064,Sports,North,0,0,Rainy,15.1,90.76,214.25,10.01,848,763.17,734.91,0,146,17
2023-04-06,21,1140,Grocery,East,1,1,Rainy,39.0,85.94,254.25,6.98,516,1064.32,1077.84,28,183,63
2023-04-07,6,1105,Grocery,North,1,1,Sunny,22.1,99.31,290.65,3.12,731,1177.78,1261.8,2,255,118
2023-04-08,11,1159,Sports,North,1,1,Rainy,26.0,88.7,188.27,8.71,808,743.88,706.81,43,387,176
2023-04-09,12,1153,Electronics,East,1,1,Sunny,30.0,93.0,242.71,8.04,92,1962.75,1872.97,11,433,196
2023-04-10,21,1183,Furniture,North,0,0,Cloudy,17.0,94.26,187.68,8.97,811,635.12,690.83,32,344,47
2023-04-11,26,1049,Furniture,South,0,1,Cloudy,17.6,118.54,236.95,8.95,833,1700.87,1608.64,42,377,145
2023-04-12,13,1021,Furniture,South,1,0,Sunny,26.2,112.96,219.19,4.81,680,198.99,214.29,28,369,71
2023-04-13,38,1102,Electronics,South,1,1,Sunny,25.8,108.46,252.65,6.24,363,1035.99,998.7,30,322,126
2023-04-14,35,1131,Beauty,North,1,1,Cloudy,29.0,104.96,219.6,3.94,582,1917.41,2069.4,35,248,94
2023-04-15,19,1165,Clothing,West,0,0,Sunny,24.2,98.1,241.06,5.91,345,949.69,1024.79,43,256,28
2023-04-16,50,1164,Beauty,East,1,0,Rainy,26.2,94.93,229.7,9.78,756,501.7,468.25,29,381,67
2023-04-17,24,1079,Electronics,North,1,1,Rainy,14.5,98.16,289.63,11.37,372,1642.49,1801.87,10,219,81
2023-04-18,37,1138,Electronics,North,1,0,Rainy,39.6,103.52,183.18,8.02,280,826.19,878.48,27,388,79
2023-04-19,49,1198,Clothing,West,0,1,Cloudy,22.1,92.36,273.49,10.76,264,995.46,961.4,34,127,33
2023-04-20,15,1059,Sports,North,1,0,Cloudy,14.6,114.04,241.35,11.38,722,370.95,393.29,40,109,9
2023-04-21,48,1003,Beauty,West,1,1,Rainy,16.2,100.0,233.82,9.28,109,118.18,106.86,9,452,196
2023-04-22,3,1006,Grocery,South,1,1,Rainy,35.5,98.66,181.57,9.46,864,841.78,800.84,44,339,138
2023-04-23,46,1149,Electronics,West,0,1,Cloudy,24.6,96.56,180.42,10.77,643,1538.16,1671.62,10,201,81
2023-04-24,9,1147,Electronics,East,0,1,Sunny,23.7,119.47,297.62,4.41,512,192.41,195.96,25,401,154
2023-04-25,26,1030,Furniture,South,1,0,Cloudy,32.6,87.6,243.66,3.98,705,144.48,151.74,43,42,3
2023-04-26,19,1079,Furniture,North,0,1,Cloudy,37.3,90.61,194.05,9.69,29,938.75,987.39,12,68,30
2023-04-27,9,1053,Grocery,North,1,0,Rainy,28.0,95.09,192.37,7.41,93,1294.93,1382.91,40,133,10
2023-04-28,7,1098,Clothing,West,1,0,Sunny,28.3,98.16,284.69,4.73,683,304.79,306.57,2,101,20
2023-04-29,34,1075,Sports,West,0,1,Rainy,37.6,106.22,298.0,3.61,87,1332.54,1378.06,36,434,182
2023-04-30,38,1184,Toys,East,0,1,Sunny,36.6,93.48,223.84,11.49,105,1558.78,1523.75,17,311,130
2023-05-01,47,1125,Electronics,East,1,1,Rainy,30.3,103.5,192.03,5.82,809,1863.06,1678.44,2,347,156
2023-05-02,43,1122,Electronics,West,0,0,Cloudy,29.1,80.89,214.56,4.18,164,1914.61,1761.18,0,37,0
2023-05-03,19,1105,Toys,West,1,1,Sunny,12.4,115.92,243.15,7.96,341,634.19,614.79,21,382,151
2023-05-04,25,1037,Grocery,South,0,1,Rainy,18.5,83.79,190.62,6.12,902,796.37,750.95,46,93,29
2023-05-05,40,1056,Sports,West,0,1,Sunny,35.0,90.05,241.96,7.43,752,518.66,545.5,49,418,152
2023-05-06,36,1162,Toys,East,0,1,Rainy,29.1,82.18,235.76,3.21,333,1066.06,1108.21,43,248,79
2023-05-07,26,1034,Furniture,South,0,1,Rainy,16.4,86.3,281.11,5.76,591,506.75,526.69,25,410,162
2023-05-08,22,1015,Furniture,South,1,0,Rainy,17.1,109.86,268.82,11.06,257,1720.84,1573.3,26,151,3
2023-05-09,28,1124,Clothing,North,0,0,Cloudy,39.3,109.59,287.9,3.77,342,1405.5,1282.29,37,273,32
2023-05-10,8,1178,Electronics,East,1,0,Sunny,11.1,110.54,250.07,3.48,614,1195.54,1267.92,16,41,5
2023-05-11,43,1149,Beauty,West,0,0,Cloudy,25.9,99.23,294.82,7.53,702,1077.12,1049.88,33,363,42
2023-05-12,12,1119,Furniture,West,1,1,Rainy,21.0,97.39,272.18,5.64,164,1183.57,1182.21,21,31,13
2023-05-13,6,1155,Grocery,South,1,0,Cloudy,22.2,97.65,253.17,4.24,211,1537.91,1437.36,27,217,59
2023-05-14,23,1045,Grocery,North,1,1,Sunny,30.7,87.27,182.61,11.24,247,1345.87,1334.17,31,250,112
2023-05-15,40,1057,Electronics,South,1,0,Rainy,27.7,100.69,265.34,4.92,170,1521.09,1671.58,31,193,24
2023-05-16,47,1120,Grocery,East,1,1,Cloudy,23.0,82.5,272.88,11.59,347,1954.14,1897.88,9,252,105
2023-05-17,28,1092,Clothing,West,0,1,Cloudy,29.1,102.17,238.72,8.72,675,527.45,526.57,32,494,182
2023-05-18,7,1069,Sports,East,0,0,Rainy,26.0,96.39,254.89,7.14,44,667.85,611.56,45,197,27
2023-05-19,50,1091,Clothing,North,0,1,Rainy,34.2,105.02,194.71,7.69,834,1522.68,1636.26,6,64,15
2023-05-20,2,1017,Furniture,North,1,0,Cloudy,23.7,80.31,189.5,4.67,444,1038.67,1068.11,22,408,83
2023-05-21,26,1044,Sports,East,0,0,Rainy,11.5,105.56,297.28,10.0,433,1268.73,1391.79,26,332,49
2023-05-22,22,1196,Grocery,West,0,0,Cloudy,34.6,91.89,233.7,8.24,21,1400.26,1446.79,11,274,38
2023-05-23,46,1027,Electronics,West,0,0,Rainy,38.5,94.62,279.81,4.08,205,518.18,470.07,12,460,61
2023-05-24,49,1163,Electronics,East,1,1,Sunny,39.8,115.01,233.14,9.98,100,1487.41,1530.85,17,450,210
2023-05-25,26,1054,Beauty,North,0,1,Cloudy,23.6,80.65,188.0,7.84,567,1882.18,1772.73,1,369,137
2023-05-26,24,1159,Grocery,North,0,0,Sunny,14.5,91.69,233.19,11.63,611,1181.33,1108.82,6,140,39
2023-05-27,23,1167,Beauty,North,1,1,Cloudy,10.2,115.94,229.41,9.76,514,263.66,266.64,43,216,79
2023-05-28,18,1050,Furniture,North,0,0,Rainy,36.3,116.19,293.13,9.78,308,1127.98,1017.06,29,445,44
2023-05-29,9,1200,Electronics,West,1,1,Cloudy,39.8,91.08,244.28,3.49,155,365.15,381.2,24,371,164
2023-05-30,4,1109,Beauty,West,1,0,Rainy,15.3,103.63,270.14,9.57,310,546.15,521.14,7,384,74
2023-05-31,38,1010,Furniture,West,1,1,Cloudy,14.3,109.3,180.93,9.82,590,424.92,417.77,46,161,53
2023-06-01,32,1027,Electronics,East,0,1,Rainy,36.3,119.89,299.7,4.67,254,947.39,897.8,13,372,163
2023-06-02,17,1145,Beauty,West,0,1,Cloudy,22.6,104.75,241.16,11.66,685,1509.96,1631.18,10,102,53
2023-06-03,50,1057,Clothing,North,0,0,Rainy,38.0,90.46,227.47,8.21,217,498.61,474.16,7,132,6
2023-06-04,31,1003,Clothing,West,1,1,Sunny,14.9,111.54,281.91,11.0,703,362.31,378.51,2,37,15
2023-06-05,10,1055,Sports,East,0,0,Sunny,16.8,113.1,237.43,4.9,328,777.22,818.9,13,203,24
2023-06-06,3,1014,Grocery,North,1,1,Sunny,26.3,96.12,229.86,5.52,793,418.01,449.06,32,212,83
2023-06-07,40,1019,Toys,West,1,0,Sunny,31.3,115.85,215.25,5.84,348,532.88,496.82,24,274,25
2023-06-08,32,1049,Furniture,East,1,0,Cloudy,16.3,100.14,245.24,8.92,131,825.24,811.84,14,144,27
2023-06-09,33,1009,Toys,North,0,1,Rainy,31.9,95.16,200.67,8.45,495,939.8,987.95,43,152,42
2023-06-10,43,1147,Electronics,North,1,0,Rainy,21.1,90.81,239.29,6.18,205,1860.04,1831.79,43,347,61
2023-06-11,39,1005,Furniture,East,0,1,Sunny,16.0,89.93,292.32,6.72,861,1152.28,1087.99,42,327,103
2023-06-12,21,1109,Beauty,East,0,1,Cloudy,26.0,86.19,294.32,4.92,73,1208.15,1326.02,31,225,93
2023-06-13,29,1105,Sports,East,1,0,Sunny,18.2,116.61,262.01,5.07,963,632.14,581.27,24,268,49
2023-06-14,38,1099,Toys,South,0,1,Cloudy,15.0,104.61,276.89,8.78,249,1855.2,2024.28,48,193,53
2023-06-15,40,1013,Toys,South,0,0,Cloudy,21.7,106.37,230.62,9.21,927,1660.68,1753.23,28,288,23
2023-06-16,28,1135,Furniture,South,0,0,Rainy,11.9,83.47,191.66,8.55,277,1682.4,1737.3,9,221,30
2023-06-17,43,1022,Toys,West,0,0,Rainy,16.8,102.86,260.79,5.41,858,90.86,95.43,4,315,34
2023-06-18,5,1150,Beauty,East,1,0,Sunny,37.5,91.55,226.86,5.8,165,1793.31,1725.27,18,203,40
2023-06-19,11,1135,Sports,East,0,1,Sunny,26.8,81.98,208.31,7.08,302,486.37,446.23,36,79,23
2023-06-20,3,1008,Clothing,South,1,1,Sunny,35.0,84.82,283.48,4.36,661,749.6,774.71,36,314,126
2023-06-21,30,1046,Furniture,South,0,1,Sunny,25.4,80.32,232.18,6.98,74,573.68,593.87,8,397,131
2023-06-22,38,1092,Beauty,West,0,0,Rainy,18.4,81.84,280.14,5.44,783,1323.6,1233.26,23,311,44
2023-06-23,35,1129,Furniture,West,0,1,Rainy,39.0,118.04,263.28,5.54,199,206.93,196.08,36,214,68
2023-06-24,3,1090,Toys,South,1,0,Cloudy,21.8,98.55,207.1,4.25,296,1438.46,1522.11,24,65,20
2023-06-25,34,1137,Furniture,North,1,1,Sunny,36.9,97.3,280.49,7.56,529,1478.98,1602.11,32,272,125
2023-06-26,3,1190,Beauty,North,1,1,Rainy,13.5,95.01,253.19,7.63,844,1593.69,1711.68,40,200,75
2023-06-27,28,1109,Toys,East,1,1,Rainy,25.8,93.32,268.0,5.76,481,1544.13,1636.43,39,127,47
2023-06-28,3,1059,Sports,West,0,0,Sunny,21.3,80.86,274.16,11.33,724,1492.56,1637.14,40,210,15
2023-06-29,19,1034,Beauty,South,1,0,Rainy,32.1,80.34,206.23,3.72,94,1122.2,1082.24,34,30,0
2023-06-30,30,1073,Furniture,North,0,0,Rainy,35.1,93.51,219.19,5.86,419,481.11,470.09,48,127,0
2023-07-01,36,1171,Beauty,North,0,0,Cloudy,34.3,115.38,205.3,3.52,310,1937.73,1814.91,3,138,37
2023-07-02,32,1153,Sports,South,0,1,Cloudy,26.1,102.51,265.97,4.93,760,139.61,146.77,11,138,57
2023-07-03,45,1146,Beauty,South,1,1,Cloudy,32.1,103.88,189.7,8.4,623,1674.15,1714.67,39,99,49
2023-07-04,2,1018,Grocery,South,1,0,Cloudy,18.6,115.34,285.88,9.42,697,1127.04,1086.88,46,499,77
2023-07-05,41,1021,Electronics,South,0,0,Sunny,36.2,96.46,230.7,5.81,265,1114.77,1036.24,27,307,39
2023-07-06,15,1023,Grocery,North,0,0,Sunny,26.9,113.22,290.14,9.75,785,1545.42,1691.18,44,227,35
2023-07-07,4,1073,Furniture,West,0,1,Rainy,36.7,96.82,288.74,9.48,568,259.99,239.77,4,25,15
2023-07-08,26,1180,Toys,East,0,0,Sunny,37.9,82.54,254.45,9.69,613,1438.44,1545.06,45,366,28
2023-07-09,42,1167,Grocery,North,0,0,Cloudy,26.8,111.74,262.61,11.27,512,358.7,333.44,9,354,48
2023-07-10,44,1128,Clothing,West,0,0,Sunny,28.7,110.45,212.1,3.05,989,1095.17,1052.91,17,148,21
2023-07-11,19,1036,Clothing,East,0,1,Cloudy,19.9,90.52,269.85,3.39,240,1188.33,1189.97,40,117,40
2023-07-12,6,1015,Toys,North,1,1,Sunny,27.9,83.75,215.06,5.16,626,917.04,931.37,11,495,244
2023-07-13,6,1008,Sports,South,1,0,Rainy,11.4,104.28,226.81,3.96,958,784.26,730.56,35,170,16
2023-07-14,19,1017,Toys,West,1,1,Cloudy,37.6,104.44,190.49,7.22,457,1285.8,1269.84,11,308,140
2023-07-15,2,1078,Grocery,West,1,0,Sunny,38.5,107.54,286.88,3.57,759,106.67,111.52,9,196,35
2023-07-16,38,1163,Grocery,South,0,1,Rainy,12.9,99.15,246.9,10.6,352,1797.39,1732.68,9,476,190
2023-07-17,2,1011,Clothing,West,0,1,Rainy,22.6,80.96,281.17,7.55,678,1304.95,1367.73,42,64,1
2023-07-18,31,1192,Electronics,East,0,0,Rainy,24.4,113.59,286.76,10.46,592,1108.91,1095.88,8,217,31
2023-07-19,48,1134,Beauty,East,1,0,Sunny,16.9,87.68,246.24,3.49,199,1382.49,1264.68,13,265,55
2023-07-20,48,1123,Electronics,North,0,0,Sunny,19.5,85.58,219.68,10.73,44,901.45,895.76,42,62,0
2023-07-21,24,1122,Electronics,South,0,1,Sunny,17.9,95.22,217.39,6.08,306,478.68,499.1,37,485,164
2023-07-22,8,1184,Beauty,South,1,1,Cloudy,19.5,109.17,258.12,8.64,760,503.61,552.92,3,159,73
2023-07-23,3,1171,Sports,East,0,0,Rainy,29.9,119.42,208.34,3.03,914,888.14,906.31,23,449,54
2023-07-24,35,1170,Electronics,East,0,1,Sunny,23.3,87.83,205.65,4.59,874,1249.07,1175.3,33,215,75
2023-07-25,22,1104,Beauty,East,0,0,Sunny,10.3,101.26,224.91,7.9,324,1523.15,1661.34,43,365,22
2023-07-26,37,1179,Grocery,West,1,0,Sunny,35.8,118.22,269.16,6.57,97,1114.99,1155.86,38,70,2
2023-07-27,11,1012,Electronics,East,0,1,Cloudy,37.1,117.16,212.95,3.05,861,917.4,839.51,43,353,133
2023-07-28,27,1162,Electronics,North,0,0,Sunny,35.6,97.65,208.99,10.49,763,1151.51,1083.09,6,208,20
2023-07-29,16,1158,Beauty,West,1,0,Sunny,24.8,93.09,278.07,11.42,579,782.48,828.78,42,101,18
2023-07-30,17,1006,Sports,North,0,0,Rainy,27.2,99.76,265.05,10.71,105,1089.43,1055.37,40,43,0
2023-07-31,48,1069,Electronics,West,1,1,Cloudy,25.5,90.45,196.36,5.06,103,1275.13,1386.61,2,382,183
2023-08-01,11,1112,Clothing,South,0,1,Cloudy,14.2,101.3,241.26,3.65,759,503.43,542.85,17,468,179
2023-08-02,38,1048,Furniture,West,0,0,Sunny,20.4,113.15,280.29,10.21,778,1317.47,1187.19,16,436,71
2023-08-03,23,1184,Grocery,South,0,1,Sunny,17.5,90.9,193.39,11.14,595,1839.69,1961.02,44,219,66
2023-08-04,15,1062,Sports,West,0,0,Rainy,28.9,80.45,253.12,5.05,40,148.77,137.05,43,427,50
2023-08-05,1,1057,Toys,North,0,0,Cloudy,19.0,99.66,224.84,8.14,570,1595.66,1489.78,26,484,67
2023-08-06,48,1189,Clothing,South,0,1,Sunny,19.0,90.43,270.33,11.13,364,1790.35,1618.85,32,95,39
2023-08-07,15,1142,Grocery,North,1,0,Sunny,38.4,106.12,249.75,5.94,547,1093.99,1153.74,31,135,22
2023-08-08,32,1032,Clothing,West,0,1,Rainy,18.8,101.36,232.18,7.68,444,468.68,507.29,45,485,162
2023-08-09,50,1140,Furniture,South,0,0,Sunny,16.0,88.92,198.59,4.14,82,658.76,627.35,8,264,45
2023-08-10,11,1098,Clothing,East,1,0,Rainy,21.0,117.08,199.86,9.49,273,285.34,285.78,32,201,28
2023-08-11,42,1072,Sports,North,1,0,Rainy,17.1,100.65,265.25,7.26,519,1289.75,1376.57,37,43,0
2023-08-12,18,1128,Electronics,North,0,0,Rainy,32.8,96.26,286.03,9.5,438,235.12,221.79,16,244,27
2023-08-13,13,1186,Grocery,West,0,0,Rainy,19.7,110.2,270.01,6.52,317,1279.2,1181.89,16,78,15
2023-08-14,30,1117,Sports,North,0,1,Rainy,26.9,85.76,259.41,11.36,924,417.57,446.08,26,204,62
2023-08-15,9,1137,Sports,East,0,1,Sunny,27.8,100.5,281.24,4.62,478,592.3,610.98,17,211,62
2023-08-16,38,1167,Beauty,South,1,0,Rainy,22.9,87.61,207.23,10.49,837,499.58,478.44,49,123,20
2023-08-17,24,1194,Grocery,West,0,0,Sunny,18.8,89.76,239.89,8.84,79,1235.13,1192.8,13,432,66
2023-08-18,49,1139,Furniture,South,0,0,Sunny,11.5,96.14,262.56,11.48,529,598.64,570.41,18,328,44
2023-08-19,13,1102,Furniture,West,0,1,Sunny,13.0,80.64,209.66,3.42,953,1674.58,1705.44,17,419,169
2023-08-20,44,1150,Grocery,East,1,1,Rainy,34.2,103.98,203.56,4.97,747,1626.89,1573.52,24,103,39
2023-08-21,7,1190,Clothing,East,0,1,Sunny,34.9,98.18,189.73,7.73,637,1663.45,1793.77,26,396,146
2023-08-22,28,1017,Toys,North,1,1,Rainy,16.6,111.68,194.44,9.63,488,1316.01,1424.98,22,321,138
2023-08-23,18,1018,Clothing,East,1,1,Cloudy,15.3,110.72,221.0,11.03,473,1476.13,1442.86,50,253,86
2023-08-24,9,1118,Furniture,South,1,0,Cloudy,22.3,116.22,270.39,4.99,59,1975.57,2010.94,11,126,12
2023-08-25,46,1056,Sports,North,1,1,Sunny,29.9,94.6,230.25,8.6,96,261.47,284.97,35,479,205
2023-08-26,10,1099,Sports,West,1,0,Rainy,32.2,84.69,185.74,10.6,835,1634.37,1675.11,13,173,14
2023-08-27,20,1200,Furniture,East,0,0,Cloudy,18.8,104.67,211.33,9.82,801,1747.56,1630.02,14,456,53
2023-08-28,42,1026,Furniture,West,0,0,Cloudy,23.3,115.5,195.93,6.54,922,797.4,820.91,27,394,37
2023-08-29,48,1126,Furniture,West,0,1,Rainy,16.9,94.89,237.01,6.63,38,1591.29,1576.28,23,25,2
2023-08-30,18,1030,Sports,South,0,0,Sunny,12.0,92.7,197.9,7.9,154,58.72,64.42,41,260,41
2023-08-31,39,1004,Furniture,West,1,0,Cloudy,15.2,96.57,188.23,6.84,61,1780.72,1799.34,0,87,27
2023-09-01,10,1044,Grocery,East,1,1,Rainy,12.5,107.86,219.09,7.26,867,750.84,740.76,26,113,34
2023-09-02,26,1091,Furniture,North,1,0,Cloudy,34.4,88.04,270.5,4.58,709,1473.61,1404.37,39,315,49
2023-09-03,26,1154,Electronics,West,1,1,Cloudy,26.7,97.91,297.06,5.67,474,458.89,441.92,35,154,52
2023-09-04,4,1174,Sports,West,0,1,Rainy,24.1,81.92,254.44,6.9,888,1755.26,1821.2,9,320,135
2023-09-05,39,1065,Furniture,North,0,1,Rainy,26.2,99.6,285.56,4.03,987,139.74,151.61,28,311,112
2023-09-06,31,1121,Furniture,West,0,0,Sunny,14.8,81.0,290.34,9.2,460,650.51,602.47,32,105,12
2023-09-07,12,1037,Electronics,East,0,0,Rainy,39.2,106.18,228.17,8.7,131,338.34,364.22,1,106,22
2023-09-08,24,1067,Beauty,North,1,0,Sunny,36.5,102.77,228.33,5.35,183,692.22,666.35,28,417,67
2023-09-09,40,1144,Grocery,West,1,1,Sunny,34.9,106.19,201.21,4.33,969,1251.06,1246.57,43,271,115
2023-09-10,10,1016,Sports,South,0,1,Cloudy,15.9,80.4,192.14,5.13,201,1044.89,1138.34,33,315,108
2023-09-11,39,1169,Toys,North,1,0,Cloudy,27.0,88.92,281.19,3.64,284,641.44,584.84,6,356,61
2023-09-12,7,1058,Sports,West,1,1,Cloudy,38.7,82.16,295.23,9.39,940,1079.27,1082.45,34,495,225
2023-09-13,10,1165,Beauty,West,1,0,Rainy,15.7,106.85,269.17,6.0,756,1400.6,1455.06,39,194,29
2023-09-14,14,1187,Beauty,East,0,1,Cloudy,38.6,89.2,269.27,7.16,799,1581.28,1487.37,32,21,3
2023-09-15,6,1066,Sports,South,0,1,Cloudy,30.6,117.62,286.42,8.72,146,1581.03,1682.99,49,88,14
2023-09-16,14,1037,Electronics,North,1,1,Cloudy,21.3,107.85,263.3,11.45,285,1145.53,1151.0,39,137,48
2023-09-17,6,1017,Clothing,West,1,1,Rainy,19.4,115.91,206.33,9.32,106,1431.15,1359.68,21,471,211
2023-09-18,27,1018,Furniture,South,0,0,Rainy,16.8,84.63,249.74,8.15,177,542.74,539.89,44,378,39
2023-09-19,18,1013,Grocery,East,0,0,Sunny,33.1,116.39,242.49,5.44,896,925.45,923.48,17,48,5
2023-09-20,26,1145,Beauty,West,1,1,Sunny,16.8,110.94,226.07,9.47,25,1829.79,1961.12,6,431,194
2023-09-21,4,1142,Sports,South,0,0,Sunny,27.7,85.78,271.77,4.86,495,109.54,113.21,50,378,33
2023-09-22,3,1056,Sports,West,0,1,Sunny,28.6,87.75,229.22,7.53,212,1554.51,1503.2,8,313,119
2023-09-23,29,1173,Sports,South,1,1,Cloudy,21.5,104.98,209.04,6.41,915,127.23,138.54,30,282,121
2023-09-24,28,1051,Sports,East,1,1,Rainy,31.6,119.07,269.49,4.2,880,157.94,173.34,26,330,145
2023-09-25,21,1199,Grocery,North,0,0,Cloudy,34.7,110.39,205.45,6.58,132,701.66,745.07,30,387,41
2023-09-26,36,1176,Clothing,West,0,0,Rainy,12.2,119.9,279.52,8.47,667,1095.98,1170.93,4,24,0
2023-09-27,36,1162,Sports,East,0,1,Rainy,28.6,92.78,280.09,5.61,383,134.0,134.03,20,153,74
2023-09-28,35,1133,Clothing,North,1,0,Rainy,17.2,111.37,237.01,7.75,640,1178.11,1128.3,40,446,57
2023-09-29,50,1072,Beauty,North,1,0,Sunny,33.7,103.19,291.73,8.14,394,1212.45,1102.96,43,349,51
2023-09-30,9,1027,Toys,North,0,0,Rainy,23.9,87.76,243.98,11.06,920,226.31,214.08,10,316,45
2023-10-01,25,1120,Furniture,North,1,0,Cloudy,24.8,85.47,208.09,5.77,742,1567.68,1704.58,44,249,43
2023-10-02,38,1162,Electronics,South,0,1,Sunny,37.6,85.6,222.9,9.81,541,1574.05,1659.21,49,373,151
2023-10-03,28,1045,Furniture,East,0,0,Sunny,13.9,113.07,190.6,10.56,875,1844.69,1771.3,17,178,23
2023-10-04,42,1132,Beauty,East,0,0,Cloudy,19.0,96.31,188.78,9.11,92,808.3,813.8,0,273,57
2023-10-05,32,1174,Toys,West,0,0,Cloudy,29.0,93.39,191.44,5.73,992,1587.82,1432.34,12,463,78
2023-10-06,32,1045,Electronics,East,0,0,Cloudy,15.3,107.0,215.8,5.55,966,89.98,83.83,28,304,31
2023-10-07,46,1164,Beauty,South,1,0,Rainy,12.1,93.48,278.9,3.76,634,80.88,76.66,10,290,63
2023-10-08,28,1138,Beauty,West,1,1,Rainy,20.4,91.74,287.44,11.7,855,1028.11,1063.16,24,143,66
2023-10-09,3,1146,Clothing,North,1,1,Sunny,12.6,103.29,249.44,8.37,724,1074.01,1169.92,2,54,58
2023-10-10,49,1078,Furniture,North,1,0,Cloudy,31.2,99.05,278.61,11.01,152,569.75,557.21,34,419,74
2023-10-11,45,1100,Clothing,South,1,0,Cloudy,34.3,109.36,208.53,9.96,667,436.82,429.04,36,241,45
2023-10-12,41,1185,Clothing,West,1,0,Sunny,17.5,86.28,283.79,8.32,752,371.13,346.32,5,146,28
2023-10-13,1,1101,Electronics,West,1,1,Sunny,20.7,103.54,289.34,11.2,278,1849.57,1674.6,23,389,176
2023-10-14,45,1105,Toys,East,0,1,Sunny,37.2,115.4,268.41,3.85,303,1935.09,1984.87,33,365,136
2023-10-15,22,1144,Electronics,South,1,1,Sunny,12.5,97.7,237.04,3.43,770,629.27,603.76,17,75,22
2023-10-16,19,1038,Sports,West,1,1,Sunny,22.7,114.83,186.58,6.63,272,101.95,106.42,28,102,30
2023-10-17,25,1177,Electronics,East,0,0,Sunny,28.5,99.23,243.47,7.16,509,783.68,829.64,38,420,71
2023-10-18,15,1127,Furniture,West,0,1,Cloudy,15.3,90.28,237.92,5.81,728,190.64,203.85,42,271,84
2023-10-19,7,1035,Beauty,South,1,0,Sunny,18.4,108.56,253.5,10.55,492,924.17,936.6,18,357,52
2023-10-20,33,1019,Toys,East,0,1,Cloudy,26.5,87.1,234.97,6.62,112,1460.55,1400.46,2,306,104
2023-10-21,13,1037,Clothing,West,1,0,Sunny,21.4,86.39,235.22,11.48,416,727.46,711.69,12,342,73
2023-10-22,49,1179,Beauty,West,1,0,Sunny,10.8,90.51,222.58,4.16,46,1472.03,1472.37,48,173,8
2023-10-23,8,1108,Toys,West,0,0,Cloudy,14.5,89.58,225.63,7.42,51,830.05,874.59,43,306,35
2023-10-24,5,1054,Beauty,West,1,1,Cloudy,14.1,88.07,215.35,5.03,685,1865.69,1739.82,1,179,68
2023-10-25,27,1057,Sports,East,1,0,Rainy,34.5,81.92,281.97,3.51,867,666.23,611.29,50,31,5
2023-10-26,47,1103,Sports,West,1,0,Rainy,26.7,81.77,217.89,4.41,287,461.73,474.63,41,277,70
2023-10-27,41,1131,Grocery,South,0,1,Rainy,11.7,84.43,229.4,9.74,432,1943.23,2066.88,10,438,188
2023-10-28,35,1156,Sports,South,0,1,Cloudy,25.2,95.75,221.98,6.91,692,1199.48,1284.07,45,266,69
2023-10-29,24,1067,Sports,South,1,0,Cloudy,33.4,92.64,246.93,5.0,406,807.81,830.32,49,176,12
2023-10-30,19,1152,Grocery,East,1,1,Sunny,11.6,91.78,197.0,11.48,496,1117.14,1178.89,21,430,174
2023-10-31,5,1028,Beauty,East,1,1,Cloudy,29.4,115.76,290.4,8.37,412,649.37,591.91,28,281,127
2023-11-01,32,1110,Furniture,North,0,1,Cloudy,14.7,118.01,225.7,3.86,897,604.32,619.83,14,28,0
2023-11-02,47,1008,Grocery,West,1,0,Rainy,16.1,84.47,250.49,8.53,659,1590.52,1617.46,25,450,89
2023-11-03,24,1040,Electronics,West,1,1,Cloudy,21.7,102.24,289.29,7.91,292,430.89,435.46,35,171,75
2023-11-04,45,1143,Electronics,West,1,0,Rainy,21.2,115.63,222.44,6.13,774,1633.74,1706.19,50,252,18
2023-11-05,13,1142,Beauty,North,1,1,Cloudy,23.6,117.57,298.79,8.79,562,206.81,224.59,5,116,47
2023-11-06,41,1059,Beauty,South,1,1,Sunny,27.8,83.61,265.35,9.99,310,1568.26,1568.06,49,440,179
2023-11-07,37,1116,Furniture,West,1,1,Cloudy,37.2,91.82,283.06,3.98,829,1690.25,1749.15,30,202,89
2023-11-08,38,1111,Electronics,West,1,0,Sunny,34.1,92.64,294.07,10.4,309,1651.03,1505.23,3,98,17
2023-11-09,8,1009,Toys,North,1,0,Rainy,28.4,104.83,230.36,7.32,810,1562.5,1652.55,32,376,79
2023-11-10,14,1045,Beauty,South,1,0,Rainy,16.0,102.58,275.6,4.57,218,869.81,869.83,4,406,55
2023-11-11,9,1012,Electronics,West,1,1,Sunny,22.7,84.82,224.46,6.8,108,1294.84,1352.94,29,432,189
2023-11-12,40,1140,Grocery,East,1,1,Sunny,36.4,95.27,226.39,7.39,130,734.83,661.52,40,375,155
2023-11-13,44,1101,Clothing,South,1,0,Sunny,10.9,93.11,236.33,8.88,925,830.15,890.36,21,336,63
2023-11-14,9,1190,Electronics,North,1,1,Cloudy,30.4,116.09,257.61,5.75,138,628.96,583.11,3,62,32
2023-11-15,33,1169,Electronics,South,1,0,Sunny,31.5,119.98,291.61,7.21,964,387.3,420.17,1,163,37
2023-11-16,34,1121,Sports,North,0,1,Cloudy,21.6,84.98,294.68,7.35,170,508.66,484.78,44,195,55
2023-11-17,33,1058,Furniture,East,0,0,Rainy,30.1,94.32,277.97,3.92,250,872.75,856.64,10,105,13
2023-11-18,3,1140,Furniture,North,0,0,Sunny,17.1,80.84,263.78,3.22,604,1856.92,1979.61,38,313,29
2023-11-19,17,1125,Toys,South,1,0,Cloudy,18.0,80.25,260.66,9.78,168,557.14,550.89,0,399,64
2023-11-20,20,1054,Clothing,East,1,0,Cloudy,39.1,112.91,225.19,10.63,111,1670.71,1704.26,11,64,12
2023-11-21,15,1044,Grocery,South,1,0,Sunny,37.5,118.05,250.47,10.29,104,127.72,119.91,6,220,32
2023-11-22,46,1002,Toys,West,0,1,Cloudy,24.3,81.36,263.34,8.93,766,273.25,258.19,33,294,122
2023-11-23,14,1174,Electronics,North,1,1,Cloudy,25.3,95.79,287.34,10.54,635,1726.79,1761.58,15,25,4
2023-11-24,3,1023,Toys,East,0,1,Sunny,24.3,84.44,271.8,6.95,423,734.6,721.54,11,115,59
2023-11-25,18,1028,Grocery,West,1,0,Cloudy,17.5,113.85,217.47,3.49,981,1369.62,1329.61,37,329,50
2023-11-26,12,1068,Toys,South,1,1,Rainy,10.8,109.69,231.85,11.14,107,1711.53,1736.74,11,375,160
2023-11-27,9,1035,Electronics,West,1,1,Cloudy,21.6,102.07,269.84,8.05,376,1617.12,1564.55,37,80,23
2023-11-28,5,1030,Sports,West,0,1,Rainy,21.3,82.42,221.29,7.61,76,1077.98,978.43,26,78,29
2023-11-29,29,1132,Electronics,West,0,0,Rainy,16.7,100.73,216.83,10.76,173,1966.21,1830.53,3,475,94
2023-11-30,30,1016,Sports,South,1,1,Cloudy,33.0,103.22,217.91,3.23,765,414.38,446.28,41,400,147
2023-12-01,37,1041,Toys,North,1,1,Cloudy,27.3,109.8,244.57,10.96,948,190.32,205.0,4,392,154
2023-12-02,42,1059,Furniture,North,0,1,Cloudy,12.1,99.57,226.35,9.21,205,1643.77,1496.98,9,394,163
2023-12-03,19,1021,Electronics,South,1,0,Sunny,10.5,88.26,245.95,10.51,39,1540.25,1683.26,37,64,0
2023-12-04,8,1148,Grocery,East,0,1,Sunny,39.7,107.09,264.82,7.65,191,498.07,496.25,14,60,26
2023-12-05,15,1151,Furniture,South,1,0,Cloudy,23.5,98.45,205.25,11.48,786,129.64,120.32,14,279,41
2023-12-06,2,1190,Toys,North,0,1,Cloudy,32.2,104.66,213.81,9.46,917,940.65,853.07,29,291,109
2023-12-07,24,1039,Clothing,South,0,0,Cloudy,19.7,92.33,188.17,4.1,752,948.08,976.27,16,295,35
2023-12-08,45,1032,Beauty,East,1,1,Sunny,30.1,88.21,210.66,4.58,754,1135.0,1136.42,23,425,176
2023-12-09,22,1017,Electronics,South,0,1,Sunny,39.9,115.68,259.73,5.46,352,524.62,507.78,40,422,160
2023-12-10,28,1074,Sports,West,0,1,Cloudy,14.0,112.8,210.11,10.78,530,694.66,756.62,48,300,89
2023-12-11,8,1191,Furniture,West,0,1,Sunny,13.9,98.86,189.56,10.59,134,72.54,78.64,7,426,163
2023-12-12,39,1134,Toys,West,1,1,Rainy,27.4,119.45,190.8,8.04,110,1622.67,1743.32,44,196,77
2023-12-13,44,1173,Electronics,West,1,0,Cloudy,28.4,99.74,255.88,11.13,369,276.18,286.73,18,445,77
2023-12-14,48,1007,Furniture,West,0,0,Sunny,24.4,90.87,242.11,11.73,320,369.7,356.4,17,459,60
2023-12-15,27,1119,Electronics,South,0,1,Cloudy,37.4,106.03,215.57,11.99,954,437.61,444.61,49,290,94
2023-12-16,35,1168,Toys,South,0,1,Sunny,19.9,104.1,287.79,10.43,389,1835.64,2010.19,7,140,54
2023-12-17,13,1058,Electronics,West,1,1,Sunny,14.0,87.34,229.84,4.97,384,290.45,297.25,35,284,121
2023-12-18,32,1122,Furniture,South,0,1,Sunny,37.7,119.89,282.74,7.52,581,1374.12,1275.66,7,397,142
2023-12-19,25,1186,Toys,West,1,1,Rainy,37.9,94.38,206.16,8.39,186,1065.86,963.22,13,156,42
2023-12-20,26,1077,Sports,East,1,1,Sunny,22.5,100.71,251.28,9.55,173,713.13,664.86,12,223,98
2023-12-21,38,1060,Electronics,North,0,0,Cloudy,30.1,101.64,200.98,8.86,601,1109.9,1040.89,1,491,81
2023-12-22,23,1110,Sports,East,1,0,Cloudy,16.1,97.15,194.77,9.6,98,1112.89,1097.23,37,75,17
2023-12-23,16,1197,Sports,West,1,0,Cloudy,22.4,93.31,244.92,10.04,389,1502.92,1375.27,19,43,0
2023-12-24,32,1062,Clothing,North,0,0,Cloudy,33.6,92.08,235.2,5.64,417,486.23,453.65,33,180,28
2023-12-25,23,1105,Beauty,South,0,1,Rainy,34.8,115.53,180.59,10.32,208,484.98,450.72,46,423,167
2023-12-26,43,1035,Electronics,North,0,0,Sunny,10.8,108.02,188.9,4.4,107,1240.34,1203.53,41,286,38
2023-12-27,6,1068,Furniture,West,0,1,Rainy,14.2,119.08,206.03,8.32,489,1174.56,1271.57,28,226,93
2023-12-28,47,1069,Grocery,East,1,1,Rainy,25.2,104.42,211.04,10.56,906,1703.13,1603.59,14,499,216
2023-12-29,1,1011,Grocery,North,1,1,Sunny,21.4,96.2,285.78,5.12,687,394.36,374.44,41,445,192
2023-12-30,9,1163,Toys,North,1,0,Sunny,13.3,85.44,221.27,3.46,699,1458.86,1342.77,31,395,71
2023-12-31,43,1075,Electronics,East,1,1,Rainy,34.8,106.05,234.07,7.44,666,558.39,579.64,40,357,131
2024-01-01,30,1181,Clothing,North,1,0,Rainy,38.8,114.4,222.18,5.36,778,372.44,346.54,34,472,86
2024-01-02,46,1077,Furniture,West,1,0,Sunny,28.3,92.27,288.82,9.99,21,1172.32,1269.42,5,350,71
2024-01-03,15,1096,Toys,North,1,0,Rainy,12.9,111.45,224.5,10.42,324,160.6,154.52,32,329,60
2024-01-04,26,1086,Furniture,North,1,1,Cloudy,21.1,106.81,251.7,5.83,406,1501.42,1623.04,29,256,99
2024-01-05,49,1018,Grocery,South,1,0,Sunny,39.5,110.19,219.34,4.61,46,1770.52,1602.45,5,202,47
2024-01-06,2,1124,Furniture,South,1,0,Sunny,12.9,109.82,235.08,9.99,63,1204.59,1137.73,11,115,42
2024-01-07,20,1022,Sports,East,1,1,Cloudy,25.4,88.44,193.25,9.44,476,340.65,309.27,44,253,104
2024-01-08,15,1081,Furniture,North,0,1,Cloudy,12.1,97.79,210.49,7.48,951,1700.35,1652.68,47,463,177
2024-01-09,11,1083,Toys,East,0,1,Rainy,29.1,104.73,220.87,5.83,127,1940.38,1842.64,3,167,58
2024-01-10,16,1141,Furniture,South,1,0,Sunny,39.5,100.51,247.01,6.64,53,881.06,839.32,7,495,104
2024-01-11,10,1093,Sports,North,1,0,Sunny,33.4,93.28,238.29,9.15,123,686.48,666.64,1,290,54
2024-01-12,35,1001,Beauty,West,0,1,Cloudy,18.6,90.86,180.81,5.89,743,1337.64,1252.27,38,219,69
2024-01-13,17,1122,Furniture,North,1,1,Cloudy,17.1,92.51,222.65,10.42,262,589.08,647.87,11,254,120
2024-01-14,24,1093,Clothing,West,0,0,Rainy,15.3,116.75,220.75,5.16,226,884.24,839.08,34,135,8
2024-01-15,7,1032,Electronics,East,1,1,Cloudy,25.6,105.12,280.06,10.01,314,808.47,791.43,12,484,219
2024-01-16,20,1163,Toys,South,0,1,Rainy,36.0,116.47,203.68,8.43,445,783.11,713.24,47,185,34
2024-01-17,47,1148,Electronics,East,1,1,Cloudy,18.9,96.65,202.34,5.0,102,1221.06,1252.05,50,128,43
2024-01-18,5,1179,Grocery,North,0,0,Sunny,30.5,119.94,206.03,7.4,215,1860.86,2034.6,35,33,12
2024-01-19,48,1128,Beauty,North,1,1,Sunny,30.8,96.65,226.27,6.87,696,1038.76,1128.29,12,500,205
2024-01-20,6,1111,Clothing,North,0,0,Cloudy,12.0,87.2,196.83,5.64,784,136.95,146.39,17,47,0
2024-01-21,39,1059,Clothing,West,1,1,Cloudy,17.4,115.03,209.78,5.85,239,1721.86,1610.95,23,389,173
2024-01-22,34,1004,Electronics,East,0,1,Cloudy,18.4,96.53,283.84,3.32,206,1687.88,1531.01,0,77,42
2024-01-23,25,1169,Toys,West,0,0,Rainy,16.9,94.19,262.76,6.27,70,723.94,742.18,5,442,57
2024-01-24,46,1120,Beauty,West,0,1,Sunny,21.6,96.77,215.5,5.04,526,981.08,1021.58,16,342,132
2024-01-25,2,1129,Electronics,North,0,1,Rainy,28.5,88.12,218.59,8.3,284,1697.32,1866.16,37,203,65
2024-01-26,26,1069,Grocery,East,0,1,Rainy,32.3,83.61,238.6,8.26,91,63.03,66.51,28,109,45
2024-01-27,25,1058,Grocery,West,0,1,Sunny,35.4,101.87,252.95,8.56,45,1531.93,1629.09,1,493,196
2024-01-28,2,1044,Clothing,South,0,0,Sunny,23.5,95.02,183.37,11.65,921,309.06,319.56,23,408,43
2024-01-29,20,1029,Electronics,South,1,1,Sunny,12.8,118.91,201.05,10.1,279,1550.29,1704.69,9,59,25
2024-01-30,46,1160,Clothing,North,1,1,Cloudy,31.7,113.97,260.58,4.82,511,265.9,243.04,26,288,138
2024-01-31,43,1129,Sports,North,0,1,Sunny,30.7,107.51,195.23,10.92,335,218.88,212.33,50,196,60
2024-02-01,1,1152,Furniture,South,0,0,Sunny,28.1,100.86,185.57,10.69,546,364.95,348.45,10,486,61
2024-02-02,10,1128,Electronics,East,1,0,Rainy,19.2,92.23,279.15,10.91,845,1334.82,1303.57,30,151,16
2024-02-03,37,1111,Beauty,East,0,0,Sunny,12.5,82.81,273.33,4.14,189,1452.6,1591.66,40,291,48
2024-02-04,38,1091,Toys,North,0,0,Rainy,33.9,109.13,243.21,6.46,540,1331.49,1459.05,14,95,21
2024-02-05,16,1096,Electronics,North,0,1,Cloudy,15.0,92.91,211.74,9.14,313,755.11,682.51,5,260,90
2024-02-06,4,1023,Beauty,South,0,1,Rainy,11.6,99.24,186.8,3.89,100,590.93,643.95,28,203,81
2024-02-07,29,1071,Sports,East,1,1,Cloudy,13.7,117.54,271.16,5.09,676,427.88,390.84,21,377,182
2024-02-08,30,1101,Clothing,West,0,1,Cloudy,26.9,96.83,291.8,11.71,820,738.65,758.74,5,424,166
2024-02-09,29,1038,Beauty,West,1,0,Sunny,33.1,97.37,286.88,7.32,115,642.82,640.73,10,470,109
2024-02-10,9,1156,Beauty,East,1,0,Sunny,26.9,108.25,218.09,6.46,831,616.66,657.0,35,358,57
2024-02-11,1,1086,Clothing,North,0,1,Cloudy,16.7,109.43,276.55,8.98,639,582.76,543.07,49,468,158
2024-02-12,45,1028,Sports,North,1,1,Rainy,32.2,107.82,207.14,3.95,925,1024.17,1121.77,42,492,211
2024-02-13,34,1118,Toys,North,1,1,Rainy,30.8,117.22,194.45,10.63,88,876.03,844.59,30,45,5
2024-02-14,28,1111,Furniture,East,0,1,Cloudy,15.3,88.05,246.8,11.38,396,334.61,335.67,29,333,113
2024-02-15,20,1016,Electronics,East,1,0,Cloudy,21.0,80.72,241.7,8.27,368,224.41,226.35,41,66,14
2024-02-16,50,1126,Beauty,West,0,1,Cloudy,39.6,102.38,218.45,9.28,649,1796.01,1926.9,28,211,83
2024-02-17,30,1169,Electronics,West,1,1,Sunny,14.2,83.75,273.81,4.81,769,610.09,571.58,24,306,135
2024-02-18,43,1098,Toys,East,1,0,Sunny,34.4,105.4,253.41,6.18,42,138.6,136.45,18,197,47
2024-02-19,5,1161,Grocery,South,1,0,Sunny,16.6,110.41,277.03,7.82,713,1914.01,1739.54,34,79,18
2024-02-20,26,1014,Clothing,North,1,0,Cloudy,37.4,85.77,247.59,4.44,377,1572.3,1593.63,45,202,17
2024-02-21,13,1114,Furniture,South,0,0,Cloudy,27.0,114.26,203.91,9.44,152,906.83,840.78,2,241,27
2024-02-22,18,1149,Sports,North,1,1,Sunny,38.9,89.62,218.84,5.18,813,548.08,601.0,44,479,208
2024-02-23,4,1130,Beauty,South,0,1,Cloudy,34.6,102.55,241.96,10.7,965,1779.41,1700.5,37,372,132
2024-02-24,20,1035,Furniture,North,0,1,Sunny,23.6,104.63,273.67,3.26,295,1522.5,1506.49,0,105,44
2024-02-25,45,1187,Toys,South,0,1,Cloudy,37.6,111.86,180.32,8.05,916,908.66,824.89,4,181,60
2024-02-26,20,1176,Grocery,East,1,0,Sunny,11.3,118.2,254.48,4.95,166,234.55,253.09,25,261,26
2024-02-27,42,1068,Beauty,North,0,0,Cloudy,20.2,111.04,268.03,4.32,44,1597.16,1601.93,6,374,67
2024-02-28,35,1016,Grocery,East,0,0,Rainy,13.1,112.92,273.89,8.78,922,131.71,127.25,19,196,8
2024-02-29,2,1141,Grocery,West,1,1,Cloudy,21.1,102.17,251.39,7.44,538,1125.68,1170.98,19,233,94
2024-03-01,10,1044,Grocery,South,1,1,Sunny,34.5,80.33,228.91,11.64,115,1866.75,2052.04,47,378,149
2024-03-02,32,1075,Grocery,West,1,1,Sunny,39.0,96.29,275.24,11.21,296,722.66,662.45,27,362,159
2024-03-03,41,1070,Sports,North,0,0,Cloudy,22.3,98.25,201.43,3.91,618,1878.65,1841.0,41,487,61
2024-03-04,47,1042,Furniture,South,0,1,Cloudy,18.1,87.22,182.23,3.42,219,185.39,178.42,2,490,188
2024-03-05,14,1047,Toys,East,1,0,Cloudy,20.3,97.42,243.73,6.52,171,1901.22,2018.51,47,83,0
2024-03-06,46,1126,Grocery,East,1,0,Rainy,30.2,82.73,283.37,8.12,57,896.52,815.4,17,219,43
2024-03-07,19,1074,Sports,East,1,0,Cloudy,28.7,106.68,261.57,4.8,735,338.92,347.53,16,94,19
2024-03-08,6,1026,Clothing,North,1,0,Sunny,39.0,106.54,278.56,8.38,865,1206.34,1205.04,12,285,60
2024-03-09,19,1045,Furniture,North,0,1,Sunny,18.9,82.27,260.09,5.68,704,1159.34,1073.13,8,181,52
2024-03-10,45,1114,Beauty,North,1,1,Sunny,33.8,91.21,240.12,11.56,605,752.09,701.4,7,156,69
2024-03-11,46,1183,Sports,East,1,1,Rainy,37.5,88.73,237.73,10.32,63,1689.35,1567.53,2,217,105
2024-03-12,14,1062,Clothing,West,1,1,Cloudy,18.2,98.7,287.36,7.15,448,596.62,615.7,31,213,77
2024-03-13,17,1148,Sports,North,0,1,Cloudy,25.3,95.72,250.11,11.87,763,1912.68,2069.34,13,105,44
2024-03-14,20,1200,Grocery,South,0,1,Cloudy,17.7,94.13,264.21,10.85,310,1456.85,1394.76,40,88,30
2024-03-15,1,1005,Clothing,South,1,0,Sunny,20.0,100.09,271.73,11.61,216,873.81,799.63,18,224,46
2024-03-16,38,1015,Clothing,North,0,1,Rainy,20.6,104.78,249.2,3.3,348,944.71,952.06,48,150,56
2024-03-17,32,1092,Electronics,East,0,0,Rainy,18.2,118.49,193.47,11.2,301,122.86,128.4,38,475,66
2024-03-18,20,1045,Sports,South,0,1,Cloudy,19.6,117.72,298.87,3.9,831,1526.71,1629.42,23,192,77
2024-03-19,40,1190,Clothing,South,1,0,Cloudy,30.8,84.45,226.97,5.9,840,472.6,501.91,7,299,52
2024-03-20,6,1028,Sports,West,0,0,Sunny,26.4,106.82,198.14,6.2,570,439.55,401.82,18,156,33
2024-03-21,40,1032,Furniture,South,0,1,Rainy,12.2,113.37,298.45,4.09,84,244.03,265.91,18,479,183
2024-03-22,27,1142,Furniture,South,1,0,Sunny,24.8,99.13,200.76,6.37,578,1673.74,1802.63,22,41,7
2024-03-23,41,1150,Toys,West,1,0,Sunny,16.0,84.29,194.07,10.23,847,1567.94,1715.41,11,178,25
2024-03-24,13,1066,Sports,West,1,1,Sunny,34.8,84.45,204.16,9.25,406,1947.16,1782.92,14,323,137
2024-03-25,1,1196,Furniture,North,0,1,Rainy,31.8,107.82,181.12,9.47,586,586.69,593.48,16,498,213
2024-03-26,29,1096,Grocery,South,1,0,Sunny,24.4,100.63,290.57,10.65,213,770.47,725.95,44,145,36
2024-03-27,18,1017,Beauty,West,1,0,Cloudy,10.9,80.13,259.58,6.48,568,326.82,356.8,16,281,44
2024-03-28,48,1062,Toys,West,1,0,Sunny,16.0,119.94,220.84,7.69,644,54.15,52.4,30,435,82
2024-03-29,39,1016,Furniture,South,1,1,Rainy,39.3,89.93,231.13,6.98,120,1829.88,1725.11,38,399,183
2024-03-30,26,1192,Grocery,West,0,0,Cloudy,27.3,93.36,238.73,4.06,101,404.09,386.9,45,203,3
2024-03-31,13,1159,Grocery,East,0,1,Sunny,25.4,109.81,197.89,10.15,928,1046.9,1103.11,26,208,64
2024-04-01,48,1160,Beauty,West,0,1,Sunny,15.3,106.31,213.79,7.14,956,86.36,82.57,5,125,49
2024-04-02,11,1159,Beauty,South,1,1,Sunny,17.0,93.0,185.33,7.92,339,469.79,478.43,37,429,193
2024-04-03,15,1171,Beauty,West,0,1,Cloudy,14.3,96.89,245.13,4.33,655,263.82,244.68,18,260,113
2024-04-04,44,1169,Furniture,East,1,1,Rainy,22.6,107.19,276.68,10.74,699,287.49,295.29,34,230,85
2024-04-05,33,1099,Clothing,South,1,1,Cloudy,13.4,105.25,252.73,6.71,349,1943.55,1859.83,8,255,99
2024-04-06,47,1089,Toys,North,0,1,Sunny,34.9,89.09,215.7,9.11,502,363.54,334.2,34,277,100
2024-04-07,19,1080,Electronics,North,1,1,Cloudy,10.1,87.07,203.89,9.15,824,785.16,780.73,9,200,74
2024-04-08,44,1170,Toys,East,1,0,Rainy,39.2,105.57,240.84,3.26,389,685.64,745.31,11,494,94
2024-04-09,35,1156,Toys,East,0,0,Sunny,29.1,106.97,237.29,5.75,954,1294.91,1245.27,28,496,58
2024-04-10,47,1191,Grocery,West,1,0,Cloudy,16.5,111.07,182.83,7.13,746,369.87,396.75,48,83,9
2024-04-11,42,1177,Grocery,East,0,1,Cloudy,15.6,109.31,196.48,11.35,244,1957.99,2147.51,32,81,27
2024-04-12,40,1162,Sports,West,1,0,Cloudy,33.8,119.83,261.85,6.89,206,1419.19,1383.52,16,36,0
2024-04-13,24,1093,Toys,West,0,0,Rainy,27.9,111.6,248.2,9.0,545,1616.26,1767.33,49,496,47
2024-04-14,39,1040,Toys,West,1,0,Sunny,20.9,103.41,246.16,6.2,848,673.34,648.34,18,89,27
2024-04-15,11,1010,Clothing,East,1,0,Cloudy,13.3,104.02,258.82,10.92,596,834.16,790.5,41,207,22
2024-04-16,30,1008,Beauty,West,0,0,Sunny,11.5,105.06,232.85,8.48,900,1482.77,1621.06,22,468,49
2024-04-17,31,1111,Grocery,South,1,0,Rainy,35.6,85.05,285.07,9.22,670,1702.38,1693.1,50,305,45
2024-04-18,19,1126,Electronics,South,0,0,Rainy,21.8,118.23,241.98,9.01,75,298.57,306.12,29,443,50
2024-04-19,8,1175,Furniture,East,1,0,Rainy,16.8,110.6,243.77,7.97,359,1115.08,1044.27,32,283,40
2024-04-20,8,1115,Grocery,West,1,1,Sunny,10.3,115.1,190.78,9.86,906,1143.71,1211.41,11,431,183
2024-04-21,34,1116,Electronics,South,1,0,Rainy,12.6,103.53,260.58,9.23,475,553.1,499.46,1,329,55
2024-04-22,43,1067,Electronics,West,0,0,Cloudy,19.6,111.99,296.18,3.96,352,1699.22,1640.97,21,113,12
2024-04-23,17,1162,Electronics,South,1,0,Sunny,13.4,102.1,193.74,11.32,935,1052.21,1084.21,14,324,57
2024-04-24,50,1112,Sports,East,0,1,Sunny,14.4,110.22,284.0,5.37,831,1551.77,1654.67,35,309,117
2024-04-25,28,1008,Sports,West,0,0,Rainy,35.7,110.69,225.98,7.21,693,1754.83,1886.48,24,410,57
2024-04-26,22,1184,Electronics,West,1,0,Rainy,12.9,101.62,201.36,9.57,42,1664.04,1745.69,42,170,21
2024-04-27,47,1072,Electronics,West,0,1,Sunny,37.4,119.71,286.56,10.36,348,488.99,484.54,47,94,30
2024-04-28,23,1172,Clothing,South,0,1,Cloudy,31.3,82.67,291.79,3.71,919,1126.8,1224.5,8,232,82
2024-04-29,47,1141,Toys,South,1,1,Cloudy,30.9,93.12,256.33,7.25,569,449.07,490.66,41,335,128
2024-04-30,21,1105,Electronics,West,1,1,Rainy,25.3,113.91,232.69,11.65,892,469.69,430.29,23,271,121
2024-05-01,37,1171,Toys,West,1,0,Sunny,39.0,89.76,269.69,10.84,858,1618.18,1666.16,38,150,17
2024-05-02,42,1178,Toys,East,1,1,Cloudy,17.9,103.84,266.34,9.62,192,1627.69,1541.05,30,438,187
2024-05-03,31,1030,Beauty,East,1,1,Cloudy,10.9,119.95,291.66,8.01,33,1687.09,1855.31,32,147,38
2024-05-04,5,1009,Toys,North,0,0,Rainy,25.8,84.5,185.27,7.13,540,1326.55,1264.92,44,423,56
2024-05-05,17,1066,Clothing,South,0,1,Rainy,24.1,83.58,279.29,9.25,596,1376.57,1330.27,5,23,0
2024-05-06,44,1174,Beauty,South,1,1,Cloudy,29.2,85.31,228.79,6.21,327,1620.78,1514.66,0,455,200
2024-05-07,1,1002,Toys,West,1,1,Cloudy,33.6,92.33,234.94,7.01,183,398.57,388.1,27,423,168
2024-05-08,13,1021,Beauty,East,0,1,Rainy,26.1,82.87,185.39,11.38,225,329.09,323.57,45,455,160
2024-05-09,5,1152,Sports,North,0,1,Rainy,23.5,83.54,181.12,4.53,873,672.1,713.86,50,252,94
2024-05-10,38,1057,Grocery,East,1,0,Cloudy,39.8,106.69,255.09,8.17,60,1345.41,1344.03,27,465,84
2024-05-11,31,1035,Grocery,West,0,0,Cloudy,39.1,85.78,270.79,9.74,68,906.5,970.91,48,369,55
2024-05-12,50,1148,Clothing,East,1,0,Rainy,14.3,88.93,232.56,7.22,627,1446.47,1419.41,45,147,18
2024-05-13,9,1096,Clothing,West,1,0,Rainy,33.5,87.04,256.11,4.93,790,1601.51,1710.14,13,301,67
2024-05-14,10,1030,Furniture,West,0,1,Cloudy,36.9,100.9,272.2,4.63,254,566.97,569.64,3,354,142
2024-05-15,17,1044,Furniture,East,1,1,Rainy,34.7,105.22,255.6,11.6,432,1994.86,2005.67,21,499,204
2024-05-16,16,1038,Electronics,North,0,0,Cloudy,10.9,91.12,195.18,7.31,353,1991.44,1911.64,44,292,30
2024-05-17,50,1089,Furniture,East,1,0,Rainy,19.4,86.73,182.98,9.98,721,1543.46,1680.38,18,480,109
2024-05-18,6,1109,Sports,West,1,0,Rainy,11.6,82.5,206.27,8.28,283,1954.09,2103.65,17,428,93
2024-05-19,9,1030,Grocery,North,1,1,Sunny,21.2,106.97,240.07,9.24,568,1546.03,1520.92,0,405,190
2024-05-20,38,1025,Sports,West,0,0,Rainy,34.3,91.02,294.11,7.3,260,84.76,89.08,44,247,33
2024-05-21,30,1038,Grocery,West,1,1,Rainy,16.8,104.77,286.79,7.7,825,900.81,821.91,47,186,68
2024-05-22,24,1143,Clothing,East,0,1,Cloudy,21.7,82.7,287.58,10.09,618,378.63,349.13,28,53,9
2024-05-23,47,1155,Beauty,East,0,1,Sunny,24.5,100.53,236.44,8.99,460,1035.03,1109.16,45,402,149
2024-05-24,2,1018,Beauty,West,1,1,Rainy,23.9,89.86,196.09,5.94,113,1416.87,1474.86,13,149,57
2024-05-25,36,1024,Grocery,North,0,1,Cloudy,39.1,89.67,226.07,4.29,400,1301.61,1273.22,7,362,130
2024-05-26,42,1187,Toys,South,0,1,Cloudy,33.6,83.21,244.68,9.24,189,1840.46,1657.63,27,213,98
2024-05-27,6,1008,Beauty,North,0,1,Cloudy,37.3,108.12,248.72,9.69,897,182.72,178.18,33,333,124
2024-05-28,45,1139,Furniture,East,0,1,Rainy,33.2,91.96,182.08,3.69,93,1144.79,1158.32,3,136,58
2024-05-29,30,1078,Beauty,South,1,0,Sunny,20.2,91.4,270.95,8.94,753,805.03,740.23,33,328,53
2024-05-30,5,1084,Beauty,South,0,0,Sunny,33.8,111.61,254.95,10.11,237,1115.32,1049.92,2,369,50
2024-05-31,25,1010,Beauty,South,0,1,Cloudy,33.5,107.76,293.67,5.04,780,1940.23,1888.81,47,400,140
2024-06-01,19,1165,Electronics,North,1,1,Sunny,10.9,85.06,272.71,8.48,299,1501.31,1409.14,24,154,48
2024-06-02,38,1077,Sports,North,0,0,Sunny,38.0,100.5,286.28,5.29,347,753.99,786.28,8,441,57
2024-06-03,40,1181,Clothing,South,0,1,Sunny,17.8,115.71,270.29,9.63,171,734.69,707.55,49,240,87
2024-06-04,7,1061,Grocery,South,0,0,Rainy,22.8,112.29,255.44,5.05,99,291.5,300.61,15,272,40
2024-06-05,27,1121,Sports,North,0,0,Sunny,32.2,94.82,255.85,9.66,175,198.99,183.76,6,284,46
2024-06-06,38,1008,Toys,South,0,1,Cloudy,27.1,115.4,204.79,8.41,862,173.28,173.84,41,329,131
2024-06-07,36,1109,Beauty,North,0,0,Cloudy,14.6,102.55,258.86,8.98,538,1289.88,1301.64,17,140,23
2024-06-08,14,1196,Clothing,West,0,0,Rainy,25.2,102.44,223.48,7.88,812,931.23,960.84,37,243,14
2024-06-09,36,1127,Toys,North,0,1,Rainy,22.6,90.94,291.37,8.9,977,1171.01,1223.08,40,389,143
2024-06-10,25,1070,Toys,East,0,0,Cloudy,33.2,81.17,197.43,3.36,516,1819.1,1730.2,9,427,64
2024-06-11,41,1068,Toys,North,0,1,Rainy,21.6,103.06,273.06,10.33,864,833.24,857.81,38,406,145
2024-06-12,7,1086,Toys,West,1,1,Rainy,30.3,108.82,192.8,3.49,272,1678.05,1691.06,16,474,204
2024-06-13,16,1108,Furniture,South,0,1,Sunny,16.5,93.78,233.39,7.56,92,189.77,188.78,37,213,80
2024-06-14,27,1023,Sports,East,1,1,Rainy,21.2,106.7,292.12,3.53,730,1232.87,1337.88,22,260,118
2024-06-15,25,1030,Electronics,East,0,0,Sunny,29.8,113.05,220.73,10.55,623,864.7,843.43,22,286,44
2024-06-16,22,1091,Grocery,South,1,0,Cloudy,30.2,91.55,232.19,10.22,297,1091.46,1159.52,18,293,44
2024-06-17,26,1185,Beauty,North,0,1,Rainy,19.7,109.92,232.94,7.71,153,892.92,841.77,27,326,109
2024-06-18,45,1174,Electronics,North,1,0,Cloudy,33.6,88.83,222.62,8.54,901,1538.58,1527.86,17,236,19
2024-06-19,14,1050,Clothing,North,1,0,Rainy,20.1,111.58,193.22,11.77,861,439.02,412.21,49,168,28
2024-06-20,15,1192,Electronics,West,0,1,Cloudy,18.7,117.66,263.46,3.87,538,744.55,781.03,1,410,176
2024-06-21,44,1013,Electronics,East,1,0,Rainy,16.2,86.77,290.39,3.41,739,1915.82,1923.55,45,341,71
2024-06-22,22,1121,Furniture,East,1,0,Sunny,21.2,91.62,182.22,9.27,112,1061.03,1038.23,32,108,2
2024-06-23,48,1078,Electronics,North,0,1,Cloudy,23.2,108.67,266.75,3.97,952,195.43,195.55,8,257,102
2024-06-24,6,1166,Clothing,North,0,0,Cloudy,18.1,86.78,244.6,9.88,498,859.16,810.86,13,427,51
2024-06-25,24,1115,Sports,North,1,0,Rainy,39.7,98.9,207.71,7.2,360,948.66,912.84,44,425,65
2024-06-26,29,1048,Furniture,East,1,0,Sunny,36.3,106.02,252.01,3.23,95,299.69,281.12,28,282,52
2024-06-27,7,1085,Clothing,East,0,0,Rainy,17.4,107.34,234.21,8.97,982,89.49,92.68,16,446,65
2024-06-28,45,1087,Toys,West,0,0,Rainy,18.1,86.03,224.15,9.77,962,1938.33,1898.98,8,475,57
2024-06-29,49,1087,Clothing,East,0,0,Rainy,14.5,112.21,297.18,10.04,631,1174.8,1196.1,33,285,32
2024-06-30,22,1118,Furniture,North,0,1,Cloudy,22.5,106.38,226.85,6.98,229,1654.2,1676.1,11,272,118
2024-07-01,13,1100,Sports,North,1,0,Cloudy,35.5,99.48,261.61,7.8,633,1276.37,1356.31,31,357,55
2024-07-02,47,1148,Toys,South,0,0,Sunny,13.2,110.29,228.46,4.17,25,1038.85,974.63,39,191,18
2024-07-03,46,1097,Clothing,West,1,1,Rainy,37.8,96.45,286.22,9.55,879,397.18,431.79,47,188,64
2024-07-04,2,1094,Clothing,West,1,1,Cloudy,36.2,113.7,278.94,9.77,936,779.94,753.62,30,166,66
2024-07-05,35,1146,Sports,South,0,1,Sunny,29.9,114.62,191.29,5.67,199,1709.05,1635.31,43,277,100
2024-07-06,43,1132,Electronics,North,0,1,Sunny,29.8,104.3,244.25,10.8,866,112.09,117.43,36,226,71
2024-07-07,32,1058,Toys,East,0,1,Rainy,35.2,84.36,292.24,3.11,160,217.45,232.89,50,312,103
2024-07-08,44,1140,Sports,North,1,1,Sunny,15.3,87.36,212.29,8.87,256,379.08,411.04,44,63,16
2024-07-09,13,1119,Toys,North,0,1,Cloudy,19.3,104.64,229.08,11.87,171,1166.08,1103.3,23,187,87
2024-07-10,24,1011,Furniture,South,0,0,Sunny,30.7,109.21,196.01,4.15,924,634.61,657.63,45,323,37
2024-07-11,25,1026,Electronics,East,1,1,Sunny,18.4,103.15,228.91,3.02,791,1768.58,1688.69,6,211,95
2024-07-12,7,1032,Toys,South,0,0,Rainy,13.4,106.83,284.27,9.7,610,776.77,711.2,8,145,28
2024-07-13,11,1185,Beauty,North,0,0,Cloudy,26.2,117.06,280.48,11.05,309,1963.05,1961.05,20,38,18
2024-07-14,12,1036,Electronics,East,0,1,Sunny,11.6,110.41,251.97,10.62,367,486.15,451.34,5,20,1
2024-07-15,42,1077,Sports,South,0,1,Cloudy,35.9,105.44,280.88,9.41,653,1312.94,1362.22,7,339,143
2024-07-16,37,1120,Toys,North,1,1,Sunny,10.6,84.24,277.8,9.73,878,1515.0,1396.23,17,430,202
2024-07-17,28,1177,Furniture,North,0,1,Sunny,38.3,80.05,290.99,5.71,943,1636.57,1643.71,1,228,83
2024-07-18,17,1171,Clothing,West,0,0,Cloudy,10.8,101.88,255.83,9.35,215,895.14,871.52,41,373,30
2024-07-19,40,1117,Grocery,East,0,0,Cloudy,40.0,92.62,222.09,9.19,495,1256.77,1154.87,48,237,0
2024-07-20,29,1019,Grocery,West,1,1,Cloudy,10.6,89.13,221.78,8.19,153,676.29,636.0,41,402,177
2024-07-21,38,1117,Beauty,North,1,0,Sunny,21.9,97.01,245.77,7.25,584,1687.75,1798.28,36,113,26
2024-07-22,4,1183,Sports,South,0,1,Rainy,11.4,80.56,228.4,3.83,904,810.84,888.83,42,150,45
2024-07-23,21,1111,Sports,South,0,1,Cloudy,17.9,84.6,270.77,6.67,317,698.04,718.27,39,298,110
2024-07-24,12,1181,Furniture,North,1,1,Sunny,20.2,109.69,216.13,9.98,713,237.37,236.6,37,83,32
2024-07-25,7,1081,Beauty,South,0,1,Rainy,16.8,101.78,278.18,3.19,672,319.72,326.2,32,281,114
2024-07-26,42,1051,Grocery,North,0,0,Sunny,25.1,107.5,185.19,6.27,284,709.14,712.49,12,152,18
2024-07-27,23,1112,Clothing,East,0,1,Cloudy,17.7,89.75,252.69,6.11,55,539.63,580.17,48,382,147
2024-07-28,43,1163,Sports,East,0,0,Cloudy,21.2,92.81,212.45,8.42,206,1521.13,1433.13,6,432,48
2024-07-29,19,1150,Clothing,East,0,0,Cloudy,17.1,104.96,248.8,9.0,931,945.14,1015.68,9,244,38
2024-07-30,39,1106,Sports,South,0,1,Cloudy,35.7,112.94,220.93,8.11,830,1746.88,1911.94,34,353,123
2024-07-31,5,1112,Grocery,South,0,0,Cloudy,39.7,108.79,247.64,4.45,124,370.1,341.99,32,322,24
2024-08-01,47,1073,Furniture,South,0,0,Sunny,23.0,115.72,224.3,11.08,397,810.88,874.29,27,464,62
2024-08-02,44,1076,Beauty,South,0,1,Cloudy,35.6,81.62,221.81,10.4,33,943.98,1018.67,23,448,175
2024-08-03,49,1085,Sports,West,1,0,Rainy,38.0,119.03,289.1,11.98,368,1257.1,1377.58,44,278,47
2024-08-04,40,1099,Beauty,South,1,1,Rainy,17.9,84.06,227.16,10.27,928,875.54,931.35,26,371,173
2024-08-05,26,1193,Clothing,West,1,1,Sunny,21.9,89.74,222.91,7.58,137,922.85,846.11,27,312,137
2024-08-06,25,1154,Grocery,South,1,1,Sunny,16.8,91.34,230.77,11.26,535,1821.66,1669.92,26,115,34
2024-08-07,46,1135,Grocery,West,1,1,Rainy,28.9,82.77,268.42,5.01,273,858.68,934.37,7,47,42
2024-08-08,28,1123,Furniture,North,1,0,Rainy,32.4,93.39,204.59,11.38,879,1397.32,1529.29,27,364,57
2024-08-09,48,1170,Sports,East,1,0,Cloudy,30.3,84.36,281.53,6.44,587,1587.44,1585.54,0,287,52
2024-08-10,29,1101,Clothing,West,0,0,Rainy,36.3,88.11,200.27,5.55,570,1571.15,1541.22,9,275,30
2024-08-11,7,1160,Sports,South,0,1,Sunny,22.3,109.91,220.4,6.92,488,501.74,512.52,24,487,179
2024-08-12,32,1041,Furniture,West,0,0,Rainy,21.2,97.85,189.02,5.33,735,893.34,867.01,47,260,7
2024-08-13,41,1031,Furniture,East,0,0,Sunny,21.8,117.87,259.11,11.69,857,431.76,462.94,37,381,45
2024-08-14,47,1115,Grocery,East,1,0,Rainy,22.9,101.52,289.01,6.8,328,1609.77,1653.66,1,316,85
2024-08-15,39,1088,Sports,West,0,0,Sunny,25.6,110.44,238.93,3.11,667,516.05,476.4,25,411,44
2024-08-16,22,1050,Beauty,South,0,1,Sunny,28.0,87.97,261.22,3.52,602,835.06,782.08,39,300,113
2024-08-17,39,1094,Furniture,North,0,0,Sunny,10.4,101.7,289.23,6.97,387,1079.44,1017.46,44,355,42
2024-08-18,4,1076,Beauty,East,0,1,Sunny,21.9,105.44,298.34,3.88,838,56.97,53.56,18,289,87
2024-08-19,23,1050,Toys,West,0,0,Rainy,33.6,111.46,241.8,11.26,342,1697.85,1690.54,16,465,59
2024-08-20,46,1125,Clothing,East,0,0,Rainy,32.9,89.75,235.18,10.44,571,1219.93,1282.94,29,310,26
2024-08-21,45,1059,Clothing,East,1,1,Rainy,33.6,101.66,269.83,10.0,43,716.75,750.38,12,353,160
2024-08-22,48,1154,Clothing,South,1,0,Rainy,31.0,111.73,233.43,7.66,869,625.37,654.56,25,237,41
2024-08-23,15,1112,Grocery,North,1,0,Sunny,25.5,83.35,203.45,6.94,619,899.11,967.28,29,144,27
2024-08-24,36,1091,Furniture,South,1,1,Rainy,11.2,109.15,287.97,10.14,357,1369.5,1463.03,15,158,88
2024-08-25,14,1031,Beauty,West,0,0,Sunny,31.8,96.2,194.85,5.15,854,428.99,417.81,28,65,2
2024-08-26,21,1125,Clothing,South,0,0,Cloudy,26.0,80.1,240.51,7.78,481,1544.71,1633.68,42,281,23
2024-08-27,29,1009,Grocery,East,1,1,Rainy,34.0,93.09,271.61,11.02,711,1693.35,1683.33,40,319,128
2024-08-28,1,1197,Sports,West,0,1,Rainy,19.2,89.11,289.22,11.86,620,1548.55,1479.72,41,497,175
2024-08-29,32,1019,Furniture,North,1,1,Sunny,17.4,80.76,261.47,3.73,788,1407.89,1289.27,15,370,163
2024-08-30,13,1006,Grocery,West,1,0,Rainy,25.1,97.65,299.8,3.35,108,851.59,933.11,12,195,38
2024-08-31,2,1054,Sports,East,0,0,Rainy,14.4,108.76,221.21,7.75,29,585.38,561.01,35,189,26
2024-09-01,41,1020,Sports,West,0,0,Sunny,34.4,115.08,274.76,8.7,527,1123.31,1129.62,14,119,0
2024-09-02,48,1175,Clothing,West,1,1,Rainy,38.0,95.97,195.44,4.87,46,1492.68,1405.74,0,142,84
2024-09-03,32,1075,Beauty,West,1,0,Cloudy,29.9,80.67,242.19,4.5,708,929.37,888.94,47,407,52
2024-09-04,22,1200,Clothing,East,0,0,Rainy,29.0,101.57,237.53,5.29,119,141.63,135.02,34,42,0
2024-09-05,30,1152,Sports,East,0,0,Sunny,25.6,113.2,278.7,11.19,49,1554.5,1544.78,50,385,49
2024-09-06,15,1147,Grocery,East,1,1,Rainy,33.5,118.27,283.41,9.34,205,984.21,1001.92,15,328,159
2024-09-07,22,1075,Sports,East,0,0,Cloudy,29.4,80.33,267.74,4.95,939,851.44,809.17,50,488,56
2024-09-08,41,1021,Sports,West,1,0,Rainy,33.4,111.08,295.14,8.87,842,1966.93,1794.56,40,370,64
2024-09-09,23,1034,Toys,South,1,0,Rainy,27.4,91.48,180.8,7.03,354,1165.04,1071.07,32,313,44
2024-09-10,13,1026,Beauty,North,1,1,Rainy,33.0,95.99,252.17,5.31,409,177.76,193.17,5,216,90
2024-09-11,17,1027,Sports,West,1,1,Cloudy,31.5,81.2,228.14,4.75,152,852.55,797.69,17,236,111
2024-09-12,14,1009,Grocery,East,1,1,Rainy,35.4,93.41,246.2,6.77,491,1807.96,1781.39,49,34,1
2024-09-13,7,1029,Sports,South,1,1,Cloudy,22.9,94.32,212.97,8.5,999,1039.01,1119.46,16,372,168
2024-09-14,46,1026,Toys,East,0,1,Cloudy,16.1,86.35,269.03,11.48,828,1666.7,1790.97,34,321,110
2024-09-15,15,1125,Electronics,North,1,1,Sunny,39.2,87.89,262.82,7.59,303,919.12,1009.81,9,493,210
2024-09-16,32,1047,Grocery,East,0,1,Rainy,38.8,109.74,266.18,3.92,157,720.67,704.89,47,334,129
2024-09-17,29,1017,Toys,East,0,0,Rainy,30.1,119.68,232.99,10.51,413,444.99,461.71,39,121,0
2024-09-18,34,1013,Toys,West,0,1,Cloudy,32.5,115.22,193.35,7.67,607,177.71,165.79,14,371,140
2024-09-19,46,1176,Clothing,North,0,1,Cloudy,31.4,81.82,241.54,11.13,360,1340.3,1446.87,34,402,133
2024-09-20,37,1119,Clothing,South,1,1,Sunny,35.5,117.17,241.09,5.84,974,1119.75,1043.42,0,173,70
2024-09-21,17,1158,Grocery,West,1,1,Cloudy,20.2,98.05,207.3,7.69,438,1143.06,1046.17,21,350,145
2024-09-22,14,1194,Toys,South,1,0,Sunny,32.3,88.11,204.45,10.23,424,1334.63,1425.23,33,69,0
2024-09-23,19,1144,Toys,North,0,0,Cloudy,18.9,111.85,208.04,8.49,131,1164.85,1078.14,20,263,28
2024-09-24,43,1130,Furniture,East,1,0,Cloudy,38.4,83.17,200.13,10.11,340,338.99,365.12,28,34,11
2024-09-25,25,1041,Clothing,West,1,0,Sunny,28.8,111.43,284.58,6.17,177,542.23,511.75,26,429,80
2024-09-26,10,1157,Grocery,North,1,1,Rainy,17.8,116.69,285.78,11.37,450,1575.98,1435.36,12,245,117
2024-09-27,5,1014,Toys,East,1,1,Rainy,17.0,100.31,243.42,9.54,370,1561.69,1547.04,16,372,160
2024-09-28,14,1118,Electronics,North,1,0,Cloudy,30.7,118.18,222.05,11.4,677,836.77,770.98,4,387,72
2024-09-29,35,1021,Toys,West,1,0,Rainy,26.5,111.54,243.42,11.13,162,509.91,479.86,33,156,2
2024-09-30,4,1129,Sports,West,0,1,Rainy,12.4,114.32,298.41,10.9,799,256.99,280.27,1,152,73
2024-10-01,5,1147,Beauty,East,0,1,Cloudy,19.9,97.33,220.7,8.33,849,157.4,170.03,0,475,181
2024-10-02,35,1107,Electronics,East,1,0,Cloudy,12.5,85.67,283.26,8.7,197,473.61,501.66,32,119,0
2024-10-03,9,1061,Electronics,East,1,0,Sunny,39.1,95.75,182.16,6.33,436,1812.66,1885.77,10,339,69
2024-10-04,9,1104,Furniture,South,0,1,Sunny,11.6,83.76,299.77,5.6,909,248.37,259.07,31,243,88
2024-10-05,38,1129,Furniture,South,0,0,Cloudy,10.5,84.79,226.88,7.69,357,424.58,432.21,12,398,61
2024-10-06,23,1130,Grocery,West,0,1,Cloudy,18.5,101.0,242.79,9.3,942,325.93,314.93,39,477,187
2024-10-07,35,1029,Sports,South,0,0,Rainy,14.5,110.47,246.44,4.42,800,488.85,457.87,44,451,63
2024-10-08,30,1082,Clothing,North,0,1,Sunny,21.2,92.76,276.7,3.24,968,704.15,675.61,20,200,76
2024-10-09,8,1052,Furniture,North,1,0,Sunny,31.7,91.97,253.69,4.06,710,255.04,264.73,6,261,58
2024-10-10,36,1118,Toys,West,1,1,Cloudy,16.1,95.31,181.24,5.48,814,1906.07,2001.7,19,195,73
2024-10-11,32,1095,Grocery,West,0,1,Sunny,15.0,95.86,289.1,8.18,373,442.18,410.98,19,160,58
2024-10-12,37,1122,Sports,North,0,0,Rainy,37.2,92.58,188.77,8.84,672,1798.51,1768.42,10,493,73
2024-10-13,7,1199,Grocery,East,1,0,Rainy,32.3,82.04,252.18,11.2,540,1849.41,1795.64,32,421,72
2024-10-14,46,1156,Furniture,North,1,1,Sunny,12.3,119.6,239.29,7.99,421,1674.95,1693.95,8,239,116
2024-10-15,25,1156,Grocery,East,1,0,Sunny,19.9,116.65,255.59,8.82,134,1114.25,1007.95,42,173,3
2024-10-16,50,1125,Toys,East,0,1,Sunny,33.9,119.55,219.37,3.93,619,582.75,525.96,48,51,6
2024-10-17,41,1042,Furniture,North,1,0,Sunny,29.7,81.58,298.63,8.39,517,1621.95,1775.49,39,341,65
2024-10-18,24,1063,Furniture,South,0,1,Rainy,39.9,90.48,246.96,8.02,338,973.21,961.81,42,128,52
2024-10-19,8,1093,Sports,East,1,0,Rainy,19.0,109.82,262.76,8.3,153,1063.11,1006.74,50,447,81
2024-10-20,30,1001,Electronics,West,1,0,Cloudy,26.4,102.06,196.48,7.97,929,1435.26,1557.67,46,200,21
2024-10-21,44,1139,Toys,West,0,0,Sunny,30.6,93.64,290.96,10.47,868,1121.02,1194.25,6,214,30
2024-10-22,21,1142,Clothing,North,0,0,Sunny,32.0,104.8,291.82,4.48,437,619.99,580.05,26,353,39
2024-10-23,33,1062,Furniture,North,1,0,Cloudy,35.8,87.26,240.38,9.0,965,396.23,388.57,46,404,69
2024-10-24,33,1176,Electronics,South,1,1,Cloudy,36.2,109.47,280.0,9.89,75,500.28,484.92,40,475,210
2024-10-25,21,1165,Beauty,North,1,1,Sunny,27.4,105.81,202.14,7.21,221,877.23,961.28,33,74,37
2024-10-26,9,1057,Electronics,East,0,0,Rainy,14.2,81.95,188.22,3.8,674,258.62,242.33,15,489,75
2024-10-27,34,1144,Sports,North,0,0,Sunny,12.6,90.56,203.86,9.97,718,1593.67,1566.68,8,441,64
2024-10-28,7,1016,Electronics,North,1,1,Rainy,15.4,114.54,267.05,9.33,55,1198.71,1217.08,4,331,140
2024-10-29,21,1130,Electronics,East,0,0,Cloudy,11.9,115.08,293.1,5.91,700,1415.26,1304.1,10,391,47
2024-10-30,22,1016,Beauty,North,0,0,Cloudy,23.7,110.6,219.78,11.9,206,820.79,870.38,12,309,53
2024-10-31,36,1003,Furniture,North,1,0,Rainy,37.3,118.89,252.04,3.28,398,266.12,246.02,24,380,72
2024-11-01,35,1129,Beauty,North,1,1,Rainy,11.9,102.64,246.66,10.14,322,1101.92,1044.49,38,53,17
2024-11-02,15,1107,Sports,South,1,1,Cloudy,39.4,109.73,222.48,9.89,719,426.18,445.95,46,177,55
2024-11-03,31,1087,Electronics,North,1,0,Rainy,31.9,87.66,257.6,11.37,296,1694.93,1859.53,40,362,44
2024-11-04,33,1142,Electronics,North,1,1,Rainy,24.3,98.84,182.81,10.59,389,971.1,1067.63,27,485,227
2024-11-05,9,1119,Electronics,North,1,0,Sunny,18.6,111.12,183.96,3.19,231,1845.98,1932.32,14,307,52
2024-11-06,33,1017,Clothing,West,0,0,Cloudy,24.0,114.51,282.28,6.46,139,1842.32,1816.11,0,51,11
2024-11-07,34,1082,Grocery,East,1,1,Rainy,11.8,97.55,295.78,3.9,326,1856.57,1758.91,37,154,55
2024-11-08,11,1103,Furniture,South,1,0,Cloudy,36.8,83.83,295.74,7.7,751,1657.7,1669.06,14,116,35
2024-11-09,18,1180,Beauty,East,0,1,Rainy,37.1,102.95,281.31,8.55,493,949.25,1042.96,29,65,21
2024-11-10,39,1166,Furniture,North,1,0,Sunny,12.4,84.18,209.1,11.71,953,1578.92,1618.59,32,247,51
2024-11-11,5,1139,Furniture,West,0,0,Sunny,27.2,116.91,234.08,7.25,858,673.12,646.03,50,46,0
2024-11-12,27,1048,Sports,East,0,1,Rainy,31.1,106.67,180.45,10.95,906,53.64,53.82,1,499,198
2024-11-13,12,1094,Sports,East,0,1,Sunny,23.8,102.35,183.07,8.93,289,1772.93,1801.83,11,157,63
2024-11-14,44,1199,Electronics,West,1,0,Sunny,38.4,102.8,232.85,5.06,601,1699.44,1641.2,14,434,73
2024-11-15,13,1195,Electronics,North,0,1,Sunny,35.4,101.07,231.3,7.03,284,1080.06,1132.09,20,43,13
2024-11-16,50,1116,Beauty,East,1,1,Sunny,35.7,116.52,222.98,4.96,504,243.22,265.9,45,484,207
2024-11-17,2,1003,Furniture,East,0,0,Rainy,26.1,113.06,189.83,3.31,754,1960.53,2116.88,20,433,73
2024-11-18,12,1013,Furniture,West,1,1,Cloudy,34.3,92.52,235.49,9.57,537,894.88,912.74,28,92,51
2024-11-19,24,1005,Beauty,North,1,1,Sunny,22.7,117.53,241.76,10.22,678,1430.72,1362.32,44,95,38
2024-11-20,8,1162,Clothing,North,0,0,Cloudy,26.7,112.26,241.51,3.7,253,693.44,687.69,39,50,0
2024-11-21,38,1177,Grocery,West,1,0,Rainy,39.5,94.42,297.28,3.77,821,1044.65,1106.73,15,431,72
2024-11-22,2,1108,Electronics,West,0,0,Rainy,20.2,82.21,234.09,7.87,607,431.66,398.57,42,265,29
2024-11-23,35,1041,Beauty,West,1,0,Cloudy,38.7,90.79,259.37,5.76,301,169.78,182.9,33,191,20
2024-11-24,38,1153,Electronics,North,1,1,Sunny,24.7,113.17,225.35,9.14,340,1005.2,904.88,12,444,178
2024-11-25,48,1130,Electronics,West,0,0,Sunny,10.3,118.47,204.46,9.61,422,691.43,662.37,28,21,0
2024-11-26,26,1153,Toys,South,1,0,Sunny,17.9,116.81,228.9,11.58,818,1374.33,1322.19,34,273,47
2024-11-27,31,1165,Sports,West,0,0,Sunny,13.1,108.55,243.99,6.85,287,758.98,695.13,7,487,66
2024-11-28,35,1036,Beauty,West,1,0,Sunny,36.0,84.68,181.12,7.77,439,875.16,939.25,27,202,43
2024-11-29,27,1094,Toys,East,0,1,Sunny,29.1,113.25,249.51,8.8,240,1659.82,1582.48,28,119,30
2024-11-30,32,1019,Grocery,North,0,1,Cloudy,26.6,114.02,231.91,11.03,96,676.93,673.44,47,439,165
2024-12-01,43,1035,Electronics,South,0,0,Sunny,27.5,95.14,290.1,10.22,912,1417.47,1289.29,50,429,36
2024-12-02,28,1125,Sports,South,0,0,Rainy,34.3,83.37,290.55,3.69,989,763.6,811.48,45,136,6
2024-12-03,13,1105,Furniture,East,1,0,Rainy,26.8,97.06,237.76,5.67,212,379.96,363.99,28,78,19
2024-12-04,22,1094,Clothing,West,1,1,Sunny,39.7,107.48,185.1,3.62,768,389.41,392.79,30,275,110
2024-12-05,8,1125,Electronics,West,1,1,Rainy,15.6,117.82,202.58,6.41,982,1671.18,1595.0,2,482,222
2024-12-06,44,1169,Clothing,East,1,1,Sunny,15.0,81.46,207.83,11.66,412,1133.37,1141.71,24,425,184
2024-12-07,36,1047,Clothing,South,0,1,Cloudy,23.1,107.74,296.12,4.78,982,1266.84,1283.69,14,315,131
2024-12-08,22,1156,Toys,North,1,1,Sunny,27.5,105.91,265.84,7.61,302,864.0,828.67,49,79,27
2024-12-09,5,1136,Toys,North,0,1,Rainy,23.6,108.09,230.72,9.76,636,468.74,496.26,31,142,45
2024-12-10,45,1102,Grocery,West,0,1,Sunny,12.1,94.88,247.32,4.23,86,829.33,797.27,21,164,59
2024-12-11,25,1074,Toys,East,0,0,Rainy,20.4,86.82,217.12,9.29,28,190.73,185.62,1,169,18
2024-12-12,29,1141,Electronics,East,0,0,Rainy,38.3,80.96,280.72,9.59,265,427.45,459.8,31,325,35
2024-12-13,9,1170,Toys,South,0,0,Sunny,34.7,100.09,194.85,11.11,691,1129.01,1126.82,41,427,68
2024-12-14,17,1058,Beauty,South,1,0,Cloudy,37.1,105.21,205.44,11.63,696,998.39,906.83,46,343,59
2024-12-15,14,1082,Furniture,West,0,1,Rainy,37.2,91.43,237.75,10.72,181,1810.47,1733.18,30,96,21
2024-12-16,16,1057,Clothing,South,0,1,Sunny,33.2,116.96,260.67,4.62,173,1334.12,1288.84,6,275,108
2024-12-17,42,1091,Toys,South,1,1,Cloudy,37.2,112.8,206.28,8.61,844,1039.07,1116.99,5,394,180
2024-12-18,46,1191,Toys,South,1,0,Rainy,13.3,113.98,251.95,11.83,384,1630.59,1628.07,10,90,0
2024-12-19,33,1179,Toys,South,0,0,Cloudy,16.6,99.6,211.41,7.93,857,101.77,107.65,11,332,47
2024-12-20,35,1095,Beauty,North,1,1,Rainy,18.1,109.41,217.4,5.46,333,324.74,356.94,41,257,114
2024-12-21,15,1126,Grocery,West,0,0,Sunny,16.1,112.04,243.96,4.83,709,738.33,810.55,28,346,31
2024-12-22,15,1127,Toys,East,0,0,Cloudy,15.9,116.05,192.85,11.18,418,693.3,639.76,26,149,0
2024-12-23,23,1098,Sports,West,1,1,Rainy,11.0,99.11,278.53,7.31,390,1263.05,1158.68,34,134,64
2024-12-24,15,1060,Clothing,West,0,1,Rainy,10.5,88.23,271.47,5.75,799,1560.7,1625.31,15,393,143
2024-12-25,17,1022,Electronics,South,1,0,Cloudy,14.2,117.39,256.2,4.15,52,211.89,230.65,14,439,77
2024-12-26,9,1162,Furniture,North,1,1,Cloudy,39.4,119.56,263.49,8.78,451,499.21,524.18,1,339,150
2024-12-27,40,1106,Beauty,East,1,0,Cloudy,32.5,100.38,234.36,11.59,594,1896.29,1925.18,39,311,51
2024-12-28,6,1023,Electronics,South,1,0,Cloudy,35.8,92.79,277.86,5.2,976,914.37,857.75,39,388,52
2024-12-29,25,1156,Clothing,West,0,0,Sunny,30.9,83.27,209.1,11.44,33,1702.65,1817.37,49,120,5
2024-12-30,45,1101,Beauty,North,0,1,Rainy,19.3,107.3,193.3,3.67,115,1989.57,1943.95,44,416,160
2023-01-01,43,1065,Furniture,East,0,0,Cloudy,22.5,94.99,292.17,7.25,174,893.43,807.45,33,27,5
2023-01-02,13,1048,Grocery,West,0,0,Cloudy,25.1,114.43,216.73,11.42,214,1829.71,1676.33,44,156,10
2023-01-03,40,1118,Grocery,North,0,1,Sunny,26.9,101.16,259.17,4.99,800,363.91,378.72,19,467,186
2023-01-04,33,1038,Grocery,West,0,1,Sunny,32.9,80.83,296.33,11.16,171,1504.89,1607.48,39,343,119
2023-01-05,14,1183,Toys,South,0,0,Cloudy,34.5,83.78,191.68,6.26,121,61.09,60.05,3,455,67
2023-01-06,33,1078,Toys,West,0,1,Cloudy,29.2,107.99,249.79,9.06,994,942.84,975.46,27,363,125
2023-01-07,16,1027,Electronics,North,1,1,Sunny,12.3,109.09,274.8,9.38,305,322.24,348.97,24,187,76
2023-01-08,31,1021,Clothing,West,0,1,Sunny,24.5,95.12,198.3,5.05,150,1953.07,1936.8,23,40,1
2023-01-09,38,1170,Clothing,East,1,0,Sunny,24.9,116.9,275.21,8.99,313,1506.67,1620.26,13,232,72
2023-01-10,26,1021,Furniture,West,1,0,Cloudy,10.9,99.4,235.82,4.37,928,1332.3,1327.25,34,153,22
2023-01-11,34,1062,Furniture,South,0,1,Sunny,13.1,88.47,241.6,8.02,124,61.51,62.36,28,304,107
2023-01-12,44,1054,Grocery,East,1,0,Sunny,18.2,114.54,258.79,5.05,318,1821.72,1687.32,26,174,26
2023-01-13,5,1005,Electronics,East,1,0,Sunny,36.8,94.53,278.7,10.06,793,904.01,889.76,46,411,56
2023-01-14,10,1092,Electronics,West,1,0,Rainy,15.2,81.12,217.34,11.95,569,1673.76,1818.35,12,377,79
2023-01-15,37,1007,Grocery,North,1,1,Rainy,21.7,117.87,181.25,11.57,865,1669.5,1724.56,46,304,106
2023-01-16,23,1029,Sports,North,1,1,Cloudy,38.6,108.54,231.24,4.33,523,1915.6,2029.61,24,491,216
2023-01-17,42,1142,Clothing,West,1,1,Rainy,33.5,102.54,290.35,6.31,713,1788.38,1956.32,11,301,142
2023-01-18,30,1179,Clothing,West,1,0,Rainy,31.4,112.14,236.14,5.19,321,1632.23,1687.08,10,40,1
2023-01-19,4,1028,Grocery,West,1,0,Rainy,37.8,114.54,296.47,9.67,554,200.8,200.2,43,155,25
2023-01-20,19,1108,Sports,East,0,1,Sunny,12.0,99.7,187.41,6.04,889,1659.76,1538.43,50,273,108
2023-01-21,30,1147,Toys,South,0,0,Sunny,31.6,81.96,184.62,4.72,69,1844.82,1839.59,36,450,59
2023-01-22,6,1034,Electronics,East,0,0,Sunny,25.1,92.35,282.7,8.51,399,710.13,771.03,27,446,59
2023-01-23,11,1125,Electronics,North,0,1,Sunny,12.1,101.38,214.19,9.71,75,892.19,883.26,46,215,68
2023-01-24,9,1163,Toys,North,1,1,Sunny,22.0,83.42,299.48,5.87,909,537.64,535.11,12,267,142
2023-01-25,3,1070,Grocery,North,1,0,Rainy,14.3,102.2,232.62,10.21,561,1010.95,921.88,1,23,0
2023-01-26,23,1015,Furniture,South,1,1,Rainy,17.2,88.28,283.49,4.05,218,1780.53,1898.52,41,119,37
2023-01-27,42,1055,Furniture,North,1,0,Sunny,16.2,119.09,186.73,8.74,59,1278.42,1158.78,15,260,48
2023-01-28,35,1012,Grocery,North,1,1,Rainy,10.5,108.59,181.69,11.07,679,891.55,810.3,21,322,148
2023-01-29,49,1061,Sports,North,1,0,Rainy,18.0,108.38,188.1,8.86,107,759.78,690.43,50,306,31
2023-01-30,10,1107,Sports,South,0,1,Rainy,37.6,97.82,216.56,10.01,654,1827.69,1907.77,40,454,175
2023-01-31,3,1134,Sports,North,1,1,Sunny,17.0,89.32,181.58,8.81,746,1523.95,1638.91,5,486,211
2023-02-01,16,1051,Grocery,West,0,1,Rainy,33.8,86.9,183.73,8.99,213,396.93,417.55,16,162,63
2023-02-02,18,1096,Beauty,North,1,1,Cloudy,39.2,96.63,191.51,5.95,181,1289.26,1266.08,7,187,95
2023-02-03,24,1106,Furniture,East,0,1,Cloudy,34.8,90.09,191.46,8.88,926,1240.55,1287.92,27,28,1
2023-02-04,43,1188,Toys,North,0,1,Rainy,35.7,95.72,198.64,8.55,759,373.06,346.79,35,319,125
2023-02-05,20,1122,Electronics,West,1,1,Cloudy,21.8,93.17,297.57,10.25,813,1364.31,1233.03,7,367,156
2023-02-06,37,1191,Furniture,West,1,1,Cloudy,23.3,106.06,262.75,6.69,49,210.02,203.35,4,92,36
2023-02-07,22,1106,Toys,East,0,0,Rainy,12.0,111.68,283.76,7.52,664,107.35,104.82,6,422,71
2023-02-08,18,1046,Grocery,East,1,1,Rainy,27.6,100.86,286.33,4.89,560,193.66,184.91,49,296,126
2023-02-09,47,1097,Grocery,East,0,0,Cloudy,29.1,85.36,274.5,11.59,160,1240.34,1227.09,17,83,8
2023-02-10,7,1035,Electronics,South,0,1,Cloudy,25.1,109.17,214.96,8.25,220,1915.06,1966.09,46,494,190
2023-02-11,50,1179,Grocery,North,0,1,Cloudy,17.7,81.1,241.46,9.48,183,1266.57,1379.07,8,75,39
2023-02-12,38,1170,Grocery,East,0,0,Sunny,37.7,88.73,294.19,5.8,209,1704.55,1561.14,23,466,74
2023-02-13,38,1178,Furniture,North,1,0,Sunny,33.7,108.44,200.87,6.41,56,662.58,626.8,21,466,85
2023-02-14,20,1063,Beauty,South,1,1,Cloudy,12.3,85.2,251.69,9.83,234,1094.7,1137.66,32,158,61
2023-02-15,19,1147,Electronics,East,1,1,Rainy,15.4,88.68,285.25,8.26,73,1674.63,1541.12,35,469,201
2023-02-16,32,1016,Beauty,West,0,0,Cloudy,14.4,90.87,189.56,6.4,882,1044.06,943.91,49,232,17
2023-02-17,30,1062,Grocery,North,1,1,Cloudy,29.4,108.83,234.55,4.35,535,1873.9,1895.1,1,240,107
2023-02-18,27,1090,Sports,North,1,1,Rainy,36.5,89.33,297.04,11.35,71,1606.19,1585.45,31,62,9
2023-02-19,30,1114,Clothing,South,1,1,Sunny,30.4,107.94,255.58,6.85,876,193.46,189.87,33,76,30
2023-02-20,18,1199,Sports,South,0,1,Cloudy,15.4,117.18,186.19,3.22,322,1368.27,1306.56,9,100,43
2023-02-21,36,1160,Furniture,West,0,1,Rainy,33.3,84.66,224.66,3.33,70,232.4,210.11,36,100,24
2023-02-22,4,1122,Grocery,West,1,1,Rainy,20.8,115.98,236.8,4.04,364,1971.13,1904.65,10,310,144
2023-02-23,42,1059,Toys,West,1,0,Rainy,21.5,99.86,261.41,10.77,989,1302.19,1354.34,41,137,17
2023-02-24,42,1123,Grocery,West,0,1,Cloudy,34.0,81.14,293.09,6.1,730,477.12,444.34,7,377,139
2023-02-25,3,1008,Toys,North,0,0,Cloudy,34.4,100.91,294.47,3.85,720,212.51,191.26,20,485,78
2023-02-26,34,1007,Furniture,West,0,0,Cloudy,12.8,82.31,262.27,9.46,881,1360.87,1287.26,30,331,26
2023-02-27,25,1058,Toys,East,1,0,Rainy,31.8,114.47,245.62,4.02,447,799.32,851.62,46,367,76
2023-02-28,4,1003,Grocery,West,0,1,Sunny,24.0,114.8,296.81,6.1,974,1517.88,1376.97,4,189,85
2023-03-01,46,1004,Sports,West,1,0,Sunny,33.1,101.06,229.26,5.62,877,1442.86,1413.0,49,447,79
2023-03-02,23,1094,Furniture,East,0,0,Sunny,36.7,117.35,298.97,10.8,997,1139.46,1186.14,19,454,72
2023-03-03,29,1019,Clothing,North,0,1,Rainy,13.9,83.91,228.65,4.82,643,1647.71,1669.95,17,251,90
2023-03-04,17,1003,Electronics,East,1,1,Cloudy,35.9,91.3,249.32,4.55,841,361.43,343.8,49,106,37
2023-03-05,47,1039,Clothing,North,0,0,Sunny,39.3,109.38,288.52,9.49,159,366.09,400.42,37,164,8
2023-03-06,13,1158,Furniture,North,1,0,Sunny,11.4,113.54,260.62,8.14,138,651.77,603.59,44,321,70
2023-03-07,20,1011,Electronics,West,1,1,Cloudy,29.0,83.9,200.99,7.58,163,626.7,610.42,6,77,39
2023-03-08,1,1152,Sports,West,1,0,Cloudy,34.1,115.48,254.75,3.66,444,1176.62,1202.28,50,172,16
2023-03-09,50,1116,Furniture,West,0,1,Rainy,32.4,95.57,252.82,11.23,731,1787.11,1660.9,49,396,129
2023-03-10,32,1142,Grocery,North,0,1,Cloudy,33.6,108.57,186.67,9.67,686,543.23,581.05,18,110,14
2023-03-11,20,1094,Sports,West,1,0,Cloudy,39.4,100.52,267.52,4.74,109,216.58,204.24,18,392,67
2023-03-12,40,1047,Clothing,West,1,1,Rainy,22.2,118.12,214.9,12.0,142,450.74,487.61,7,467,207
2023-03-13,5,1052,Furniture,South,0,0,Cloudy,31.7,104.91,184.11,5.63,460,57.46,57.66,18,217,3
2023-03-14,44,1172,Furniture,East,0,1,Sunny,18.6,111.07,291.57,10.4,796,1445.74,1449.72,39,338,119
2023-03-15,32,1155,Electronics,East,0,1,Cloudy,39.7,99.61,263.57,3.65,772,1820.39,1817.99,44,27,0
2023-03-16,30,1163,Sports,South,1,0,Sunny,15.6,92.15,276.04,10.55,881,537.33,501.1,10,119,9
2023-03-17,7,1165,Beauty,West,0,0,Sunny,16.4,98.99,298.89,6.49,837,1519.14,1549.4,25,254,39
2023-03-18,8,1149,Furniture,West,1,0,Rainy,15.2,95.19,191.35,5.44,463,1600.27,1495.84,42,373,54
2023-03-19,4,1114,Grocery,South,0,0,Rainy,12.2,109.06,196.87,10.3,146,1557.3,1650.87,41,29,0
2023-03-20,39,1104,Beauty,South,1,0,Sunny,33.9,98.99,279.79,11.67,655,342.01,365.19,9,240,34
2023-03-21,6,1115,Toys,East,0,1,Rainy,26.3,117.0,258.04,4.15,437,256.45,268.57,32,438,166
2023-03-22,31,1064,Furniture,North,0,1,Rainy,28.6,114.06,280.33,7.11,123,1819.9,1889.24,33,351,139
2023-03-23,9,1195,Furniture,North,0,1,Cloudy,25.2,88.6,298.06,9.16,98,1202.14,1295.29,42,316,103
2023-03-24,14,1108,Toys,West,1,0,Sunny,19.5,83.23,267.43,9.36,420,179.78,162.05,46,53,0
2023-03-25,10,1123,Furniture,East,1,1,Sunny,28.2,111.89,264.34,11.79,458,1444.91,1481.91,14,500,208
2023-03-26,11,1108,Beauty,East,0,1,Cloudy,22.5,98.01,205.41,3.78,966,309.27,290.85,42,90,9
2023-03-27,18,1062,Clothing,North,1,0,Cloudy,32.3,109.92,197.02,9.53,430,900.19,896.74,45,461,79
2023-03-28,45,1079,Toys,West,0,1,Rainy,17.5,118.81,207.54,9.37,430,833.57,902.19,2,390,164
2023-03-29,32,1037,Toys,East,1,0,Sunny,39.4,94.19,229.28,8.41,73,198.52,189.01,33,27,8
2023-03-30,26,1142,Electronics,North,1,1,Cloudy,35.0,94.58,180.15,4.84,428,1683.72,1745.07,9,240,108
2023-03-31,21,1006,Clothing,East,0,0,Sunny,31.6,80.4,199.0,8.04,939,808.7,841.26,11,165,27
2023-04-01,4,1097,Sports,South,1,1,Cloudy,32.5,90.35,222.78,7.35,734,156.07,144.97,48,29,0
2023-04-02,3,1192,Clothing,West,1,0,Cloudy,10.7,98.01,216.66,6.35,414,1015.58,978.66,8,166,34
2023-04-03,47,1006,Sports,West,1,0,Rainy,32.7,106.24,280.36,6.33,936,83.07,80.28,26,152,19
2023-04-04,16,1199,Toys,South,0,1,Cloudy,33.9,102.8,217.27,10.63,753,1787.43,1915.25,49,120,42
2023-04-05,26,1094,Clothing,East,0,0,Cloudy,38.2,97.05,186.05,4.59,161,345.98,358.52,21,485,63
2023-04-06,39,1159,Grocery,West,1,0,Rainy,16.9,91.12,266.1,9.72,931,953.95,962.18,42,53,0
2023-04-07,20,1134,Sports,North,1,1,Cloudy,29.5,102.34,192.4,6.67,175,1331.07,1455.38,7,374,177
2023-04-08,44,1098,Toys,West,1,1,Rainy,39.6,86.82,200.84,7.57,458,997.07,1032.62,17,177,80
2023-04-09,31,1019,Toys,West,1,0,Sunny,36.9,82.07,184.41,3.47,957,845.26,881.28,33,409,74
2023-04-10,47,1180,Clothing,West,0,1,Sunny,24.0,103.47,290.88,8.36,764,406.3,422.96,9,191,66
2023-04-11,42,1150,Beauty,East,0,1,Sunny,28.9,108.78,214.58,4.48,454,858.27,892.06,42,43,0
2023-04-12,26,1106,Beauty,North,0,0,Cloudy,26.4,111.81,188.23,10.51,752,282.08,261.3,5,203,38
2023-04-13,3,1040,Beauty,West,0,1,Rainy,36.2,90.17,198.15,11.85,727,919.76,991.09,41,159,54
2023-04-14,23,1035,Beauty,West,1,1,Cloudy,23.0,117.65,182.57,11.54,653,99.37,103.0,39,375,158
2023-04-15,21,1040,Furniture,North,1,0,Cloudy,32.2,118.34,279.75,9.6,413,589.25,541.38,12,268,60
2023-04-16,7,1028,Grocery,South,0,0,Rainy,17.9,101.33,293.48,6.74,536,114.66,117.14,23,157,30
2023-04-17,35,1088,Beauty,West,1,0,Rainy,20.4,112.23,238.68,10.41,374,850.5,854.55,18,165,31
2023-04-18,10,1160,Sports,North,0,0,Rainy,11.3,113.38,296.16,4.6,722,530.0,553.74,46,421,44
2023-04-19,48,1164,Furniture,North,0,1,Sunny,19.7,84.09,288.32,3.06,527,552.91,567.82,36,371,148
2023-04-20,1,1159,Furniture,West,0,0,Cloudy,31.5,98.67,262.11,7.03,115,755.54,798.78,21,217,40
2023-04-21,9,1177,Grocery,East,1,1,Rainy,36.8,113.9,264.47,3.57,308,1677.75,1663.18,50,211,68
2023-04-22,43,1188,Electronics,East,0,0,Cloudy,19.4,104.76,298.71,6.22,38,1713.28,1823.42,24,449,49
2023-04-23,26,1196,Beauty,South,1,0,Sunny,17.0,94.57,209.77,7.58,851,115.27,108.97,10,161,9
2023-04-24,27,1171,Toys,West,1,0,Rainy,38.2,83.59,240.96,11.85,657,1339.14,1223.01,30,355,74
2023-04-25,10,1145,Toys,West,1,0,Sunny,18.5,119.58,220.65,4.04,884,1281.44,1162.49,12,152,29
2023-04-26,37,1024,Furniture,North,0,0,Sunny,29.6,118.03,278.0,11.68,61,702.38,707.15,41,132,15
2023-04-27,42,1079,Beauty,East,0,1,Rainy,24.7,82.36,204.98,11.1,1000,707.46,716.5,44,500,190
2023-04-28,14,1097,Toys,South,1,0,Sunny,34.2,85.48,230.23,10.12,685,828.63,901.24,27,451,91
2023-04-29,19,1055,Sports,South,0,1,Rainy,11.8,108.97,248.4,6.33,302,1046.98,1022.94,35,110,24
2023-04-30,49,1064,Toys,South,0,0,Cloudy,34.2,85.92,261.82,5.51,813,191.55,190.56,7,208,31
2023-05-01,23,1181,Grocery,West,1,0,Sunny,31.2,111.74,293.5,10.07,126,717.23,660.17,44,425,86
2023-05-02,11,1111,Sports,South,1,0,Cloudy,27.6,81.58,202.82,8.55,399,759.71,719.08,1,428,67
2023-05-03,16,1162,Beauty,West,1,0,Rainy,27.9,84.02,207.03,9.04,503,1742.59,1700.36,28,174,22
2023-05-04,47,1126,Electronics,West,1,0,Sunny,21.0,88.34,273.08,3.61,49,1909.36,1760.23,4,417,92
2023-05-05,40,1021,Clothing,East,0,0,Cloudy,37.7,92.47,280.92,3.51,161,979.85,935.14,21,150,10
2023-05-06,24,1095,Toys,South,0,1,Sunny,37.0,87.33,255.6,7.23,301,202.5,186.52,43,285,103
2023-05-07,25,1042,Toys,West,0,0,Cloudy,25.1,91.43,203.09,4.04,189,1539.85,1613.58,40,242,21
2023-05-08,18,1179,Electronics,North,0,1,Cloudy,32.0,81.68,236.41,3.69,396,1403.41,1412.71,16,350,136
2023-05-09,30,1194,Clothing,East,0,0,Sunny,19.5,107.49,209.98,3.81,998,1358.15,1256.84,45,442,41
2023-05-10,12,1057,Grocery,West,0,1,Cloudy,19.2,107.44,260.58,10.86,920,1916.14,1917.54,13,175,72
2023-05-11,31,1109,Sports,East,1,0,Cloudy,37.0,86.05,218.3,9.55,506,1308.95,1381.1,10,347,57
2023-05-12,25,1074,Toys,East,0,1,Sunny,18.6,116.43,267.13,6.64,419,127.93,123.91,32,205,78
2023-05-13,23,1090,Toys,East,0,0,Sunny,37.9,98.87,262.09,5.27,782,1252.77,1215.04,35,191,21
2023-05-14,50,1027,Electronics,North,0,0,Cloudy,34.6,85.8,280.33,3.74,210,254.15,271.18,27,71,15
2023-05-15,49,1166,Furniture,West,0,1,Sunny,32.8,102.99,204.83,9.11,674,108.72,115.1,42,327,99
2023-05-16,14,1025,Grocery,West,1,0,Cloudy,25.0,80.07,186.63,7.0,840,1714.0,1842.46,34,300,47
2023-05-17,43,1168,Toys,West,0,0,Rainy,17.7,91.67,212.88,5.21,970,1627.04,1750.42,3,297,52
2023-05-18,22,1133,Sports,North,1,0,Cloudy,17.4,119.32,198.68,10.88,267,1552.66,1687.88,13,217,35
2023-05-19,18,1199,Furniture,East,1,1,Rainy,37.8,107.82,288.24,11.14,166,79.47,76.3,35,288,111
2023-05-20,14,1039,Clothing,West,0,1,Sunny,29.8,104.77,186.83,7.33,508,372.98,380.89,23,115,47
2023-05-21,14,1034,Electronics,West,1,0,Rainy,39.5,115.47,220.81,3.3,31,185.26,195.37,0,456,88
2023-05-22,24,1133,Toys,South,0,0,Rainy,13.8,92.5,218.5,8.55,923,173.46,173.95,21,278,34
2023-05-23,31,1130,Beauty,West,0,1,Sunny,39.9,89.31,227.51,7.31,730,838.31,830.87,0,366,150
2023-05-24,41,1049,Furniture,West,1,0,Cloudy,34.9,88.12,233.2,4.1,980,1171.32,1189.29,16,370,79
2023-05-25,26,1190,Clothing,North,0,0,Sunny,39.7,99.33,197.48,4.57,675,1251.6,1370.2,39,398,45
2023-05-26,35,1057,Clothing,North,1,0,Rainy,14.2,94.74,207.79,5.81,94,578.8,619.77,50,270,39
2023-05-27,29,1163,Clothing,East,1,0,Cloudy,26.1,95.16,270.9,3.05,614,1653.47,1792.86,33,488,86
2023-05-28,49,1050,Grocery,North,1,1,Rainy,18.8,101.07,284.12,7.28,383,1904.23,1848.98,8,437,190
2023-05-29,22,1182,Grocery,North,0,1,Rainy,14.2,92.84,288.13,9.83,217,149.03,151.29,50,258,111
2023-05-30,31,1105,Electronics,South,1,1,Sunny,38.6,118.45,209.99,10.95,136,1684.55,1630.22,32,415,164
2023-05-31,14,1162,Furniture,South,0,0,Cloudy,36.0,85.02,278.92,7.72,906,886.84,971.59,14,342,40
2023-06-01,44,1159,Toys,South,0,1,Sunny,32.1,107.44,193.7,11.93,769,1827.2,1646.82,2,372,153
2023-06-02,38,1076,Sports,West,0,0,Cloudy,30.1,106.94,257.0,6.11,886,1948.19,1786.2,7,473,69
2023-06-03,27,1115,Grocery,North,1,1,Rainy,34.0,101.93,226.69,4.84,406,628.15,670.59,3,479,208
2023-06-04,48,1117,Toys,North,0,1,Rainy,35.5,90.28,194.69,6.82,891,1741.62,1899.98,39,302,102
2023-06-05,39,1017,Furniture,South,1,0,Rainy,28.7,91.39,256.91,7.7,799,1616.75,1589.64,8,141,25
2023-06-06,16,1053,Toys,South,0,1,Rainy,15.4,81.88,208.16,4.26,859,1375.92,1414.94,3,398,150
2023-06-07,8,1186,Toys,East,0,0,Sunny,24.7,93.09,197.66,8.39,670,65.66,63.7,10,347,36
2023-06-08,2,1094,Furniture,North,0,0,Cloudy,14.7,89.68,267.14,11.46,230,155.34,155.49,48,139,3
2023-06-09,42,1105,Beauty,East,0,1,Cloudy,22.1,85.86,289.69,8.82,520,1239.47,1248.25,42,82,17
2023-06-10,45,1043,Grocery,South,0,1,Sunny,34.8,82.06,265.56,8.41,715,1520.81,1481.82,15,477,173
2023-06-11,19,1006,Beauty,South,0,1,Sunny,39.8,119.73,276.73,10.27,76,363.04,387.95,4,258,76
2023-06-12,32,1140,Electronics,South,0,0,Sunny,16.6,117.5,210.79,8.95,796,1479.95,1530.06,5,402,47
2023-06-13,8,1100,Grocery,North,1,0,Rainy,22.5,106.06,220.63,10.48,509,877.03,801.18,16,471,91
2023-06-14,8,1105,Grocery,East,0,0,Sunny,18.5,83.3,182.74,8.86,144,1711.88,1840.47,2,402,84
2023-06-15,21,1087,Toys,South,0,0,Cloudy,27.2,110.26,263.1,10.08,279,750.72,732.0,38,177,14
2023-06-16,27,1086,Grocery,West,0,0,Sunny,32.4,106.74,252.97,7.66,260,1617.71,1515.16,14,106,12
2023-06-17,46,1098,Furniture,West,0,1,Sunny,36.0,119.44,222.49,9.97,528,167.02,156.74,45,182,40
2023-06-18,33,1137,Beauty,North,0,0,Rainy,21.2,110.4,222.01,4.21,592,1173.64,1114.89,0,468,70
2023-06-19,14,1004,Beauty,North,1,0,Cloudy,25.7,81.07,272.41,9.79,90,252.01,277.15,4,358,59
2023-06-20,9,1099,Electronics,North,0,1,Cloudy,13.6,108.29,196.42,8.14,953,810.27,772.59,26,460,173
2023-06-21,33,1007,Grocery,East,0,0,Rainy,34.0,108.87,297.22,9.26,331,1110.41,1080.75,28,179,7
2023-06-22,37,1008,Toys,East,1,1,Rainy,12.5,97.7,218.37,6.69,554,1171.74,1142.75,15,98,44
2023-06-23,26,1151,Furniture,South,0,0,Rainy,37.6,103.81,230.46,8.28,221,1421.48,1462.78,10,218,36
2023-06-24,13,1065,Grocery,North,0,1,Sunny,10.6,91.31,196.2,3.18,845,1825.7,1696.19,28,412,157
2023-06-25,5,1169,Toys,West,0,0,Cloudy,28.8,91.39,237.27,6.08,186,716.13,780.38,37,335,43
2023-06-26,39,1180,Sports,West,1,0,Cloudy,11.8,84.13,226.53,7.01,200,1685.86,1551.74,34,416,74
2023-06-27,35,1065,Electronics,West,0,1,Sunny,12.5,80.82,291.74,9.13,383,1274.06,1325.13,17,221,73
2023-06-28,40,1194,Toys,West,1,1,Cloudy,26.5,103.79,187.29,11.86,752,1401.27,1341.52,9,475,198
2023-06-29,41,1127,Electronics,East,1,1,Rainy,36.3,112.35,198.8,10.98,921,141.49,136.43,14,232,79
2023-06-30,50,1141,Beauty,North,1,1,Sunny,19.4,108.58,293.59,10.58,200,112.01,112.89,31,231,90
2023-07-01,37,1069,Sports,East,0,0,Rainy,16.6,80.08,253.88,4.35,525,1463.86,1553.14,12,478,69
2023-07-02,25,1103,Grocery,North,1,0,Rainy,13.8,118.3,213.42,11.38,865,1155.1,1260.2,27,260,43
2023-07-03,5,1111,Grocery,South,0,1,Sunny,23.1,93.89,276.9,5.99,667,916.02,886.5,28,228,84
2023-07-04,43,1132,Electronics,North,0,0,Sunny,36.1,96.78,218.48,5.85,978,525.46,551.69,16,30,0
2023-07-05,13,1161,Toys,South,1,0,Cloudy,23.5,80.39,258.41,6.25,754,468.48,454.61,41,436,76
2023-07-06,12,1074,Grocery,South,1,1,Cloudy,37.1,85.18,262.59,7.9,32,239.11,237.75,2,223,103
2023-07-07,5,1177,Beauty,North,1,0,Cloudy,16.3,107.41,281.2,9.55,807,557.9,533.03,21,415,88
2023-07-08,32,1178,Sports,North,0,1,Sunny,34.3,110.32,211.54,3.56,396,1127.71,1134.44,50,23,0
2023-07-09,6,1146,Grocery,North,1,0,Sunny,17.0,87.68,192.22,11.25,73,1250.01,1365.98,12,450,100
2023-07-10,16,1079,Clothing,North,1,0,Cloudy,32.0,101.76,209.17,4.77,476,1375.08,1371.41,42,357,60
2023-07-11,4,1084,Beauty,South,1,0,Rainy,38.6,101.45,218.82,8.54,88,732.48,719.37,17,226,56
2023-07-12,20,1035,Beauty,South,1,0,Sunny,11.1,89.59,215.16,3.34,844,1071.69,977.36,8,291,58
2023-07-13,18,1172,Toys,North,0,1,Cloudy,18.1,96.88,203.47,8.93,520,1555.59,1578.08,15,281,106
2023-07-14,2,1066,Beauty,West,0,0,Sunny,35.2,87.97,234.44,10.75,958,577.19,531.99,6,397,44
2023-07-15,2,1085,Furniture,West,0,0,Sunny,25.1,109.27,238.56,3.63,253,1904.99,1777.79,11,484,69
2023-07-16,21,1095,Furniture,East,0,0,Sunny,14.5,85.35,194.03,10.42,539,1040.9,1065.1,47,54,0
2023-07-17,2,1121,Electronics,East,0,1,Rainy,14.8,90.11,290.88,8.02,779,1039.81,1073.3,16,199,71
2023-07-18,45,1054,Sports,West,0,0,Rainy,16.0,114.89,181.12,5.0,528,1691.28,1714.98,40,442,56
2023-07-19,44,1139,Electronics,North,1,0,Rainy,20.6,94.31,284.27,8.31,47,1683.96,1840.29,10,218,34
2023-07-20,30,1077,Beauty,East,0,0,Cloudy,21.3,92.68,248.86,8.09,471,1748.83,1868.62,41,385,54
2023-07-21,21,1048,Beauty,South,1,0,Rainy,35.7,108.05,267.66,11.2,224,1808.19,1968.34,27,77,0
2023-07-22,30,1029,Furniture,North,0,0,Rainy,25.8,111.46,240.83,3.26,387,349.09,359.13,20,26,2
2023-07-23,42,1138,Grocery,East,1,0,Sunny,32.5,117.4,284.95,10.93,687,1569.66,1518.83,39,425,83
2023-07-24,26,1024,Clothing,East,1,0,Sunny,19.9,103.37,238.52,7.94,245,211.44,204.71,10,268,47
2023-07-25,8,1004,Sports,West,1,1,Rainy,20.2,81.62,224.34,10.45,29,400.02,435.7,0,33,1
2023-07-26,28,1138,Sports,West,1,0,Sunny,14.7,92.13,280.02,8.78,183,338.82,323.81,0,153,43
2023-07-27,19,1129,Clothing,North,0,0,Rainy,24.5,91.83,182.4,8.54,164,1458.31,1559.23,33,182,37
2023-07-28,48,1177,Toys,West,1,0,Sunny,36.4,89.05,225.98,5.68,697,781.25,737.45,1,84,2
2023-07-29,9,1007,Toys,West,1,1,Cloudy,16.4,94.36,193.69,9.32,928,966.86,970.92,27,89,23
2023-07-30,1,1134,Sports,South,1,1,Cloudy,15.8,102.25,200.92,5.27,36,1010.15,937.55,32,339,153
2023-07-31,4,1025,Furniture,West,1,1,Rainy,35.4,81.3,257.36,11.96,925,1283.67,1333.56,48,283,113
2023-08-01,8,1092,Furniture,South,1,1,Rainy,31.8,106.78,253.09,6.76,26,275.7,249.56,13,309,154
2023-08-02,42,1032,Sports,West,0,1,Rainy,22.2,118.47,219.87,10.87,315,1796.12,1817.19,35,276,102
2023-08-03,22,1003,Grocery,West,0,0,Cloudy,16.1,92.28,191.02,10.09,552,1323.86,1339.09,37,414,37
2023-08-04,19,1108,Grocery,North,1,0,Cloudy,19.1,85.55,191.97,9.88,256,1588.97,1524.32,12,329,70
2023-08-05,46,1125,Furniture,South,1,0,Sunny,25.2,93.72,213.8,5.76,234,1422.7,1505.04,38,326,48
2023-08-06,29,1091,Clothing,South,0,1,Sunny,23.1,93.78,291.59,3.65,831,1170.88,1060.86,30,347,136
2023-08-07,18,1065,Grocery,South,1,0,Cloudy,33.2,87.43,270.44,4.23,210,290.71,270.04,43,401,53
2023-08-08,43,1059,Grocery,South,1,0,Cloudy,15.4,107.0,232.06,3.52,380,320.94,316.03,48,78,5
2023-08-09,2,1194,Beauty,East,0,0,Rainy,32.8,116.39,262.95,7.27,678,950.86,891.55,8,144,12
2023-08-10,41,1124,Furniture,South,1,1,Sunny,13.5,101.86,265.5,10.86,696,969.05,1038.51,32,388,163
2023-08-11,43,1005,Beauty,East,0,1,Cloudy,12.7,118.64,215.37,10.5,775,463.33,501.17,48,352,113
2023-08-12,6,1149,Electronics,North,0,1,Rainy,19.6,108.07,265.66,9.95,673,437.92,469.48,1,148,55
2023-08-13,8,1009,Grocery,South,0,1,Sunny,26.8,91.46,189.45,6.53,638,295.51,293.82,3,144,69
2023-08-14,44,1185,Electronics,South,1,1,Cloudy,10.6,89.76,265.43,7.05,453,1079.0,1099.98,9,322,137
2023-08-15,42,1057,Electronics,North,0,0,Sunny,26.3,118.4,212.59,6.37,516,1519.57,1454.68,31,465,67
2023-08-16,36,1022,Sports,West,0,1,Rainy,24.5,104.04,289.08,10.17,808,974.69,912.81,9,289,113
2023-08-17,24,1052,Grocery,West,0,1,Sunny,16.0,107.71,271.16,6.61,968,1854.67,1924.31,44,453,158
2023-08-18,27,1155,Grocery,North,1,1,Sunny,38.5,106.03,292.82,6.92,398,482.33,468.64,24,129,53
2023-08-19,38,1068,Sports,West,1,0,Sunny,17.6,109.14,250.26,8.31,992,1731.39,1834.82,9,217,41
2023-08-20,11,1105,Grocery,East,1,1,Cloudy,16.3,90.05,288.84,10.62,335,707.71,759.5,33,332,126
2023-08-21,25,1003,Electronics,South,1,1,Sunny,26.5,119.54,218.04,9.8,433,1492.07,1641.23,50,271,110
2023-08-22,45,1191,Furniture,North,0,1,Sunny,23.7,80.89,299.51,5.91,58,385.35,370.19,8,88,41
2023-08-23,13,1020,Clothing,West,1,0,Sunny,14.6,116.63,227.34,11.91,607,889.66,870.92,29,198,15
2023-08-24,20,1059,Beauty,East,1,1,Rainy,35.0,95.21,200.21,6.57,734,1159.31,1137.95,15,248,104
2023-08-25,36,1110,Electronics,South,0,1,Rainy,39.5,99.74,272.84,7.34,758,1301.55,1375.97,3,149,42
2023-08-26,2,1102,Beauty,South,1,0,Cloudy,38.3,117.51,291.82,3.78,696,777.55,753.19,50,430,55
2023-08-27,12,1158,Beauty,South,1,0,Cloudy,15.7,85.75,261.75,3.1,744,569.16,567.03,38,132,25
2023-08-28,38,1087,Beauty,North,0,1,Cloudy,21.6,106.46,198.82,11.15,226,1699.85,1825.17,16,487,182
2023-08-29,6,1059,Clothing,North,0,1,Cloudy,39.2,92.54,215.97,3.64,36,1693.05,1546.39,49,317,123
2023-08-30,32,1059,Beauty,West,1,0,Cloudy,17.1,117.28,257.05,5.79,495,860.52,794.36,21,292,53
2023-08-31,47,1073,Toys,West,0,1,Sunny,10.1,84.45,279.38,6.21,164,227.6,216.88,42,478,162
2023-09-01,31,1134,Furniture,North,1,1,Rainy,20.6,89.74,203.93,5.04,145,139.12,137.42,40,443,189
2023-09-02,20,1113,Furniture,North,0,0,Sunny,24.1,98.31,257.43,5.22,611,848.44,777.03,19,66,13
2023-09-03,24,1123,Beauty,North,0,1,Sunny,11.7,104.37,262.13,5.98,943,760.37,707.83,39,291,119
2023-09-04,30,1092,Clothing,East,1,1,Cloudy,11.7,91.45,222.46,7.93,64,1648.99,1516.79,8,423,187
2023-09-05,36,1118,Electronics,South,1,0,Sunny,21.8,101.55,188.87,3.82,562,440.1,405.18,12,195,33
2023-09-06,49,1173,Sports,South,1,0,Sunny,34.2,93.07,287.17,7.58,437,425.79,430.71,42,429,69
2023-09-07,25,1036,Beauty,East,0,1,Rainy,23.2,95.56,183.48,6.24,613,374.35,349.49,46,52,20
2023-09-08,50,1139,Grocery,East,1,1,Cloudy,26.2,115.64,203.57,8.45,214,688.07,636.61,17,77,26
2023-09-09,49,1143,Furniture,South,0,0,Rainy,25.6,104.75,247.12,6.29,544,964.28,1033.4,24,473,61
2023-09-10,45,1117,Sports,South,1,1,Rainy,26.0,112.32,267.68,7.66,776,1391.72,1435.89,26,243,98
2023-09-11,25,1056,Sports,East,1,1,Cloudy,18.1,114.66,284.95,3.21,72,693.09,639.91,5,278,127
2023-09-12,19,1036,Sports,West,1,0,Cloudy,10.1,85.86,286.12,6.29,265,678.05,723.97,20,345,50
2023-09-13,2,1179,Toys,South,1,0,Rainy,35.7,109.05,233.71,11.58,700,1833.38,1716.12,25,443,82
2023-09-14,2,1112,Sports,West,0,1,Sunny,21.0,80.18,254.25,10.87,502,1472.95,1507.18,25,70,40
2023-09-15,35,1182,Electronics,East,1,0,Rainy,29.4,104.38,266.97,5.21,773,428.41,427.58,15,224,54
2023-09-16,45,1088,Sports,East,0,0,Cloudy,39.7,99.06,194.32,3.81,194,94.04,98.41,29,106,11
2023-09-17,5,1126,Clothing,North,0,0,Cloudy,23.5,88.96,213.5,10.4,640,1438.18,1449.41,15,183,31
2023-09-18,19,1112,Toys,South,0,0,Rainy,33.4,114.94,196.69,4.37,764,1206.32,1296.17,27,476,81
2023-09-19,38,1005,Beauty,West,1,0,Cloudy,21.6,88.15,240.21,8.65,106,390.07,392.23,1,24,1
2023-09-20,12,1057,Sports,West,0,1,Sunny,28.7,119.12,286.32,9.17,93,607.35,602.28,15,373,151
2023-09-21,11,1060,Toys,South,0,0,Cloudy,27.7,93.73,255.8,9.01,940,1187.06,1173.22,5,372,46
2023-09-22,44,1087,Grocery,South,1,1,Sunny,20.4,118.44,272.78,6.44,748,197.76,183.59,43,408,174
2023-09-23,46,1191,Electronics,North,0,0,Sunny,19.3,95.66,214.99,5.05,30,1419.87,1371.32,14,133,33
2023-09-24,37,1086,Toys,South,0,0,Cloudy,22.7,81.57,253.6,4.06,560,187.63,180.44,50,293,18
2023-09-25,20,1086,Toys,North,0,0,Sunny,21.6,117.15,292.84,8.18,89,1322.38,1422.68,18,229,19
2023-09-26,36,1189,Electronics,West,0,1,Rainy,21.9,85.79,260.72,7.44,338,970.29,1066.92,31,112,40
2023-09-27,28,1139,Toys,West,1,0,Rainy,33.2,93.54,298.56,4.79,447,809.47,824.88,31,382,85
2023-09-28,4,1114,Grocery,East,0,0,Cloudy,37.1,80.65,270.85,8.52,923,448.27,439.07,38,278,43
2023-09-29,13,1185,Furniture,East,0,1,Sunny,30.4,116.87,219.54,6.66,43,1926.43,1820.17,22,435,182
2023-09-30,11,1102,Furniture,East,1,1,Sunny,28.6,117.66,270.82,9.33,973,64.64,61.32,2,429,194
2023-10-01,2,1069,Sports,West,0,1,Sunny,10.1,80.92,287.86,9.47,369,56.38,57.78,50,305,111
2023-10-02,48,1121,Grocery,West,1,1,Sunny,23.5,96.71,234.67,10.2,888,68.45,69.46,48,394,167
2023-10-03,17,1021,Clothing,West,0,0,Cloudy,24.9,87.4,275.4,11.94,172,1317.63,1328.39,6,339,41
2023-10-04,38,1182,Clothing,West,1,1,Rainy,12.7,101.31,230.8,10.41,407,461.94,484.49,50,222,91
2023-10-05,42,1144,Sports,East,1,1,Sunny,30.8,116.54,195.17,9.89,728,1425.79,1321.3,35,90,31
2023-10-06,33,1003,Sports,South,0,0,Rainy,15.8,106.49,265.84,8.97,175,731.25,663.92,41,84,2
2023-10-07,45,1133,Toys,North,1,0,Cloudy,22.4,107.8,185.45,7.3,197,1776.1,1682.5,24,273,34
2023-10-08,43,1001,Toys,West,1,0,Rainy,12.1,82.69,194.14,4.36,144,945.69,950.92,42,389,72
2023-10-09,44,1184,Sports,North,1,0,Rainy,22.7,96.1,240.96,5.42,928,322.92,347.43,14,491,79
2023-10-10,34,1074,Clothing,East,1,0,Sunny,23.8,109.19,294.98,5.72,764,767.62,805.18,4,368,76
2023-10-11,50,1003,Clothing,East,1,0,Rainy,38.0,95.45,194.6,6.01,93,1390.42,1429.81,34,471,83
2023-10-12,49,1056,Electronics,South,0,0,Cloudy,25.8,107.99,276.34,10.27,328,1660.35,1528.83,23,221,27
2023-10-13,4,1125,Grocery,West,0,1,Rainy,25.4,115.07,188.5,10.9,318,1991.86,2145.65,3,348,137
2023-10-14,28,1074,Electronics,North,1,1,Rainy,20.4,108.93,196.12,10.89,513,1573.8,1460.53,16,426,193
2023-10-15,35,1020,Electronics,West,1,1,Cloudy,24.3,106.83,242.97,5.22,178,665.42,678.87,31,173,78
2023-10-16,45,1142,Clothing,North,0,0,Rainy,20.6,103.14,203.79,5.3,826,1126.49,1189.43,13,300,29
2023-10-17,8,1102,Toys,East,1,1,Rainy,23.0,115.46,253.59,9.77,788,1227.5,1305.32,19,351,149
2023-10-18,30,1105,Toys,North,1,0,Rainy,24.1,102.82,222.77,8.69,214,231.3,242.67,26,116,2
2023-10-19,10,1027,Grocery,West,0,1,Sunny,28.5,112.84,250.81,11.42,496,1273.76,1193.06,31,89,33
2023-10-20,20,1091,Clothing,West,1,1,Rainy,12.0,104.97,243.42,10.73,710,444.44,419.77,48,474,208
2023-10-21,28,1008,Electronics,East,1,1,Sunny,20.9,107.4,249.34,9.18,527,1333.71,1220.4,16,494,207
2023-10-22,41,1070,Clothing,East,1,0,Rainy,11.2,104.53,282.9,7.08,336,214.25,214.6,6,444,104
2023-10-23,17,1008,Clothing,South,1,0,Cloudy,16.6,86.97,299.3,6.65,736,997.11,1036.15,3,186,22
2023-10-24,30,1047,Electronics,West,1,1,Cloudy,16.6,106.3,191.07,6.62,98,963.95,1023.95,36,309,130
2023-10-25,18,1089,Sports,South,0,1,Cloudy,38.5,111.81,242.07,3.1,341,1582.78,1696.19,3,48,33
2023-10-26,46,1107,Beauty,West,0,0,Cloudy,14.2,102.5,258.34,3.22,373,1485.9,1529.73,14,490,63
2023-10-27,50,1149,Furniture,West,0,0,Rainy,12.6,106.41,269.59,8.02,200,1854.9,1976.46,26,145,18
2023-10-28,8,1006,Sports,West,1,0,Rainy,38.7,91.99,232.8,9.93,278,1101.03,1177.81,33,389,68
2023-10-29,27,1130,Grocery,North,1,0,Sunny,35.2,83.67,299.91,7.37,135,1524.75,1602.75,18,367,64
2023-10-30,11,1174,Furniture,East,0,1,Cloudy,30.4,98.82,212.4,7.15,533,1573.71,1502.2,44,215,71
2023-10-31,22,1140,Electronics,East,0,0,Rainy,36.5,97.65,224.86,11.08,289,1122.31,1134.71,29,193,23
2023-11-01,13,1180,Clothing,North,1,0,Sunny,26.1,91.85,225.13,7.89,710,1169.2,1085.85,33,53,0
2023-11-02,3,1141,Grocery,South,0,1,Sunny,16.4,90.27,263.79,7.12,673,1282.38,1357.4,15,128,38
2023-11-03,25,1114,Beauty,South,1,1,Rainy,18.2,81.29,245.29,7.39,904,1073.64,1011.26,43,430,193
2023-11-04,45,1177,Electronics,North,1,1,Cloudy,21.9,91.25,217.85,7.69,899,1987.28,2141.55,22,213,78
2023-11-05,25,1064,Toys,South,0,0,Rainy,10.3,95.96,261.43,8.68,947,970.68,962.15,15,36,0
2023-11-06,12,1149,Beauty,East,0,1,Rainy,11.2,85.6,231.89,3.8,74,1454.25,1384.22,27,421,158
2023-11-07,15,1100,Sports,South,0,0,Sunny,36.6,93.78,215.9,3.64,94,549.13,558.62,5,395,60
2023-11-08,42,1163,Furniture,West,0,0,Cloudy,27.7,109.19,280.33,8.89,914,549.1,557.24,9,350,55
2023-11-09,27,1188,Sports,East,0,0,Cloudy,19.9,117.63,240.47,10.56,26,403.22,380.04,20,343,46
2023-11-10,43,1180,Sports,North,1,0,Sunny,19.3,104.46,187.41,4.01,757,1634.82,1568.62,14,186,27
2023-11-11,47,1185,Toys,West,0,0,Cloudy,25.6,96.39,236.5,7.34,213,1063.4,979.05,44,193,0
2023-11-12,27,1050,Grocery,East,1,1,Cloudy,10.2,94.38,231.85,6.6,452,1037.85,1090.28,16,340,141
2023-11-13,1,1154,Toys,East,0,0,Rainy,31.1,87.28,281.62,6.93,970,340.57,319.17,46,366,37
2023-11-14,31,1028,Toys,East,1,1,Sunny,29.7,87.58,234.31,5.19,694,915.8,957.2,40,358,166
2023-11-15,46,1099,Furniture,East,0,0,Sunny,29.0,108.79,265.7,7.18,704,1751.44,1725.7,24,319,27
2023-11-16,13,1089,Toys,West,0,1,Sunny,14.4,116.11,289.36,3.48,277,1358.66,1326.76,44,99,16
2023-11-17,2,1197,Sports,East,1,0,Sunny,30.6,110.46,195.0,3.53,672,1977.29,1983.51,4,432,79
2023-11-18,16,1117,Electronics,North,1,1,Cloudy,25.7,95.19,251.01,9.7,916,1895.22,1981.52,20,48,9
2023-11-19,30,1178,Beauty,West,1,0,Sunny,34.4,98.23,181.07,6.69,474,1663.91,1780.69,4,281,49
2023-11-20,46,1161,Electronics,West,0,1,Cloudy,38.6,90.86,284.41,11.26,920,1825.73,1731.3,13,243,90
2023-11-21,6,1141,Beauty,North,0,1,Rainy,36.9,115.77,266.71,6.27,186,957.47,967.04,35,77,13
2023-11-22,17,1173,Electronics,East,1,1,Sunny,34.2,106.98,241.12,4.42,853,1536.35,1400.52,38,168,54
2023-11-23,27,1018,Toys,West,1,1,Sunny,36.4,96.28,271.85,3.65,146,562.42,553.42,16,472,200
2023-11-24,6,1039,Toys,South,1,0,Sunny,14.4,81.18,268.46,4.51,478,1221.82,1224.42,50,446,63
2023-11-25,5,1055,Beauty,East,1,0,Cloudy,34.8,117.55,232.08,11.17,571,1466.33,1443.45,30,196,39
2023-11-26,14,1114,Beauty,West,1,0,Sunny,36.2,114.69,290.54,7.33,655,1912.76,1754.31,14,500,100
2023-11-27,35,1061,Toys,West,1,0,Rainy,36.7,80.56,290.9,4.73,865,782.83,859.89,2,483,104
2023-11-28,32,1029,Clothing,North,0,0,Rainy,11.6,86.37,279.93,5.67,537,1243.58,1178.08,2,176,32
2023-11-29,13,1115,Clothing,East,1,1,Cloudy,21.9,111.07,290.51,5.23,900,641.46,646.09,36,86,0
2023-11-30,18,1182,Toys,South,1,1,Rainy,27.8,116.15,234.21,4.67,194,955.36,1028.76,3,62,27
2023-12-01,38,1039,Clothing,West,1,1,Cloudy,19.4,113.4,255.69,4.85,505,283.8,308.15,44,56,4
2023-12-02,30,1008,Toys,West,0,1,Rainy,11.6,112.26,193.18,3.45,841,1376.95,1360.27,4,131,46
2023-12-03,21,1042,Clothing,South,0,1,Cloudy,36.5,93.18,276.36,9.39,285,663.58,636.7,40,344,129
2023-12-04,18,1070,Sports,West,1,0,Cloudy,35.1,102.19,255.6,8.24,781,309.21,280.37,18,474,79
2023-12-05,34,1038,Toys,South,0,1,Cloudy,39.7,111.83,224.06,8.15,916,1365.26,1332.81,26,361,132
2023-12-06,2,1031,Beauty,North,1,1,Rainy,25.8,117.64,222.46,3.73,955,106.79,103.03,23,302,137
2023-12-07,7,1140,Sports,North,0,1,Rainy,29.6,94.22,281.85,11.99,515,986.1,1044.73,40,73,21
2023-12-08,3,1138,Beauty,East,0,0,Sunny,37.1,97.0,209.48,8.48,936,506.24,509.24,49,457,63
2023-12-09,16,1109,Toys,North,0,1,Cloudy,25.8,86.76,285.08,8.19,850,797.64,824.73,44,358,131
2023-12-10,28,1085,Electronics,West,0,0,Rainy,34.8,87.36,219.2,5.97,931,1348.6,1219.24,13,189,3
2023-12-11,33,1116,Electronics,West,0,0,Sunny,11.6,109.08,292.63,11.47,393,77.69,83.69,47,298,18
2023-12-12,1,1015,Sports,East,0,1,Sunny,16.7,94.21,259.66,10.92,226,1310.2,1246.7,10,371,149
2023-12-13,50,1054,Grocery,North,0,1,Sunny,33.9,85.64,241.84,8.73,227,529.99,478.75,25,342,134
2023-12-14,32,1109,Sports,North,1,1,Cloudy,17.9,99.86,258.54,5.07,639,1284.12,1287.59,7,449,202
2023-12-15,2,1190,Furniture,North,1,1,Rainy,24.4,92.2,204.73,11.35,317,1293.97,1214.05,15,199,80
2023-12-16,20,1057,Furniture,North,0,0,Cloudy,32.8,107.34,203.9,9.67,428,1741.73,1638.83,13,266,26
2023-12-17,46,1084,Electronics,West,0,1,Sunny,16.6,118.29,291.52,3.88,984,1584.2,1461.47,15,429,181
2023-12-18,31,1143,Beauty,East,1,1,Cloudy,38.6,96.5,284.39,6.16,884,520.2,493.67,42,352,144
2023-12-19,9,1111,Beauty,North,0,1,Sunny,15.6,85.14,286.69,8.48,985,1757.04,1628.76,33,257,99
2023-12-20,20,1191,Electronics,North,1,1,Sunny,35.4,82.79,273.47,8.12,639,1279.25,1331.15,0,314,142
2023-12-21,50,1148,Furniture,East,1,1,Cloudy,27.0,94.33,225.58,11.08,383,1232.41,1275.38,33,357,166
2023-12-22,5,1054,Electronics,South,0,0,Cloudy,18.8,86.95,200.0,4.91,319,1486.03,1402.09,5,414,70
2023-12-23,16,1059,Beauty,North,0,0,Rainy,32.0,86.62,219.7,3.01,49,1516.51,1545.7,43,20,0
2023-12-24,32,1165,Grocery,North,0,0,Rainy,20.7,82.01,280.61,4.55,385,816.04,769.02,32,241,16
2023-12-25,1,1112,Sports,South,0,0,Rainy,17.3,99.19,216.2,7.44,271,63.64,60.18,22,335,22
2023-12-26,27,1061,Electronics,North,1,1,Sunny,37.9,105.38,219.04,7.12,270,1234.08,1333.79,31,414,188
2023-12-27,17,1141,Toys,North,0,0,Rainy,14.4,80.31,296.65,6.26,422,1251.12,1203.6,50,178,11
2023-12-28,2,1027,Grocery,West,1,0,Cloudy,21.0,108.41,204.26,11.28,125,1053.15,1071.3,48,115,27
2023-12-29,35,1073,Electronics,East,1,0,Cloudy,10.2,106.35,273.35,4.34,175,1530.77,1392.65,18,348,70
2023-12-30,36,1180,Clothing,North,1,1,Cloudy,35.7,90.47,290.18,10.45,212,1746.2,1618.88,7,285,130
2023-12-31,30,1004,Grocery,East,0,1,Sunny,33.7,106.7,223.53,5.39,158,1480.78,1353.17,36,296,100
2024-01-01,36,1018,Grocery,East,1,0,Cloudy,31.4,95.36,197.56,5.43,314,893.83,837.27,27,190,9
2024-01-02,24,1106,Electronics,East,1,1,Sunny,34.6,115.71,220.56,6.1,106,1953.05,1809.34,17,372,151
2024-01-03,39,1175,Grocery,West,0,1,Cloudy,28.0,116.97,290.38,6.4,480,486.23,459.64,3,234,89
2024-01-04,46,1129,Clothing,East,1,0,Rainy,31.7,99.57,180.57,9.66,720,355.91,322.45,40,279,30
2024-01-05,2,1186,Furniture,North,0,0,Rainy,38.3,100.35,286.9,4.3,219,332.62,323.1,48,280,31
2024-01-06,26,1145,Toys,North,0,0,Rainy,25.8,101.64,252.49,6.49,981,1669.81,1590.38,44,54,8
2024-01-07,12,1037,Toys,West,0,1,Cloudy,12.5,111.46,201.74,9.58,505,1438.21,1507.77,39,180,89
2024-01-08,10,1177,Electronics,West,1,1,Cloudy,35.5,88.48,287.16,8.22,514,680.07,709.91,26,382,158
2024-01-09,36,1102,Grocery,West,1,1,Rainy,27.7,97.79,193.18,10.33,102,1551.57,1588.93,30,375,165
2024-01-10,9,1073,Sports,North,1,0,Rainy,16.0,99.13,244.47,7.1,993,917.38,955.64,49,416,62
2024-01-11,25,1192,Toys,North,0,1,Sunny,20.1,106.3,253.86,6.59,68,992.13,970.66,2,377,152
2024-01-12,41,1046,Sports,South,0,1,Rainy,28.9,103.49,286.59,9.39,438,404.15,431.99,5,348,138
2024-01-13,18,1088,Toys,North,0,0,Cloudy,34.6,91.42,261.98,5.43,103,1632.56,1639.29,21,455,79
2024-01-14,17,1199,Clothing,North,1,0,Rainy,16.5,117.34,221.44,3.51,967,1467.48,1598.65,38,480,85
2024-01-15,3,1090,Electronics,North,0,1,Cloudy,33.3,94.39,216.41,12.0,819,1587.27,1670.37,45,298,100
2024-01-16,13,1073,Toys,East,0,0,Rainy,34.9,118.89,297.25,6.98,449,71.1,70.85,46,352,51
2024-01-17,31,1102,Clothing,South,0,1,Cloudy,13.2,115.36,257.17,5.11,911,306.79,286.74,14,164,67
2024-01-18,5,1118,Sports,West,0,0,Cloudy,13.2,82.38,223.82,5.59,900,1262.25,1139.39,1,68,15
2024-01-19,8,1124,Grocery,North,1,0,Sunny,23.3,81.38,287.93,5.44,113,735.14,678.85,48,426,80
2024-01-20,39,1194,Toys,West,0,1,Cloudy,34.4,108.84,221.4,8.87,431,1405.47,1290.36,26,143,38
2024-01-21,26,1070,Sports,West,1,0,Rainy,32.8,95.03,226.46,9.89,444,1864.65,1737.86,22,136,26
2024-01-22,25,1194,Sports,West,1,0,Cloudy,28.9,82.69,299.78,11.67,98,1630.28,1491.28,44,123,20
2024-01-23,23,1198,Clothing,South,0,0,Sunny,38.5,83.69,196.96,11.38,783,151.42,158.1,18,183,16
2024-01-24,20,1123,Toys,South,0,1,Cloudy,24.2,108.54,182.17,3.36,234,490.11,487.63,38,79,0
2024-01-25,22,1184,Electronics,South,1,1,Rainy,11.6,97.15,213.91,3.05,234,1531.32,1593.17,20,266,128
2024-01-26,29,1109,Beauty,North,1,0,Rainy,27.6,86.14,182.66,6.1,178,1138.0,1073.11,31,163,35
2024-01-27,43,1087,Electronics,West,1,1,Rainy,18.7,82.99,298.15,7.74,578,1685.71,1623.67,41,112,41
2024-01-28,47,1063,Beauty,East,1,0,Rainy,16.8,88.22,244.24,3.53,888,797.5,733.72,30,336,47
2024-01-29,19,1195,Grocery,North,0,0,Rainy,16.5,80.11,293.18,8.69,854,1545.03,1399.16,50,226,11
2024-01-30,8,1066,Electronics,East,1,1,Sunny,35.9,97.35,187.13,11.46,267,1988.89,1879.65,9,429,200
2024-01-31,4,1012,Toys,North,0,1,Cloudy,31.6,104.07,194.04,6.44,377,1766.7,1792.83,32,450,178
2024-02-01,39,1072,Furniture,South,0,1,Rainy,37.1,104.08,255.46,6.79,135,77.25,76.13,14,478,188
2024-02-02,50,1196,Grocery,South,0,0,Sunny,21.2,98.33,219.1,7.47,159,956.92,868.34,39,87,17
2024-02-03,49,1164,Clothing,North,0,1,Sunny,11.4,104.67,223.19,9.94,830,910.51,893.42,46,414,161
2024-02-04,33,1121,Electronics,South,0,1,Cloudy,16.3,99.86,180.18,3.35,740,879.05,814.01,21,238,80
2024-02-05,33,1145,Toys,West,1,1,Rainy,25.0,110.91,271.39,11.77,430,957.42,1017.53,1,240,107
2024-02-06,48,1127,Clothing,North,0,0,Cloudy,12.3,108.8,215.85,3.5,229,1756.26,1770.62,5,201,15
2024-02-07,14,1018,Clothing,North,0,1,Cloudy,26.0,94.83,202.83,9.19,348,1322.69,1337.17,50,114,25
2024-02-08,18,1017,Sports,West,1,0,Rainy,21.7,83.92,242.61,11.78,211,1569.1,1562.13,36,281,54
2024-02-09,8,1180,Furniture,East,0,1,Sunny,17.8,109.04,271.26,8.34,794,1390.17,1265.54,48,386,145
2024-02-10,38,1006,Clothing,North,0,0,Cloudy,33.9,109.07,247.21,7.59,743,1504.61,1573.14,15,386,65
2024-02-11,12,1072,Beauty,East,1,1,Cloudy,19.3,89.37,257.9,5.83,383,1279.14,1191.57,9,305,123
2024-02-12,10,1150,Beauty,South,0,0,Sunny,23.1,101.54,246.31,6.12,120,1382.61,1255.32,29,134,18
2024-02-13,22,1153,Electronics,North,0,0,Cloudy,34.5,94.09,287.63,3.2,802,643.19,681.57,5,427,62
2024-02-14,18,1194,Grocery,North,0,1,Cloudy,19.7,100.89,223.73,11.24,353,1806.91,1701.74,14,330,133
2024-02-15,32,1069,Grocery,West,0,1,Rainy,11.3,119.33,227.19,9.85,403,1595.23,1622.96,7,156,61
2024-02-16,16,1198,Clothing,South,1,1,Rainy,28.1,84.87,297.21,11.53,502,170.06,167.86,31,336,116
2024-02-17,36,1129,Toys,South,1,0,Rainy,16.6,112.7,191.54,11.05,207,969.87,966.64,12,259,45
2024-02-18,6,1032,Toys,East,1,1,Cloudy,27.4,80.67,198.02,3.91,889,604.1,549.75,1,51,34
2024-02-19,11,1088,Beauty,East,1,0,Rainy,36.0,87.96,193.13,4.91,203,355.23,377.26,14,251,46
2024-02-20,41,1089,Clothing,North,1,0,Sunny,30.6,90.11,275.18,10.22,118,864.19,945.83,43,255,30
2024-02-21,35,1188,Clothing,North,1,0,Cloudy,36.8,89.15,239.94,8.58,409,738.5,800.66,4,30,18
2024-02-22,48,1018,Beauty,East,1,1,Rainy,26.1,84.22,277.02,9.01,197,1935.01,1806.04,1,424,205
2024-02-23,26,1018,Clothing,South,1,0,Sunny,28.0,83.16,237.88,11.32,749,912.47,878.47,19,258,44
2024-02-24,26,1047,Grocery,East,0,0,Rainy,34.4,93.32,189.32,9.17,842,1115.5,1136.34,38,495,60
2024-02-25,12,1051,Beauty,South,1,0,Cloudy,19.2,91.22,182.15,11.75,790,1278.44,1257.84,3,392,68
2024-02-26,21,1033,Furniture,South,0,0,Cloudy,12.9,109.26,219.03,7.53,182,321.49,341.82,32,381,58
2024-02-27,39,1138,Furniture,North,0,1,Sunny,30.5,107.38,212.23,3.63,642,1887.77,1730.09,31,27,1
2024-02-28,35,1172,Clothing,West,1,0,Sunny,19.5,81.78,284.78,11.77,660,938.08,898.93,36,144,20
2024-02-29,39,1183,Electronics,North,1,1,Rainy,19.5,91.24,244.8,6.69,76,1177.27,1134.0,8,397,176
2024-03-01,33,1163,Beauty,West,0,1,Sunny,20.6,113.63,287.38,4.71,671,1990.1,2074.58,50,31,0
2024-03-02,10,1013,Beauty,West,0,0,Sunny,19.6,111.43,297.21,5.54,828,365.37,336.98,16,313,33
2024-03-03,29,1082,Beauty,South,0,0,Rainy,21.3,119.06,205.18,4.4,141,1072.71,1002.58,48,183,14
2024-03-04,49,1012,Sports,South,1,1,Sunny,17.3,115.19,270.7,8.28,421,1650.74,1686.71,11,420,193
2024-03-05,19,1165,Toys,West,1,0,Rainy,10.6,91.66,225.34,3.65,387,694.5,692.42,16,98,0
2024-03-06,8,1103,Toys,North,1,1,Rainy,34.5,111.41,216.54,8.97,767,79.76,76.93,36,45,1
2024-03-07,32,1135,Sports,South,0,1,Sunny,29.7,100.07,226.45,6.85,95,1859.25,1918.66,33,464,179
2024-03-08,29,1015,Beauty,North,1,1,Cloudy,33.2,102.17,277.17,3.12,113,1123.29,1045.31,2,487,222
2024-03-09,28,1119,Furniture,East,0,0,Rainy,15.9,104.78,290.91,8.63,771,596.5,652.56,22,482,74
2024-03-10,2,1116,Furniture,East,1,1,Cloudy,39.9,100.48,191.69,5.85,400,1265.82,1296.89,37,258,95
2024-03-11,44,1171,Electronics,East,0,1,Cloudy,25.0,99.89,215.49,4.43,185,52.45,49.22,49,260,89
2024-03-12,48,1055,Beauty,West,0,0,Sunny,19.1,87.47,209.04,5.2,799,1265.49,1330.93,8,346,55
2024-03-13,7,1125,Toys,South,1,0,Cloudy,18.8,80.6,238.01,9.21,331,850.44,767.37,1,144,24
2024-03-14,46,1085,Electronics,East,0,0,Sunny,37.7,119.21,209.65,4.76,410,1491.78,1613.32,22,377,33
2024-03-15,4,1174,Furniture,South,0,0,Rainy,35.1,110.48,229.54,10.76,442,1383.12,1502.97,32,453,61
2024-03-16,28,1092,Toys,South,1,0,Sunny,33.6,108.31,283.51,7.53,213,117.1,123.9,13,288,41
2024-03-17,49,1071,Grocery,West,0,1,Sunny,32.0,91.79,239.17,6.35,360,1685.56,1740.24,39,286,107
2024-03-18,15,1041,Grocery,North,0,0,Cloudy,36.3,80.27,296.35,10.28,597,1998.88,1986.23,44,34,8
2024-03-19,34,1048,Beauty,West,1,0,Rainy,27.7,96.18,242.25,11.59,594,903.37,884.72,7,99,26
2024-03-20,6,1183,Furniture,West,1,1,Rainy,13.3,113.53,223.19,5.57,990,1782.92,1888.86,30,476,230
2024-03-21,39,1136,Grocery,East,0,0,Sunny,37.8,111.54,193.97,11.67,822,234.9,219.91,43,207,0
2024-03-22,23,1129,Clothing,East,1,1,Sunny,19.7,95.62,184.19,7.02,734,1453.63,1396.82,40,495,204
2024-03-23,3,1068,Furniture,East,0,1,Rainy,11.7,109.14,222.7,5.26,306,1598.85,1460.46,11,314,119
2024-03-24,4,1061,Toys,South,1,1,Sunny,14.6,103.47,234.11,8.16,154,840.5,794.12,28,36,28
2024-03-25,3,1154,Clothing,North,0,0,Cloudy,28.2,112.7,278.49,9.11,208,1685.41,1569.49,46,241,7
2024-03-26,7,1090,Toys,East,0,1,Cloudy,12.5,116.4,244.96,10.83,729,627.16,587.18,15,81,16
2024-03-27,6,1179,Beauty,South,0,1,Rainy,24.7,87.99,290.5,3.26,473,1715.68,1794.37,34,67,12
2024-03-28,18,1137,Clothing,East,0,1,Sunny,29.2,97.59,258.33,7.68,998,1473.14,1491.18,12,79,15
2024-03-29,50,1081,Grocery,West,1,1,Sunny,34.5,100.34,258.63,9.76,583,668.53,680.66,25,53,18
2024-03-30,32,1177,Sports,East,1,0,Rainy,31.1,91.33,258.9,3.45,679,153.5,157.18,7,220,45
2024-03-31,6,1028,Electronics,North,1,0,Rainy,10.6,108.45,239.57,8.9,840,965.46,960.84,32,45,3
2024-04-01,24,1035,Electronics,West,0,0,Sunny,25.0,89.68,281.97,9.91,77,1275.46,1254.09,14,83,0
2024-04-02,33,1017,Electronics,West,1,0,Cloudy,21.9,116.68,232.11,10.82,991,549.57,570.02,24,444,87
2024-04-03,4,1104,Clothing,East,1,1,Rainy,30.0,91.47,186.99,5.45,651,1506.03,1509.38,18,456,192
2024-04-04,36,1192,Clothing,East,0,0,Rainy,19.9,87.1,287.01,6.79,475,1884.38,1785.42,6,195,36
2024-04-05,24,1045,Clothing,East,0,1,Cloudy,39.8,116.39,190.63,4.36,995,1100.81,1014.78,26,284,92
2024-04-06,26,1055,Clothing,East,1,1,Cloudy,30.6,99.66,238.18,3.01,396,1322.88,1290.22,47,471,211
2024-04-07,36,1047,Furniture,South,1,0,Rainy,15.5,94.38,202.18,10.87,673,975.32,1055.5,21,89,1
2024-04-08,26,1047,Furniture,South,1,1,Sunny,25.2,83.94,255.25,3.09,581,582.83,634.54,32,259,121
2024-04-09,17,1040,Furniture,North,1,1,Rainy,13.5,86.82,272.15,6.38,148,970.8,962.02,12,143,65
2024-04-10,3,1007,Furniture,North,0,0,Rainy,26.6,93.82,198.66,9.25,837,965.71,923.93,49,296,26
2024-04-11,1,1044,Beauty,South,0,1,Sunny,17.2,114.57,255.6,9.13,631,894.69,948.69,13,360,135
2024-04-12,4,1116,Clothing,North,1,0,Rainy,19.8,97.43,203.22,8.48,790,1411.26,1494.28,19,261,39
2024-04-13,42,1083,Beauty,North,0,1,Sunny,18.1,85.48,295.34,5.34,403,1059.87,1079.44,13,122,45
2024-04-14,31,1024,Furniture,West,1,0,Cloudy,34.7,114.97,250.84,10.15,42,1070.37,1147.9,47,251,54
2024-04-15,30,1038,Furniture,West,0,0,Cloudy,36.2,99.9,234.84,11.72,324,50.84,46.0,43,165,18
2024-04-16,4,1136,Furniture,North,1,0,Rainy,13.3,119.09,243.0,7.05,371,340.26,366.52,10,486,72
2024-04-17,8,1100,Clothing,South,0,0,Sunny,32.1,82.02,200.26,9.18,690,1228.32,1167.39,35,352,40
2024-04-18,6,1167,Grocery,North,1,1,Rainy,17.4,89.89,192.87,11.27,504,1938.17,2004.18,16,95,41
2024-04-19,29,1108,Toys,North,0,1,Rainy,10.8,95.02,257.21,9.21,357,1877.54,2030.7,29,51,6
2024-04-20,16,1098,Grocery,West,1,0,Rainy,29.2,116.1,205.99,5.26,208,1158.42,1207.78,36,48,0
2024-04-21,23,1080,Sports,East,0,0,Cloudy,11.2,103.31,227.47,4.12,346,1097.25,1171.29,17,25,0
2024-04-22,4,1130,Sports,South,0,1,Sunny,19.9,91.17,185.75,9.69,615,947.33,900.77,40,460,183
2024-04-23,31,1112,Toys,East,1,1,Rainy,35.1,103.77,198.24,10.15,610,500.11,475.44,32,215,79
2024-04-24,35,1016,Electronics,South,0,0,Cloudy,28.4,96.88,226.82,4.81,745,1467.38,1584.41,23,372,45
2024-04-25,40,1087,Toys,West,0,1,Rainy,13.8,88.65,216.06,8.93,935,1694.59,1710.09,15,167,65
2024-04-26,31,1006,Grocery,West,1,0,Rainy,36.0,112.38,241.52,7.3,253,1882.44,1718.61,41,331,47
2024-04-27,7,1049,Toys,East,1,0,Sunny,13.8,95.65,292.19,3.79,242,1264.04,1208.69,6,422,86
2024-04-28,50,1039,Clothing,North,0,1,Rainy,19.1,84.73,221.92,4.88,335,894.27,814.12,24,458,179
2024-04-29,15,1155,Toys,North,0,1,Rainy,18.2,81.4,226.98,8.49,640,1442.33,1474.13,40,461,169
2024-04-30,32,1141,Toys,East,0,1,Sunny,22.0,115.4,234.38,11.46,937,1046.23,948.24,22,57,18
2024-05-01,8,1062,Clothing,West,1,1,Cloudy,22.6,118.8,193.49,5.19,82,317.87,302.55,6,269,120
2024-05-02,6,1082,Toys,East,1,0,Sunny,14.3,105.37,238.62,3.08,24,1730.59,1657.42,19,144,28
2024-05-03,29,1141,Electronics,East,0,0,Cloudy,21.2,98.68,291.24,5.02,936,148.06,161.2,44,461,63
2024-05-04,24,1021,Grocery,North,0,1,Rainy,15.6,102.61,204.73,7.07,598,272.48,254.52,14,439,170
2024-05-05,8,1105,Furniture,North,1,0,Cloudy,36.4,96.61,293.68,11.15,583,177.7,176.56,21,177,24
2024-05-06,19,1034,Sports,South,0,1,Sunny,30.0,92.61,185.87,4.95,669,1982.91,1903.97,50,273,92
2024-05-07,20,1102,Toys,West,0,1,Sunny,26.5,94.17,188.56,7.2,233,1420.35,1480.14,47,317,94
2024-05-08,30,1139,Sports,North,1,1,Sunny,23.7,119.45,299.51,7.24,685,1576.08,1612.6,13,242,110
2024-05-09,39,1057,Toys,East,1,1,Sunny,10.9,82.05,287.33,4.47,83,639.54,698.59,6,80,37
2024-05-10,27,1136,Sports,North,0,0,Sunny,12.2,100.94,203.87,11.57,315,1170.89,1104.19,20,375,43
2024-05-11,44,1178,Beauty,South,1,0,Rainy,32.4,84.47,289.14,3.9,427,413.56,448.14,21,448,76
2024-05-12,7,1002,Grocery,North,0,1,Rainy,35.2,109.56,183.05,11.87,735,962.91,1053.86,25,86,3
2024-05-13,8,1029,Toys,North,1,0,Rainy,17.3,116.6,250.57,3.97,682,1049.5,959.23,36,434,76
2024-05-14,10,1065,Clothing,North,1,0,Sunny,30.0,96.67,230.35,5.62,705,204.17,217.31,1,329,65
2024-05-15,40,1095,Furniture,East,1,0,Sunny,29.4,90.11,189.23,5.01,208,1222.14,1306.1,16,319,59
2024-05-16,48,1133,Sports,South,0,0,Rainy,31.1,114.0,209.06,11.02,509,1660.61,1550.07,27,105,12
2024-05-17,47,1070,Beauty,West,0,0,Cloudy,12.8,92.71,295.49,6.99,936,1820.67,1799.61,47,496,64
2024-05-18,45,1035,Sports,East,0,0,Rainy,18.6,110.04,184.85,10.96,189,1345.91,1306.89,42,167,24
2024-05-19,1,1111,Sports,East,1,1,Rainy,21.0,82.58,197.52,9.69,957,1428.97,1501.96,10,315,142
2024-05-20,41,1099,Clothing,East,1,1,Rainy,13.3,103.46,180.53,3.65,860,767.79,691.19,35,113,43
2024-05-21,17,1004,Grocery,North,0,0,Cloudy,25.2,111.29,204.16,5.45,327,770.53,758.92,1,323,53
2024-05-22,3,1097,Furniture,East,0,1,Cloudy,18.1,116.94,295.53,10.54,328,657.03,703.11,4,189,55
2024-05-23,30,1025,Furniture,South,0,0,Sunny,39.6,101.03,204.32,10.12,611,1973.04,1825.71,34,156,16
2024-05-24,49,1011,Furniture,East,0,0,Cloudy,10.6,108.47,296.16,9.16,294,108.74,99.0,4,21,0
2024-05-25,22,1111,Toys,West,1,0,Sunny,38.2,108.93,279.72,11.14,643,784.42,753.27,42,98,9
2024-05-26,26,1150,Furniture,South,1,1,Cloudy,34.3,118.4,249.69,10.57,532,1744.92,1682.01,27,474,200
2024-05-27,13,1093,Furniture,South,0,0,Cloudy,12.5,85.07,295.62,6.62,388,1392.03,1380.25,18,300,49
2024-05-28,34,1031,Electronics,North,0,1,Rainy,19.3,94.39,201.55,11.86,522,508.41,526.56,44,296,109
2024-05-29,18,1131,Beauty,North,0,0,Sunny,34.2,88.91,282.59,7.67,892,1304.64,1187.62,33,416,43
2024-05-30,5,1123,Toys,South,0,0,Rainy,30.0,103.93,192.51,6.31,862,753.5,712.72,11,94,6
2024-05-31,12,1063,Sports,South,1,0,Sunny,23.6,94.36,197.27,8.61,764,1433.16,1439.07,13,105,37
2024-06-01,37,1162,Electronics,South,1,0,Sunny,19.3,87.54,254.51,9.82,58,1452.22,1329.83,33,158,29
2024-06-02,50,1085,Furniture,West,0,1,Cloudy,20.5,87.88,196.06,11.43,235,1339.29,1363.89,18,305,112
2024-06-03,6,1069,Furniture,West,0,0,Cloudy,27.7,108.98,254.73,4.1,785,912.79,842.06,13,443,77
2024-06-04,11,1125,Clothing,North,0,0,Rainy,27.7,105.55,268.45,10.18,267,557.62,561.88,7,409,59
2024-06-05,29,1167,Furniture,East,0,1,Sunny,14.3,100.46,293.47,11.32,642,1142.34,1047.75,19,79,5
2024-06-06,24,1022,Furniture,West,0,1,Sunny,26.6,104.41,245.84,5.71,28,1279.93,1209.02,3,119,52
2024-06-07,24,1083,Clothing,East,0,1,Sunny,10.3,115.34,264.77,9.28,855,857.13,771.95,26,382,152
2024-06-08,49,1076,Beauty,South,0,0,Sunny,35.4,102.71,277.07,8.56,444,954.44,868.03,5,41,0
2024-06-09,7,1191,Beauty,North,0,0,Sunny,14.1,88.44,259.93,5.25,746,644.34,605.53,31,389,60
2024-06-10,17,1082,Grocery,West,1,1,Sunny,33.7,95.61,264.57,10.94,894,385.78,412.68,14,280,126
2024-06-11,25,1048,Grocery,South,1,0,Rainy,30.7,101.5,211.51,8.15,760,1486.15,1551.25,38,482,92
2024-06-12,38,1098,Sports,North,1,0,Cloudy,36.0,80.16,294.22,6.18,51,1495.79,1367.07,3,499,117
2024-06-13,27,1194,Beauty,East,0,1,Cloudy,31.2,101.31,267.72,3.57,393,1304.58,1226.6,9,51,13
2024-06-14,46,1158,Grocery,South,1,0,Rainy,14.5,91.0,252.43,3.08,101,672.52,735.19,45,392,54
2024-06-15,4,1187,Beauty,West,1,1,Sunny,38.5,92.55,258.96,10.15,615,462.77,495.57,11,157,44
2024-06-16,26,1182,Toys,West,1,0,Cloudy,37.6,97.34,272.13,8.56,596,1175.93,1178.03,6,114,18
2024-06-17,47,1157,Grocery,North,0,1,Rainy,23.4,91.19,288.47,4.52,314,1255.31,1206.84,47,307,99
2024-06-18,12,1139,Electronics,South,0,1,Rainy,12.5,86.33,227.43,11.81,628,177.91,183.19,11,451,164
2024-06-19,12,1029,Grocery,West,0,1,Rainy,10.6,119.49,250.34,5.06,440,743.51,676.3,45,112,36
2024-06-20,18,1016,Clothing,North,0,1,Sunny,36.6,96.71,259.78,8.55,136,440.94,440.94,30,451,162
2024-06-21,20,1006,Clothing,West,0,1,Sunny,11.3,101.75,281.96,10.21,758,629.38,659.98,26,116,30
2024-06-22,24,1179,Toys,East,0,0,Cloudy,30.9,111.83,195.53,8.44,140,682.57,704.14,16,436,64
2024-06-23,1,1166,Sports,East,0,0,Sunny,12.0,96.27,196.65,6.37,655,1738.78,1625.25,11,160,31
2024-06-24,1,1181,Beauty,East,0,1,Rainy,27.2,101.23,211.8,3.72,163,1766.5,1889.26,9,184,67
2024-06-25,32,1071,Clothing,North,0,0,Sunny,16.3,86.07,230.76,3.18,231,1193.24,1116.94,7,308,39
2024-06-26,7,1106,Beauty,East,0,1,Rainy,38.2,116.24,241.43,10.11,778,172.97,176.89,32,237,79
2024-06-27,8,1133,Sports,North,1,0,Sunny,28.4,95.63,183.47,8.93,980,782.52,835.2,1,274,58
2024-06-28,31,1060,Sports,North,1,0,Rainy,23.8,89.6,222.16,9.02,283,1292.46,1310.57,20,488,83
2024-06-29,13,1044,Sports,East,0,0,Cloudy,19.8,80.76,249.1,7.74,317,1734.64,1645.56,46,284,16
2024-06-30,40,1006,Grocery,East,1,1,Cloudy,12.7,116.51,236.8,7.89,867,1581.57,1542.87,48,178,36
2024-07-01,27,1124,Beauty,West,0,1,Cloudy,38.4,94.27,217.92,4.33,805,1768.91,1853.81,6,290,104
2024-07-02,46,1053,Furniture,North,1,0,Cloudy,24.9,111.45,258.56,9.54,364,650.24,638.48,21,73,1
2024-07-03,18,1046,Grocery,West,0,1,Rainy,10.6,92.2,206.97,8.87,194,353.07,342.83,32,52,23
2024-07-04,18,1183,Electronics,North,0,0,Cloudy,13.6,80.99,184.17,5.72,335,1479.77,1529.63,6,234,30
2024-07-05,45,1185,Electronics,North,0,1,Cloudy,16.8,93.26,192.13,7.42,166,827.74,793.26,17,202,83
2024-07-06,21,1107,Clothing,South,1,1,Rainy,26.7,107.61,281.21,11.41,897,543.94,553.64,8,96,43
2024-07-07,44,1022,Furniture,North,0,0,Rainy,25.6,106.98,232.36,7.12,526,894.32,826.59,11,44,4
2024-07-08,9,1149,Beauty,West,1,0,Rainy,23.4,93.89,223.35,10.01,657,1718.59,1795.44,6,368,69
2024-07-09,25,1098,Furniture,North,0,1,Sunny,34.3,88.11,201.47,11.84,860,492.84,518.8,25,105,28
2024-07-10,37,1167,Electronics,West,0,1,Rainy,28.2,89.99,255.06,8.71,509,741.0,681.54,4,419,172
2024-07-11,48,1098,Grocery,North,1,0,Sunny,35.6,102.87,210.23,9.0,705,1130.09,1084.76,40,46,0
2024-07-12,29,1150,Clothing,East,0,0,Rainy,12.5,87.39,206.2,6.67,862,842.75,788.99,34,185,29
2024-07-13,30,1177,Grocery,North,1,1,Rainy,19.2,108.47,224.47,3.15,507,665.46,615.43,47,229,92
2024-07-14,1,1083,Clothing,West,0,1,Rainy,25.3,97.83,187.56,11.11,257,985.25,1033.43,35,260,91
2024-07-15,26,1133,Clothing,West,1,0,Cloudy,22.4,88.48,274.31,10.69,690,1202.79,1231.63,18,261,37
2024-07-16,6,1128,Sports,West,1,0,Rainy,25.8,99.52,262.66,7.73,654,819.2,850.25,21,453,95
2024-07-17,1,1005,Toys,North,1,1,Sunny,20.9,101.43,283.58,9.48,799,256.78,233.53,42,449,198
2024-07-18,31,1009,Beauty,West,1,0,Sunny,37.1,107.44,271.04,6.3,39,111.45,118.34,29,345,61
2024-07-19,10,1123,Clothing,South,0,0,Cloudy,13.6,88.03,187.1,11.65,266,1589.9,1598.06,7,406,62
2024-07-20,36,1015,Toys,West,1,0,Rainy,39.2,84.27,296.51,9.53,38,97.91,91.28,27,343,68
2024-07-21,22,1176,Beauty,West,0,1,Sunny,32.7,95.32,283.66,5.65,567,941.08,871.41,42,494,177
2024-07-22,2,1042,Beauty,South,1,0,Rainy,20.4,92.72,198.6,5.82,849,1099.65,1175.78,3,139,51
2024-07-23,7,1089,Furniture,North,1,0,Cloudy,20.2,91.91,234.86,4.71,35,1533.9,1650.75,19,74,10
2024-07-24,35,1094,Sports,North,1,0,Sunny,16.2,118.88,280.67,9.03,88,557.47,529.24,18,256,35
2024-07-25,35,1178,Sports,East,1,1,Rainy,15.3,97.03,248.08,5.08,682,1845.29,1948.51,24,498,224
2024-07-26,32,1055,Furniture,North,0,0,Cloudy,27.9,95.68,194.49,10.44,225,319.96,314.9,46,489,64
2024-07-27,44,1048,Clothing,East,0,1,Rainy,26.6,116.83,219.38,4.12,205,1191.28,1208.01,0,333,136
2024-07-28,6,1003,Electronics,North,0,1,Sunny,36.1,103.31,184.74,9.01,899,249.2,253.31,28,388,149
2024-07-29,36,1194,Toys,South,1,0,Sunny,28.0,96.94,180.1,8.91,875,1748.24,1596.36,34,499,113
2024-07-30,30,1046,Beauty,West,0,0,Rainy,19.4,107.05,245.43,10.59,664,1032.58,964.31,2,107,15
2024-07-31,43,1197,Toys,East,0,1,Rainy,15.4,92.98,239.01,11.92,542,481.37,463.01,41,87,44
2024-08-01,7,1071,Clothing,South,0,0,Sunny,15.1,88.64,286.11,3.62,627,475.88,502.07,40,283,31
2024-08-02,30,1045,Grocery,East,1,0,Sunny,27.9,91.51,229.28,5.55,853,688.79,638.9,28,305,47
2024-08-03,35,1039,Grocery,East,1,0,Sunny,37.8,117.38,256.9,8.71,319,1753.84,1826.2,24,327,69
2024-08-04,13,1086,Furniture,South,1,1,Sunny,34.4,97.23,257.28,3.53,899,1665.45,1651.35,3,299,136
2024-08-05,48,1111,Toys,West,1,1,Sunny,21.9,117.07,186.21,4.78,432,1461.61,1543.64,19,410,189
2024-08-06,17,1037,Electronics,North,1,1,Sunny,19.9,111.7,190.3,6.98,539,506.03,481.84,37,342,145
2024-08-07,32,1180,Toys,South,0,0,Sunny,31.6,101.87,185.1,7.01,908,774.49,801.0,49,185,0
2024-08-08,39,1022,Sports,South,0,0,Rainy,23.0,113.4,250.51,6.86,79,1877.78,1775.36,34,465,43
2024-08-09,16,1067,Furniture,West,0,1,Rainy,22.7,83.36,227.55,5.99,682,151.67,152.65,1,192,85
2024-08-10,3,1188,Beauty,North,1,1,Sunny,38.6,83.86,295.26,5.3,721,954.59,945.41,14,174,74
2024-08-11,43,1119,Electronics,North,0,1,Sunny,24.5,92.01,229.18,5.54,175,314.74,344.35,2,348,128
2024-08-12,11,1024,Toys,South,0,1,Cloudy,16.9,83.0,240.84,5.29,473,169.58,154.86,37,85,26
2024-08-13,24,1124,Clothing,North,0,1,Sunny,17.6,114.28,183.01,4.73,202,1096.47,1086.88,40,227,58
2024-08-14,8,1188,Electronics,North,0,1,Rainy,21.6,116.95,201.87,8.51,717,308.95,303.67,22,161,65
2024-08-15,3,1159,Toys,East,1,0,Sunny,16.9,115.23,215.79,4.1,80,522.65,503.01,21,127,19
2024-08-16,41,1122,Clothing,South,0,0,Rainy,20.9,103.3,191.59,6.25,777,1568.84,1655.54,48,309,25
2024-08-17,49,1024,Grocery,West,1,1,Sunny,34.8,114.73,252.82,11.86,80,810.78,768.68,24,362,148
2024-08-18,5,1127,Beauty,South,1,0,Sunny,12.0,107.22,269.21,10.32,355,147.27,141.13,13,162,26
2024-08-19,43,1048,Electronics,North,0,0,Cloudy,26.4,118.82,201.96,7.73,822,378.31,347.63,22,179,28
2024-08-20,42,1170,Clothing,East,0,0,Sunny,12.8,92.83,264.29,8.89,928,622.15,577.44,44,161,3
2024-08-21,19,1182,Grocery,South,0,0,Rainy,25.4,106.04,193.18,3.22,761,1789.25,1910.41,37,305,29
2024-08-22,18,1188,Sports,North,0,1,Cloudy,40.0,86.43,291.88,11.81,431,1190.47,1160.04,47,42,0
2024-08-23,30,1056,Toys,East,0,1,Sunny,18.7,88.5,230.91,11.0,626,606.66,587.84,42,23,3
2024-08-24,7,1114,Clothing,East,1,1,Sunny,33.8,102.22,184.63,7.68,119,1451.03,1331.93,0,22,4
2024-08-25,26,1049,Clothing,North,1,0,Sunny,36.4,117.03,293.69,4.48,841,340.19,368.06,14,411,82
2024-08-26,50,1029,Clothing,West,1,1,Rainy,38.3,117.03,204.18,7.77,533,666.86,660.58,36,381,158
2024-08-27,2,1165,Sports,East,1,1,Rainy,14.7,110.24,181.14,5.19,233,1399.9,1347.5,1,73,35
2024-08-28,1,1013,Beauty,North,0,0,Rainy,28.4,91.21,255.6,6.19,538,1824.34,1988.2,8,62,12
2024-08-29,11,1022,Beauty,East,0,0,Sunny,26.5,115.59,180.03,8.44,599,719.93,655.04,26,430,44
2024-08-30,15,1088,Furniture,North,1,0,Sunny,26.5,83.91,261.05,4.16,677,1780.88,1891.89,25,25,10
2024-08-31,26,1138,Toys,South,0,1,Cloudy,19.2,99.69,181.96,7.33,634,1353.21,1307.77,8,171,55
2024-09-01,43,1156,Sports,West,1,0,Cloudy,13.6,81.19,233.86,8.12,104,1401.33,1352.54,35,257,32
2024-09-02,2,1192,Electronics,East,0,1,Sunny,32.7,96.7,270.84,6.02,132,1287.72,1414.93,45,241,55
2024-09-03,22,1057,Electronics,East,1,1,Rainy,24.0,115.32,286.9,8.8,545,1878.12,2063.27,4,304,145
2024-09-04,41,1104,Grocery,South,1,0,Sunny,19.6,118.39,291.53,11.82,111,1745.94,1615.72,29,153,40
2024-09-05,46,1026,Furniture,South,1,1,Sunny,37.4,80.99,231.31,6.72,361,1403.27,1421.22,46,397,152
2024-09-06,13,1038,Sports,North,1,1,Rainy,21.2,95.77,296.64,7.78,400,847.32,770.39,49,289,105
2024-09-07,45,1160,Furniture,West,0,0,Cloudy,26.9,114.58,274.77,3.19,682,126.88,126.87,19,36,3
2024-09-08,12,1137,Toys,South,1,1,Cloudy,31.7,81.69,260.13,11.99,275,175.44,158.63,20,253,89
2024-09-09,11,1082,Toys,East,0,0,Sunny,25.4,105.62,222.67,10.25,484,1021.82,1090.35,24,44,0
2024-09-10,12,1091,Beauty,West,0,1,Cloudy,38.6,83.59,262.87,8.68,622,153.56,156.88,9,457,174
2024-09-11,33,1095,Clothing,West,1,1,Rainy,26.7,90.18,282.76,7.7,188,1513.4,1416.61,26,64,23
2024-09-12,39,1136,Grocery,West,0,1,Sunny,21.3,99.13,241.11,9.91,653,1818.48,1915.17,30,95,10
2024-09-13,20,1027,Beauty,West,1,0,Rainy,15.1,101.56,241.34,8.36,355,1618.2,1626.27,28,373,63
2024-09-14,10,1178,Clothing,North,1,1,Sunny,28.8,98.91,237.02,4.53,603,791.76,845.34,34,309,136
2024-09-15,49,1090,Clothing,East,0,1,Rainy,37.4,104.26,240.67,3.59,224,1978.22,2015.69,38,196,75
2024-09-16,15,1041,Electronics,South,0,1,Cloudy,17.5,93.08,241.37,11.34,804,1601.8,1525.86,13,436,171
2024-09-17,3,1109,Furniture,North,0,1,Rainy,15.2,117.8,241.61,8.93,658,959.24,926.27,26,213,89
2024-09-18,43,1122,Electronics,West,1,0,Rainy,35.7,106.92,253.6,9.3,549,783.9,855.55,15,355,87
2024-09-19,37,1059,Clothing,West,1,1,Sunny,39.6,91.88,283.58,7.86,386,1282.93,1157.13,48,239,92
2024-09-20,3,1050,Electronics,West,1,0,Rainy,17.0,91.06,227.94,5.9,458,673.8,675.25,30,328,63
2024-09-21,2,1161,Clothing,West,0,1,Sunny,16.0,119.8,181.97,7.7,49,496.43,512.17,3,411,162
2024-09-22,6,1072,Electronics,North,0,1,Cloudy,11.7,107.73,273.37,7.75,971,1437.77,1317.24,39,245,92
2024-09-23,42,1103,Furniture,North,1,1,Rainy,37.0,80.01,183.96,3.55,58,1769.66,1931.46,4,290,124
2024-09-24,42,1039,Furniture,North,1,0,Sunny,38.6,84.86,252.4,10.12,872,1095.41,1091.04,0,403,80
2024-09-25,4,1079,Grocery,South,0,1,Cloudy,29.1,96.55,264.48,6.14,336,710.75,729.91,16,416,158
2024-09-26,3,1181,Furniture,East,0,1,Cloudy,14.2,80.61,187.51,5.05,678,1682.25,1777.54,1,261,113
2024-09-27,44,1064,Clothing,South,0,1,Rainy,37.9,116.95,241.16,10.73,227,1392.81,1384.38,7,421,146
2024-09-28,22,1117,Beauty,West,1,1,Sunny,29.2,116.6,230.84,4.05,736,684.91,693.64,19,367,149
2024-09-29,41,1069,Furniture,North,1,0,Rainy,38.9,83.91,261.18,6.38,194,1360.21,1397.36,34,453,65
2024-09-30,50,1017,Beauty,East,0,1,Rainy,29.8,116.73,256.19,6.02,486,77.06,73.7,1,460,206
2024-10-01,42,1059,Furniture,East,0,0,Cloudy,15.1,105.03,263.93,5.06,800,1749.0,1754.54,39,193,32
2024-10-02,22,1115,Electronics,North,1,0,Sunny,22.8,106.43,254.46,9.43,398,1653.99,1586.89,10,197,33
2024-10-03,9,1093,Grocery,West,0,1,Sunny,10.9,108.32,222.9,10.46,620,1806.35,1861.04,17,160,50
2024-10-04,1,1141,Electronics,East,0,0,Sunny,29.3,111.88,282.89,8.21,679,1393.56,1372.95,0,278,43
2024-10-05,31,1123,Grocery,East,0,0,Sunny,26.8,105.29,220.26,5.72,620,1969.23,2162.12,11,430,76
2024-10-06,25,1058,Toys,West,1,0,Rainy,18.8,103.73,257.6,3.11,367,1733.51,1660.84,12,293,49
2024-10-07,16,1166,Sports,East,0,0,Rainy,11.0,100.09,263.29,5.89,954,996.26,1067.38,13,289,37
2024-10-08,10,1110,Furniture,South,0,1,Rainy,27.4,100.78,234.28,7.72,65,958.25,968.67,4,43,18
2024-10-09,15,1028,Clothing,West,0,0,Sunny,39.3,100.02,269.12,4.95,386,1033.43,965.18,24,422,51
2024-10-10,16,1168,Furniture,South,1,1,Cloudy,33.9,101.79,192.69,8.76,883,776.21,754.64,46,255,102
2024-10-11,27,1140,Toys,North,1,0,Cloudy,23.8,92.52,194.79,4.6,493,1640.66,1795.42,47,245,47
2024-10-12,48,1022,Beauty,North,0,0,Sunny,10.0,82.09,220.91,4.2,694,975.9,1067.85,29,345,47
2024-10-13,9,1072,Toys,East,1,0,Rainy,37.4,119.45,266.12,3.38,171,1234.98,1186.27,41,378,72
2024-10-14,24,1166,Clothing,South,0,1,Rainy,28.9,98.62,295.75,4.51,896,965.7,885.25,36,79,24
2024-10-15,50,1033,Electronics,West,0,0,Rainy,10.1,104.28,230.68,7.85,537,1515.16,1446.47,16,299,52
2024-10-16,32,1150,Clothing,South,0,1,Sunny,15.9,85.35,183.49,10.65,305,1960.66,1981.7,29,102,37
2024-10-17,22,1131,Sports,East,1,0,Sunny,25.1,99.57,290.06,5.39,739,529.17,579.72,18,90,6
2024-10-18,4,1085,Electronics,South,1,0,Cloudy,34.9,94.12,247.11,4.9,893,1905.66,1823.77,3,120,29
2024-10-19,15,1096,Electronics,South,1,0,Rainy,30.9,107.49,282.26,4.46,89,969.84,889.08,16,64,0
2024-10-20,34,1140,Sports,South,0,1,Sunny,11.7,82.71,206.12,9.75,110,471.33,478.74,50,107,33
2024-10-21,38,1175,Toys,West,1,1,Rainy,12.8,114.37,199.26,7.2,686,1389.4,1251.19,28,436,210
2024-10-22,35,1108,Furniture,North,1,1,Rainy,18.7,106.78,271.42,11.22,58,1012.77,932.34,41,209,75
2024-10-23,47,1061,Grocery,North,0,1,Sunny,12.7,109.59,268.19,11.74,22,726.98,672.81,4,469,174
2024-10-24,7,1168,Grocery,West,0,1,Rainy,18.1,100.52,251.52,11.16,424,833.27,832.31,24,386,146
2024-10-25,29,1081,Sports,North,1,0,Rainy,13.8,91.07,196.9,5.87,29,1895.55,1844.17,48,52,0
2024-10-26,6,1093,Clothing,East,1,1,Cloudy,36.9,107.47,230.77,11.61,399,470.37,502.68,21,173,55
2024-10-27,49,1129,Toys,North,0,0,Rainy,10.1,102.78,257.67,9.31,999,1811.82,1911.4,1,436,41
2024-10-28,21,1117,Toys,West,1,0,Sunny,32.8,86.52,191.98,7.96,485,819.48,752.26,3,370,81
2024-10-29,28,1052,Electronics,South,1,1,Cloudy,34.8,115.0,257.96,5.19,739,1334.92,1221.89,37,443,180
2024-10-30,36,1091,Beauty,West,0,1,Sunny,12.4,100.82,246.83,4.48,261,1135.29,1201.37,22,81,23
2024-10-31,50,1172,Toys,South,1,1,Rainy,23.1,81.95,277.6,11.47,286,1108.78,998.77,5,108,43
2024-11-01,47,1125,Beauty,South,1,1,Rainy,10.4,83.2,194.63,6.29,964,1834.78,1803.76,40,81,42
2024-11-02,2,1188,Toys,East,1,1,Rainy,31.1,105.87,203.09,8.42,825,1761.91,1664.75,33,71,19
2024-11-03,10,1065,Electronics,North,1,1,Rainy,21.6,119.22,213.16,5.38,109,1665.24,1703.52,1,78,32
2024-11-04,37,1114,Sports,North,1,0,Cloudy,10.2,87.51,290.56,11.36,918,186.12,186.28,28,469,91
2024-11-05,21,1002,Toys,South,0,0,Cloudy,22.3,115.33,192.59,7.34,369,1419.58,1466.32,39,335,17
2024-11-06,31,1114,Grocery,North,1,1,Rainy,11.8,111.72,276.87,11.75,348,1149.36,1079.45,16,204,88
2024-11-07,18,1117,Toys,West,0,0,Cloudy,35.1,110.25,203.35,4.39,609,728.32,774.37,6,220,28
2024-11-08,36,1052,Beauty,West,1,0,Sunny,19.2,117.05,270.46,3.41,193,1019.53,1070.51,15,223,26
2024-11-09,18,1184,Furniture,East,1,1,Sunny,32.2,111.32,223.21,4.26,530,387.52,401.72,31,437,174
2024-11-10,21,1079,Furniture,West,0,0,Rainy,15.2,112.71,181.32,5.67,414,1153.85,1181.77,21,283,54
2024-11-11,34,1049,Toys,West,1,1,Cloudy,13.4,117.65,262.1,11.1,1000,679.51,698.84,18,174,72
2024-11-12,15,1046,Sports,South,0,0,Rainy,29.0,119.96,286.82,8.1,135,1537.38,1636.73,31,155,15
2024-11-13,9,1175,Clothing,North,1,1,Rainy,19.0,115.63,245.05,10.24,986,473.11,492.23,1,152,77
2024-11-14,38,1052,Toys,East,0,1,Sunny,25.7,92.81,182.16,7.73,907,164.93,161.22,25,272,109
2024-11-15,1,1135,Sports,West,1,0,Rainy,10.9,119.96,247.15,11.49,240,1283.77,1168.85,43,315,52
2024-11-16,34,1083,Grocery,South,1,1,Sunny,34.8,108.53,228.03,7.47,88,1105.94,1073.32,4,429,198
2024-11-17,24,1116,Furniture,South,0,1,Rainy,17.2,96.24,253.06,7.85,411,1328.12,1206.7,25,79,28
2024-11-18,18,1062,Toys,West,0,0,Cloudy,25.5,87.53,204.91,8.25,620,705.12,649.83,35,126,0
2024-11-19,1,1014,Sports,South,0,1,Rainy,19.3,83.26,246.39,6.64,613,1885.11,1879.51,19,286,119
2024-11-20,30,1082,Sports,South,0,0,Cloudy,36.6,106.2,260.52,3.16,787,302.99,324.14,20,381,66
2024-11-21,32,1062,Beauty,South,0,0,Cloudy,22.3,83.99,266.38,9.32,165,1031.58,1050.07,30,139,38
2024-11-22,1,1152,Toys,South,0,1,Cloudy,34.9,96.26,187.63,5.25,196,1136.23,1178.62,47,443,159
2024-11-23,24,1123,Beauty,North,0,1,Cloudy,32.5,104.19,271.12,7.25,602,860.59,801.99,27,354,134
2024-11-24,11,1172,Beauty,West,1,0,Sunny,14.2,107.02,266.39,11.05,596,1503.08,1631.38,48,228,46
2024-11-25,28,1099,Grocery,North,0,0,Rainy,38.1,82.69,199.07,10.14,757,1193.87,1237.68,42,246,14
2024-11-26,32,1055,Beauty,East,0,0,Sunny,30.8,80.4,265.88,7.45,711,1391.07,1313.33,6,323,61
2024-11-27,9,1068,Toys,North,1,1,Cloudy,39.3,87.07,191.88,7.93,238,1299.49,1225.79,26,259,115
2024-11-28,44,1017,Beauty,North,0,1,Cloudy,24.5,109.31,269.0,4.26,197,1872.53,1750.12,33,312,123
2024-11-29,24,1138,Sports,North,0,0,Rainy,33.8,82.99,280.91,8.96,835,1206.76,1184.97,8,29,14
2024-11-30,27,1124,Grocery,West,1,0,Cloudy,26.0,90.63,272.26,4.47,386,1197.75,1261.46,11,350,66
2024-12-01,4,1035,Beauty,North,0,1,Cloudy,32.9,94.73,192.66,3.63,289,1009.43,1103.71,48,407,156
2024-12-02,14,1176,Furniture,West,1,1,Rainy,28.7,106.28,258.88,8.69,950,704.47,725.89,13,143,73
2024-12-03,23,1005,Clothing,West,0,0,Rainy,30.7,97.93,295.39,6.14,659,1610.81,1460.55,2,252,41
2024-12-04,45,1129,Clothing,West,0,1,Sunny,36.6,85.29,278.76,8.29,145,1235.74,1356.35,40,192,56
2024-12-05,45,1125,Furniture,South,1,0,Sunny,27.9,110.94,188.33,5.2,245,1988.58,1963.23,38,134,25
2024-12-06,43,1188,Furniture,North,1,0,Cloudy,25.1,99.05,244.18,3.43,676,206.92,205.5,43,53,0
2024-12-07,27,1099,Sports,South,1,0,Sunny,19.9,116.67,225.82,9.88,188,564.72,617.94,17,87,26
2024-12-08,29,1193,Toys,East,0,1,Sunny,32.9,117.26,187.61,6.95,371,1767.38,1731.96,19,305,119
2024-12-09,27,1113,Sports,North,1,0,Rainy,18.3,101.29,286.62,10.59,105,1964.62,1891.85,38,25,2
2024-12-10,31,1177,Electronics,North,0,1,Sunny,37.8,102.23,200.53,4.0,941,819.31,764.78,20,486,180
2024-12-11,16,1061,Clothing,East,0,0,Sunny,15.2,81.33,206.86,4.21,441,98.45,105.96,8,96,29
2024-12-12,40,1049,Furniture,North,1,0,Rainy,17.3,85.94,203.49,11.75,700,1809.47,1954.88,0,98,9
2024-12-13,14,1044,Toys,East,0,0,Sunny,18.0,81.63,280.72,4.17,116,992.27,953.24,33,227,33
2024-12-14,38,1176,Toys,South,1,1,Cloudy,23.0,81.01,283.67,4.53,35,1735.64,1622.79,25,319,138
2024-12-15,46,1156,Toys,North,1,1,Sunny,30.2,102.32,181.97,8.73,193,1558.82,1641.8,46,466,201
2024-12-16,36,1043,Beauty,West,0,1,Sunny,27.3,87.57,288.11,5.61,251,915.51,833.54,47,115,31
2024-12-17,25,1139,Clothing,North,1,1,Rainy,15.9,105.93,229.36,11.43,999,1264.34,1380.74,7,94,52
2024-12-18,49,1197,Toys,South,1,0,Rainy,28.9,92.65,272.66,9.96,365,929.92,885.94,35,399,68
2024-12-19,22,1070,Electronics,South,0,0,Rainy,21.4,116.57,230.02,10.52,206,485.51,528.34,49,456,51
2024-12-20,43,1119,Grocery,South,1,1,Rainy,14.3,80.6,222.68,4.33,169,1329.29,1212.14,10,231,97
2024-12-21,44,1126,Grocery,North,1,1,Cloudy,13.4,84.82,263.17,9.93,738,798.34,823.91,42,436,177
2024-12-22,3,1007,Beauty,South,0,0,Cloudy,14.8,108.36,232.11,7.1,590,1600.7,1627.9,6,100,7
2024-12-23,31,1189,Beauty,North,1,1,Sunny,31.3,99.32,255.94,9.94,258,1062.9,995.6,3,47,23
2024-12-24,38,1004,Beauty,North,0,0,Cloudy,11.5,102.69,200.81,8.03,192,269.1,293.79,0,121,18
2024-12-25,35,1136,Furniture,North,1,0,Rainy,13.2,100.15,281.11,6.83,312,1953.49,2070.22,25,110,12
2024-12-26,39,1091,Sports,East,1,0,Cloudy,24.5,102.82,294.13,3.8,698,640.06,700.61,11,491,74
2024-12-27,46,1191,Beauty,North,1,0,Sunny,31.3,89.07,187.52,6.37,562,1834.41,1771.81,16,424,74
2024-12-28,17,1039,Clothing,West,1,0,Rainy,24.6,103.96,241.28,4.38,938,96.2,98.41,0,74,10
2024-12-29,48,1075,Grocery,North,0,0,Rainy,29.2,104.14,267.28,9.64,490,1316.28,1251.64,15,25,1
2024-12-30,40,1056,Clothing,North,0,1,Rainy,35.2,88.19,272.94,7.5,96,744.26,812.34,48,434,163
2023-01-01,8,1193,Grocery,East,0,0,Rainy,12.5,91.17,268.06,5.17,772,1762.33,1589.38,14,257,21
2023-01-02,41,1149,Toys,North,1,1,Rainy,14.5,108.64,226.43,5.72,875,243.94,256.47,27,85,23
2023-01-03,47,1143,Grocery,West,0,0,Rainy,14.3,89.36,215.04,4.07,106,953.12,1043.14,40,121,2
2023-01-04,37,1059,Grocery,East,1,1,Cloudy,37.7,81.13,267.4,5.41,667,802.43,832.28,5,303,122
2023-01-05,12,1114,Electronics,North,1,0,Rainy,26.6,96.86,280.69,8.02,817,1562.08,1498.7,30,234,51
2023-01-06,32,1154,Toys,West,0,1,Rainy,38.2,88.73,203.76,9.43,678,1876.99,1968.04,33,430,159
2023-01-07,22,1199,Grocery,East,0,1,Cloudy,29.7,107.66,222.74,6.19,761,677.46,685.17,15,380,154
2023-01-08,39,1192,Clothing,South,0,0,Sunny,16.4,113.88,188.0,9.51,361,1340.67,1468.57,4,250,42
2023-01-09,18,1061,Beauty,North,0,1,Sunny,12.4,103.51,233.71,9.19,272,253.78,246.85,11,238,86
2023-01-10,21,1132,Sports,West,1,0,Sunny,27.1,116.91,291.02,5.37,430,1800.6,1657.57,27,20,0
2023-01-11,35,1030,Beauty,North,1,1,Cloudy,20.1,86.38,216.52,10.57,980,1866.33,1723.64,48,397,188
2023-01-12,3,1136,Clothing,East,0,0,Sunny,35.8,110.05,244.54,3.16,879,429.63,421.14,7,197,19
2023-01-13,19,1123,Electronics,North,1,1,Cloudy,24.0,119.07,209.74,7.15,230,1518.41,1393.41,48,319,127
2023-01-14,45,1117,Electronics,North,0,0,Rainy,34.6,119.21,290.09,3.08,234,346.27,360.32,30,337,46
2023-01-15,34,1143,Electronics,East,1,1,Rainy,39.1,109.58,227.32,8.71,367,1908.31,1965.42,45,323,127
2023-01-16,12,1193,Clothing,South,1,1,Cloudy,11.8,81.23,225.17,8.74,364,434.49,445.43,25,151,58
2023-01-17,18,1199,Grocery,North,1,0,Sunny,10.4,81.04,209.77,3.27,710,734.23,756.14,2,289,57
2023-01-18,1,1159,Furniture,South,0,0,Rainy,27.8,87.92,241.05,7.46,574,548.17,584.02,17,53,0
2023-01-19,43,1199,Grocery,North,0,1,Sunny,21.5,114.83,255.07,7.5,618,650.5,703.22,26,395,155
2023-01-20,1,1194,Sports,South,0,0,Cloudy,36.2,93.38,196.37,8.48,737,347.26,329.74,37,377,45
2023-01-21,36,1027,Electronics,South,0,0,Rainy,27.7,114.95,288.05,3.77,720,558.93,534.41,9,379,61
2023-01-22,45,1037,Clothing,West,1,0,Sunny,30.9,103.87,234.19,4.48,766,414.07,445.5,38,388,59
2023-01-23,21,1085,Clothing,North,0,1,Sunny,37.0,108.65,256.86,7.86,446,1167.07,1115.63,3,130,68
2023-01-24,24,1102,Sports,South,0,0,Cloudy,29.0,81.54,240.99,7.33,676,696.06,738.57,28,216,27
2023-01-25,6,1060,Clothing,South,0,0,Sunny,39.0,113.83,212.42,10.39,731,539.7,495.46,11,268,49
2023-01-26,23,1021,Sports,South,1,1,Sunny,18.7,114.91,270.83,11.97,679,1475.51,1351.31,33,150,71
2023-01-27,10,1082,Beauty,West,0,1,Sunny,36.8,110.65,256.24,9.7,448,327.9,300.97,12,259,88
2023-01-28,43,1154,Electronics,East,1,1,Cloudy,10.3,100.52,259.2,4.86,35,472.15,450.05,26,324,139
2023-01-29,18,1056,Electronics,West,1,0,Sunny,28.2,118.03,272.92,8.81,534,195.13,181.28,32,276,31
2023-01-30,1,1193,Electronics,South,0,1,Cloudy,27.0,83.53,285.34,3.46,864,868.45,886.92,19,174,62
2023-01-31,10,1007,Clothing,South,0,0,Sunny,22.7,93.49,238.36,10.64,830,332.76,332.66,45,126,8
2023-02-01,19,1130,Electronics,North,0,0,Rainy,34.0,112.77,217.02,8.07,527,554.55,586.1,49,86,12
2023-02-02,8,1071,Grocery,East,1,0,Rainy,13.0,111.27,246.79,5.65,489,1581.57,1608.03,10,309,50
2023-02-03,36,1180,Beauty,East,1,0,Rainy,30.6,84.63,283.91,10.32,976,1291.91,1406.08,44,323,55
2023-02-04,24,1160,Electronics,East,0,0,Rainy,18.0,88.89,280.5,8.78,644,962.79,1029.3,25,146,30
2023-02-05,40,1093,Toys,North,1,0,Sunny,28.7,117.3,187.41,10.92,265,1158.68,1155.81,20,78,3
2023-02-06,50,1007,Beauty,North,0,0,Sunny,25.6,107.7,281.1,9.01,556,1386.36,1407.28,16,373,45
2023-02-07,26,1097,Sports,West,0,0,Cloudy,26.4,82.0,249.9,7.51,20,1782.15,1687.44,10,413,63
2023-02-08,7,1133,Toys,East,0,1,Cloudy,37.4,104.55,263.01,5.5,881,1074.92,974.34,43,471,189
2023-02-09,32,1081,Clothing,East,0,1,Cloudy,31.9,94.53,265.3,7.53,457,1119.81,1073.85,31,274,109
2023-02-10,45,1147,Electronics,North,0,0,Cloudy,33.7,101.32,249.16,9.05,491,1867.79,1897.13,5,147,17
2023-02-11,32,1015,Sports,East,1,1,Rainy,27.7,84.26,277.56,11.55,505,1179.12,1168.76,36,121,41
2023-02-12,33,1149,Grocery,West,1,0,Sunny,30.0,109.26,294.53,8.31,383,1488.36,1583.74,40,49,0
2023-02-13,48,1075,Clothing,South,0,1,Sunny,36.5,91.41,290.3,5.17,107,1392.65,1369.95,26,198,69
2023-02-14,8,1143,Toys,East,0,0,Rainy,29.9,112.98,267.6,3.41,612,1104.94,1014.37,32,269,46
2023-02-15,41,1056,Grocery,South,1,0,Sunny,10.5,89.01,282.98,6.03,649,569.45,527.26,7,448,77
2023-02-16,22,1095,Electronics,East,0,0,Cloudy,25.9,87.81,263.85,4.92,740,104.24,95.49,40,256,32
2023-02-17,31,1111,Electronics,South,1,0,Sunny,19.3,83.04,227.29,9.19,885,1468.54,1563.4,30,99,18
2023-02-18,31,1174,Toys,East,1,0,Sunny,31.4,104.73,242.57,10.67,414,877.02,945.75,49,471,83
2023-02-19,49,1194,Sports,West,1,1,Sunny,25.2,96.61,229.17,9.6,51,1599.04,1716.66,11,318,127
2023-02-20,22,1194,Sports,West,0,0,Rainy,27.7,118.13,221.6,6.37,296,279.15,272.94,30,326,49
2023-02-21,26,1122,Toys,South,1,0,Cloudy,20.7,81.77,281.71,5.77,735,1843.66,2004.59,31,247,32
2023-02-22,30,1066,Electronics,East,1,1,Sunny,28.8,88.72,261.61,11.4,145,1244.11,1141.56,35,34,17
2023-02-23,20,1052,Beauty,East,0,0,Rainy,17.8,82.27,220.27,8.41,189,160.46,156.77,8,107,12
2023-02-24,30,1021,Toys,South,1,0,Rainy,21.2,81.42,186.45,11.91,488,58.28,55.2,13,475,66
2023-02-25,34,1003,Furniture,West,0,0,Cloudy,13.9,100.28,241.02,8.55,763,1260.9,1154.94,28,97,2
2023-02-26,13,1087,Grocery,North,1,0,Sunny,23.0,111.02,200.34,7.49,741,98.44,92.13,50,316,52
2023-02-27,2,1069,Grocery,North,0,1,Rainy,33.5,107.8,187.58,4.85,545,1914.2,1916.01,15,111,20
2023-02-28,33,1157,Toys,West,0,0,Rainy,23.9,90.62,253.71,10.29,138,197.4,198.77,39,306,43
2023-03-01,44,1003,Sports,North,0,0,Cloudy,13.3,118.57,191.82,5.14,713,627.86,569.13,50,66,0
2023-03-02,22,1162,Clothing,North,0,0,Rainy,28.4,96.99,250.02,3.55,914,945.78,913.31,13,28,0
2023-03-03,47,1126,Furniture,North,1,1,Cloudy,36.4,82.38,233.34,6.8,435,154.0,159.33,46,338,124
2023-03-04,10,1184,Furniture,East,1,0,Rainy,28.0,110.19,228.17,10.45,583,372.5,395.41,44,49,0
2023-03-05,36,1198,Electronics,East,0,1,Cloudy,28.9,102.24,260.74,11.22,62,512.51,496.27,1,130,38
2023-03-06,29,1099,Furniture,North,0,0,Cloudy,36.0,93.11,205.03,10.85,306,1373.06,1449.32,5,23,13
2023-03-07,40,1127,Grocery,North,1,0,Rainy,23.4,117.53,290.32,5.24,100,163.44,169.1,45,35,0
2023-03-08,40,1075,Clothing,West,1,0,Sunny,10.9,86.63,281.07,5.01,877,1110.66,1083.05,18,276,51
2023-03-09,22,1006,Grocery,West,0,1,Cloudy,23.2,115.27,295.69,4.55,105,1719.97,1657.44,45,178,59
2023-03-10,50,1063,Furniture,North,0,1,Sunny,37.1,102.45,275.9,8.91,317,429.9,432.09,9,93,16
2023-03-11,33,1085,Furniture,West,0,0,Rainy,15.1,103.04,229.19,3.95,275,1999.67,1935.26,0,93,11
2023-03-12,20,1137,Beauty,East,1,0,Rainy,39.6,100.57,233.54,9.22,662,150.61,151.69,25,376,72
2023-03-13,31,1037,Beauty,South,0,1,Rainy,12.8,98.71,283.12,10.61,579,396.99,364.95,28,62,8
2023-03-14,26,1073,Grocery,North,1,1,Cloudy,26.5,82.35,274.03,7.7,96,1532.99,1403.07,27,37,18
2023-03-15,48,1017,Grocery,South,0,0,Rainy,26.2,115.51,216.95,10.18,805,347.92,349.56,19,283,26
2023-03-16,19,1130,Toys,South,1,0,Cloudy,13.9,93.44,185.54,3.95,402,1338.59,1400.96,45,357,53
2023-03-17,31,1179,Clothing,South,0,1,Sunny,19.5,98.81,248.12,6.37,903,288.82,303.63,25,428,162
2023-03-18,1,1088,Toys,South,1,0,Sunny,10.7,91.93,214.86,11.28,781,1357.62,1403.5,6,379,79
2023-03-19,18,1052,Clothing,North,1,0,Sunny,16.9,110.87,289.64,11.39,123,1671.05,1606.18,43,412,57
2023-03-20,43,1095,Furniture,East,1,1,Sunny,16.6,94.81,241.51,7.2,616,1626.12,1582.23,22,439,187
2023-03-21,5,1026,Electronics,West,0,1,Rainy,10.3,113.27,247.69,4.55,974,1385.85,1301.35,26,224,86
2023-03-22,11,1153,Furniture,South,1,1,Cloudy,16.7,90.98,224.49,8.44,344,935.89,923.07,19,285,121
2023-03-23,22,1170,Electronics,North,0,0,Cloudy,33.6,104.35,258.23,11.47,629,1839.8,1907.55,49,295,11
2023-03-24,11,1139,Furniture,West,0,0,Cloudy,19.8,80.99,184.97,4.15,602,1295.64,1424.26,14,428,59
2023-03-25,10,1060,Sports,North,0,0,Sunny,32.3,111.86,209.31,6.5,267,531.79,535.88,26,283,36
2023-03-26,20,1152,Furniture,West,1,1,Rainy,16.0,119.71,268.22,4.12,384,1385.19,1496.65,5,113,60
2023-03-27,39,1004,Clothing,South,1,0,Rainy,22.6,82.21,271.06,6.72,934,1418.03,1474.43,16,151,44
2023-03-28,47,1193,Sports,West,1,1,Sunny,29.5,108.62,181.68,6.99,650,1240.35,1127.42,23,126,47
2023-03-29,11,1105,Beauty,North,1,0,Cloudy,38.7,98.44,183.96,3.18,870,645.83,701.36,16,409,74
2023-03-30,49,1103,Grocery,South,0,1,Sunny,39.9,118.0,267.38,9.64,650,1724.35,1719.27,2,376,140
2023-03-31,41,1127,Sports,South,1,0,Rainy,38.5,118.3,193.15,5.19,543,1224.29,1141.03,28,493,78
2023-04-01,23,1010,Beauty,North,1,0,Sunny,20.0,104.42,182.97,11.2,996,685.39,620.08,26,383,53
2023-04-02,19,1197,Toys,North,1,0,Sunny,30.3,89.37,183.92,5.17,626,508.24,493.77,41,360,61
2023-04-03,48,1131,Electronics,South,0,0,Sunny,12.7,80.92,250.28,5.56,622,680.14,675.06,34,53,0
2023-04-04,12,1153,Electronics,West,0,1,Cloudy,13.0,108.4,271.7,10.94,360,464.99,511.17,3,232,96
2023-04-05,32,1008,Furniture,West,1,1,Sunny,15.6,108.29,254.64,10.63,506,1621.88,1612.2,15,420,191
2023-04-06,21,1183,Sports,West,0,0,Rainy,32.1,100.1,214.84,6.68,697,1395.54,1479.88,14,57,14
2023-04-07,33,1092,Clothing,South,1,1,Rainy,21.4,99.38,232.62,8.94,22,676.52,709.12,7,486,229
2023-04-08,25,1153,Electronics,North,1,0,Rainy,10.6,105.53,289.34,4.3,331,320.71,350.3,38,413,78
2023-04-09,40,1106,Sports,West,1,1,Cloudy,22.8,111.45,277.9,3.46,498,1137.4,1138.13,7,224,99
2023-04-10,8,1196,Grocery,West,1,1,Cloudy,11.2,116.55,295.72,10.39,63,461.08,436.64,6,21,6
2023-04-11,16,1018,Electronics,North,1,1,Rainy,32.6,114.51,186.51,7.85,32,1865.32,1924.39,32,176,68
2023-04-12,12,1193,Clothing,East,1,0,Cloudy,35.2,104.84,290.44,11.29,45,282.64,265.5,2,97,17
2023-04-13,9,1051,Toys,South,1,1,Sunny,17.4,98.04,207.97,4.79,593,557.84,603.3,31,102,27
2023-04-14,9,1029,Toys,West,1,1,Sunny,34.7,116.57,218.65,11.45,600,791.12,818.37,27,51,5
2023-04-15,29,1181,Furniture,West,1,1,Sunny,14.4,88.37,267.71,6.64,858,1643.27,1551.45,33,187,71
2023-04-16,7,1176,Clothing,West,0,0,Rainy,35.3,89.28,230.67,8.26,671,514.5,468.48,14,399,66
2023-04-17,4,1019,Furniture,South,0,0,Cloudy,20.1,87.1,246.47,5.19,753,1485.08,1405.89,34,190,7
2023-04-18,36,1059,Clothing,East,0,0,Rainy,35.4,83.09,186.67,10.43,374,228.56,235.6,13,283,27
2023-04-19,10,1196,Grocery,South,1,0,Cloudy,33.1,95.16,220.72,7.93,856,585.21,629.13,39,217,36
2023-04-20,3,1185,Clothing,South,1,0,Rainy,34.6,98.67,252.17,9.63,841,1036.08,1010.0,22,277,41
2023-04-21,26,1148,Clothing,North,1,1,Sunny,25.9,112.0,251.43,3.73,498,1090.78,1177.75,31,475,200
2023-04-22,24,1066,Clothing,North,1,0,Cloudy,23.2,81.09,189.66,4.93,341,183.48,171.91,4,235,48
2023-04-23,13,1093,Furniture,West,0,0,Rainy,19.3,97.83,282.31,10.29,627,1118.24,1086.06,34,158,15
2023-04-24,11,1034,Toys,East,0,1,Rainy,34.5,90.44,184.43,8.75,840,1173.26,1097.86,29,487,190
2023-04-25,15,1103,Grocery,South,1,0,Rainy,17.1,81.75,265.2,8.82,43,1107.2,1060.95,14,65,11
2023-04-26,21,1157,Electronics,East,1,1,Rainy,31.0,99.22,251.67,7.19,996,478.78,484.95,4,348,155
2023-04-27,33,1072,Furniture,North,1,0,Cloudy,19.0,112.93,197.27,4.0,1000,1222.88,1220.22,50,175,36
2023-04-28,46,1125,Toys,South,0,0,Sunny,11.7,94.56,295.81,8.59,842,1606.47,1693.56,4,143,29
2023-04-29,23,1088,Grocery,South,0,0,Sunny,37.6,97.75,232.11,8.93,487,1904.05,1724.15,5,436,65
2023-04-30,23,1200,Sports,East,0,1,Sunny,29.5,90.83,245.69,8.37,273,482.26,501.15,5,308,124
2023-05-01,33,1147,Furniture,South,1,1,Sunny,21.1,107.1,257.09,10.07,41,1496.31,1462.28,40,194,58
2023-05-02,9,1156,Electronics,North,1,0,Cloudy,12.1,99.98,201.43,11.4,23,1542.15,1520.79,15,483,105
2023-05-03,43,1106,Grocery,South,0,0,Rainy,10.4,89.77,226.93,10.77,115,302.11,291.0,17,285,35
2023-05-04,4,1147,Clothing,North,1,1,Rainy,39.4,108.47,198.78,9.97,294,1721.35,1613.72,21,395,166
2023-05-05,32,1163,Toys,West,0,1,Sunny,33.0,111.94,288.29,10.68,990,366.87,382.33,6,349,125
2023-05-06,50,1199,Sports,South,0,0,Rainy,18.2,101.15,221.2,11.79,489,1676.65,1712.91,14,492,68
2023-05-07,9,1022,Sports,West,1,0,Rainy,36.4,97.08,282.18,7.1,778,419.95,409.53,3,252,67
2023-05-08,30,1169,Sports,West,1,1,Cloudy,32.1,119.13,208.2,5.62,47,767.55,763.95,48,38,1
2023-05-09,23,1005,Grocery,North,0,0,Rainy,10.3,111.15,241.33,10.87,807,476.45,496.69,10,188,26
2023-05-10,4,1164,Grocery,East,1,1,Cloudy,35.2,85.9,286.08,11.22,465,1156.84,1252.24,15,166,59
2023-05-11,20,1049,Grocery,South,0,0,Rainy,35.0,113.12,291.52,3.07,708,1014.5,950.89,50,35,0
2023-05-12,1,1165,Electronics,North,1,1,Sunny,19.0,90.97,277.61,4.66,193,1024.99,1071.16,38,451,203
2023-05-13,9,1129,Electronics,West,0,1,Sunny,18.3,89.69,211.49,7.03,719,91.15,97.78,34,425,157
2023-05-14,32,1099,Beauty,South,0,1,Cloudy,21.0,104.16,275.74,5.59,186,1506.88,1645.76,22,315,111
2023-05-15,25,1094,Clothing,West,1,1,Sunny,39.0,117.45,180.37,10.21,716,1598.71,1579.1,3,236,110
2023-05-16,39,1166,Electronics,West,0,0,Cloudy,15.5,114.05,269.34,10.22,303,1679.8,1806.2,43,167,19
2023-05-17,38,1083,Beauty,West,1,1,Rainy,30.9,80.45,259.71,7.45,682,326.06,345.56,20,60,28
2023-05-18,4,1149,Furniture,North,0,1,Cloudy,16.8,108.26,280.34,10.42,844,1218.26,1256.42,39,172,56
2023-05-19,5,1197,Toys,East,1,0,Rainy,19.6,91.09,256.46,5.01,976,128.35,127.61,22,159,22
2023-05-20,33,1119,Clothing,East,0,1,Cloudy,10.4,85.63,267.67,5.96,778,1112.02,1083.75,35,325,116
2023-05-21,29,1097,Toys,North,0,1,Cloudy,19.5,80.22,287.9,7.7,135,654.62,597.21,33,245,76
2023-05-22,24,1120,Clothing,North,0,1,Cloudy,25.1,119.05,292.48,11.68,64,1073.95,969.39,45,99,32
2023-05-23,25,1128,Sports,South,0,1,Cloudy,10.5,111.83,273.29,5.14,154,1565.94,1565.87,38,250,96
2023-05-24,21,1044,Grocery,North,1,1,Sunny,19.5,87.43,256.48,8.53,259,1492.26,1384.72,38,181,68
2023-05-25,47,1177,Beauty,South,0,1,Sunny,11.0,96.19,214.61,10.49,898,499.26,535.4,23,339,114
2023-05-26,31,1177,Sports,South,1,1,Cloudy,25.6,94.5,276.93,6.08,440,1927.33,1877.6,42,457,183
2023-05-27,21,1121,Clothing,West,1,0,Cloudy,28.6,86.52,248.27,11.87,565,1080.43,1107.52,41,360,65
2023-05-28,23,1072,Toys,East,1,1,Sunny,27.4,83.24,280.4,8.27,219,753.67,686.1,34,480,210
2023-05-29,13,1013,Furniture,West,0,0,Rainy,17.5,85.43,182.84,9.76,302,295.61,273.18,30,387,51
2023-05-30,19,1158,Furniture,South,1,1,Sunny,31.4,107.64,247.16,10.44,335,1106.24,1003.15,1,54,44
2023-05-31,16,1180,Clothing,South,0,0,Rainy,31.8,109.83,213.18,11.91,779,99.4,99.4,45,76,15
2023-06-01,43,1111,Grocery,North,0,0,Sunny,13.4,84.11,186.15,3.79,998,755.45,822.36,32,485,58
2023-06-02,27,1177,Electronics,East,1,0,Sunny,29.3,92.53,254.62,11.55,51,292.21,298.98,32,186,22
2023-06-03,32,1036,Toys,South,1,0,Sunny,31.5,117.72,195.51,8.08,805,907.97,906.46,25,495,100
2023-06-04,1,1065,Electronics,South,1,0,Cloudy,36.0,116.15,273.45,10.13,31,146.81,151.78,17,318,61
2023-06-05,17,1010,Beauty,North,0,1,Cloudy,36.8,118.18,193.46,8.98,587,1043.94,1102.43,39,128,34
2023-06-06,18,1192,Clothing,West,1,1,Cloudy,19.0,100.23,250.91,7.09,178,803.65,844.09,46,316,125
2023-06-07,42,1199,Sports,North,1,1,Rainy,21.5,106.82,206.01,6.92,248,1350.05,1413.81,32,297,120
2023-06-08,9,1153,Furniture,West,1,0,Rainy,21.1,105.54,240.76,5.87,423,888.99,832.49,27,134,9
2023-06-09,19,1178,Toys,East,1,0,Rainy,10.9,93.84,211.88,4.01,568,434.23,408.12,16,111,31
2023-06-10,8,1172,Sports,East,1,0,Cloudy,17.1,100.7,283.89,4.42,70,1857.51,1795.13,17,24,11
2023-06-11,6,1196,Grocery,East,0,0,Sunny,38.7,109.57,243.44,8.68,50,1451.77,1444.94,0,350,73
2023-06-12,17,1167,Grocery,West,1,0,Cloudy,32.2,95.18,236.05,11.96,334,1269.13,1274.61,8,473,77
2023-06-13,10,1156,Clothing,North,0,0,Sunny,10.8,89.08,289.36,9.68,773,1229.47,1232.58,23,414,51
2023-06-14,37,1104,Clothing,South,0,0,Rainy,37.7,114.94,246.14,3.15,191,1026.02,1100.97,20,308,46
2023-06-15,2,1063,Electronics,West,1,0,Rainy,25.0,112.21,199.8,3.74,599,412.67,448.82,48,337,51
2023-06-16,4,1120,Toys,South,1,0,Sunny,10.6,98.37,195.97,9.09,153,287.98,261.79,34,497,85
2023-06-17,41,1111,Sports,North,1,0,Cloudy,29.0,113.18,190.88,6.37,215,1577.3,1665.93,17,459,92
2023-06-18,6,1176,Sports,North,1,0,Rainy,18.1,119.8,252.71,5.07,104,956.97,944.03,4,117,16
2023-06-19,8,1030,Clothing,West,1,1,Rainy,37.2,107.33,268.13,7.13,81,1900.45,1921.1,21,272,118
2023-06-20,26,1061,Clothing,North,1,0,Rainy,16.7,116.05,211.91,8.83,734,459.38,434.79,13,487,100
2023-06-21,46,1178,Furniture,East,0,0,Cloudy,38.2,102.23,182.47,8.95,274,975.57,1050.51,48,34,0
2023-06-22,22,1067,Grocery,East,0,0,Rainy,29.1,118.13,239.21,11.14,196,241.65,257.48,46,414,42
2023-06-23,36,1168,Beauty,West,0,1,Cloudy,38.6,110.69,220.83,3.43,661,448.85,470.63,13,211,67
2023-06-24,19,1132,Sports,South,1,1,Sunny,19.6,104.71,238.85,7.95,235,1924.27,2031.54,37,188,75
2023-06-25,22,1087,Toys,East,0,0,Sunny,37.1,111.61,284.05,10.57,980,255.93,260.92,42,371,48
2023-06-26,6,1009,Clothing,North,1,0,Cloudy,24.5,111.32,237.89,4.13,540,1889.27,1719.07,35,316,64
2023-06-27,29,1003,Toys,East,0,0,Sunny,16.6,101.89,255.64,3.9,782,1983.41,1836.06,2,138,30
2023-06-28,26,1006,Toys,West,0,0,Sunny,24.8,102.53,228.07,3.64,192,833.81,887.74,28,87,7
2023-06-29,31,1155,Grocery,East,1,1,Cloudy,21.3,80.09,249.47,3.43,241,204.65,215.41,28,317,122
2023-06-30,47,1164,Sports,North,1,1,Rainy,10.1,99.75,249.01,3.73,639,1828.47,1860.02,13,189,69
2023-07-01,11,1016,Grocery,West,0,0,Rainy,35.6,103.1,248.02,7.77,54,689.96,727.06,6,172,13
2023-07-02,18,1057,Electronics,North,0,0,Cloudy,36.3,99.47,274.66,10.96,160,1387.68,1264.78,20,145,21
2023-07-03,49,1174,Clothing,South,0,1,Rainy,30.1,117.13,237.47,6.35,291,1233.97,1141.53,35,111,31
2023-07-04,25,1080,Grocery,East,0,1,Cloudy,20.0,104.81,193.74,8.54,871,840.33,866.29,34,193,66
2023-07-05,15,1159,Toys,South,0,0,Rainy,13.6,87.14,236.36,8.46,325,402.2,372.4,32,455,69
2023-07-06,6,1017,Beauty,East,0,1,Sunny,22.6,102.68,195.22,4.86,812,1532.61,1653.59,7,63,18
2023-07-07,21,1054,Electronics,North,1,1,Sunny,19.9,97.93,184.38,3.93,270,1655.72,1776.85,9,412,205
2023-07-08,29,1183,Furniture,West,0,0,Rainy,33.0,90.98,213.66,11.23,757,1087.88,1007.05,10,33,10
2023-07-09,6,1010,Toys,East,0,1,Cloudy,30.7,98.95,215.54,6.7,759,495.85,467.04,7,123,49
2023-07-10,11,1092,Furniture,South,0,0,Cloudy,24.0,83.31,285.23,9.2,33,1433.84,1396.21,27,491,62
2023-07-11,39,1120,Furniture,South,0,1,Sunny,30.2,117.26,230.49,4.98,902,593.9,632.89,5,255,95
2023-07-12,20,1102,Clothing,West,0,0,Rainy,35.3,103.45,219.72,9.37,173,1956.04,1955.49,30,29,0
2023-07-13,25,1071,Toys,South,1,0,Rainy,16.3,82.42,238.41,4.71,134,999.53,1099.24,32,73,19
2023-07-14,46,1105,Furniture,East,0,0,Sunny,13.6,101.65,235.16,6.14,890,865.7,817.7,18,360,28
2023-07-15,42,1027,Furniture,East,0,1,Cloudy,39.7,98.45,267.71,9.64,43,1685.54,1721.59,6,189,74
2023-07-16,30,1187,Sports,East,1,0,Rainy,23.6,97.16,259.49,9.8,592,1875.48,1774.56,8,378,69
2023-07-17,29,1135,Toys,West,0,0,Sunny,30.2,114.05,282.63,9.53,173,282.62,305.31,9,383,53
2023-07-18,36,1108,Toys,West,1,0,Sunny,19.8,116.79,256.19,11.88,72,1240.44,1311.5,15,464,89
2023-07-19,23,1140,Clothing,South,1,1,Sunny,14.6,100.62,272.34,10.73,630,549.47,496.06,18,207,79
2023-07-20,5,1113,Furniture,North,0,1,Sunny,20.4,91.33,240.3,5.36,894,1476.44,1344.76,15,370,152
2023-07-21,16,1111,Sports,North,1,1,Cloudy,14.9,97.31,233.44,11.5,39,794.4,848.51,20,311,129
2023-07-22,28,1065,Furniture,East,0,0,Rainy,36.0,115.19,214.62,8.5,410,1449.05,1398.41,17,236,27
2023-07-23,33,1145,Toys,West,0,0,Cloudy,23.2,80.18,180.08,6.58,447,165.63,177.54,49,437,64
2023-07-24,45,1093,Sports,South,0,1,Cloudy,13.1,117.16,196.4,5.7,134,431.17,464.02,21,102,42
2023-07-25,2,1185,Toys,North,0,1,Cloudy,39.7,80.55,231.88,5.06,323,1992.28,2035.77,45,355,128
2023-07-26,2,1042,Beauty,North,0,1,Cloudy,10.9,103.59,217.71,10.14,125,831.98,898.88,33,130,43
2023-07-27,30,1001,Beauty,East,0,1,Rainy,35.5,89.49,237.03,3.42,435,185.94,197.38,14,96,49
2023-07-28,33,1130,Beauty,West,1,0,Rainy,24.0,114.7,245.32,7.24,973,1336.01,1310.84,15,244,57
2023-07-29,46,1152,Furniture,East,0,1,Rainy,13.9,117.66,190.84,10.41,874,1909.65,1764.15,33,156,45
2023-07-30,46,1155,Beauty,East,0,1,Sunny,37.6,111.14,263.15,5.65,340,1641.1,1788.78,2,186,67
2023-07-31,24,1200,Sports,East,0,1,Cloudy,29.0,108.17,271.48,9.39,135,1794.93,1643.66,35,335,104
2023-08-01,47,1137,Furniture,South,1,0,Rainy,36.7,111.42,233.95,4.8,217,1204.24,1293.36,44,215,17
2023-08-02,50,1176,Beauty,North,0,1,Cloudy,10.1,103.18,239.42,4.99,131,1561.04,1462.81,50,340,127
2023-08-03,22,1072,Toys,West,0,1,Rainy,12.9,102.61,275.66,6.77,337,167.08,182.06,34,227,64
2023-08-04,27,1008,Furniture,South,0,1,Sunny,35.1,115.87,237.14,8.05,891,709.94,693.67,26,73,22
2023-08-05,12,1139,Sports,South,1,0,Cloudy,14.5,111.8,234.23,11.52,155,911.47,959.11,2,213,35
2023-08-06,3,1137,Toys,West,0,1,Rainy,27.2,105.82,259.76,7.34,215,1905.59,2023.8,30,376,158
2023-08-07,24,1165,Toys,West,1,0,Sunny,32.3,94.32,183.64,3.35,808,1208.6,1248.6,42,131,3
2023-08-08,48,1001,Beauty,West,1,1,Rainy,17.9,107.31,200.85,4.91,467,66.61,73.18,44,323,140
2023-08-09,17,1050,Beauty,East,1,0,Cloudy,30.3,103.18,259.45,4.42,126,1736.71,1608.15,44,316,37
2023-08-10,6,1191,Beauty,West,0,1,Rainy,26.3,108.44,247.17,4.25,293,1227.26,1266.8,40,434,177
2023-08-11,1,1174,Toys,East,0,0,Rainy,36.7,99.35,215.77,4.84,54,1530.17,1469.73,34,374,43
2023-08-12,38,1169,Sports,East,0,0,Cloudy,27.1,91.87,256.78,6.92,440,869.37,833.94,43,39,0
2023-08-13,22,1080,Sports,West,0,1,Sunny,16.7,107.65,261.67,10.56,67,901.48,876.35,44,46,0
2023-08-14,48,1129,Electronics,South,1,1,Sunny,24.8,85.34,212.03,11.62,880,862.16,834.15,23,482,211
2023-08-15,46,1019,Furniture,North,1,0,Sunny,26.6,85.1,189.31,5.23,142,915.38,866.23,46,55,3
2023-08-16,42,1199,Beauty,North,0,0,Sunny,28.0,104.32,295.16,11.33,554,1294.88,1413.95,16,337,65
2023-08-17,23,1008,Grocery,South,1,1,Rainy,10.9,98.35,233.86,6.54,293,269.67,257.96,11,113,40
2023-08-18,12,1191,Electronics,East,1,1,Sunny,33.1,102.3,197.83,7.59,838,474.09,474.26,48,169,67
2023-08-19,13,1122,Furniture,South,0,0,Cloudy,16.1,116.82,188.41,11.75,371,1785.97,1858.46,20,354,48
2023-08-20,40,1165,Furniture,South,0,1,Cloudy,31.2,96.21,280.56,7.85,581,339.48,357.59,4,84,58
2023-08-21,49,1153,Sports,South,1,0,Rainy,35.5,103.46,257.39,5.14,85,1850.5,1965.35,44,350,53
2023-08-22,43,1161,Furniture,West,0,0,Rainy,22.3,102.19,238.55,9.9,302,1497.6,1637.65,6,206,20
2023-08-23,8,1108,Sports,West,1,1,Sunny,28.3,110.76,244.24,10.62,130,1374.51,1502.62,25,148,45
2023-08-24,36,1013,Furniture,North,1,0,Rainy,24.8,80.88,247.39,5.14,190,1859.66,1739.74,33,94,0
2023-08-25,8,1163,Electronics,South,0,1,Sunny,15.9,107.44,243.12,10.89,488,1434.65,1570.04,36,140,59
2023-08-26,22,1115,Electronics,West,1,0,Cloudy,20.6,95.99,193.12,11.94,732,1020.3,944.89,13,222,54
2023-08-27,1,1123,Electronics,East,1,0,Sunny,23.6,113.35,243.52,5.38,304,778.42,799.7,26,360,39
2023-08-28,44,1055,Electronics,East,0,0,Cloudy,13.0,104.39,200.67,8.44,234,413.2,432.31,37,173,20
2023-08-29,48,1127,Beauty,North,0,0,Rainy,10.9,110.63,232.51,6.25,404,1333.78,1256.45,34,376,40
2023-08-30,43,1016,Beauty,North,0,1,Sunny,17.9,107.01,254.33,11.8,389,70.84,68.86,13,85,40
2023-08-31,48,1105,Sports,West,0,0,Rainy,22.5,107.4,269.96,6.98,152,1717.44,1615.72,1,317,51
2023-09-01,20,1041,Sports,East,1,0,Sunny,38.7,110.51,180.88,8.39,798,1795.86,1970.43,2,339,43
2023-09-02,7,1049,Grocery,North,1,1,Sunny,36.3,109.39,251.48,7.55,376,156.52,150.13,14,427,189
2023-09-03,44,1038,Sports,South,1,1,Cloudy,31.5,116.78,196.74,5.94,434,1266.07,1315.2,23,282,101
2023-09-04,38,1050,Toys,West,0,1,Sunny,32.8,101.43,230.51,5.68,495,381.14,396.14,35,185,54
2023-09-05,35,1145,Clothing,East,0,1,Rainy,16.1,93.85,204.88,10.92,778,762.92,703.4,26,465,158
2023-09-06,8,1020,Sports,North,0,1,Rainy,27.8,98.5,248.2,9.42,209,383.45,417.97,15,423,163
2023-09-07,20,1042,Furniture,South,0,1,Rainy,13.5,93.97,218.74,5.49,728,1522.56,1665.3,14,198,82
2023-09-08,26,1098,Electronics,West,0,1,Rainy,11.9,117.49,270.22,8.91,770,1345.9,1337.14,0,267,80
2023-09-09,17,1149,Electronics,South,0,0,Sunny,13.9,115.54,258.4,6.39,515,110.59,101.29,49,309,40
2023-09-10,46,1133,Furniture,North,0,0,Cloudy,23.1,107.99,193.16,11.47,242,1129.31,1064.92,30,329,33
2023-09-11,2,1041,Sports,West,0,1,Sunny,16.5,118.01,206.15,6.89,60,230.4,229.89,40,117,35
2023-09-12,27,1063,Furniture,West,0,1,Rainy,14.8,101.59,228.0,3.34,124,1264.94,1370.34,43,173,58
2023-09-13,42,1073,Clothing,West,1,0,Rainy,26.4,89.64,203.62,3.73,663,557.91,562.3,19,369,64
2023-09-14,33,1121,Sports,East,0,1,Sunny,34.3,111.15,191.56,5.69,402,1949.41,2018.75,47,287,110
2023-09-15,31,1078,Furniture,South,0,1,Rainy,28.7,99.52,241.66,4.88,311,597.71,611.09,22,215,80
2023-09-16,19,1119,Grocery,East,1,0,Cloudy,22.7,107.36,276.37,9.16,341,812.17,868.88,37,406,73
2023-09-17,38,1189,Grocery,East,0,1,Cloudy,13.7,89.1,255.54,11.32,446,1107.73,1209.3,6,387,159
2023-09-18,41,1047,Toys,South,1,0,Sunny,17.7,83.43,287.39,8.54,531,1504.78,1613.45,29,64,0
2023-09-19,24,1181,Sports,West,0,0,Rainy,37.4,117.63,181.78,7.22,809,1038.73,975.19,11,333,53
2023-09-20,38,1021,Electronics,North,0,0,Cloudy,33.7,104.23,266.06,3.55,682,1924.15,1785.58,14,163,21
2023-09-21,34,1099,Clothing,South,0,1,Cloudy,33.8,90.73,292.71,10.18,949,1593.78,1725.69,40,68,1
2023-09-22,28,1061,Beauty,North,1,0,Sunny,20.4,109.78,244.76,7.09,660,1694.48,1549.54,45,396,77
2023-09-23,13,1127,Furniture,East,0,0,Cloudy,17.8,83.63,187.44,5.46,154,82.09,81.22,41,40,17
2023-09-24,6,1192,Sports,East,1,0,Sunny,27.4,100.92,184.95,9.97,376,1416.78,1416.09,24,349,60
2023-09-25,43,1045,Grocery,South,0,0,Cloudy,37.7,113.02,199.5,4.72,582,1229.08,1128.08,44,40,6
2023-09-26,20,1147,Beauty,North,1,1,Rainy,11.1,118.41,285.33,4.24,944,1342.52,1324.32,48,384,174
2023-09-27,48,1096,Toys,South,0,0,Rainy,27.7,89.82,199.43,10.31,634,910.09,895.11,38,60,0
2023-09-28,30,1082,Clothing,East,0,0,Sunny,11.0,84.33,261.14,3.62,253,110.2,100.95,47,190,1
2023-09-29,39,1190,Electronics,North,1,1,Sunny,19.0,111.71,266.56,4.24,609,1343.01,1226.91,21,397,168
2023-09-30,25,1032,Grocery,East,1,1,Rainy,15.9,80.65,203.42,7.58,364,899.19,930.9,7,446,204
2023-10-01,6,1045,Toys,East,0,1,Cloudy,11.3,85.76,196.47,10.79,721,268.9,293.63,49,450,153
2023-10-02,32,1091,Electronics,South,1,0,Sunny,26.6,97.78,221.94,8.55,737,740.26,692.97,29,202,6
2023-10-03,43,1119,Toys,South,0,0,Cloudy,32.1,101.08,226.35,10.99,229,1427.23,1326.86,20,480,75
2023-10-04,28,1176,Toys,South,1,0,Sunny,11.8,92.58,276.44,9.99,385,1654.24,1691.09,20,55,0
2023-10-05,49,1185,Grocery,West,0,0,Cloudy,34.0,115.81,220.69,4.69,333,369.06,367.91,5,335,51
2023-10-06,39,1134,Toys,South,0,1,Sunny,14.6,85.29,197.05,11.92,283,1489.93,1383.39,43,49,10
2023-10-07,10,1187,Grocery,North,0,1,Sunny,30.1,117.37,276.18,7.22,176,488.54,454.08,34,347,125
2023-10-08,18,1069,Clothing,East,0,1,Sunny,15.9,113.25,284.42,8.69,571,923.6,897.31,16,427,167
2023-10-09,23,1120,Sports,South,1,0,Cloudy,29.5,90.15,253.9,3.47,605,1418.99,1424.38,10,427,81
2023-10-10,13,1051,Beauty,South,0,1,Sunny,37.2,86.7,284.45,4.65,822,470.9,438.13,3,63,8
2023-10-11,49,1097,Grocery,West,1,1,Rainy,11.6,100.58,234.93,6.97,686,222.63,203.21,41,426,178
2023-10-12,50,1142,Clothing,West,0,1,Sunny,15.5,111.95,238.57,11.01,221,67.95,72.7,3,447,177
2023-10-13,43,1042,Beauty,East,1,0,Rainy,29.5,83.18,294.36,10.18,493,1301.87,1233.05,2,133,18
2023-10-14,36,1183,Toys,East,1,1,Sunny,29.7,96.65,272.29,4.93,853,784.52,828.43,27,119,38
2023-10-15,38,1155,Electronics,West,1,0,Sunny,16.6,84.05,234.89,5.98,920,1077.98,973.72,15,189,43
2023-10-16,9,1027,Furniture,South,0,1,Rainy,14.0,86.31,275.19,11.58,560,1461.23,1406.41,17,263,123
2023-10-17,18,1022,Toys,North,0,0,Cloudy,33.6,95.04,244.98,6.62,72,1992.55,1865.41,13,233,44
2023-10-18,47,1019,Beauty,South,0,1,Cloudy,23.6,111.95,225.58,10.55,495,193.61,175.42,37,460,185
2023-10-19,13,1168,Sports,South,0,1,Cloudy,21.9,87.21,282.0,4.92,415,1227.38,1210.17,9,303,122
2023-10-20,21,1145,Sports,North,1,0,Rainy,26.3,86.03,183.21,3.83,944,71.83,76.16,27,241,31
2023-10-21,35,1011,Sports,South,1,0,Sunny,24.7,103.81,273.13,7.05,721,1871.96,2021.21,49,400,67
2023-10-22,14,1019,Sports,East,0,1,Rainy,24.2,105.68,220.37,6.64,367,1104.52,1098.14,14,355,142
2023-10-23,20,1059,Grocery,West,0,0,Rainy,32.6,110.34,197.64,4.94,610,1246.72,1352.98,6,60,17
2023-10-24,37,1183,Furniture,West,0,0,Sunny,35.8,89.53,223.7,6.86,532,1102.38,1157.25,2,213,10
2023-10-25,43,1043,Grocery,East,0,0,Cloudy,15.2,118.32,250.74,6.28,315,1182.82,1069.13,4,399,59
2023-10-26,2,1058,Toys,North,0,0,Sunny,38.7,102.53,287.52,8.69,316,836.7,787.99,3,106,8
2023-10-27,37,1149,Clothing,South,1,1,Sunny,37.3,89.1,252.81,9.99,258,345.47,325.3,38,464,194
2023-10-28,44,1197,Electronics,West,1,0,Sunny,32.5,83.66,226.21,8.14,394,292.19,276.79,0,139,21
2023-10-29,37,1036,Sports,North,0,0,Sunny,29.6,88.19,293.43,4.35,575,1168.74,1130.1,6,303,38
2023-10-30,43,1192,Grocery,East,0,0,Rainy,37.8,118.58,220.71,9.39,312,1420.07,1361.56,44,361,35
2023-10-31,49,1093,Clothing,West,0,0,Sunny,22.0,94.04,218.13,4.12,369,982.14,932.2,29,322,59
2023-11-01,31,1095,Furniture,East,0,0,Rainy,16.1,86.17,250.07,8.38,408,156.8,168.03,11,50,1
2023-11-02,6,1040,Electronics,West,0,1,Sunny,24.2,96.84,222.0,11.52,591,599.83,562.53,29,499,186
2023-11-03,9,1065,Electronics,West,1,0,Cloudy,35.0,97.65,199.52,6.71,577,244.11,243.17,7,356,64
2023-11-04,42,1186,Sports,West,1,0,Rainy,19.5,82.91,235.24,10.3,522,1043.29,1002.88,8,207,41
2023-11-05,8,1012,Sports,North,1,1,Cloudy,25.1,99.32,233.37,3.6,423,1761.1,1873.25,16,360,129
2023-11-06,22,1056,Electronics,West,0,1,Cloudy,24.4,97.24,225.57,8.13,630,1461.94,1418.39,21,421,163
2023-11-07,19,1016,Grocery,South,0,1,Sunny,18.7,93.3,275.11,11.49,840,841.59,871.51,0,103,28
2023-11-08,27,1026,Sports,East,1,1,Rainy,21.1,82.95,193.47,9.6,806,719.35,759.56,23,283,115
2023-11-09,14,1147,Sports,South,0,1,Rainy,10.5,116.2,256.64,5.76,941,319.4,326.21,25,244,103
2023-11-10,33,1084,Clothing,East,1,0,Cloudy,22.3,110.23,295.81,8.25,508,646.12,679.94,30,316,83
2023-11-11,1,1178,Toys,West,1,0,Cloudy,32.7,106.85,266.68,5.43,615,241.59,245.5,7,400,67
2023-11-12,26,1191,Sports,South,1,0,Rainy,32.7,108.69,220.39,11.9,722,222.64,241.16,33,235,48
2023-11-13,10,1183,Furniture,East,1,1,Cloudy,38.2,82.13,290.2,9.4,906,899.27,891.27,26,73,19
2023-11-14,41,1164,Electronics,South,0,0,Cloudy,17.1,81.81,185.97,11.56,835,1546.85,1478.28,2,59,9
2023-11-15,49,1111,Grocery,East,1,1,Sunny,39.6,81.07,183.81,7.21,918,303.5,300.97,19,96,40
2023-11-16,23,1103,Toys,West,0,1,Cloudy,26.1,102.46,277.19,11.36,49,827.01,838.31,11,369,137
2023-11-17,33,1074,Furniture,South,1,1,Rainy,21.5,113.03,197.4,3.01,895,1354.09,1249.79,28,433,177
2023-11-18,45,1001,Electronics,North,0,0,Rainy,39.1,104.0,288.79,8.23,677,135.17,124.01,23,286,45
2023-11-19,19,1133,Toys,South,1,0,Sunny,33.0,82.29,258.11,8.89,994,961.11,927.87,48,279,53
2023-11-20,18,1028,Furniture,East,0,1,Rainy,36.9,119.41,284.46,5.07,570,712.6,688.21,8,308,112
2023-11-21,30,1068,Sports,South,1,1,Rainy,24.0,105.77,284.57,4.56,212,1702.1,1771.94,35,96,18
2023-11-22,34,1188,Beauty,North,1,0,Rainy,29.1,92.37,198.87,3.49,944,1871.44,1906.45,46,273,35
2023-11-23,30,1091,Sports,North,1,0,Cloudy,14.3,98.28,227.78,10.12,673,1146.74,1214.62,12,83,19
2023-11-24,3,1157,Sports,West,0,1,Sunny,22.0,101.21,247.63,7.44,310,277.19,278.1,14,187,75
2023-11-25,28,1065,Grocery,South,0,1,Rainy,15.3,110.86,253.96,6.92,807,646.92,670.5,5,407,176
2023-11-26,29,1082,Sports,West,0,1,Cloudy,33.5,96.66,208.42,7.88,107,374.67,339.85,30,385,145
2023-11-27,50,1173,Toys,South,1,0,Cloudy,37.4,106.77,265.55,7.58,503,1588.25,1457.19,3,221,37
2023-11-28,41,1074,Electronics,South,1,0,Cloudy,30.5,98.03,184.52,8.57,319,853.08,936.89,8,162,10
2023-11-29,34,1060,Clothing,South,0,0,Rainy,21.1,119.06,217.17,5.1,326,1423.84,1526.9,38,388,55
2023-11-30,10,1071,Electronics,North,0,1,Cloudy,35.0,102.37,231.98,10.77,289,869.46,938.49,18,286,103
2023-12-01,1,1180,Toys,East,0,0,Cloudy,37.7,92.05,237.7,8.72,931,419.63,396.48,10,353,39
2023-12-02,21,1153,Toys,East,1,0,Sunny,38.6,91.04,287.21,3.29,554,1464.33,1576.47,17,405,65
2023-12-03,4,1004,Beauty,North,1,1,Cloudy,18.5,107.9,279.66,8.16,92,1907.67,1774.45,42,75,25
2023-12-04,28,1176,Sports,South,0,0,Cloudy,20.4,109.56,213.69,10.87,744,1188.37,1070.76,44,397,48
2023-12-05,15,1149,Sports,West,0,1,Cloudy,35.4,110.64,294.89,8.5,197,233.88,250.39,50,188,47
2023-12-06,7,1153,Sports,West,1,0,Rainy,36.0,99.38,187.32,7.8,235,760.08,821.73,37,429,82
2023-12-07,19,1070,Furniture,South,1,0,Sunny,30.9,84.84,195.93,7.95,436,1273.96,1238.73,20,22,0
2023-12-08,3,1027,Toys,East,0,0,Rainy,28.9,101.7,233.42,6.6,926,591.04,546.15,6,452,65
2023-12-09,15,1100,Beauty,North,0,1,Sunny,16.1,117.1,183.13,11.63,501,1313.86,1320.99,29,22,0
2023-12-10,28,1012,Grocery,East,0,0,Cloudy,22.1,118.58,263.1,9.92,582,1957.8,1941.96,50,211,13
2023-12-11,22,1041,Toys,North,0,0,Rainy,14.1,103.9,188.04,8.4,460,987.36,896.87,12,92,22
2023-12-12,36,1034,Beauty,East,0,0,Cloudy,18.9,110.97,185.67,10.64,67,653.72,640.79,2,26,2
2023-12-13,16,1167,Toys,North,1,0,Rainy,10.8,85.66,190.98,4.69,287,429.5,467.67,19,451,63
2023-12-14,27,1130,Toys,West,0,1,Sunny,38.7,90.17,185.16,4.25,308,894.48,980.63,39,328,109
2023-12-15,38,1126,Toys,West,1,0,Sunny,20.1,106.44,183.75,7.35,542,306.21,299.39,33,140,43
2023-12-16,13,1055,Toys,North,1,0,Cloudy,30.5,99.21,237.58,9.42,51,318.87,318.56,35,413,71
2023-12-17,38,1196,Sports,South,0,0,Sunny,33.7,83.17,261.0,8.26,489,1758.08,1797.15,50,68,0
2023-12-18,41,1090,Sports,East,0,0,Rainy,13.2,115.45,215.93,6.4,322,1669.91,1683.93,40,240,26
2023-12-19,32,1027,Sports,East,1,0,Rainy,38.0,89.07,259.31,10.92,401,227.33,243.24,26,79,1
2023-12-20,18,1198,Electronics,East,0,1,Rainy,23.5,105.49,280.75,5.04,990,1443.99,1357.82,6,165,54
2023-12-21,14,1075,Sports,East,1,1,Cloudy,32.1,95.32,189.19,11.63,368,415.79,405.2,30,135,43
2023-12-22,14,1066,Electronics,West,0,1,Rainy,15.0,82.03,237.82,8.44,891,124.24,130.79,8,264,78
2023-12-23,21,1094,Sports,South,1,0,Rainy,17.8,111.08,219.88,10.17,104,1466.24,1571.12,49,147,9
2023-12-24,17,1154,Grocery,East,1,1,Sunny,21.2,96.98,229.36,8.12,101,1667.34,1696.28,8,194,88
2023-12-25,4,1067,Furniture,North,1,0,Rainy,12.3,87.31,284.87,11.22,834,1930.78,1927.53,5,298,54
2023-12-26,47,1004,Furniture,North,1,1,Cloudy,12.5,83.85,193.73,4.16,614,1134.83,1138.85,16,233,106
2023-12-27,41,1098,Beauty,South,1,0,Cloudy,21.4,85.35,270.48,4.71,853,1787.1,1863.28,4,314,66
2023-12-28,39,1195,Grocery,North,0,1,Cloudy,20.4,100.82,196.98,8.05,899,1588.13,1431.36,17,217,86
2023-12-29,15,1078,Toys,North,1,1,Rainy,27.5,106.53,291.68,3.79,467,1372.54,1443.17,43,322,126
2023-12-30,49,1146,Electronics,South,0,0,Sunny,16.0,105.1,246.55,4.57,490,474.65,519.29,12,355,43
2023-12-31,25,1087,Furniture,West,1,1,Cloudy,21.5,110.87,201.6,8.33,970,687.84,733.06,9,103,23
2024-01-01,1,1165,Clothing,East,1,1,Cloudy,36.7,98.0,193.41,6.76,167,1357.59,1451.33,39,474,208
2024-01-02,36,1129,Sports,East,1,0,Rainy,39.8,94.3,282.01,11.48,625,172.81,165.23,7,215,19
2024-01-03,2,1089,Grocery,East,1,0,Cloudy,30.2,104.2,268.56,11.54,366,73.05,66.34,13,278,48
2024-01-04,40,1037,Clothing,East,0,0,Cloudy,34.9,117.31,284.05,5.31,187,209.45,211.92,19,121,5
2024-01-05,11,1054,Sports,North,1,1,Cloudy,23.9,113.97,275.24,4.69,831,1342.78,1379.61,7,48,1
2024-01-06,43,1120,Sports,East,0,0,Cloudy,29.3,116.23,202.82,8.94,615,941.98,878.5,3,174,33
2024-01-07,19,1107,Beauty,East,0,0,Rainy,13.3,92.44,251.14,11.91,514,550.98,550.3,1,476,64
2024-01-08,5,1180,Toys,West,0,0,Cloudy,34.4,100.01,280.34,5.99,486,1147.71,1151.29,25,242,21
2024-01-09,17,1133,Toys,East,0,0,Sunny,18.5,102.05,231.32,9.2,231,98.0,104.64,3,490,77
2024-01-10,43,1002,Electronics,East,0,1,Rainy,34.7,97.46,203.92,4.69,832,405.92,406.29,31,217,91
2024-01-11,9,1197,Toys,East,1,0,Rainy,13.8,89.23,207.75,3.17,193,1820.61,1949.02,38,31,1
2024-01-12,46,1143,Toys,West,1,1,Rainy,25.9,99.52,292.66,8.34,296,1579.17,1513.2,15,158,73
2024-01-13,15,1090,Furniture,East,1,0,Sunny,39.0,115.73,220.94,7.41,357,1443.54,1486.66,20,202,47
2024-01-14,10,1136,Toys,North,0,0,Rainy,31.2,103.27,277.49,11.52,423,1728.37,1773.11,45,459,62
2024-01-15,41,1052,Electronics,West,1,0,Rainy,33.9,116.9,235.06,8.83,412,792.35,801.98,49,37,0
2024-01-16,49,1005,Grocery,West,0,0,Sunny,24.0,110.61,270.46,11.88,157,1939.42,1866.74,21,260,28
2024-01-17,24,1034,Grocery,East,0,0,Cloudy,12.5,104.08,291.41,3.54,313,460.3,489.45,39,424,48
2024-01-18,29,1118,Sports,East,1,1,Cloudy,39.9,91.47,251.26,9.0,966,1653.8,1502.95,22,39,13
2024-01-19,12,1124,Beauty,South,1,0,Sunny,28.2,84.06,231.53,9.82,750,1492.28,1481.23,50,35,4
2024-01-20,34,1102,Furniture,East,1,0,Cloudy,31.3,82.2,246.79,8.31,936,954.12,1017.7,6,384,62
2024-01-21,23,1173,Grocery,West,1,0,Cloudy,15.9,105.35,217.3,3.87,620,1705.81,1685.96,39,365,63
2024-01-22,39,1027,Sports,West,1,0,Rainy,12.3,99.23,296.03,3.92,714,1932.99,2067.37,6,31,2
2024-01-23,23,1090,Beauty,South,1,1,Rainy,31.3,85.73,267.81,3.57,399,1788.43,1861.04,42,276,105
2024-01-24,45,1138,Grocery,East,1,1,Cloudy,29.5,104.32,212.58,6.12,792,804.25,819.17,43,388,160
2024-01-25,28,1141,Clothing,West,1,0,Rainy,30.9,103.05,228.21,4.49,815,534.73,513.98,24,460,82
2024-01-26,42,1019,Sports,West,0,1,Rainy,12.5,114.3,257.39,3.54,517,1092.03,1039.26,7,297,110
2024-01-27,18,1121,Electronics,West,0,1,Cloudy,17.5,99.46,244.63,9.79,590,364.32,356.33,34,247,83
2024-01-28,6,1162,Furniture,East,1,0,Sunny,12.6,99.39,261.61,4.92,357,1676.9,1552.09,34,64,0
2024-01-29,18,1050,Furniture,North,0,0,Cloudy,19.8,84.71,226.41,8.44,939,1418.37,1373.09,43,102,20
2024-01-30,35,1087,Sports,North,0,0,Cloudy,38.3,116.29,242.01,3.75,529,1261.45,1344.23,6,421,77
2024-01-31,21,1156,Sports,West,0,1,Cloudy,32.2,91.56,294.52,3.48,752,1276.36,1268.77,18,53,30
2024-02-01,26,1126,Electronics,South,0,0,Sunny,31.2,104.13,295.77,7.49,419,1085.79,1081.81,39,330,31
2024-02-02,18,1051,Beauty,West,0,1,Cloudy,29.2,107.69,205.4,9.68,957,706.12,664.14,46,207,69
2024-02-03,27,1062,Furniture,North,0,1,Sunny,16.1,93.68,230.06,3.68,218,1289.31,1331.87,34,190,73
2024-02-04,37,1096,Beauty,South,1,0,Sunny,39.3,118.56,272.16,7.05,153,1653.67,1527.75,29,74,15
2024-02-05,25,1170,Grocery,East,1,1,Cloudy,18.0,89.22,248.06,9.34,502,615.51,580.48,14,82,34
2024-02-06,44,1067,Furniture,South,1,0,Rainy,33.4,115.91,195.79,11.77,142,1851.41,1976.63,5,44,2
2024-02-07,15,1131,Grocery,South,0,0,Sunny,14.7,118.77,288.54,7.21,279,1676.26,1622.47,31,440,81
2024-02-08,43,1155,Furniture,West,0,1,Sunny,25.3,88.09,232.27,4.97,543,1107.67,1052.1,14,38,6
2024-02-09,28,1108,Furniture,North,0,0,Cloudy,24.6,96.4,247.72,10.9,871,487.1,493.13,48,387,29
2024-02-10,17,1171,Clothing,East,0,1,Sunny,29.0,94.46,245.93,9.02,121,858.85,789.12,36,285,110
2024-02-11,31,1179,Electronics,North,0,1,Cloudy,38.2,85.93,195.28,8.84,376,1214.56,1235.79,30,96,36
2024-02-12,46,1089,Furniture,South,0,1,Sunny,21.2,100.39,262.06,7.63,683,1910.42,1769.09,4,484,198
2024-02-13,10,1169,Clothing,North,0,0,Cloudy,13.4,80.89,259.75,10.54,276,1256.27,1317.97,38,294,28
2024-02-14,13,1028,Sports,South,1,1,Cloudy,26.6,103.5,208.85,10.07,534,1229.7,1208.94,21,314,135
2024-02-15,19,1096,Sports,East,1,0,Sunny,38.5,111.23,235.39,7.25,871,738.67,810.14,36,395,77
2024-02-16,47,1120,Clothing,East,1,0,Rainy,18.0,90.04,196.65,6.63,696,58.58,59.27,49,61,0
2024-02-17,2,1021,Sports,South,0,0,Sunny,31.8,109.75,189.93,7.0,446,1323.26,1255.45,24,220,3
2024-02-18,1,1086,Electronics,North,0,0,Cloudy,25.9,86.53,201.24,6.2,593,728.4,681.91,1,489,55
2024-02-19,49,1034,Beauty,North,0,1,Sunny,26.6,89.98,242.26,4.23,772,707.33,732.1,50,352,138
2024-02-20,27,1123,Toys,West,0,0,Sunny,38.1,113.38,222.49,7.67,555,1372.49,1344.28,3,48,5
2024-02-21,1,1005,Clothing,West,0,1,Sunny,31.3,114.7,191.37,6.05,487,867.02,807.85,47,429,156
2024-02-22,13,1082,Furniture,North,0,0,Rainy,19.6,102.54,251.86,10.91,75,837.54,870.27,6,199,21
2024-02-23,9,1115,Electronics,North,0,1,Rainy,10.0,84.57,292.16,11.34,454,1298.34,1289.87,26,156,63
2024-02-24,48,1082,Clothing,West,1,1,Sunny,27.5,112.41,196.49,5.69,573,1549.96,1441.78,7,394,185
2024-02-25,43,1061,Sports,South,1,0,Rainy,22.1,107.23,250.38,4.17,509,51.54,53.24,49,488,84
2024-02-26,26,1027,Grocery,North,0,0,Sunny,35.2,117.78,296.45,4.37,863,1686.17,1607.03,33,44,6
2024-02-27,10,1043,Beauty,South,1,1,Rainy,23.6,110.35,194.75,4.14,316,80.82,76.72,16,115,44
2024-02-28,48,1132,Grocery,South,1,0,Sunny,20.6,106.21,200.52,9.7,180,547.52,588.93,47,495,72
2024-02-29,24,1043,Toys,East,0,0,Rainy,18.5,112.07,264.95,4.92,113,196.08,200.67,16,266,54
2024-03-01,5,1127,Beauty,South,0,1,Sunny,34.4,119.61,265.6,8.32,37,1816.31,1877.33,44,456,173
2024-03-02,45,1164,Electronics,West,1,0,Sunny,24.8,100.23,221.49,7.15,195,473.73,508.79,2,58,0
2024-03-03,15,1009,Grocery,North,0,0,Rainy,22.1,86.81,232.48,11.15,621,775.49,846.0,33,338,51
2024-03-04,19,1132,Grocery,South,1,1,Cloudy,39.0,90.83,195.03,6.79,48,708.41,695.93,41,132,50
2024-03-05,34,1039,Grocery,South,0,1,Rainy,24.9,89.24,269.14,9.76,677,1872.64,2051.5,13,182,48
2024-03-06,45,1067,Furniture,North,1,1,Cloudy,35.3,99.0,254.67,8.0,685,1116.97,1090.5,32,355,138
2024-03-07,39,1100,Sports,East,0,1,Rainy,21.7,115.34,205.18,6.53,198,490.97,494.33,17,58,29
2024-03-08,50,1012,Sports,North,1,1,Cloudy,35.0,117.5,212.83,11.05,398,859.73,845.71,13,181,71
2024-03-09,13,1174,Toys,North,0,1,Rainy,21.2,118.14,190.37,8.32,932,837.62,779.05,39,196,69
2024-03-10,8,1072,Sports,West,1,1,Rainy,37.5,106.09,297.35,7.2,992,1804.86,1941.03,6,337,178
2024-03-11,12,1072,Clothing,West,0,1,Cloudy,36.0,97.04,265.64,7.49,610,950.87,956.64,38,337,107
2024-03-12,23,1141,Grocery,West,0,1,Cloudy,16.1,110.27,298.29,7.62,948,1532.54,1399.56,6,299,121
2024-03-13,24,1009,Furniture,North,1,1,Sunny,17.6,115.44,279.9,3.21,742,122.55,131.2,33,307,120
2024-03-14,12,1080,Furniture,South,0,0,Cloudy,36.6,101.29,204.62,3.19,822,1840.56,1869.64,39,62,0
2024-03-15,44,1047,Sports,South,0,1,Rainy,35.6,86.48,239.58,7.2,53,745.54,769.63,3,488,198
2024-03-16,14,1120,Electronics,North,1,0,Rainy,36.9,98.91,228.96,5.84,624,65.18,70.01,12,156,28
2024-03-17,23,1113,Clothing,East,1,0,Sunny,13.2,107.0,248.35,5.26,389,729.77,705.59,26,89,0
2024-03-18,14,1045,Beauty,North,1,0,Rainy,30.8,107.03,298.41,3.93,551,1311.87,1248.19,45,196,24
2024-03-19,5,1128,Electronics,South,1,0,Rainy,37.7,82.21,298.68,4.2,283,750.3,726.31,18,242,39
2024-03-20,37,1192,Furniture,South,1,0,Rainy,14.3,92.33,205.34,8.56,122,1487.37,1446.72,31,102,13
2024-03-21,26,1018,Sports,South,1,1,Rainy,39.6,93.93,272.38,3.83,783,471.96,437.43,18,88,46
2024-03-22,44,1060,Toys,South,0,0,Rainy,22.3,102.13,231.81,10.39,754,1598.59,1502.08,45,228,15
2024-03-23,34,1121,Clothing,South,1,1,Sunny,24.4,89.82,224.39,8.73,996,1730.23,1579.25,32,20,0
2024-03-24,33,1197,Clothing,East,1,1,Cloudy,21.5,86.47,207.04,7.19,288,1123.85,1102.82,20,361,159
2024-03-25,8,1105,Beauty,South,0,1,Rainy,29.9,105.54,282.63,6.66,104,569.42,532.03,25,327,118
2024-03-26,48,1157,Clothing,South,1,1,Cloudy,26.2,117.48,198.5,3.49,777,1384.01,1412.6,17,341,155
2024-03-27,11,1150,Clothing,East,1,0,Sunny,17.7,102.04,278.63,8.47,216,1999.29,2144.72,37,430,46
2024-03-28,12,1103,Sports,East,0,0,Sunny,23.6,111.23,254.31,6.22,678,1041.16,1107.07,30,130,13
2024-03-29,7,1028,Grocery,North,1,0,Cloudy,24.0,109.76,290.76,3.28,94,76.35,77.87,29,76,2
2024-03-30,35,1036,Grocery,North,1,1,Rainy,32.4,93.77,295.49,6.3,898,1525.63,1455.02,4,383,181
2024-03-31,17,1127,Electronics,East,0,0,Rainy,24.8,112.13,253.5,9.83,457,1441.02,1395.13,25,275,44
2024-04-01,28,1021,Clothing,West,0,0,Rainy,33.3,95.22,267.38,6.41,235,1264.55,1166.52,39,304,36
2024-04-02,45,1140,Grocery,West,0,1,Sunny,23.7,109.63,237.66,3.86,66,1442.36,1519.79,0,153,45
2024-04-03,30,1065,Sports,East,0,1,Sunny,25.7,114.8,275.12,5.14,22,1616.04,1685.79,31,82,29
2024-04-04,45,1082,Beauty,North,0,1,Sunny,25.8,93.29,221.55,8.45,466,1746.32,1818.16,17,259,95
2024-04-05,8,1001,Furniture,South,0,1,Cloudy,20.1,84.76,234.46,5.96,280,1326.66,1292.61,0,105,29
2024-04-06,12,1177,Sports,South,0,1,Rainy,21.4,86.33,254.54,7.69,621,415.4,397.19,35,27,0
2024-04-07,13,1026,Sports,North,1,1,Sunny,23.3,102.89,201.35,11.71,341,1160.15,1094.47,40,340,142
2024-04-08,33,1137,Beauty,East,0,0,Cloudy,26.7,95.75,234.51,10.11,927,906.03,908.95,20,435,48
2024-04-09,2,1171,Toys,North,1,1,Sunny,37.7,110.16,244.73,7.93,35,759.73,756.33,4,242,111
2024-04-10,12,1165,Sports,South,0,0,Cloudy,21.6,90.71,205.07,3.19,941,1548.47,1422.4,32,45,11
2024-04-11,46,1176,Sports,South,1,1,Sunny,16.1,81.44,256.28,11.23,434,1320.14,1360.57,31,193,96
2024-04-12,46,1034,Grocery,North,1,0,Sunny,22.1,115.68,209.05,9.78,161,303.87,306.5,27,22,9
2024-04-13,49,1033,Grocery,South,1,1,Cloudy,28.8,90.56,296.24,11.51,846,548.52,569.73,37,200,81
2024-04-14,17,1162,Sports,West,1,1,Sunny,14.2,94.46,240.63,11.96,942,378.67,378.04,49,428,182
2024-04-15,23,1199,Beauty,North,0,0,Cloudy,27.8,89.65,238.19,5.07,857,1152.19,1219.67,10,309,48
2024-04-16,20,1016,Beauty,South,0,1,Cloudy,10.9,84.84,276.43,9.75,813,531.71,577.2,21,416,145
2024-04-17,2,1102,Sports,West,1,1,Rainy,11.4,112.19,250.62,5.18,692,1666.93,1817.12,1,191,80
2024-04-18,50,1060,Beauty,South,1,0,Sunny,19.6,96.95,229.39,8.68,491,1138.83,1067.19,4,409,81
2024-04-19,48,1098,Toys,East,1,1,Rainy,19.8,86.23,272.66,4.76,195,54.01,53.9,47,124,46
2024-04-20,45,1148,Beauty,East,0,0,Cloudy,11.0,99.66,201.42,10.51,502,1017.79,939.47,5,49,5
2024-04-21,7,1110,Clothing,West,0,0,Cloudy,29.7,85.56,279.28,9.07,646,378.02,350.77,25,200,16
2024-04-22,49,1094,Grocery,South,0,1,Rainy,24.8,88.25,255.62,4.47,199,1157.2,1230.99,35,168,47
2024-04-23,35,1087,Beauty,North,0,0,Rainy,10.9,100.64,242.28,8.81,152,1553.29,1433.85,18,332,43
2024-04-24,10,1114,Beauty,North,0,0,Rainy,15.3,92.18,286.53,10.07,228,1942.28,1942.09,11,238,38
2024-04-25,36,1034,Beauty,North,1,1,Rainy,24.6,106.2,249.6,4.2,30,197.81,188.33,19,456,195
2024-04-26,42,1091,Clothing,East,0,1,Sunny,26.0,81.09,264.24,4.71,341,352.3,334.93,38,445,176
2024-04-27,13,1176,Sports,West,0,1,Cloudy,28.0,83.95,281.49,8.91,989,286.33,268.77,0,190,69
2024-04-28,32,1068,Beauty,East,0,1,Cloudy,15.4,105.15,227.66,5.58,983,431.15,404.52,37,125,37
2024-04-29,37,1002,Beauty,North,1,1,Sunny,10.7,102.39,185.16,3.71,393,938.61,938.04,34,106,44
2024-04-30,30,1186,Beauty,South,0,0,Rainy,21.5,85.0,229.42,7.24,371,1506.97,1468.52,12,170,27
2024-05-01,13,1081,Grocery,East,1,1,Sunny,14.2,96.96,189.79,5.18,301,1463.82,1415.64,50,479,207
2024-05-02,19,1066,Toys,South,1,0,Sunny,11.3,100.5,203.54,8.09,562,933.33,947.35,35,39,0
2024-05-03,17,1017,Sports,West,1,1,Rainy,16.0,119.03,281.39,10.58,327,1957.61,2138.57,35,48,6
2024-05-04,43,1036,Clothing,South,0,1,Sunny,15.6,114.6,193.21,6.2,795,1214.86,1186.44,26,34,0
2024-05-05,19,1001,Sports,South,1,1,Cloudy,34.7,119.88,237.85,3.76,984,629.67,601.32,20,87,25
2024-05-06,5,1085,Grocery,South,1,0,Sunny,39.4,81.29,200.85,4.13,470,1347.18,1266.52,36,373,63
2024-05-07,49,1084,Beauty,West,1,1,Rainy,36.0,108.6,282.86,5.78,242,835.62,786.83,11,432,190
2024-05-08,10,1177,Beauty,East,1,1,Rainy,25.4,108.47,239.99,8.91,776,488.32,451.78,25,208,87
2024-05-09,31,1021,Electronics,East,0,1,Sunny,34.7,109.95,262.62,11.87,497,1054.96,981.41,20,317,109
2024-05-10,20,1059,Furniture,South,0,0,Rainy,36.8,83.91,288.52,3.67,282,413.3,376.71,48,306,34
2024-05-11,5,1143,Grocery,West,0,1,Sunny,32.4,114.38,266.51,6.6,221,1877.45,2039.5,50,83,4
2024-05-12,12,1064,Furniture,West,0,1,Sunny,23.1,103.18,252.97,9.51,584,926.95,840.97,6,474,191
2024-05-13,30,1188,Clothing,East,0,0,Sunny,14.6,83.71,236.84,5.78,177,1042.62,968.78,4,226,39
2024-05-14,15,1091,Sports,North,0,0,Cloudy,12.2,80.63,293.44,8.67,377,167.65,156.99,15,304,38
2024-05-15,5,1043,Sports,North,1,1,Rainy,28.8,97.5,293.18,6.19,866,1285.51,1315.77,44,223,83
2024-05-16,17,1091,Clothing,South,0,0,Cloudy,31.4,92.58,249.59,5.66,291,1067.74,1011.36,34,267,20
2024-05-17,5,1132,Grocery,South,1,0,Rainy,29.8,116.96,264.35,10.96,68,1950.48,1983.39,19,438,89
2024-05-18,45,1123,Furniture,North,0,0,Rainy,36.0,86.2,237.91,4.92,100,1495.2,1602.85,8,476,64
2024-05-19,18,1056,Clothing,North,1,0,Rainy,26.3,89.29,262.04,10.94,222,210.0,204.35,10,163,24
2024-05-20,30,1058,Furniture,South,1,1,Rainy,15.9,97.5,246.11,6.27,751,793.87,821.16,2,296,127
2024-05-21,4,1100,Grocery,East,0,1,Cloudy,24.2,104.2,232.67,6.39,371,1302.42,1299.79,9,87,11
2024-05-22,33,1042,Clothing,North,0,1,Rainy,38.3,118.34,207.26,10.45,806,915.72,875.62,9,39,3
2024-05-23,4,1156,Grocery,West,1,0,Cloudy,10.2,118.03,237.9,8.97,489,184.44,185.32,21,291,45
2024-05-24,46,1043,Grocery,West,0,1,Rainy,14.3,93.4,250.85,6.79,336,423.4,432.95,26,256,109
2024-05-25,4,1157,Beauty,West,0,0,Cloudy,27.2,106.74,271.63,10.67,174,1620.51,1488.31,1,76,8
2024-05-26,6,1060,Beauty,North,1,0,Sunny,22.5,93.6,196.56,11.31,273,622.57,564.23,45,294,44
2024-05-27,37,1008,Grocery,North,1,1,Sunny,11.8,91.29,215.95,4.17,691,1489.79,1382.52,27,355,150
2024-05-28,8,1121,Grocery,South,0,1,Rainy,13.6,117.92,263.85,9.31,866,1293.66,1397.85,41,500,200
2024-05-29,41,1131,Beauty,West,0,1,Cloudy,19.8,93.89,203.88,8.08,584,1995.02,1855.83,50,429,146
2024-05-30,28,1149,Furniture,North,1,1,Cloudy,24.9,93.76,294.02,10.54,765,280.97,281.85,47,425,186
2024-05-31,32,1102,Grocery,West,1,1,Cloudy,23.4,104.42,228.75,4.05,838,205.93,218.3,11,378,176
2024-06-01,42,1063,Beauty,North,0,0,Cloudy,33.3,99.5,267.65,5.65,171,416.15,381.39,6,122,11
2024-06-02,17,1170,Grocery,West,1,1,Rainy,22.3,99.61,225.02,5.87,846,635.28,579.53,38,293,112
2024-06-03,19,1089,Beauty,North,1,0,Rainy,15.9,119.18,297.82,5.76,758,1913.73,1749.77,10,364,75
2024-06-04,1,1151,Sports,North,0,1,Rainy,18.6,114.4,205.16,9.29,653,489.19,459.7,20,282,107
2024-06-05,28,1134,Clothing,South,0,0,Rainy,37.7,85.59,272.03,6.61,726,581.11,639.2,2,115,8
2024-06-06,5,1174,Furniture,West,0,0,Rainy,36.7,88.09,299.66,9.3,715,882.44,951.16,37,274,32
2024-06-07,2,1154,Toys,South,0,0,Cloudy,28.1,102.89,240.93,9.55,907,1276.74,1165.1,45,164,0
2024-06-08,40,1027,Clothing,East,1,0,Rainy,15.7,91.93,181.14,7.87,949,1339.52,1230.88,37,180,35
2024-06-09,7,1061,Furniture,West,1,0,Rainy,15.5,94.07,253.61,3.74,919,746.25,809.54,45,214,41
2024-06-10,35,1089,Toys,West,1,0,Sunny,13.4,90.71,224.8,9.83,981,475.64,494.08,45,371,85
2024-06-11,32,1123,Electronics,South,1,1,Sunny,23.0,92.91,225.03,8.6,957,656.27,602.61,16,206,97
2024-06-12,45,1065,Toys,South,0,0,Cloudy,23.1,109.39,218.94,6.37,165,1094.61,1013.91,33,159,23
2024-06-13,32,1064,Sports,North,1,0,Rainy,26.4,116.94,216.64,4.75,860,293.7,287.97,47,237,36
2024-06-14,48,1052,Electronics,South,1,0,Rainy,35.9,108.72,225.88,7.95,950,341.5,326.78,24,411,86
2024-06-15,41,1060,Beauty,East,1,1,Sunny,13.2,91.47,254.8,6.25,557,1820.32,1785.32,36,287,106
2024-06-16,39,1116,Sports,West,1,1,Sunny,16.9,108.12,217.61,7.4,403,792.13,800.33,1,252,101
2024-06-17,26,1044,Grocery,East,0,1,Cloudy,12.2,101.56,192.62,3.49,944,337.42,304.83,50,294,92
2024-06-18,21,1049,Furniture,South,0,1,Sunny,38.7,115.8,272.17,6.89,760,1483.35,1380.47,12,363,136
2024-06-19,30,1136,Electronics,East,1,1,Rainy,21.3,83.2,248.13,5.21,426,649.22,655.86,50,262,101
2024-06-20,34,1177,Beauty,West,0,0,Sunny,27.0,95.02,298.96,7.41,446,1858.9,1685.76,8,159,0
2024-06-21,20,1105,Toys,North,0,1,Cloudy,29.8,110.69,190.49,6.83,987,68.68,68.5,35,320,103
2024-06-22,4,1152,Sports,North,0,0,Sunny,30.5,117.44,238.1,10.93,941,490.96,461.16,41,51,1
2024-06-23,42,1169,Furniture,North,1,1,Cloudy,24.4,113.85,295.34,9.88,155,1046.53,1102.51,5,371,147
2024-06-24,16,1192,Grocery,North,1,1,Cloudy,20.3,86.63,221.49,9.25,329,1744.57,1820.03,27,119,49
2024-06-25,10,1043,Electronics,West,0,1,Sunny,23.3,93.33,267.68,3.07,514,1654.68,1702.1,37,158,46
2024-06-26,5,1041,Beauty,West,1,0,Cloudy,36.0,97.55,234.25,6.31,975,510.0,501.91,32,414,80
2024-06-27,39,1016,Electronics,West,1,0,Cloudy,13.0,90.69,287.15,10.58,158,377.63,359.51,29,364,56
2024-06-28,6,1027,Sports,East,0,1,Rainy,20.4,88.04,227.09,6.96,483,1553.66,1590.76,46,185,66
2024-06-29,48,1086,Clothing,West,0,1,Rainy,14.7,106.83,238.13,11.28,921,1935.9,2037.19,41,180,55
2024-06-30,5,1111,Toys,West,1,0,Sunny,11.9,102.26,245.46,6.22,320,1880.85,2066.14,44,38,0
2024-07-01,48,1109,Electronics,North,1,1,Rainy,36.4,92.67,239.07,5.8,186,1403.75,1364.26,12,294,138
2024-07-02,26,1030,Sports,North,1,0,Sunny,17.5,89.08,254.4,9.98,55,1470.33,1338.05,25,281,54
2024-07-03,39,1031,Grocery,East,1,0,Cloudy,17.3,99.72,247.37,9.71,727,349.64,358.49,48,375,63
2024-07-04,3,1036,Clothing,South,0,1,Sunny,36.3,81.46,273.61,8.18,121,536.33,539.81,47,475,172
2024-07-05,36,1021,Grocery,West,1,0,Rainy,38.9,105.08,286.68,11.09,280,406.21,376.12,26,471,85
2024-07-06,21,1065,Toys,East,0,0,Sunny,10.0,85.05,270.23,9.76,833,479.96,451.45,2,250,29
2024-07-07,12,1110,Sports,West,0,0,Rainy,19.4,87.5,291.86,7.62,348,761.18,721.52,20,359,47
2024-07-08,22,1159,Furniture,West,1,0,Sunny,36.9,100.87,232.47,10.73,196,1163.68,1153.58,16,342,66
2024-07-09,20,1023,Beauty,West,1,0,Cloudy,38.6,109.75,263.54,11.86,893,991.12,963.77,26,90,15
2024-07-10,8,1193,Electronics,South,1,0,Cloudy,20.1,109.44,187.25,10.25,626,167.68,160.75,23,229,19
2024-07-11,1,1180,Furniture,West,0,0,Sunny,17.9,116.31,211.12,6.25,343,1693.73,1831.17,41,159,14
2024-07-12,48,1142,Sports,South,0,1,Cloudy,23.4,104.27,206.91,7.8,361,1348.51,1332.57,18,116,43
2024-07-13,28,1127,Beauty,South,1,1,Rainy,36.4,107.23,248.62,7.68,773,1505.26,1527.81,46,404,169
2024-07-14,9,1200,Toys,West,0,0,Cloudy,15.1,111.2,288.66,4.99,655,1595.97,1447.6,22,156,18
2024-07-15,42,1114,Sports,North,1,0,Rainy,35.8,85.72,284.07,5.27,900,1833.98,1942.47,27,452,91
2024-07-16,28,1183,Furniture,North,1,1,Sunny,38.6,90.56,199.24,7.74,884,1520.41,1497.66,12,284,130
2024-07-17,7,1050,Beauty,West,1,1,Cloudy,11.4,98.1,233.35,8.98,572,519.63,479.1,43,369,153
2024-07-18,41,1024,Grocery,West,1,1,Sunny,27.3,119.74,243.02,8.55,242,1198.51,1199.72,44,376,148
2024-07-19,8,1181,Electronics,South,1,1,Rainy,16.9,82.28,212.13,8.92,100,834.11,916.34,11,186,73
2024-07-20,24,1182,Toys,North,0,1,Cloudy,25.2,103.89,237.25,9.08,793,1117.34,1222.66,29,412,156
2024-07-21,7,1198,Electronics,North,0,1,Sunny,20.7,117.63,293.53,8.52,649,688.64,664.3,3,46,19
2024-07-22,2,1146,Furniture,South,0,0,Sunny,27.2,108.94,228.5,4.78,99,1849.84,1809.13,22,337,45
2024-07-23,21,1013,Electronics,North,0,0,Sunny,22.0,107.64,220.21,9.85,505,438.49,405.58,11,442,73
2024-07-24,20,1169,Clothing,North,0,0,Rainy,26.0,86.08,299.93,7.15,376,1325.92,1279.77,7,183,42
2024-07-25,11,1132,Beauty,East,1,1,Cloudy,25.7,109.06,190.66,11.74,961,848.55,924.42,1,84,49
2024-07-26,8,1057,Toys,West,1,0,Cloudy,36.5,84.13,290.41,11.54,576,506.82,487.17,39,275,44
2024-07-27,32,1174,Electronics,South,0,1,Sunny,18.6,100.91,201.0,5.56,127,1241.55,1147.71,19,172,57
2024-07-28,15,1053,Sports,West,0,0,Cloudy,11.5,103.63,227.97,8.57,995,1464.1,1342.01,46,135,0
2024-07-29,1,1166,Clothing,North,1,0,Sunny,13.4,98.66,227.33,4.82,70,1455.63,1340.27,18,499,89
2024-07-30,25,1020,Beauty,North,1,1,Sunny,36.7,100.77,230.24,11.95,496,539.43,511.73,47,314,122
2024-07-31,42,1177,Grocery,West,0,0,Cloudy,10.3,117.69,188.96,6.5,362,573.92,574.87,16,81,23
2024-08-01,42,1034,Furniture,South,0,1,Sunny,16.9,105.04,272.12,6.75,229,575.26,629.57,24,440,180
2024-08-02,14,1095,Beauty,South,1,0,Cloudy,35.0,112.82,234.84,7.12,913,1076.8,977.17,27,222,56
2024-08-03,27,1197,Beauty,North,1,1,Rainy,20.6,109.26,290.37,8.16,672,1761.86,1697.83,18,314,125
2024-08-04,29,1111,Clothing,South,1,0,Sunny,24.4,102.13,243.76,11.4,845,974.98,891.96,3,356,87
2024-08-05,21,1160,Clothing,South,1,0,Rainy,27.9,81.55,246.4,8.88,237,224.93,230.08,9,484,103
2024-08-06,4,1039,Beauty,North,0,0,Cloudy,29.8,96.1,226.45,3.21,796,1929.87,1940.38,33,368,43
2024-08-07,41,1051,Furniture,East,1,1,Sunny,31.7,93.86,270.56,3.07,270,1260.88,1324.17,49,483,190
2024-08-08,6,1168,Toys,West,1,1,Rainy,34.6,91.92,230.58,5.43,724,458.29,417.16,31,113,38
2024-08-09,4,1120,Sports,North,0,0,Cloudy,23.8,88.99,243.91,8.21,646,1811.98,1824.7,47,281,30
2024-08-10,22,1058,Furniture,West,1,1,Cloudy,37.5,104.96,183.06,11.01,819,1430.45,1521.78,2,384,148
2024-08-11,24,1138,Sports,South,1,1,Cloudy,38.5,100.51,184.89,11.53,915,1831.32,1699.32,4,291,115
2024-08-12,40,1013,Beauty,East,1,0,Rainy,24.1,101.59,207.26,8.15,863,770.9,811.34,1,396,77
2024-08-13,49,1156,Electronics,North,1,0,Rainy,39.1,113.55,200.31,9.92,178,1770.18,1901.58,36,485,106
2024-08-14,40,1115,Grocery,North,1,1,Rainy,38.9,84.4,243.85,7.95,270,128.5,126.93,17,71,25
2024-08-15,2,1003,Grocery,North,1,1,Sunny,12.3,109.16,267.11,8.16,221,1086.36,1003.78,23,63,21
2024-08-16,17,1055,Grocery,East,0,0,Cloudy,30.7,92.27,181.11,5.64,230,505.88,486.22,23,103,13
2024-08-17,20,1116,Sports,East,0,1,Sunny,20.0,97.83,244.39,10.61,952,401.45,402.96,13,140,54
2024-08-18,7,1157,Clothing,North,0,0,Cloudy,19.9,112.33,289.67,8.72,960,908.91,937.42,31,41,0
2024-08-19,34,1114,Clothing,West,1,1,Sunny,35.3,80.38,225.59,11.93,241,667.76,703.69,43,343,141
2024-08-20,2,1138,Grocery,South,0,0,Sunny,13.7,93.36,242.27,4.68,944,1777.65,1704.83,41,465,61
2024-08-21,33,1108,Sports,North,0,1,Sunny,22.3,94.36,276.06,11.72,830,1720.06,1666.54,32,288,105
2024-08-22,23,1197,Beauty,West,1,1,Sunny,20.3,102.43,234.84,8.8,347,1022.37,1018.13,4,217,100
2024-08-23,15,1078,Beauty,East,1,1,Cloudy,26.6,89.4,189.9,9.81,607,908.21,880.1,28,469,208
2024-08-24,42,1183,Clothing,East,0,1,Sunny,35.1,90.83,283.13,10.63,707,1020.18,938.19,4,149,53
2024-08-25,14,1149,Furniture,South,1,0,Cloudy,29.8,101.05,272.39,11.14,696,1840.33,1889.68,47,138,27
2024-08-26,3,1067,Furniture,East,1,0,Cloudy,29.2,92.2,276.58,4.11,892,292.42,281.19,20,35,4
2024-08-27,7,1173,Beauty,North,1,1,Cloudy,35.6,82.88,245.94,7.35,801,1402.64,1429.49,28,183,78
2024-08-28,17,1115,Toys,East,1,1,Sunny,28.4,110.27,225.46,10.76,781,1543.78,1682.18,32,310,120
2024-08-29,45,1189,Furniture,East,1,1,Sunny,11.3,108.97,280.82,11.81,854,1471.21,1489.07,7,139,72
2024-08-30,42,1194,Sports,East,0,0,Rainy,24.7,84.92,231.92,7.27,24,1067.35,1119.59,40,217,15
2024-08-31,12,1097,Grocery,South,0,1,Sunny,38.3,83.54,277.07,9.04,105,952.51,972.79,43,256,100
2024-09-01,28,1067,Electronics,South,1,1,Sunny,25.6,117.49,182.17,10.88,715,1442.94,1376.65,30,374,167
2024-09-02,31,1052,Toys,West,1,1,Sunny,23.5,88.33,247.15,6.19,914,1562.17,1717.7,23,93,27
2024-09-03,44,1116,Electronics,East,1,1,Rainy,12.7,98.29,283.76,10.71,471,1901.99,1953.17,43,54,0
2024-09-04,24,1117,Beauty,West,0,0,Sunny,21.7,112.72,244.68,11.05,749,1133.31,1038.52,11,28,0
2024-09-05,11,1149,Furniture,South,1,1,Cloudy,36.4,86.83,298.7,6.0,516,1817.25,1965.29,31,27,0
2024-09-06,48,1036,Grocery,North,0,1,Rainy,34.1,113.94,273.05,11.28,125,1483.11,1564.12,42,214,62
2024-09-07,18,1087,Toys,East,0,0,Rainy,18.2,88.62,250.48,4.06,322,1389.95,1323.16,48,86,8
2024-09-08,10,1131,Toys,West,1,0,Cloudy,17.7,96.03,198.51,6.82,93,1806.41,1900.2,28,81,10
2024-09-09,26,1012,Toys,South,0,0,Rainy,22.8,86.18,274.08,11.37,752,1654.8,1793.37,17,57,0
2024-09-10,25,1096,Furniture,West,0,1,Cloudy,31.4,93.06,187.98,11.59,188,293.27,304.14,21,234,92
2024-09-11,10,1053,Grocery,South,0,0,Sunny,19.2,96.74,237.98,6.38,530,1897.97,1985.87,12,436,74
2024-09-12,29,1148,Beauty,North,0,1,Cloudy,29.4,100.53,213.4,6.36,397,1393.29,1359.19,50,302,111
2024-09-13,9,1043,Sports,North,0,1,Cloudy,20.8,87.8,260.7,8.25,45,415.73,401.93,26,75,18
2024-09-14,20,1072,Grocery,North,1,0,Rainy,38.6,103.7,272.36,9.62,479,988.82,1044.76,14,409,72
2024-09-15,45,1105,Furniture,East,0,1,Rainy,34.7,106.24,294.5,5.21,198,1419.38,1327.91,10,231,107
2024-09-16,27,1138,Electronics,West,1,0,Cloudy,12.5,86.34,238.33,10.4,472,854.18,817.97,24,106,20
2024-09-17,3,1050,Clothing,West,1,0,Cloudy,17.9,115.15,253.47,7.89,398,1610.86,1465.54,16,499,79
2024-09-18,31,1160,Furniture,South,1,0,Rainy,23.5,117.95,253.96,6.66,675,783.04,791.85,36,227,15
2024-09-19,43,1191,Toys,North,0,0,Sunny,25.2,114.48,238.56,6.57,576,350.03,323.12,22,222,19
2024-09-20,21,1131,Toys,West,0,0,Sunny,37.5,89.13,236.76,3.95,300,1333.81,1392.96,42,139,5
2024-09-21,32,1114,Furniture,South,1,0,Sunny,37.6,89.21,275.14,11.68,594,587.97,543.78,29,28,0
2024-09-22,47,1138,Furniture,North,0,1,Rainy,10.3,96.38,286.63,8.02,25,603.98,643.82,20,444,190
2024-09-23,24,1082,Grocery,West,1,1,Rainy,17.6,82.73,284.7,11.44,488,79.02,83.02,39,55,0
2024-09-24,40,1014,Beauty,West,1,1,Cloudy,12.3,90.63,260.25,4.88,555,1127.32,1031.76,33,375,174
2024-09-25,1,1152,Clothing,West,0,1,Rainy,31.3,88.87,258.35,10.3,525,1682.64,1690.48,5,194,79
2024-09-26,6,1167,Furniture,West,0,1,Rainy,27.1,116.2,293.49,3.77,230,847.91,809.7,44,356,120
2024-09-27,12,1028,Sports,West,1,1,Sunny,15.8,118.67,281.9,11.01,169,961.69,889.67,44,345,137
2024-09-28,24,1017,Clothing,South,0,1,Rainy,18.6,100.85,231.09,7.75,772,833.06,809.05,9,40,7
2024-09-29,29,1098,Furniture,East,0,0,Rainy,10.9,106.82,191.27,7.9,562,1722.7,1863.43,29,380,46
2024-09-30,50,1089,Furniture,West,0,0,Cloudy,35.9,106.24,243.5,10.43,438,515.24,504.2,10,23,0
2024-10-01,36,1109,Toys,West,0,1,Rainy,10.1,111.05,281.27,8.99,984,1195.48,1293.5,31,199,65
2024-10-02,49,1116,Beauty,North,1,0,Cloudy,21.2,95.14,240.18,10.32,199,142.08,133.91,40,251,20
2024-10-03,43,1082,Toys,North,1,0,Sunny,26.2,101.93,294.12,9.77,165,1483.79,1442.83,22,356,63
2024-10-04,47,1109,Toys,North,1,0,Sunny,27.1,90.59,266.21,10.43,723,142.56,155.82,16,291,45
2024-10-05,21,1117,Electronics,West,1,1,Rainy,32.0,114.15,285.09,6.62,313,431.63,420.31,0,441,199
2024-10-06,36,1165,Grocery,East,0,0,Cloudy,26.6,93.24,272.96,11.54,910,1929.52,1943.07,25,253,28
2024-10-07,48,1172,Furniture,West,1,1,Sunny,34.6,113.43,185.97,4.21,258,1430.47,1365.11,39,104,16
2024-10-08,4,1170,Furniture,South,0,0,Cloudy,16.5,99.4,182.41,9.64,647,1733.06,1677.13,13,273,12
2024-10-09,46,1137,Clothing,North,1,1,Sunny,26.2,92.4,214.6,3.55,300,1411.57,1510.03,31,469,202
2024-10-10,30,1112,Toys,West,0,0,Sunny,31.8,117.3,243.1,8.03,612,683.79,617.42,0,70,12
2024-10-11,37,1188,Sports,West,0,1,Rainy,12.5,100.26,205.19,11.29,928,1219.25,1319.08,38,146,31
2024-10-12,28,1195,Clothing,East,1,0,Sunny,21.3,86.88,265.54,11.53,479,1726.36,1710.14,4,182,45
2024-10-13,49,1138,Toys,South,1,0,Sunny,35.4,99.09,284.33,4.2,146,958.82,962.71,10,329,59
2024-10-14,14,1173,Sports,North,1,1,Cloudy,37.8,114.9,263.41,9.69,640,657.85,718.85,38,357,166
2024-10-15,22,1190,Furniture,South,1,0,Rainy,36.9,111.1,279.5,8.62,380,1364.4,1441.02,8,290,46
2024-10-16,3,1059,Toys,North,0,0,Rainy,29.4,116.65,197.27,11.87,971,1128.19,1079.7,48,363,46
2024-10-17,38,1124,Furniture,West,0,1,Cloudy,20.7,92.65,282.86,10.41,861,77.89,75.69,8,285,116
2024-10-18,18,1061,Electronics,East,1,0,Cloudy,34.6,86.0,230.23,9.77,182,357.69,338.22,18,307,65
2024-10-19,16,1188,Grocery,North,1,1,Sunny,33.7,101.44,202.22,8.74,674,383.85,405.94,36,173,69
2024-10-20,22,1137,Beauty,South,1,0,Sunny,18.9,93.99,263.53,9.79,361,980.06,959.1,25,32,15
2024-10-21,50,1073,Clothing,North,0,0,Rainy,15.8,110.36,218.11,11.97,558,1051.87,1145.34,30,104,1
2024-10-22,7,1126,Beauty,West,1,1,Sunny,32.4,112.79,185.73,6.61,776,1530.43,1547.8,25,392,197
2024-10-23,31,1065,Toys,East,0,1,Rainy,33.1,93.35,196.92,9.21,266,1707.49,1595.0,31,403,140
2024-10-24,12,1164,Sports,North,0,1,Sunny,24.9,94.67,221.93,4.22,538,1147.92,1168.8,19,108,32
2024-10-25,50,1059,Furniture,East,0,0,Cloudy,13.1,116.14,294.04,5.23,345,1716.57,1585.09,25,262,40
2024-10-26,13,1114,Clothing,West,1,0,Cloudy,29.5,81.79,191.39,5.42,956,645.99,612.69,39,331,55
2024-10-27,44,1114,Clothing,East,0,1,Rainy,10.1,105.65,258.54,7.9,907,82.09,84.33,47,392,156
2024-10-28,2,1154,Beauty,South,0,1,Rainy,13.0,102.26,220.53,11.48,924,750.09,804.36,13,47,14
2024-10-29,7,1179,Clothing,South,1,1,Cloudy,23.1,99.19,184.46,10.33,945,1239.11,1182.68,5,105,60
2024-10-30,17,1151,Clothing,West,0,0,Sunny,13.2,85.62,189.28,7.05,849,569.6,529.18,39,158,14
2024-10-31,6,1116,Sports,South,0,1,Cloudy,22.7,80.65,242.49,8.11,145,507.63,467.05,6,287,115
2024-11-01,31,1024,Toys,North,0,1,Sunny,34.2,88.99,211.77,8.46,128,1551.28,1573.69,14,381,155
2024-11-02,32,1200,Sports,North,1,0,Cloudy,19.4,81.33,292.38,7.24,301,1088.09,1117.96,39,390,75
2024-11-03,34,1018,Clothing,South,0,0,Cloudy,13.1,107.99,261.5,9.98,710,757.17,735.44,12,467,67
2024-11-04,2,1112,Grocery,North,0,0,Rainy,32.7,91.97,210.22,11.76,266,1500.46,1450.27,46,31,0
2024-11-05,35,1180,Beauty,South,0,0,Sunny,39.3,102.04,181.09,10.23,83,1182.62,1090.93,24,491,59
2024-11-06,47,1165,Electronics,East,1,0,Rainy,19.8,93.44,203.6,11.0,109,1379.77,1411.78,17,98,20
2024-11-07,37,1130,Clothing,West,1,1,Sunny,36.8,115.38,297.23,10.76,516,1629.13,1625.75,16,430,177
2024-11-08,19,1059,Electronics,South,0,1,Rainy,28.3,103.71,286.73,4.4,299,1551.04,1520.48,47,236,95
2024-11-09,11,1171,Electronics,West,1,1,Rainy,19.9,97.85,230.11,5.97,504,1128.4,1154.3,28,218,92
2024-11-10,10,1155,Furniture,East,0,0,Sunny,25.3,119.53,224.34,10.13,805,1596.79,1448.99,17,450,75
2024-11-11,50,1086,Toys,West,0,0,Cloudy,39.2,99.57,193.75,7.78,504,1212.14,1219.2,41,111,7
2024-11-12,38,1112,Sports,North,1,1,Sunny,20.0,106.98,220.05,6.19,117,633.57,628.09,41,368,161
2024-11-13,7,1040,Grocery,East,0,1,Rainy,20.2,100.47,288.21,4.04,388,1102.26,1105.46,36,51,11
2024-11-14,7,1192,Electronics,East,0,0,Sunny,28.0,104.37,275.01,11.88,621,435.29,426.0,10,183,12
2024-11-15,36,1077,Beauty,North,1,0,Cloudy,33.2,88.11,209.82,6.96,892,1663.66,1624.77,35,440,75
2024-11-16,35,1114,Grocery,South,1,1,Cloudy,30.7,93.2,230.33,5.67,563,877.14,813.67,8,375,154
2024-11-17,43,1098,Grocery,West,1,0,Sunny,10.4,114.69,246.06,8.39,113,843.11,901.92,35,363,60
2024-11-18,27,1089,Sports,North,0,1,Cloudy,15.9,109.95,204.18,8.07,271,1870.11,1767.78,42,384,137
2024-11-19,43,1130,Furniture,South,1,1,Rainy,30.8,92.0,202.43,9.43,957,1325.05,1343.11,21,109,36
2024-11-20,27,1156,Clothing,West,1,1,Cloudy,24.8,112.76,292.25,5.81,128,1082.18,1021.23,23,74,22
2024-11-21,24,1132,Clothing,East,0,1,Rainy,27.5,80.53,288.25,10.8,271,621.38,628.46,3,108,40
2024-11-22,33,1061,Grocery,North,0,1,Cloudy,16.4,89.28,252.1,4.11,472,508.91,502.83,4,256,108
2024-11-23,35,1079,Clothing,West,1,1,Cloudy,15.3,117.73,219.32,11.7,219,461.22,487.58,26,163,52
2024-11-24,5,1015,Clothing,South,1,0,Cloudy,24.7,108.29,289.23,8.2,618,1489.0,1600.07,47,39,0
2024-11-25,40,1002,Furniture,East,0,1,Sunny,31.8,83.87,269.22,11.55,607,1265.54,1369.86,41,276,98
2024-11-26,26,1033,Toys,North,1,0,Sunny,33.0,95.11,240.43,9.67,244,138.75,143.48,6,390,75
2024-11-27,47,1106,Sports,North,1,1,Sunny,21.5,95.47,275.11,8.97,272,719.97,752.21,31,365,148
2024-11-28,5,1030,Toys,West,0,0,Cloudy,17.4,113.46,263.58,3.34,569,958.81,931.87,15,196,28
2024-11-29,6,1134,Sports,West,1,0,Cloudy,20.2,101.42,271.33,7.16,162,1542.53,1597.75,28,317,53
2024-11-30,21,1089,Toys,North,1,0,Sunny,14.9,93.35,221.7,11.66,700,657.82,663.92,42,442,78
2024-12-01,35,1125,Beauty,West,1,0,Rainy,15.5,112.25,199.24,5.53,362,1342.91,1373.08,10,386,78
2024-12-02,50,1009,Sports,South,1,0,Sunny,38.8,119.13,297.02,10.72,514,1167.88,1164.11,20,321,81
2024-12-03,10,1135,Sports,West,1,1,Cloudy,13.4,117.3,189.39,6.88,423,1135.99,1181.0,0,65,19
2024-12-04,36,1143,Clothing,North,0,0,Cloudy,13.1,119.74,212.55,9.06,388,1276.69,1257.29,1,181,37
2024-12-05,5,1125,Toys,East,0,0,Cloudy,13.0,98.98,249.46,4.34,130,599.07,586.09,3,331,39
2024-12-06,41,1195,Toys,North,1,1,Rainy,35.1,96.8,289.48,3.34,474,303.76,286.09,10,380,168
2024-12-07,49,1040,Clothing,East,1,0,Cloudy,26.0,100.57,258.43,7.37,164,274.53,272.84,22,210,43
2024-12-08,26,1141,Electronics,East,1,1,Sunny,28.2,91.63,263.57,6.47,612,1818.21,1662.36,30,497,217
2024-12-09,25,1116,Beauty,West,1,0,Rainy,19.9,117.53,288.78,3.29,712,104.26,96.34,29,274,32
2024-12-10,18,1079,Clothing,East,0,1,Sunny,16.6,88.1,267.29,7.59,248,1957.64,1857.74,38,58,8
2024-12-11,7,1086,Toys,East,0,0,Sunny,16.9,82.51,213.56,7.98,920,606.45,666.72,31,159,16
2024-12-12,14,1084,Grocery,East,0,1,Sunny,27.7,114.83,182.29,3.22,967,1366.76,1372.37,28,176,40
2024-12-13,18,1136,Toys,North,0,0,Rainy,22.7,97.98,264.88,7.53,196,1785.43,1877.09,10,408,52
2024-12-14,41,1158,Beauty,East,0,1,Cloudy,30.4,82.78,222.64,11.66,982,1187.03,1274.8,36,321,130
2024-12-15,44,1161,Toys,North,1,0,Sunny,33.4,90.78,183.71,4.69,554,1451.36,1427.11,46,354,43
2024-12-16,33,1079,Furniture,East,1,0,Cloudy,21.8,112.06,225.4,5.27,872,1527.37,1610.37,17,352,56
2024-12-17,17,1007,Beauty,West,0,0,Rainy,39.8,87.35,246.9,11.37,625,1765.44,1754.79,18,294,46
2024-12-18,32,1018,Grocery,North,0,1,Cloudy,37.1,101.16,205.26,7.19,270,1196.62,1181.86,35,127,14
2024-12-19,41,1067,Electronics,South,1,0,Cloudy,28.9,91.7,237.24,4.91,478,251.8,229.55,10,187,32
2024-12-20,44,1154,Furniture,East,1,0,Cloudy,23.4,119.06,260.89,11.53,94,1603.52,1682.31,43,99,0
2024-12-21,48,1183,Electronics,East,0,1,Cloudy,38.3,95.2,233.13,5.46,421,1647.71,1788.14,9,418,158
2024-12-22,9,1180,Clothing,North,0,0,Cloudy,15.5,93.77,233.47,11.91,251,1794.14,1922.49,34,208,23
2024-12-23,4,1064,Furniture,East,0,0,Sunny,20.5,112.11,280.01,5.36,644,1335.4,1212.96,24,257,30
2024-12-24,39,1062,Grocery,East,1,0,Cloudy,22.9,107.61,296.22,9.79,245,355.36,349.77,50,124,7
2024-12-25,41,1158,Clothing,West,1,0,Rainy,29.5,117.01,237.92,3.48,781,1030.83,1004.03,12,72,23
2024-12-26,34,1066,Grocery,West,1,0,Sunny,15.8,107.65,284.13,9.82,665,1110.94,1060.6,31,490,65
2024-12-27,30,1169,Sports,East,0,0,Cloudy,27.8,113.04,260.21,10.25,658,1112.79,1188.89,0,418,66
2024-12-28,5,1138,Electronics,East,0,1,Sunny,26.2,117.13,291.68,5.06,891,135.19,125.89,0,244,95
2024-12-29,37,1018,Sports,North,1,1,Cloudy,35.0,117.15,247.27,7.5,364,844.42,806.4,40,346,149
2024-12-30,48,1142,Grocery,North,0,0,Sunny,22.6,89.2,225.01,8.65,459,150.16,139.77,28,419,45
2023-01-01,18,1171,Grocery,North,1,0,Cloudy,24.0,117.52,280.98,9.84,731,100.83,104.01,45,360,51
2023-01-02,23,1181,Clothing,North,0,0,Sunny,31.6,101.83,296.41,7.57,250,1262.49,1185.26,18,241,28
2023-01-03,10,1045,Furniture,East,0,1,Sunny,34.4,110.28,192.65,7.35,849,379.97,388.87,18,373,142
2023-01-04,36,1052,Beauty,South,0,1,Rainy,36.8,97.83,199.46,11.72,549,84.99,91.35,38,368,147
2023-01-05,38,1089,Beauty,West,0,1,Sunny,35.6,92.37,256.1,3.09,667,625.44,666.56,28,416,157
2023-01-06,10,1114,Clothing,West,1,1,Cloudy,24.9,84.79,295.69,6.9,654,146.67,160.05,19,427,184
2023-01-07,35,1050,Sports,West,1,1,Sunny,29.3,116.07,236.68,11.75,918,830.12,755.35,10,385,165
2023-01-08,49,1200,Clothing,West,0,0,Cloudy,36.0,107.0,254.2,10.74,223,194.74,183.99,35,214,20
2023-01-09,49,1016,Furniture,South,1,1,Rainy,39.7,115.05,296.11,4.43,188,313.91,299.46,24,481,215
2023-01-10,40,1104,Beauty,South,0,1,Rainy,27.0,104.03,226.44,8.12,221,1937.05,1744.64,18,67,3
2023-01-11,21,1195,Sports,East,1,1,Rainy,30.7,90.3,259.37,10.09,483,257.65,269.24,25,274,108
2023-01-12,43,1074,Beauty,East,1,1,Cloudy,39.4,90.0,297.34,3.17,830,1038.3,1059.07,3,301,141
2023-01-13,6,1084,Clothing,North,1,1,Sunny,34.5,88.61,266.59,6.19,412,1379.46,1359.49,49,164,57
2023-01-14,23,1180,Toys,East,1,0,Rainy,32.6,104.02,234.6,11.88,722,359.81,331.04,2,396,75
2023-01-15,21,1159,Beauty,West,0,1,Sunny,21.5,83.18,229.97,7.15,585,1482.13,1610.66,38,274,85
2023-01-16,44,1194,Grocery,North,1,0,Sunny,17.9,99.57,298.16,8.32,928,1652.61,1500.69,42,460,89
2023-01-17,2,1177,Grocery,North,1,1,Sunny,19.5,115.88,276.63,4.62,682,1367.26,1464.06,47,338,139
2023-01-18,25,1039,Furniture,South,1,0,Cloudy,19.8,97.21,185.22,8.8,406,350.24,344.17,25,209,25
2023-01-19,19,1134,Electronics,North,0,0,Rainy,11.5,118.13,243.82,4.13,127,1880.11,2056.86,26,159,17
2023-01-20,45,1151,Toys,West,0,1,Rainy,20.7,90.56,262.98,6.25,512,1588.93,1452.31,39,248,104
2023-01-21,43,1043,Clothing,West,0,0,Sunny,29.5,86.95,274.5,7.27,276,1985.59,2045.88,37,33,3
2023-01-22,20,1018,Beauty,South,1,0,Sunny,19.8,91.14,244.81,8.09,502,1772.63,1903.81,50,42,0
2023-01-23,2,1144,Furniture,East,1,1,Cloudy,24.8,82.11,191.61,5.84,279,1894.88,1941.83,16,125,57
2023-01-24,46,1156,Furniture,West,0,0,Rainy,16.4,105.23,296.36,5.24,881,1256.37,1190.93,28,500,74
2023-01-25,3,1124,Grocery,East,1,1,Rainy,20.0,92.3,292.08,8.1,23,1295.63,1350.09,37,264,107
2023-01-26,29,1089,Furniture,South,1,0,Cloudy,25.2,94.73,268.43,6.42,831,1703.94,1552.79,14,172,43
2023-01-27,18,1139,Clothing,West,1,0,Cloudy,13.2,97.8,235.33,6.67,262,158.67,167.61,32,99,20
2023-01-28,33,1024,Grocery,South,0,0,Cloudy,24.8,116.05,282.14,6.22,364,372.68,365.84,11,180,16
2023-01-29,21,1076,Toys,South,0,1,Sunny,31.5,102.77,184.49,11.8,118,1002.74,979.28,49,205,74
2023-01-30,4,1189,Beauty,East,1,0,Sunny,37.9,91.59,245.72,6.9,936,153.53,139.97,21,484,95
2023-01-31,26,1061,Electronics,East,0,1,Rainy,10.5,84.11,205.93,11.88,182,1461.95,1525.92,18,226,88
2023-02-01,9,1024,Beauty,North,0,0,Rainy,35.5,104.06,250.34,4.51,490,983.56,954.29,31,264,42
2023-02-02,47,1038,Toys,West,1,0,Sunny,16.4,105.64,230.39,7.06,879,347.16,333.64,1,82,32
2023-02-03,33,1137,Sports,East,1,0,Cloudy,21.7,103.28,295.85,5.08,532,1246.48,1246.14,11,238,42
2023-02-04,38,1191,Furniture,North,1,0,Rainy,28.7,101.84,208.96,8.9,750,415.79,426.91,45,212,17
2023-02-05,4,1115,Toys,South,1,1,Rainy,26.8,104.86,193.77,4.85,355,633.95,660.13,41,196,66
2023-02-06,10,1036,Toys,West,1,0,Cloudy,17.4,112.25,273.64,8.05,454,170.18,154.76,10,480,102
2023-02-07,42,1152,Toys,South,1,1,Cloudy,38.5,104.33,233.25,3.8,464,1057.69,1073.39,39,222,84
2023-02-08,41,1051,Grocery,West,1,1,Rainy,38.1,114.73,224.24,11.04,842,1111.67,1043.6,16,493,216
2023-02-09,26,1033,Toys,East,1,1,Rainy,36.6,99.3,279.75,7.78,632,988.96,1004.28,47,226,87
2023-02-10,34,1146,Toys,North,0,0,Sunny,31.4,92.68,283.83,6.0,857,451.55,463.69,44,491,66
2023-02-11,39,1095,Furniture,West,1,0,Cloudy,20.3,105.84,218.31,6.54,237,167.26,168.23,3,484,94
2023-02-12,3,1010,Grocery,North,0,1,Rainy,37.1,86.95,258.28,3.43,857,1256.04,1143.79,4,91,24
2023-02-13,41,1037,Toys,East,1,1,Rainy,21.5,111.17,297.56,6.65,822,1260.85,1206.51,31,217,86
2023-02-14,16,1140,Furniture,South,0,1,Sunny,17.7,108.74,217.7,5.73,502,73.66,79.52,40,273,87
2023-02-15,1,1114,Electronics,South,1,0,Sunny,12.4,108.48,197.24,11.1,999,1028.48,1022.12,5,161,30
2023-02-16,21,1173,Electronics,South,0,0,Rainy,14.0,119.13,200.31,9.41,221,1530.53,1422.77,35,342,37
2023-02-17,32,1189,Clothing,South,0,0,Sunny,32.1,110.9,191.62,3.84,544,574.57,523.33,6,436,57
2023-02-18,47,1127,Grocery,South,1,1,Rainy,31.7,99.47,291.07,8.65,607,1315.29,1226.84,25,301,139
2023-02-19,3,1137,Beauty,South,1,0,Rainy,17.9,89.5,201.57,3.72,446,1236.84,1238.93,2,377,54
2023-02-20,18,1148,Beauty,North,0,1,Sunny,29.5,84.67,291.61,8.45,973,1170.21,1162.11,0,419,151
2023-02-21,15,1162,Sports,East,1,0,Sunny,34.6,117.12,261.01,4.95,830,1153.49,1103.58,23,24,2
2023-02-22,23,1106,Sports,East,0,0,Sunny,18.4,96.86,290.21,4.39,784,1810.59,1839.79,23,93,5
2023-02-23,44,1148,Grocery,East,0,0,Cloudy,37.7,80.46,198.39,8.73,564,1957.71,2087.09,14,110,6
2023-02-24,41,1154,Toys,North,0,1,Cloudy,11.1,99.77,198.68,5.25,960,1952.77,2054.36,14,116,46
2023-02-25,36,1181,Sports,East,1,0,Sunny,19.8,97.47,259.36,7.99,403,1082.26,1042.51,22,270,57
2023-02-26,11,1070,Beauty,South,1,1,Rainy,17.9,80.78,280.28,9.79,424,1167.45,1110.54,39,32,16
2023-02-27,19,1071,Sports,South,0,1,Sunny,12.4,116.07,214.88,6.04,945,762.76,798.53,48,198,76
2023-02-28,50,1029,Furniture,West,1,1,Cloudy,35.1,83.32,198.32,10.39,871,1794.5,1860.5,28,213,80
2023-03-01,4,1150,Electronics,North,1,0,Sunny,17.0,110.87,199.03,4.7,556,896.91,813.83,28,51,8
2023-03-02,8,1162,Sports,South,0,1,Cloudy,26.7,118.22,233.52,3.46,270,534.9,558.23,8,138,59
2023-03-03,22,1137,Furniture,East,0,1,Sunny,19.7,111.64,205.81,11.34,514,1595.58,1666.75,26,40,13
2023-03-04,8,1010,Toys,East,1,0,Rainy,18.9,110.78,255.41,9.87,989,1166.65,1217.72,0,487,110
2023-03-05,5,1016,Clothing,North,1,0,Rainy,32.1,97.17,250.06,9.24,136,68.39,74.13,24,154,11
2023-03-06,16,1188,Grocery,West,0,0,Rainy,15.6,88.79,244.6,8.7,283,1448.36,1553.65,36,496,50
2023-03-07,24,1062,Toys,East,0,0,Sunny,19.4,104.04,217.59,11.93,424,100.78,98.7,23,373,71
2023-03-08,18,1190,Grocery,North,0,0,Cloudy,31.2,80.08,229.2,5.15,511,624.2,657.83,40,458,78
2023-03-09,39,1195,Clothing,South,0,1,Sunny,15.2,92.45,204.09,9.37,672,61.22,65.96,14,50,2
2023-03-10,21,1008,Clothing,West,0,1,Rainy,15.9,109.65,235.58,11.59,225,1480.82,1416.66,43,181,65
2023-03-11,48,1168,Sports,East,0,1,Cloudy,32.0,104.88,194.98,6.98,272,960.12,946.85,0,239,104
2023-03-12,11,1095,Toys,South,1,1,Sunny,18.6,97.99,213.77,10.9,873,1610.36,1516.98,24,487,209
2023-03-13,50,1105,Electronics,East,1,0,Cloudy,12.3,94.66,284.03,11.62,818,1178.7,1274.42,29,119,16
2023-03-14,26,1140,Beauty,East,1,1,Sunny,25.5,106.74,287.46,9.71,260,606.98,634.73,45,67,13
2023-03-15,24,1083,Sports,North,0,0,Sunny,28.4,101.18,245.38,4.65,392,787.67,780.61,30,136,0
2023-03-16,48,1193,Furniture,West,0,0,Cloudy,38.1,116.47,200.68,3.86,152,1957.27,1801.84,42,450,72
2023-03-17,16,1070,Electronics,East,1,1,Cloudy,18.8,113.76,286.34,9.82,885,192.31,204.58,7,109,33
2023-03-18,21,1151,Furniture,West,1,1,Rainy,12.9,88.46,202.94,6.16,64,187.44,176.82,25,489,219
2023-03-19,22,1152,Furniture,East,1,1,Cloudy,28.0,99.34,261.94,9.47,415,248.46,245.36,49,234,88
2023-03-20,24,1029,Beauty,East,0,1,Cloudy,34.4,117.02,180.88,10.22,439,1227.84,1109.85,17,63,16
2023-03-21,41,1062,Furniture,West,0,0,Rainy,21.6,97.05,180.84,4.52,60,207.36,215.69,17,207,25
2023-03-22,8,1173,Beauty,South,1,1,Rainy,16.6,82.31,189.49,3.28,72,55.54,50.05,33,190,69
2023-03-23,3,1100,Electronics,South,1,1,Rainy,20.6,103.18,289.65,5.0,825,1845.11,1707.62,41,88,23
2023-03-24,27,1111,Beauty,East,0,0,Sunny,24.4,113.27,266.67,10.33,725,741.98,752.22,47,171,0
2023-03-25,18,1084,Furniture,East,1,0,Rainy,28.9,94.14,201.04,3.42,900,1442.04,1503.03,7,181,24
2023-03-26,33,1046,Sports,East,0,1,Rainy,23.0,100.27,224.39,7.94,417,1257.81,1338.5,16,155,57
2023-03-27,29,1132,Toys,North,0,1,Cloudy,36.9,93.3,232.41,8.64,360,174.65,157.99,16,39,8
2023-03-28,18,1131,Grocery,East,1,1,Rainy,38.0,110.24,195.82,11.89,333,181.42,191.3,45,466,200
2023-03-29,28,1010,Furniture,West,0,1,Sunny,38.6,107.63,253.91,6.32,682,909.62,918.28,16,246,100
2023-03-30,27,1090,Electronics,East,1,1,Rainy,24.9,112.05,258.25,4.92,271,1831.63,1831.7,26,265,104
2023-03-31,12,1175,Furniture,East,0,0,Rainy,29.9,81.59,255.62,7.27,93,1584.2,1540.52,41,456,55
2023-04-01,15,1041,Grocery,South,1,0,Sunny,25.6,92.34,181.92,10.02,154,1115.29,1150.31,15,371,69
2023-04-02,13,1105,Grocery,West,1,1,Sunny,27.4,86.05,267.56,9.7,149,1215.03,1128.76,29,152,60
2023-04-03,46,1085,Beauty,South,0,0,Rainy,30.3,81.02,221.76,10.61,946,1052.64,969.68,48,354,42
2023-04-04,28,1007,Electronics,South,1,0,Sunny,22.8,87.86,180.96,4.27,549,266.68,282.42,28,385,85
2023-04-05,23,1179,Toys,East,1,1,Cloudy,20.6,119.97,255.91,7.7,90,1610.79,1661.48,45,318,133
2023-04-06,42,1058,Toys,West,0,1,Rainy,15.6,83.74,208.93,11.71,549,1455.63,1361.31,32,441,180
2023-04-07,23,1005,Grocery,East,0,1,Rainy,34.2,114.22,225.73,3.44,68,202.92,209.48,9,338,135
2023-04-08,44,1197,Grocery,North,0,1,Cloudy,32.3,99.61,202.83,4.65,449,1406.53,1376.17,16,472,185
2023-04-09,10,1012,Furniture,South,0,1,Sunny,14.6,103.06,259.64,10.39,601,536.55,588.15,18,371,158
2023-04-10,8,1169,Electronics,East,0,0,Sunny,13.7,101.51,279.17,5.64,838,1925.55,1977.1,11,255,50
2023-04-11,31,1097,Clothing,East,0,1,Sunny,32.7,112.8,294.65,4.48,902,1644.91,1709.01,28,202,62
2023-04-12,12,1077,Beauty,South,1,0,Cloudy,37.6,93.12,242.27,9.05,827,400.79,370.6,2,103,15
2023-04-13,28,1034,Clothing,East,1,0,Sunny,39.6,112.94,207.17,6.89,478,305.19,308.18,46,303,34
2023-04-14,45,1169,Furniture,North,0,1,Sunny,36.5,96.27,258.55,5.88,101,1218.84,1100.03,47,232,77
2023-04-15,28,1160,Beauty,East,0,1,Sunny,35.5,93.38,258.94,8.21,365,774.29,732.23,12,303,117
2023-04-16,28,1043,Electronics,East,0,1,Rainy,28.9,109.24,294.9,8.0,545,611.83,603.48,41,251,101
2023-04-17,23,1171,Grocery,East,1,0,Rainy,39.2,102.77,200.56,9.62,461,1888.2,1745.68,44,123,20
2023-04-18,49,1032,Beauty,East,1,1,Cloudy,30.9,115.58,264.93,7.54,500,161.6,174.3,35,248,107
2023-04-19,11,1134,Sports,East,0,0,Sunny,39.8,98.74,264.44,5.46,664,1351.21,1394.29,2,203,9
2023-04-20,11,1015,Sports,North,1,0,Sunny,36.8,112.8,269.53,5.94,590,1268.85,1304.42,46,331,62
2023-04-21,4,1090,Beauty,South,0,1,Cloudy,16.7,96.79,183.41,9.92,227,345.87,360.43,13,33,7
2023-04-22,15,1012,Toys,East,1,0,Sunny,38.7,116.87,217.19,7.66,558,469.28,466.59,41,416,71
2023-04-23,27,1195,Grocery,East,1,0,Cloudy,28.3,114.88,238.88,9.44,751,1339.63,1312.11,18,497,86
2023-04-24,48,1016,Electronics,North,0,1,Sunny,28.7,108.29,249.95,10.61,452,1543.84,1582.84,15,201,76
2023-04-25,34,1128,Clothing,North,1,1,Sunny,38.5,119.96,217.81,3.17,656,1523.02,1480.78,45,345,133
2023-04-26,16,1166,Sports,East,1,0,Cloudy,27.1,109.14,265.5,5.32,138,1824.75,1810.5,39,203,28
2023-04-27,2,1050,Clothing,East,1,0,Rainy,37.2,88.94,186.35,10.08,773,1708.93,1873.7,5,117,19
2023-04-28,12,1169,Furniture,East,0,0,Cloudy,27.9,88.09,258.87,7.01,349,1265.76,1339.96,40,418,55
2023-04-29,26,1139,Beauty,North,1,1,Rainy,33.1,87.86,230.82,4.75,517,661.83,615.33,34,244,95
2023-04-30,25,1042,Beauty,North,1,0,Rainy,23.7,114.28,219.94,10.48,317,1809.24,1895.07,50,321,44
2023-05-01,8,1022,Furniture,West,0,1,Sunny,29.5,108.04,239.14,4.6,845,193.74,197.7,18,120,59
2023-05-02,1,1173,Toys,West,0,1,Sunny,29.1,81.79,256.63,9.88,679,1570.43,1502.76,11,206,90
2023-05-03,3,1157,Sports,West,0,0,Sunny,16.9,100.39,229.72,7.94,593,281.84,301.48,39,390,33
2023-05-04,11,1140,Clothing,North,0,1,Cloudy,35.3,96.58,259.79,8.46,96,1375.1,1284.46,16,421,152
2023-05-05,7,1151,Beauty,North,0,0,Cloudy,36.4,85.13,221.41,9.22,446,487.9,521.97,16,192,30
2023-05-06,12,1164,Electronics,North,1,1,Cloudy,30.9,118.94,284.09,3.64,564,505.97,459.78,14,47,40
2023-05-07,48,1176,Clothing,South,1,0,Sunny,17.6,109.22,244.19,5.46,806,160.45,154.05,32,380,87
2023-05-08,23,1092,Clothing,North,1,1,Cloudy,28.8,102.27,280.03,5.39,167,831.4,813.36,1,263,119
2023-05-09,11,1194,Sports,South,0,0,Rainy,13.2,83.93,232.22,11.82,547,630.97,635.77,23,460,78
2023-05-10,15,1179,Electronics,East,0,0,Sunny,39.0,111.57,195.54,11.45,255,455.43,466.22,26,62,0
2023-05-11,38,1190,Grocery,North,0,0,Sunny,23.4,80.35,281.74,7.01,889,1228.12,1183.54,33,38,8
2023-05-12,44,1026,Sports,West,1,1,Sunny,32.0,98.65,272.08,4.41,266,1787.93,1964.52,45,297,121
2023-05-13,39,1076,Furniture,West,1,0,Cloudy,25.4,103.49,251.27,7.6,213,724.44,744.74,17,118,17
2023-05-14,31,1111,Beauty,East,0,0,Rainy,10.5,104.0,252.42,3.19,710,285.99,284.02,38,291,36
2023-05-15,5,1016,Toys,East,1,1,Rainy,33.9,92.16,279.4,8.04,456,740.8,696.42,13,49,14
2023-05-16,15,1033,Clothing,South,1,1,Cloudy,37.4,80.57,224.25,5.57,970,1349.95,1242.66,18,170,80
2023-05-17,30,1159,Sports,East,0,1,Cloudy,36.9,84.59,299.32,7.72,546,1174.36,1097.11,4,230,97
2023-05-18,1,1031,Beauty,West,1,1,Sunny,25.7,106.9,261.35,5.45,647,1381.9,1302.2,26,433,182
2023-05-19,14,1025,Furniture,West,0,1,Sunny,10.3,92.19,188.43,3.86,66,1640.27,1791.58,42,480,168
2023-05-20,1,1171,Clothing,West,1,1,Cloudy,36.4,90.38,262.39,3.53,653,811.25,817.29,49,392,154
2023-05-21,4,1070,Grocery,North,0,1,Cloudy,16.3,90.94,187.05,6.88,274,471.33,433.27,38,126,41
2023-05-22,26,1020,Furniture,East,1,0,Rainy,26.3,99.58,258.01,7.74,225,285.46,264.84,48,52,7
2023-05-23,32,1188,Clothing,North,1,1,Cloudy,35.7,105.61,253.18,11.31,494,1295.7,1239.6,44,416,173
2023-05-24,4,1030,Beauty,East,0,0,Sunny,24.6,102.73,212.17,11.33,888,373.36,365.58,7,463,69
2023-05-25,25,1061,Electronics,East,1,1,Rainy,12.6,98.48,299.63,10.21,378,688.36,634.39,14,215,91
2023-05-26,41,1005,Electronics,West,1,1,Sunny,27.0,114.15,231.59,8.83,336,1286.74,1232.61,31,463,212
2023-05-27,3,1021,Clothing,South,1,0,Sunny,33.5,86.51,225.16,10.61,531,1599.73,1721.32,9,279,51
2023-05-28,26,1146,Electronics,East,1,0,Cloudy,23.0,88.3,210.92,9.56,982,961.46,1020.99,27,497,89
2023-05-29,42,1160,Furniture,West,0,1,Rainy,21.6,96.31,274.81,3.06,790,1488.58,1366.69,43,301,113
2023-05-30,13,1018,Beauty,North,0,0,Cloudy,25.2,86.44,257.03,9.28,241,466.69,440.53,21,488,67
2023-05-31,40,1189,Clothing,West,0,0,Cloudy,13.7,96.25,259.79,6.45,874,1157.9,1119.38,29,377,34
2023-06-01,5,1072,Sports,West,1,1,Rainy,33.8,118.88,220.44,7.67,811,1296.97,1250.11,3,475,199
2023-06-02,35,1200,Grocery,South,1,1,Cloudy,11.3,102.69,198.6,10.72,921,423.67,410.5,29,317,128
2023-06-03,40,1132,Beauty,West,0,1,Rainy,27.5,116.28,202.69,9.03,512,640.41,645.47,24,145,51
2023-06-04,38,1182,Toys,East,0,1,Rainy,16.3,87.22,224.68,4.95,265,1350.71,1462.36,19,433,182
2023-06-05,26,1012,Furniture,South,1,1,Sunny,20.3,81.91,188.81,8.84,71,1566.12,1698.41,17,325,141
2023-06-06,3,1014,Beauty,South,0,1,Sunny,15.7,89.13,293.35,9.37,308,144.45,144.24,19,398,184
2023-06-07,8,1040,Grocery,West,1,0,Cloudy,28.7,110.44,203.3,10.67,703,685.72,660.89,28,486,84
2023-06-08,17,1076,Clothing,South,1,1,Rainy,15.1,99.83,234.2,3.28,972,507.48,478.83,21,126,64
2023-06-09,24,1027,Toys,East,1,1,Cloudy,36.9,107.54,298.87,8.55,976,105.69,109.46,43,287,117
2023-06-10,24,1069,Grocery,South,1,1,Rainy,37.7,100.68,256.7,3.65,750,529.98,555.79,0,329,139
2023-06-11,42,1047,Electronics,West,0,1,Cloudy,22.9,102.07,220.83,7.83,283,461.02,457.1,35,200,76
2023-06-12,1,1141,Electronics,West,0,0,Rainy,30.2,86.06,258.49,5.94,938,1804.64,1806.05,43,467,56
2023-06-13,6,1084,Toys,West,1,1,Sunny,27.2,109.58,222.37,3.02,393,862.21,887.73,34,213,75
2023-06-14,41,1113,Grocery,South,0,1,Rainy,20.7,106.79,295.26,8.08,839,1344.08,1415.1,13,127,55
2023-06-15,40,1166,Toys,South,0,1,Sunny,17.3,110.2,181.07,3.19,951,213.54,225.9,40,201,51
2023-06-16,10,1054,Clothing,South,0,1,Rainy,20.2,117.6,215.05,8.59,869,1440.12,1315.59,18,370,123
2023-06-17,26,1048,Clothing,South,0,1,Sunny,19.9,80.56,210.25,3.63,300,887.85,861.66,36,431,160
2023-06-18,22,1193,Clothing,North,0,0,Cloudy,38.9,91.03,253.41,3.07,712,1518.33,1430.97,3,352,60
2023-06-19,30,1074,Toys,North,1,0,Sunny,19.1,98.27,224.18,4.91,626,693.59,633.21,41,252,39
2023-06-20,18,1199,Furniture,North,1,1,Cloudy,10.8,101.67,191.19,5.31,970,1669.06,1621.49,47,21,0
2023-06-21,48,1045,Toys,East,1,0,Sunny,19.4,118.09,289.97,5.1,284,1138.06,1156.41,28,342,61
2023-06-22,22,1094,Beauty,East,1,1,Sunny,15.7,102.72,195.58,10.68,580,1134.0,1096.71,37,381,159
2023-06-23,36,1189,Beauty,East,1,0,Sunny,38.6,101.3,256.56,4.75,156,1542.5,1527.22,42,266,39
2023-06-24,50,1085,Furniture,West,1,0,Cloudy,13.0,105.24,245.2,5.42,497,244.38,233.35,29,334,67
2023-06-25,21,1021,Toys,North,1,1,Cloudy,20.8,94.98,287.43,3.23,816,464.06,420.67,32,132,26
2023-06-26,49,1101,Toys,West,0,1,Rainy,38.2,101.09,217.22,9.76,287,217.05,230.54,23,357,144
2023-06-27,41,1152,Grocery,West,0,0,Cloudy,21.4,102.36,198.03,8.4,641,163.97,178.9,18,182,13
2023-06-28,2,1113,Furniture,South,1,1,Rainy,17.9,110.65,250.97,7.86,893,726.95,753.06,21,70,17
2023-06-29,18,1063,Clothing,North,0,0,Cloudy,24.8,82.49,200.37,6.73,245,1795.32,1801.44,13,106,3
2023-06-30,15,1079,Beauty,West,0,1,Sunny,21.0,117.08,199.53,4.89,773,871.33,895.26,6,348,132
2023-07-01,20,1132,Clothing,North,1,0,Sunny,39.9,90.0,276.08,7.69,389,1131.6,1038.51,10,493,97
2023-07-02,18,1129,Clothing,South,0,0,Cloudy,11.2,108.56,276.98,5.57,781,1114.69,1186.48,33,377,39
2023-07-03,34,1029,Beauty,South,0,1,Rainy,16.6,103.74,251.93,3.24,559,865.03,778.58,31,288,100
2023-07-04,3,1075,Toys,North,0,0,Sunny,32.1,107.29,295.01,6.43,125,397.83,428.8,48,190,53
2023-07-05,50,1171,Beauty,West,1,1,Cloudy,25.9,106.81,283.53,8.98,969,1783.12,1810.42,35,304,114
2023-07-06,24,1171,Electronics,East,1,0,Rainy,11.3,114.61,272.99,4.55,216,219.36,210.27,5,451,96
2023-07-07,30,1014,Furniture,East,1,0,Sunny,30.2,117.17,211.99,6.3,77,1933.17,1943.86,18,284,60
2023-07-08,8,1142,Clothing,East,0,1,Cloudy,10.3,116.09,254.21,7.66,114,1887.33,1888.15,0,182,85
2023-07-09,16,1086,Clothing,North,0,1,Sunny,23.4,85.99,243.4,7.59,206,743.91,709.02,20,348,148
2023-07-10,18,1164,Clothing,North,1,0,Cloudy,33.9,113.56,269.14,7.61,186,514.62,465.74,1,112,0
2023-07-11,42,1113,Sports,South,1,0,Sunny,25.1,118.98,271.26,10.47,556,1712.03,1580.72,20,337,75
2023-07-12,1,1155,Furniture,North,1,0,Rainy,32.4,102.06,189.77,8.13,309,233.41,215.58,48,381,60
2023-07-13,17,1161,Beauty,East,1,0,Cloudy,22.5,92.14,225.57,5.34,653,154.76,165.42,41,362,77
2023-07-14,33,1007,Furniture,South,1,0,Sunny,19.9,115.19,213.22,5.56,616,1574.39,1723.47,35,53,12
2023-07-15,32,1135,Grocery,North,0,0,Rainy,13.4,81.34,252.13,4.59,766,1054.19,1122.44,7,134,14
2023-07-16,16,1035,Furniture,North,0,0,Cloudy,34.1,114.11,241.38,4.7,520,1677.12,1577.86,22,453,74
2023-07-17,45,1128,Electronics,East,1,1,Rainy,26.5,83.19,269.49,6.71,73,1094.88,1050.8,1,121,36
2023-07-18,35,1127,Clothing,South,1,1,Rainy,14.6,107.17,297.52,6.49,788,1692.2,1730.34,14,414,171
2023-07-19,39,1034,Sports,East,1,1,Sunny,32.7,97.91,202.89,7.12,858,1877.82,1691.97,9,306,132
2023-07-20,35,1096,Clothing,South,0,0,Sunny,36.7,112.58,276.8,3.58,97,335.48,357.47,35,23,0
2023-07-21,17,1146,Clothing,North,0,0,Rainy,20.9,95.77,238.43,9.71,156,1416.96,1410.77,16,59,18
2023-07-22,34,1093,Furniture,West,1,0,Sunny,31.7,95.49,205.59,4.23,382,1306.41,1303.92,11,409,83
2023-07-23,17,1066,Sports,South,0,1,Rainy,34.8,90.44,190.03,8.38,855,1706.56,1551.2,19,364,134
2023-07-24,29,1155,Clothing,West,1,1,Rainy,29.5,93.83,186.45,10.51,652,1364.11,1481.34,33,185,76
2023-07-25,25,1034,Clothing,South,1,0,Rainy,28.1,91.58,288.41,4.49,668,552.32,558.54,36,233,45
2023-07-26,16,1085,Furniture,East,1,0,Sunny,32.7,87.95,211.2,10.84,746,1923.91,2073.19,50,22,5
2023-07-27,39,1172,Toys,North,0,0,Sunny,32.3,107.9,260.12,4.21,994,1238.07,1216.91,10,197,22
2023-07-28,2,1090,Furniture,East,0,0,Rainy,27.0,119.68,279.73,11.42,84,142.25,146.88,27,162,8
2023-07-29,29,1102,Electronics,West,1,0,Rainy,31.1,91.71,187.44,4.2,776,1756.06,1644.89,22,422,84
2023-07-30,35,1135,Clothing,South,0,1,Sunny,21.3,91.46,286.45,8.18,684,649.23,666.68,1,78,20
2023-07-31,34,1030,Grocery,North,0,0,Sunny,19.8,107.14,211.58,10.82,661,1313.54,1360.39,16,393,50
2023-08-01,39,1043,Grocery,West,0,0,Cloudy,22.8,99.42,211.17,11.3,498,456.59,431.24,13,157,18
2023-08-02,31,1012,Grocery,West,0,0,Rainy,31.9,102.82,209.1,9.99,538,1520.14,1535.03,30,53,0
2023-08-03,31,1168,Furniture,East,0,0,Rainy,25.2,104.0,193.83,3.34,429,1357.37,1405.42,21,487,56
2023-08-04,12,1135,Grocery,West,1,1,Sunny,38.7,85.98,203.11,10.74,406,746.85,804.98,22,61,12
2023-08-05,47,1081,Beauty,North,0,1,Cloudy,19.9,107.74,191.36,3.02,516,744.49,722.81,48,291,102
2023-08-06,10,1084,Sports,North,1,0,Cloudy,33.0,82.87,193.44,6.61,945,1138.31,1066.0,32,79,0
2023-08-07,12,1085,Toys,East,1,0,Rainy,11.5,105.09,216.04,4.21,705,293.94,280.58,5,388,80
2023-08-08,35,1145,Electronics,North,1,1,Cloudy,23.7,94.6,215.66,10.6,75,784.87,772.7,2,161,65
2023-08-09,22,1199,Beauty,South,0,1,Cloudy,39.8,118.52,196.16,11.17,185,1541.99,1399.09,23,25,11
2023-08-10,35,1016,Grocery,East,1,0,Sunny,33.8,93.39,236.99,11.86,654,654.38,591.27,33,448,97
2023-08-11,28,1109,Toys,North,1,1,Cloudy,25.7,110.68,231.24,5.51,462,896.29,908.56,12,206,93
2023-08-12,24,1124,Sports,North,0,0,Cloudy,14.7,86.41,238.23,3.05,997,245.43,227.67,40,135,14
2023-08-13,49,1087,Furniture,South,1,0,Cloudy,17.0,87.47,271.59,3.35,870,1667.77,1558.75,30,357,84
2023-08-14,28,1192,Furniture,North,0,0,Sunny,19.8,88.07,239.31,9.92,55,1937.49,1948.62,1,467,62
2023-08-15,21,1064,Sports,South,1,1,Rainy,16.6,86.21,213.09,7.02,628,543.06,512.77,23,403,171
2023-08-16,28,1066,Sports,East,1,1,Cloudy,10.3,98.65,210.86,10.83,508,1057.72,1061.69,14,34,8
2023-08-17,4,1089,Furniture,East,0,1,Rainy,21.0,107.36,202.97,11.42,639,1376.66,1276.02,45,329,136
2023-08-18,49,1200,Toys,North,0,1,Cloudy,16.9,80.7,237.7,11.67,188,238.79,255.65,48,222,69
2023-08-19,45,1089,Grocery,East,0,0,Sunny,37.5,84.32,245.23,11.99,438,1530.16,1464.82,8,336,59
2023-08-20,15,1045,Electronics,East,1,1,Cloudy,16.8,109.03,210.51,5.76,24,1242.4,1302.69,33,260,98
2023-08-21,47,1198,Furniture,West,1,1,Sunny,26.8,115.74,253.25,8.58,229,765.11,795.76,28,483,204
2023-08-22,14,1022,Furniture,West,0,1,Rainy,38.7,111.54,209.02,3.31,656,1454.61,1542.16,27,317,121
2023-08-23,19,1028,Furniture,South,0,0,Sunny,20.6,103.23,219.5,7.19,127,658.61,700.38,1,202,26
2023-08-24,2,1093,Electronics,East,0,0,Rainy,12.8,100.67,278.64,11.8,743,831.24,796.22,48,29,0
2023-08-25,2,1144,Electronics,South,0,0,Cloudy,32.6,85.81,290.09,8.7,703,79.56,78.04,22,217,23
2023-08-26,50,1136,Electronics,West,0,0,Cloudy,22.0,110.43,214.88,8.97,151,1309.07,1223.97,6,224,39
2023-08-27,29,1061,Grocery,West,1,0,Rainy,15.8,110.7,250.2,5.29,190,1947.33,1867.34,41,28,0
2023-08-28,47,1199,Beauty,North,0,0,Sunny,23.5,94.27,224.14,10.67,629,711.2,726.49,19,394,38
2023-08-29,22,1168,Clothing,South,0,1,Cloudy,28.8,109.85,192.41,5.87,338,970.28,1065.94,24,476,180
2023-08-30,16,1051,Furniture,West,1,0,Cloudy,10.0,92.75,212.73,3.79,547,70.78,72.61,15,314,61
2023-08-31,46,1026,Beauty,South,0,0,Rainy,28.8,96.94,263.73,11.64,70,248.52,229.27,43,194,11
2023-09-01,16,1110,Clothing,South,1,1,Cloudy,32.9,85.64,228.37,4.2,169,1606.4,1656.99,26,492,225
2023-09-02,45,1025,Toys,North,1,0,Rainy,33.0,111.19,188.8,10.26,468,61.22,64.04,6,347,78
2023-09-03,3,1034,Sports,North,1,0,Cloudy,27.5,108.73,275.39,9.35,176,230.48,211.68,28,72,20
2023-09-04,2,1182,Electronics,North,1,1,Sunny,14.9,86.1,212.62,7.9,82,858.91,802.85,19,457,195
2023-09-05,47,1110,Grocery,South,0,0,Cloudy,11.9,87.46,241.55,8.28,913,158.66,157.42,17,309,29
2023-09-06,22,1050,Toys,North,0,0,Sunny,36.7,116.55,190.43,11.87,867,1562.69,1619.66,2,461,85
2023-09-07,20,1114,Beauty,East,1,1,Sunny,15.8,119.18,188.65,3.48,425,1536.52,1577.08,16,252,99
2023-09-08,15,1075,Electronics,South,1,0,Cloudy,25.8,81.41,191.35,9.59,748,1407.87,1448.3,20,477,87
2023-09-09,3,1013,Toys,North,0,1,Rainy,35.0,80.28,291.3,11.56,918,95.85,104.51,28,269,116
2023-09-10,48,1046,Furniture,North,1,1,Cloudy,18.0,89.15,209.24,8.83,956,913.96,918.38,17,409,159
2023-09-11,35,1140,Grocery,East,1,0,Cloudy,10.8,100.97,246.27,5.8,885,1395.64,1530.16,0,375,88
2023-09-12,11,1094,Beauty,South,1,0,Sunny,14.6,114.0,224.55,5.07,252,1640.61,1717.3,15,211,43
2023-09-13,20,1116,Grocery,South,0,0,Rainy,39.8,87.39,297.25,4.42,352,379.84,363.71,16,113,24
2023-09-14,14,1062,Sports,North,0,0,Sunny,23.6,99.33,213.26,4.09,469,897.53,973.43,29,464,50
2023-09-15,49,1155,Toys,East,1,0,Sunny,10.9,102.93,237.65,8.39,721,1087.16,1038.76,47,451,71
2023-09-16,24,1081,Clothing,South,1,0,Sunny,20.4,84.41,287.09,9.48,870,1618.22,1620.15,4,346,60
2023-09-17,34,1031,Clothing,East,1,0,Rainy,23.4,97.15,298.32,7.65,816,1641.44,1657.61,29,226,35
2023-09-18,3,1088,Toys,North,0,1,Cloudy,34.3,114.5,240.06,4.3,834,1673.4,1804.74,12,197,61
2023-09-19,45,1199,Toys,South,0,0,Sunny,28.7,93.25,222.1,5.9,512,807.44,728.49,31,292,29
2023-09-20,9,1154,Sports,South,1,1,Sunny,20.6,105.26,250.49,5.99,469,1342.5,1358.21,26,350,136
2023-09-21,10,1196,Grocery,North,1,0,Rainy,13.7,89.86,216.5,7.67,212,966.09,904.46,50,497,73
2023-09-22,50,1132,Beauty,South,0,0,Rainy,26.5,82.02,209.05,6.1,318,1764.27,1688.45,4,290,60
2023-09-23,38,1170,Beauty,East,0,1,Cloudy,11.9,92.01,274.57,9.81,75,1654.46,1573.57,22,253,108
2023-09-24,9,1020,Electronics,West,0,1,Sunny,34.7,104.89,254.32,10.93,701,1740.26,1633.69,24,196,79
2023-09-25,39,1155,Toys,West,0,1,Rainy,29.4,112.93,215.91,11.86,252,263.37,286.13,1,211,90
2023-09-26,46,1155,Sports,East,0,0,Rainy,31.0,100.28,223.21,3.24,704,323.05,342.88,9,240,24
2023-09-27,9,1189,Clothing,East,1,1,Rainy,28.7,93.07,232.52,8.1,276,854.96,825.14,17,50,12
2023-09-28,14,1193,Clothing,South,1,0,Sunny,36.9,82.27,181.45,7.95,293,519.04,478.74,1,452,92
2023-09-29,21,1059,Toys,North,0,0,Rainy,11.0,101.92,228.56,10.06,422,480.97,465.27,26,423,73
2023-09-30,39,1006,Clothing,East,0,0,Sunny,28.7,84.75,190.44,10.36,127,1138.39,1079.83,35,358,44
2023-10-01,25,1191,Grocery,West,0,0,Sunny,36.4,99.88,255.11,3.17,636,572.44,546.86,8,476,80
2023-10-02,34,1046,Clothing,South,0,1,Rainy,30.4,101.3,299.92,11.17,952,1454.73,1541.93,3,157,64
2023-10-03,35,1004,Sports,West,1,0,Cloudy,34.7,105.49,222.06,6.37,278,1544.52,1565.86,22,373,64
2023-10-04,31,1099,Beauty,East,0,0,Cloudy,23.1,83.83,191.31,4.16,49,997.92,900.65,14,107,10
2023-10-05,30,1178,Electronics,South,0,1,Rainy,33.7,89.16,273.24,9.89,560,561.59,568.3,36,278,105
2023-10-06,28,1160,Beauty,South,1,0,Sunny,26.0,118.37,224.04,3.92,466,1074.07,1064.73,13,199,38
2023-10-07,49,1179,Beauty,West,1,1,Cloudy,28.0,82.54,255.35,4.64,504,1960.11,1947.42,22,400,183
2023-10-08,37,1020,Electronics,North,1,0,Rainy,33.7,88.57,192.77,9.41,773,860.78,904.36,6,33,5
2023-10-09,22,1108,Clothing,West,1,1,Rainy,24.4,112.76,290.98,10.45,680,1452.11,1405.92,47,108,46
2023-10-10,7,1149,Furniture,West,1,1,Rainy,34.6,114.09,236.1,8.4,903,1786.37,1900.6,26,163,57
2023-10-11,3,1040,Clothing,West,0,1,Cloudy,35.6,95.27,240.76,3.22,94,183.76,195.65,37,175,72
2023-10-12,30,1039,Clothing,East,1,1,Cloudy,21.6,116.56,232.0,11.41,369,487.98,466.79,44,382,174
2023-10-13,1,1009,Grocery,South,1,1,Rainy,16.4,81.15,190.2,3.61,893,807.85,771.77,38,493,210
2023-10-14,48,1046,Grocery,West,1,1,Cloudy,27.7,94.41,195.05,6.62,750,1874.97,1967.58,21,197,69
2023-10-15,39,1048,Beauty,South,0,0,Sunny,36.6,109.94,284.77,10.26,892,779.24,707.11,23,69,0
2023-10-16,47,1144,Grocery,West,0,0,Cloudy,13.1,118.61,258.06,9.05,444,92.35,91.08,43,188,10
2023-10-17,24,1079,Toys,West,1,0,Cloudy,11.2,117.75,268.57,4.46,852,164.99,175.51,38,74,0
2023-10-18,17,1015,Sports,West,1,1,Rainy,18.3,92.22,214.0,3.64,193,1714.35,1706.26,49,171,59
2023-10-19,3,1120,Sports,North,1,0,Rainy,19.1,105.36,271.08,7.15,620,1206.21,1276.67,47,224,24
2023-10-20,48,1068,Furniture,South,0,1,Rainy,12.5,83.02,228.21,5.44,35,1801.01,1925.49,39,368,128
2023-10-21,50,1016,Clothing,West,0,0,Sunny,23.4,90.68,234.0,9.44,829,1471.68,1486.77,39,82,0
2023-10-22,17,1171,Furniture,East,0,1,Rainy,12.4,104.98,256.91,5.25,55,1912.03,1755.76,8,45,22
2023-10-23,41,1090,Clothing,East,0,1,Sunny,22.2,119.55,291.03,5.04,702,329.6,334.36,18,41,20
2023-10-24,17,1117,Grocery,North,0,1,Rainy,21.1,119.32,292.37,10.23,168,1489.23,1577.18,4,178,75
2023-10-25,47,1159,Furniture,South,0,1,Cloudy,38.7,102.18,210.42,8.41,481,238.5,255.1,16,147,55
2023-10-26,39,1112,Furniture,North,0,1,Rainy,26.1,106.93,183.52,3.6,954,522.99,474.8,18,416,156
2023-10-27,31,1087,Electronics,North,0,0,Cloudy,39.6,116.85,292.81,9.03,333,1543.62,1487.1,25,106,4
2023-10-28,27,1145,Sports,East,1,0,Cloudy,24.7,88.21,290.75,11.6,377,1946.13,2107.11,26,327,56
2023-10-29,18,1024,Clothing,West,0,0,Cloudy,21.0,102.86,209.45,7.47,724,1185.81,1163.68,42,100,1
2023-10-30,18,1141,Beauty,North,0,0,Cloudy,32.6,90.39,202.31,11.82,551,987.58,1063.7,26,184,33
2023-10-31,8,1190,Clothing,North,0,0,Sunny,32.0,106.24,263.3,4.06,44,796.48,774.9,24,266,39
2023-11-01,32,1104,Furniture,West,0,0,Rainy,33.0,81.14,261.44,5.28,896,176.99,184.4,8,278,33
2023-11-02,41,1155,Grocery,South,0,1,Cloudy,32.4,95.39,269.34,9.1,291,909.02,971.12,33,283,107
2023-11-03,9,1079,Beauty,East,0,1,Rainy,18.4,95.96,281.19,8.55,456,1244.92,1352.19,38,75,10
2023-11-04,25,1023,Grocery,North,1,1,Cloudy,12.2,109.73,219.57,11.19,290,793.81,753.62,1,394,189
2023-11-05,8,1199,Sports,South,1,0,Cloudy,35.7,117.6,276.32,4.33,498,824.46,802.97,8,388,67
2023-11-06,1,1114,Beauty,East,1,0,Sunny,30.7,108.38,228.14,8.99,849,547.83,592.67,36,26,0
2023-11-07,11,1071,Sports,West,1,1,Cloudy,18.4,94.21,195.12,8.07,97,1489.21,1511.07,15,83,24
2023-11-08,42,1198,Grocery,South,1,0,Cloudy,17.7,101.14,185.59,8.79,646,1369.55,1460.12,14,67,2
2023-11-09,20,1037,Toys,North,1,0,Rainy,25.4,86.2,290.03,10.5,173,638.86,647.67,40,287,55
2023-11-10,30,1166,Grocery,South,1,0,Cloudy,13.4,83.35,251.01,10.38,972,412.89,446.79,34,324,63
2023-11-11,19,1092,Furniture,South,1,0,Cloudy,33.0,80.67,192.99,7.43,786,90.85,92.6,28,459,73
2023-11-12,21,1017,Sports,South,0,0,Cloudy,39.6,109.47,280.79,4.02,471,1509.35,1422.36,34,163,28
2023-11-13,39,1082,Toys,South,1,0,Rainy,38.8,102.35,252.69,8.97,199,1482.02,1606.71,29,315,61
2023-11-14,4,1148,Clothing,South,0,1,Sunny,21.8,95.16,220.35,7.81,510,1517.98,1554.5,19,223,88
2023-11-15,36,1096,Furniture,West,1,1,Cloudy,31.7,90.64,222.31,7.78,792,1393.45,1510.82,39,354,153
2023-11-16,30,1013,Sports,East,1,0,Sunny,14.6,88.46,270.7,8.25,311,1015.64,976.44,22,401,55
2023-11-17,22,1062,Sports,East,0,0,Sunny,27.2,102.3,227.3,6.74,757,1505.07,1432.55,36,330,53
2023-11-18,30,1183,Grocery,West,0,1,Cloudy,30.5,113.1,212.79,6.99,723,1810.41,1637.03,11,469,182
2023-11-19,37,1132,Electronics,West,1,1,Cloudy,11.0,87.07,187.78,6.45,545,686.56,739.43,27,120,39
2023-11-20,1,1134,Toys,West,0,0,Rainy,12.4,92.12,260.49,8.39,249,1784.4,1801.04,46,87,8
2023-11-21,5,1102,Electronics,North,1,0,Rainy,14.1,106.59,258.03,10.75,565,1492.31,1595.25,47,37,0
2023-11-22,49,1008,Furniture,East,0,1,Sunny,38.8,112.71,200.07,7.25,628,1672.39,1749.6,27,105,33
2023-11-23,26,1071,Clothing,South,0,0,Rainy,26.3,118.0,221.23,7.36,712,1532.54,1418.74,24,416,69
2023-11-24,47,1115,Grocery,North,0,0,Rainy,11.4,84.11,223.17,7.62,480,1757.08,1702.68,4,274,58
2023-11-25,15,1148,Toys,South,0,1,Sunny,30.2,118.01,236.06,7.59,583,1828.42,1812.57,38,150,47
2023-11-26,14,1031,Toys,North,0,1,Sunny,29.5,107.26,296.77,3.87,657,244.89,254.15,37,393,161
2023-11-27,29,1090,Beauty,West,0,0,Rainy,34.6,99.21,212.12,6.1,963,897.82,971.44,28,466,43
2023-11-28,34,1102,Clothing,East,1,0,Sunny,16.2,82.14,183.42,7.69,980,1242.53,1254.66,35,275,54
2023-11-29,3,1092,Furniture,West,1,0,Sunny,34.4,88.09,233.22,9.07,199,1614.94,1532.1,5,89,27
2023-11-30,4,1132,Electronics,North,1,0,Sunny,19.2,92.44,255.89,3.36,763,955.22,950.2,48,276,58
2023-12-01,45,1058,Beauty,East,1,0,Rainy,19.7,88.88,251.02,7.96,344,1428.17,1475.5,43,118,0
2023-12-02,23,1012,Clothing,South,1,1,Rainy,33.7,95.24,229.19,3.21,27,71.89,78.4,36,127,42
2023-12-03,2,1063,Furniture,East,0,0,Cloudy,31.9,115.1,256.97,5.01,161,572.92,547.03,35,377,45
2023-12-04,7,1059,Sports,South,0,1,Cloudy,34.1,98.7,200.02,11.62,294,383.65,385.82,20,64,26
2023-12-05,29,1161,Furniture,East,1,1,Rainy,34.7,101.51,264.02,6.69,728,293.73,269.22,21,496,215
2023-12-06,28,1061,Furniture,North,1,0,Rainy,19.8,110.53,285.59,3.82,66,782.56,749.35,23,97,30
2023-12-07,50,1167,Furniture,West,0,1,Rainy,20.5,85.57,298.92,4.63,694,837.9,796.64,27,373,143
2023-12-08,38,1175,Furniture,West,0,0,Cloudy,32.3,117.56,229.82,5.15,341,52.99,56.03,30,21,0
2023-12-09,22,1148,Beauty,North,1,1,Rainy,22.2,88.53,201.68,10.27,227,322.39,337.55,43,359,139
2023-12-10,11,1125,Sports,South,1,0,Sunny,27.1,113.09,261.61,10.74,890,60.03,62.97,0,171,33
2023-12-11,23,1077,Beauty,North,1,0,Sunny,29.6,113.21,187.8,3.71,310,1110.3,1037.31,23,395,69
2023-12-12,42,1113,Toys,South,1,0,Cloudy,27.2,93.53,192.01,10.21,429,506.68,504.28,38,26,0
2023-12-13,13,1085,Beauty,East,0,1,Sunny,27.9,93.22,190.03,7.24,517,516.15,518.99,13,106,28
2023-12-14,27,1160,Beauty,North,0,0,Sunny,25.7,101.56,207.31,6.16,587,1229.31,1174.48,49,411,41
2023-12-15,10,1116,Toys,South,0,1,Rainy,20.7,98.78,232.21,5.3,591,1714.84,1562.13,15,270,101
2023-12-16,35,1128,Electronics,North,1,1,Sunny,19.2,85.2,266.87,6.3,118,147.5,142.12,39,251,107
2023-12-17,21,1105,Toys,East,1,0,Sunny,22.3,97.69,193.0,5.41,297,571.26,548.88,50,185,25
2023-12-18,46,1198,Sports,West,0,1,Cloudy,17.7,107.11,203.11,8.08,608,410.53,394.41,42,355,125
2023-12-19,33,1018,Electronics,South,0,1,Sunny,27.5,108.71,245.47,11.02,175,1037.3,1027.62,31,296,106
2023-12-20,13,1032,Grocery,East,0,0,Rainy,39.1,90.32,209.27,8.2,370,1772.4,1604.66,41,117,0
2023-12-21,38,1113,Toys,West,0,0,Rainy,36.3,98.5,192.55,7.53,537,1072.32,1168.24,25,142,26
2023-12-22,14,1101,Furniture,East,1,0,Sunny,30.1,107.24,209.58,10.86,297,805.37,848.94,2,87,26
2023-12-23,43,1126,Furniture,North,1,1,Sunny,17.9,81.92,244.2,5.62,753,418.73,439.39,27,336,145
2023-12-24,16,1082,Sports,East,1,1,Cloudy,12.3,98.01,202.23,8.6,464,1148.54,1067.63,6,306,134
2023-12-25,40,1135,Electronics,South,0,1,Sunny,11.9,83.37,287.07,5.24,843,1042.85,948.82,43,229,86
2023-12-26,45,1097,Sports,West,0,0,Sunny,13.5,84.19,199.7,6.61,472,739.04,715.99,34,119,19
2023-12-27,31,1168,Grocery,East,1,1,Cloudy,36.2,108.89,215.89,10.27,566,1431.67,1539.85,50,441,195
2023-12-28,36,1199,Beauty,East,0,0,Cloudy,17.7,98.2,274.38,8.46,222,1116.85,1136.64,35,125,0
2023-12-29,44,1010,Beauty,South,1,1,Rainy,31.8,100.69,280.09,8.53,277,1576.3,1455.83,17,396,157
2023-12-30,23,1097,Electronics,West,0,1,Cloudy,32.3,111.45,250.7,9.68,833,1532.36,1426.82,2,69,50
2023-12-31,34,1193,Electronics,North,1,0,Rainy,29.4,118.57,248.13,7.98,566,1774.73,1670.03,33,53,21
2024-01-01,32,1172,Electronics,East,1,0,Rainy,24.4,112.94,248.68,8.9,534,1664.27,1530.93,2,323,64
2024-01-02,42,1102,Electronics,East,0,0,Sunny,35.7,87.93,288.99,11.44,309,124.74,132.68,15,272,42
2024-01-03,46,1121,Furniture,South,0,0,Cloudy,19.5,113.51,285.27,6.67,423,761.17,804.21,47,141,0
2024-01-04,2,1111,Furniture,North,0,0,Cloudy,17.7,89.1,214.07,6.56,697,188.15,197.3,28,219,29
2024-01-05,3,1100,Sports,South,0,1,Cloudy,38.3,93.17,296.08,3.47,296,997.49,1071.09,30,320,122
2024-01-06,16,1044,Beauty,North,0,1,Sunny,25.6,102.33,248.6,10.9,613,681.45,734.42,17,272,119
2024-01-07,26,1168,Toys,West,1,0,Rainy,26.8,85.89,188.07,3.73,242,1358.34,1465.34,20,103,30
2024-01-08,44,1192,Beauty,North,1,1,Sunny,24.9,102.31,204.92,10.13,252,1633.95,1518.42,43,439,180
2024-01-09,17,1123,Furniture,West,1,0,Sunny,10.4,111.84,220.46,7.05,517,417.57,427.61,21,361,61
2024-01-10,40,1188,Furniture,West,0,1,Sunny,28.9,119.42,257.39,9.24,598,1496.44,1622.77,4,184,69
2024-01-11,9,1015,Clothing,West,1,1,Rainy,22.2,98.79,188.14,11.37,992,1232.5,1325.49,26,227,91
2024-01-12,40,1146,Beauty,South,1,1,Rainy,27.9,111.86,262.51,5.83,22,934.67,873.42,19,304,124
2024-01-13,7,1170,Electronics,South,1,0,Sunny,35.2,102.44,202.63,3.1,129,888.99,884.75,9,217,32
2024-01-14,22,1008,Furniture,East,0,0,Rainy,26.2,80.0,228.57,8.31,184,357.26,370.03,11,145,15
2024-01-15,3,1116,Grocery,West,1,0,Rainy,15.6,82.55,184.59,9.12,853,870.13,863.34,5,226,39
2024-01-16,21,1054,Clothing,East,0,1,Rainy,27.9,117.89,260.82,9.44,35,685.66,683.74,32,64,26
2024-01-17,6,1124,Furniture,North,1,1,Sunny,15.6,117.69,197.85,7.01,156,1608.51,1513.73,7,470,204
2024-01-18,19,1200,Grocery,South,1,1,Rainy,30.8,87.34,181.33,9.2,269,317.36,298.34,27,300,127
2024-01-19,25,1141,Toys,South,1,0,Cloudy,22.3,106.62,257.91,11.32,767,367.16,384.2,14,236,17
2024-01-20,4,1129,Electronics,West,0,0,Cloudy,12.3,108.2,212.53,9.1,841,995.08,952.29,37,324,32
2024-01-21,48,1181,Toys,South,1,1,Sunny,38.5,87.28,224.7,3.18,98,292.9,320.45,23,225,92
2024-01-22,23,1123,Furniture,North,0,0,Cloudy,34.5,89.41,231.42,3.45,20,784.09,800.53,20,148,7
2024-01-23,48,1198,Grocery,South,1,0,Rainy,37.4,96.84,218.05,7.93,210,792.94,859.92,44,46,7
2024-01-24,21,1165,Furniture,South,1,0,Rainy,21.3,81.65,255.71,11.19,192,847.9,784.22,47,483,76
2024-01-25,14,1123,Grocery,South,0,1,Sunny,34.9,82.21,182.15,11.71,280,1011.66,1062.49,39,354,135
2024-01-26,17,1081,Toys,South,1,0,Cloudy,32.7,98.58,289.85,5.06,977,1453.05,1321.36,40,187,35
2024-01-27,25,1049,Beauty,North,1,1,Rainy,29.0,116.79,190.25,4.62,744,725.7,776.61,6,453,219
2024-01-28,38,1168,Furniture,West,1,1,Rainy,22.9,97.46,266.85,9.78,532,165.81,158.35,49,477,196
2024-01-29,1,1005,Sports,North,1,0,Sunny,30.9,101.95,205.26,6.32,455,447.84,424.46,34,247,35
2024-01-30,36,1147,Grocery,North,1,0,Rainy,18.4,110.79,294.28,6.7,419,1704.73,1659.35,3,358,89
2024-01-31,10,1178,Beauty,West,0,1,Cloudy,30.4,90.29,224.63,3.92,516,483.54,462.93,23,44,2
2024-02-01,46,1198,Sports,East,1,0,Rainy,16.5,110.97,243.6,10.61,918,1640.81,1533.3,25,92,17
2024-02-02,44,1159,Furniture,North,1,0,Sunny,19.5,98.87,258.98,6.44,634,1939.85,1983.13,15,186,42
2024-02-03,26,1155,Beauty,East,0,0,Cloudy,18.9,116.95,251.33,5.07,646,804.05,796.2,50,307,23
2024-02-04,5,1171,Clothing,South,1,0,Sunny,39.5,106.07,186.18,11.18,161,1747.94,1740.21,28,92,11
2024-02-05,41,1118,Electronics,North,0,1,Cloudy,22.0,111.71,279.75,7.37,766,181.2,178.78,14,235,84
2024-02-06,14,1063,Electronics,East,0,1,Rainy,28.2,110.66,180.95,6.84,275,1357.96,1340.64,2,489,204
2024-02-07,12,1170,Electronics,South,0,0,Cloudy,10.4,101.16,193.28,3.15,578,720.29,678.7,24,407,60
2024-02-08,16,1059,Sports,East,0,1,Cloudy,36.0,108.11,185.06,11.77,700,556.09,578.27,34,241,78
2024-02-09,21,1126,Grocery,South,1,1,Sunny,15.9,108.98,226.06,5.89,653,1506.9,1648.05,47,69,38
2024-02-10,45,1116,Clothing,East,1,1,Cloudy,30.0,104.97,281.72,5.64,412,1556.97,1535.77,37,42,6
2024-02-11,23,1177,Furniture,East,0,1,Sunny,21.8,94.83,186.2,4.81,300,308.43,279.38,22,247,82
2024-02-12,5,1063,Electronics,South,0,1,Cloudy,10.2,103.68,226.22,7.43,114,1599.57,1615.79,9,419,166
2024-02-13,10,1069,Furniture,South,0,1,Cloudy,39.4,85.78,286.59,3.21,371,1796.52,1751.48,42,123,30
2024-02-14,47,1092,Sports,South,1,0,Cloudy,11.1,80.55,283.91,3.86,193,839.22,880.0,2,126,23
2024-02-15,22,1079,Grocery,East,1,1,Cloudy,39.0,81.55,299.08,4.7,419,581.84,580.13,37,301,124
2024-02-16,31,1168,Clothing,West,1,0,Sunny,15.2,106.39,257.78,6.36,195,926.45,1006.84,38,410,73
2024-02-17,13,1098,Furniture,South,1,1,Cloudy,29.4,115.57,180.61,8.67,76,493.52,452.5,29,370,157
2024-02-18,32,1008,Clothing,North,1,1,Cloudy,35.6,118.88,274.65,7.1,86,1071.46,1046.28,37,253,117
2024-02-19,15,1056,Sports,North,1,0,Rainy,37.2,106.32,267.11,7.06,733,1440.4,1396.03,46,61,20
2024-02-20,10,1066,Electronics,East,1,1,Cloudy,15.1,93.15,255.4,5.85,970,1657.27,1793.98,9,103,55
2024-02-21,28,1098,Clothing,South,0,0,Rainy,18.6,119.52,251.49,4.66,638,1573.22,1522.64,38,78,0
2024-02-22,13,1192,Grocery,West,1,0,Sunny,14.6,109.15,223.85,8.57,828,703.09,693.4,26,51,2
2024-02-23,1,1093,Furniture,North,1,0,Sunny,34.2,113.5,292.92,6.42,613,829.11,818.8,43,154,7
2024-02-24,47,1171,Furniture,South,1,0,Sunny,26.3,85.14,262.01,3.74,463,928.03,1010.36,40,330,59
2024-02-25,31,1032,Beauty,South,1,0,Rainy,36.9,97.54,237.62,3.1,681,250.39,226.9,23,34,0
2024-02-26,22,1022,Furniture,West,1,1,Cloudy,12.4,106.69,227.93,3.28,150,994.74,1071.59,37,478,201
2024-02-27,36,1131,Beauty,East,0,0,Cloudy,27.7,83.63,204.04,10.19,107,1563.93,1557.82,46,93,1
2024-02-28,30,1155,Furniture,North,0,0,Cloudy,24.7,94.46,238.96,8.61,218,359.77,343.26,35,420,45
2024-02-29,6,1173,Toys,East,0,1,Cloudy,28.7,83.75,265.8,10.36,42,526.27,564.72,11,397,158
2024-03-01,43,1168,Electronics,East,1,0,Cloudy,11.0,112.71,195.5,11.01,853,1652.72,1533.88,26,199,39
2024-03-02,45,1114,Beauty,North,1,1,Cloudy,20.1,109.06,252.11,4.66,457,1680.52,1597.03,6,266,127
2024-03-03,48,1010,Electronics,East,1,0,Sunny,23.2,116.71,268.4,10.06,45,696.98,684.85,27,56,16
2024-03-04,29,1128,Beauty,North,0,1,Sunny,39.0,106.25,252.71,8.11,811,1281.83,1304.06,36,169,50
2024-03-05,25,1039,Toys,South,1,0,Rainy,26.8,115.62,291.28,6.99,920,873.21,954.63,22,221,29
2024-03-06,6,1022,Toys,West,1,0,Cloudy,24.4,90.39,250.43,3.65,892,282.14,274.33,22,121,0
2024-03-07,23,1148,Toys,West,0,1,Rainy,36.9,111.63,269.9,3.25,500,141.12,130.21,39,100,9
2024-03-08,49,1149,Clothing,North,1,0,Cloudy,22.6,111.59,189.45,11.0,129,1479.39,1459.35,2,165,20
2024-03-09,13,1147,Sports,North,1,0,Rainy,33.8,86.67,292.7,5.88,139,1919.1,1748.12,41,217,17
2024-03-10,10,1109,Clothing,South,0,1,Rainy,22.7,89.73,247.97,8.79,22,1995.53,1943.69,18,93,37
2024-03-11,16,1077,Sports,South,0,1,Sunny,19.7,95.66,246.18,11.57,795,1738.45,1814.71,9,302,110
2024-03-12,22,1111,Electronics,North,1,0,Cloudy,25.9,112.4,182.05,8.83,926,1117.97,1007.49,42,428,57
2024-03-13,49,1200,Clothing,North,0,0,Sunny,32.6,91.37,181.77,4.02,664,763.4,794.52,8,289,68
2024-03-14,10,1081,Toys,East,1,1,Sunny,15.0,102.28,184.68,7.06,865,277.85,292.67,23,235,121
2024-03-15,9,1131,Beauty,East,1,0,Rainy,19.8,100.72,263.74,11.51,784,862.73,841.94,5,416,85
2024-03-16,35,1143,Electronics,North,1,0,Rainy,37.6,114.26,280.52,6.35,352,333.44,360.91,8,73,18
2024-03-17,44,1050,Electronics,East,1,0,Rainy,19.7,97.45,276.47,5.36,882,995.85,1073.64,20,446,75
2024-03-18,28,1042,Furniture,North,1,0,Cloudy,14.9,119.36,197.44,3.95,413,1613.39,1761.5,25,430,63
2024-03-19,22,1161,Toys,South,0,0,Sunny,26.0,84.2,203.07,11.29,636,532.89,499.43,24,169,23
2024-03-20,41,1086,Electronics,North,1,1,Cloudy,25.7,83.44,268.91,9.82,964,59.73,62.45,3,262,101
2024-03-21,26,1106,Sports,North,0,0,Sunny,10.7,89.48,221.65,4.31,664,394.46,369.98,21,26,0
2024-03-22,26,1068,Furniture,South,0,1,Cloudy,24.1,80.48,188.29,8.72,184,1498.78,1570.64,15,372,147
2024-03-23,30,1171,Electronics,East,0,1,Cloudy,16.7,99.17,196.85,3.73,875,491.02,484.49,48,129,53
2024-03-24,37,1157,Furniture,East,1,1,Cloudy,14.6,87.69,220.69,4.78,152,769.43,725.57,17,39,19
2024-03-25,16,1145,Beauty,North,0,1,Rainy,28.2,97.39,228.22,3.19,599,1886.57,2011.21,12,433,164
2024-03-26,3,1015,Electronics,West,0,0,Rainy,24.7,106.86,198.26,10.26,109,70.6,73.72,12,463,77
2024-03-27,15,1022,Electronics,North,0,0,Cloudy,35.6,91.71,198.41,10.36,748,1601.98,1633.34,23,242,29
2024-03-28,45,1194,Clothing,West,1,1,Cloudy,36.7,89.87,185.15,7.11,820,329.87,298.14,6,23,15
2024-03-29,18,1147,Furniture,North,1,0,Rainy,32.5,118.72,246.45,4.04,226,111.26,111.44,11,183,49
2024-03-30,47,1130,Furniture,North,0,0,Sunny,20.3,99.56,286.55,10.43,673,242.16,224.75,2,367,50
2024-03-31,47,1045,Clothing,East,1,1,Sunny,18.9,109.74,241.36,5.04,225,1756.48,1769.54,19,104,43
2024-04-01,36,1120,Beauty,South,0,0,Sunny,23.2,118.21,235.96,6.32,337,1023.93,1016.91,24,172,25
2024-04-02,1,1091,Beauty,East,1,0,Sunny,13.4,92.34,197.43,11.11,361,1528.78,1558.47,16,221,39
2024-04-03,5,1016,Sports,West,0,0,Rainy,11.5,89.25,239.48,8.33,134,315.88,306.45,28,313,40
2024-04-04,41,1049,Grocery,North,1,1,Cloudy,33.3,115.82,271.25,8.49,424,396.91,396.21,0,312,141
2024-04-05,48,1135,Furniture,West,1,0,Rainy,16.0,118.6,228.28,11.53,402,1411.02,1371.86,47,491,85
2024-04-06,32,1176,Furniture,East,1,1,Cloudy,13.7,105.28,225.21,3.38,468,219.76,219.37,47,60,0
2024-04-07,23,1105,Furniture,South,1,0,Rainy,27.8,94.43,258.71,11.94,79,621.35,642.48,47,434,64
2024-04-08,29,1020,Electronics,South,1,0,Rainy,28.4,106.63,248.59,10.45,709,1819.12,1674.26,30,263,77
2024-04-09,42,1067,Clothing,East,0,0,Sunny,21.4,96.41,184.91,5.86,653,278.09,294.67,1,441,80
2024-04-10,5,1037,Sports,South,1,0,Sunny,20.5,96.32,201.0,4.28,735,1095.11,1036.36,23,227,43
2024-04-11,9,1163,Electronics,East,0,1,Sunny,11.7,90.99,206.25,3.61,345,1076.17,1122.44,50,80,22
2024-04-12,8,1034,Grocery,South,0,1,Sunny,31.8,86.06,251.91,9.87,337,1644.94,1607.16,7,91,41
2024-04-13,40,1103,Beauty,South,0,0,Rainy,21.8,117.21,192.12,9.45,502,1408.85,1540.29,8,233,19
2024-04-14,6,1070,Clothing,West,1,1,Cloudy,23.5,93.12,200.25,6.65,988,1336.05,1341.69,6,302,134
2024-04-15,41,1097,Electronics,South,1,1,Sunny,24.9,105.12,259.18,10.72,943,1171.99,1248.8,49,388,144
2024-04-16,19,1065,Beauty,East,1,0,Rainy,26.7,106.37,228.65,9.21,143,1721.99,1714.62,39,219,41
2024-04-17,13,1146,Electronics,North,1,0,Cloudy,37.6,108.31,240.11,5.1,38,1357.35,1400.78,23,278,40
2024-04-18,35,1008,Toys,West,0,1,Sunny,36.9,84.56,261.27,7.73,263,975.23,1031.26,11,348,142
2024-04-19,19,1080,Beauty,South,1,1,Rainy,25.5,99.26,248.58,3.51,155,903.72,852.98,21,258,96
2024-04-20,25,1080,Grocery,West,0,0,Rainy,31.3,86.43,214.18,6.62,297,294.8,292.14,49,104,0
2024-04-21,11,1057,Electronics,South,0,1,Sunny,10.2,93.38,187.78,9.62,284,1918.08,1885.7,39,116,33
2024-04-22,39,1092,Grocery,West,1,0,Sunny,32.7,86.37,184.49,9.06,192,61.67,60.68,40,399,69
2024-04-23,5,1058,Furniture,South,1,0,Cloudy,26.2,110.71,240.31,11.27,728,412.8,416.47,9,50,20
2024-04-24,18,1023,Grocery,East,0,1,Sunny,34.5,100.36,265.11,3.83,581,738.94,791.18,2,36,13
2024-04-25,47,1154,Electronics,West,1,1,Rainy,27.9,84.7,274.33,3.34,123,1195.12,1253.6,49,61,20
2024-04-26,1,1138,Furniture,South,0,0,Cloudy,20.0,91.87,282.32,6.7,538,558.04,611.49,30,180,25
2024-04-27,3,1177,Sports,West,0,1,Rainy,24.0,103.37,298.36,5.69,526,561.7,559.29,26,163,55
2024-04-28,25,1032,Toys,South,0,1,Sunny,31.1,85.67,184.37,9.4,770,1104.22,1144.99,27,251,97
2024-04-29,14,1175,Toys,East,0,0,Cloudy,19.2,95.22,191.43,4.25,612,261.66,261.84,19,400,43
2024-04-30,7,1190,Clothing,North,1,1,Sunny,18.9,86.62,282.1,6.53,415,1017.53,1053.74,6,236,116
2024-05-01,29,1137,Beauty,East,0,1,Sunny,24.8,119.0,211.7,5.15,783,1216.31,1263.08,16,89,32
2024-05-02,10,1132,Electronics,North,1,0,Rainy,32.1,100.46,222.45,8.93,139,745.01,749.35,2,253,60
2024-05-03,39,1021,Sports,East,0,0,Cloudy,25.5,86.53,241.66,11.17,663,62.58,68.45,25,40,0
2024-05-04,7,1089,Toys,South,1,0,Cloudy,26.1,100.93,213.66,6.39,600,859.38,819.99,23,128,32
2024-05-05,16,1188,Furniture,North,1,1,Cloudy,17.9,118.67,207.53,5.68,834,581.36,537.66,40,278,119
2024-05-06,24,1165,Electronics,East,1,1,Sunny,33.8,86.68,250.32,8.79,265,165.4,173.75,41,92,41
2024-05-07,1,1189,Clothing,West,0,1,Rainy,30.0,106.1,290.89,4.71,378,1137.78,1112.79,8,80,29
2024-05-08,35,1164,Clothing,North,0,1,Sunny,29.1,119.4,186.06,8.0,422,1677.56,1703.31,22,174,68
2024-05-09,5,1127,Beauty,South,0,0,Rainy,29.4,93.34,287.25,4.78,836,1957.96,1808.13,20,349,42
2024-05-10,30,1053,Sports,East,0,1,Sunny,32.1,105.79,255.72,11.32,124,1162.84,1248.94,47,132,46
2024-05-11,17,1133,Clothing,South,0,1,Cloudy,32.8,98.22,263.09,10.49,572,719.04,766.09,4,371,154
2024-05-12,18,1125,Toys,East,0,0,Sunny,40.0,111.75,259.83,6.03,36,955.66,1013.08,20,118,8
2024-05-13,21,1049,Grocery,East,1,1,Cloudy,14.5,107.21,289.29,8.95,957,1613.54,1600.47,24,346,153
2024-05-14,36,1195,Furniture,North,0,0,Rainy,14.1,86.7,258.46,6.32,153,1657.51,1799.64,25,385,49
2024-05-15,47,1127,Furniture,East,0,1,Rainy,31.5,118.1,207.28,5.19,98,1016.31,945.09,6,237,97
2024-05-16,48,1072,Grocery,North,1,1,Sunny,30.3,97.72,184.82,11.71,27,1277.51,1164.31,34,390,172
2024-05-17,13,1198,Toys,South,1,1,Cloudy,22.2,95.84,195.99,11.04,539,1847.45,2019.4,44,188,60
2024-05-18,45,1051,Sports,West,0,0,Sunny,19.9,93.14,212.62,4.87,531,1017.73,1031.74,15,166,16
2024-05-19,8,1120,Clothing,North,1,1,Sunny,37.8,118.43,196.59,4.01,732,284.4,303.19,44,197,79
2024-05-20,32,1008,Beauty,East,0,0,Sunny,36.8,80.75,211.84,10.36,913,870.49,933.06,36,335,28
2024-05-21,4,1014,Beauty,West,1,1,Rainy,32.9,87.87,269.48,11.73,948,773.35,773.53,16,41,13
2024-05-22,50,1180,Furniture,East,0,1,Rainy,31.6,97.06,208.0,7.97,357,81.73,73.67,20,114,28
2024-05-23,38,1088,Furniture,East,0,1,Cloudy,39.7,91.82,260.86,7.92,139,416.34,412.92,4,430,170
2024-05-24,7,1048,Toys,North,0,1,Sunny,19.1,101.38,200.8,6.22,900,1127.92,1015.32,29,444,169
2024-05-25,31,1040,Grocery,East,0,0,Cloudy,10.4,102.64,268.03,5.74,182,373.24,342.94,5,109,29
2024-05-26,5,1033,Toys,South,0,1,Sunny,31.1,104.61,187.11,4.89,181,399.93,410.41,29,309,107
2024-05-27,46,1055,Electronics,West,1,0,Cloudy,30.7,85.67,213.36,11.59,39,1889.93,1734.5,49,478,79
2024-05-28,44,1192,Toys,East,0,1,Sunny,17.0,100.27,198.55,7.51,752,1411.17,1506.64,12,57,30
2024-05-29,9,1190,Clothing,South,1,0,Sunny,23.4,104.27,193.16,3.28,495,1095.82,1119.72,46,454,81
2024-05-30,13,1055,Furniture,South,1,1,Rainy,30.3,89.17,221.54,9.36,686,1594.35,1481.89,37,172,69
2024-05-31,9,1190,Electronics,East,1,1,Sunny,17.0,112.51,190.71,3.67,45,667.85,726.07,16,488,210
2024-06-01,37,1134,Clothing,South,1,1,Cloudy,26.9,97.75,183.57,4.15,799,470.87,469.02,49,230,75
2024-06-02,17,1085,Beauty,North,1,1,Cloudy,25.6,109.8,224.35,9.05,555,50.33,53.39,28,44,23
2024-06-03,24,1008,Sports,North,1,0,Cloudy,34.1,86.82,248.85,5.7,184,988.75,1027.51,9,474,99
2024-06-04,12,1044,Grocery,East,0,0,Sunny,14.3,88.21,250.3,8.73,955,1283.49,1334.74,45,113,0
2024-06-05,9,1196,Electronics,South,0,1,Sunny,34.8,98.08,293.28,5.01,843,859.65,914.48,48,89,32
2024-06-06,13,1151,Toys,South,1,0,Sunny,21.6,85.74,213.07,9.97,513,1285.03,1382.61,8,113,14
2024-06-07,19,1187,Furniture,South,0,1,Rainy,34.0,86.13,232.84,6.08,561,1041.71,1048.03,7,164,65
2024-06-08,15,1177,Furniture,East,0,0,Rainy,23.9,98.78,204.1,7.7,321,1478.29,1409.82,18,240,38
2024-06-09,37,1180,Clothing,South,1,1,Cloudy,13.9,114.73,245.35,9.51,387,835.3,867.11,45,81,15
2024-06-10,2,1122,Clothing,West,0,0,Rainy,22.8,84.82,187.45,8.73,819,869.3,923.39,14,35,8
2024-06-11,28,1092,Sports,South,0,1,Cloudy,15.2,80.91,294.65,5.08,879,1718.81,1818.24,42,326,117
2024-06-12,18,1131,Grocery,West,0,1,Cloudy,35.3,82.53,207.44,6.19,410,895.23,946.83,32,155,46
2024-06-13,8,1050,Clothing,East,1,0,Cloudy,39.3,114.72,236.79,9.12,243,618.22,583.61,18,473,85
2024-06-14,31,1200,Toys,East,1,1,Sunny,10.8,94.79,255.74,6.75,721,519.03,467.34,3,382,165
2024-06-15,29,1071,Sports,South,0,0,Rainy,27.1,98.89,223.91,6.17,374,668.58,727.02,6,415,65
2024-06-16,21,1141,Beauty,West,0,1,Cloudy,34.2,116.02,184.76,6.6,855,1330.49,1355.95,46,111,42
2024-06-17,39,1178,Grocery,South,0,0,Cloudy,14.0,93.18,282.46,3.47,980,826.86,889.61,18,442,50
2024-06-18,3,1130,Sports,East,0,1,Sunny,39.9,90.59,277.54,11.14,899,1710.85,1752.81,47,268,82
2024-06-19,27,1131,Beauty,West,0,1,Rainy,37.6,100.76,188.67,5.67,611,278.08,285.84,7,158,56
2024-06-20,31,1045,Furniture,North,0,0,Cloudy,20.8,117.93,250.71,8.01,997,523.37,492.17,26,91,12
2024-06-21,30,1084,Electronics,West,0,1,Cloudy,30.7,88.65,285.35,9.38,682,719.14,685.07,2,151,68
2024-06-22,8,1184,Beauty,East,1,1,Sunny,16.0,83.09,254.43,7.44,334,523.3,541.45,40,73,26
2024-06-23,25,1113,Electronics,West,0,0,Rainy,19.0,86.79,284.41,7.34,377,326.62,353.55,48,329,21
2024-06-24,1,1018,Grocery,South,1,0,Cloudy,21.5,91.92,226.17,6.1,312,551.51,502.06,19,35,9
2024-06-25,45,1107,Beauty,West,1,0,Sunny,10.2,92.3,252.32,5.38,721,1772.84,1871.38,20,85,17
2024-06-26,39,1147,Grocery,West,1,1,Sunny,26.7,90.02,182.18,9.47,404,1643.69,1530.11,1,361,163
2024-06-27,43,1167,Clothing,West,1,1,Cloudy,23.2,91.79,278.18,10.58,462,1025.28,1108.58,36,143,62
2024-06-28,47,1038,Toys,West,0,0,Rainy,16.6,83.12,193.38,4.41,591,360.99,366.3,35,285,32
2024-06-29,45,1071,Electronics,West,0,1,Rainy,32.5,97.68,240.62,5.09,610,744.24,780.0,21,304,116
2024-06-30,18,1149,Grocery,North,1,1,Sunny,21.5,99.93,285.23,11.81,879,551.21,603.72,7,342,158
2024-07-01,10,1039,Toys,South,0,1,Cloudy,39.9,114.44,272.6,4.3,556,1029.32,969.39,40,303,100
2024-07-02,16,1136,Sports,North,1,1,Sunny,17.2,91.81,256.46,8.89,792,357.72,349.11,45,233,96
2024-07-03,29,1026,Toys,South,1,0,Cloudy,38.3,96.65,216.22,11.97,658,1361.92,1275.77,16,135,0
2024-07-04,9,1042,Sports,West,0,0,Rainy,37.0,88.3,267.18,9.54,551,187.89,204.91,35,77,3
2024-07-05,3,1095,Sports,East,0,1,Cloudy,13.9,106.95,253.85,5.53,287,1898.19,1986.63,43,231,76
2024-07-06,45,1151,Electronics,East,1,0,Cloudy,10.5,81.24,216.64,6.29,870,780.27,725.51,20,162,23
2024-07-07,32,1155,Grocery,West,0,0,Rainy,31.1,101.06,181.1,6.9,651,851.03,765.94,20,403,56
2024-07-08,26,1122,Clothing,East,0,0,Rainy,39.3,111.81,259.16,11.14,330,1489.72,1485.21,37,78,1
2024-07-09,1,1002,Furniture,East,1,0,Cloudy,22.1,84.2,186.62,5.98,24,861.79,886.66,34,129,22
2024-07-10,24,1129,Sports,West,1,1,Rainy,15.8,84.24,232.37,8.91,585,1391.08,1498.92,41,46,0
2024-07-11,32,1108,Furniture,North,1,0,Rainy,13.4,95.94,288.5,10.76,856,1323.74,1280.05,3,226,63
2024-07-12,4,1081,Furniture,South,1,0,Cloudy,38.3,82.56,278.79,5.64,951,1487.08,1433.09,17,193,40
2024-07-13,21,1103,Electronics,East,1,0,Rainy,17.2,97.57,294.34,3.75,142,1038.31,1122.02,41,149,3
2024-07-14,11,1008,Beauty,East,0,0,Rainy,31.2,86.49,181.05,8.75,946,1175.45,1218.26,6,248,41
2024-07-15,49,1184,Electronics,East,1,0,Sunny,18.7,80.9,184.99,4.53,735,164.14,151.98,46,276,37
2024-07-16,16,1183,Clothing,West,0,1,Rainy,36.8,113.12,298.24,11.37,524,1503.72,1431.52,40,252,93
2024-07-17,39,1182,Clothing,East,0,0,Rainy,31.6,83.89,189.65,9.63,838,1493.76,1624.72,25,318,35
2024-07-18,29,1184,Grocery,West,1,1,Rainy,10.1,109.88,257.01,7.73,63,1956.92,1870.21,32,222,90
2024-07-19,34,1074,Electronics,West,0,1,Sunny,28.5,117.9,185.44,3.02,862,1967.05,1991.59,17,495,186
2024-07-20,34,1197,Electronics,South,1,1,Rainy,33.1,116.08,221.22,6.69,425,516.74,469.73,35,24,4
2024-07-21,14,1120,Grocery,North,1,1,Rainy,28.3,98.47,299.22,9.65,748,1566.4,1506.86,25,154,69
2024-07-22,26,1006,Sports,West,0,1,Cloudy,30.1,82.85,212.24,11.43,199,1531.16,1394.31,42,253,88
2024-07-23,28,1155,Furniture,West,0,1,Rainy,37.2,102.86,297.04,4.8,680,60.61,56.79,48,52,0
2024-07-24,46,1158,Sports,East,1,1,Sunny,21.9,99.01,221.12,6.22,732,810.76,733.01,17,313,131
2024-07-25,8,1199,Toys,West,1,1,Cloudy,35.6,101.03,258.9,9.35,135,1455.92,1552.83,22,475,210
2024-07-26,8,1164,Sports,North,0,0,Cloudy,25.6,99.98,200.77,7.46,71,1981.94,2134.64,16,54,0
2024-07-27,36,1079,Electronics,West,0,1,Rainy,30.5,112.73,208.53,6.72,852,1749.92,1838.46,2,240,113
2024-07-28,10,1165,Toys,South,1,0,Sunny,21.8,92.71,193.05,7.54,31,1941.22,1832.83,16,65,29
2024-07-29,16,1166,Beauty,West,1,0,Rainy,13.7,105.75,198.63,5.37,81,564.71,557.86,35,105,7
2024-07-30,43,1007,Sports,West,0,0,Sunny,19.9,82.38,256.46,7.34,194,864.88,932.96,0,368,49
2024-07-31,7,1051,Beauty,West,0,0,Rainy,10.8,89.34,234.97,9.48,755,1292.61,1385.0,48,397,47
2024-08-01,20,1129,Furniture,North,0,1,Cloudy,11.1,101.31,203.35,7.2,383,1328.59,1363.49,13,387,146
2024-08-02,23,1037,Grocery,East,1,1,Cloudy,35.2,93.05,285.92,3.37,775,956.09,913.61,6,166,89
2024-08-03,11,1048,Grocery,East,1,0,Cloudy,38.8,114.51,220.98,10.43,143,1561.63,1599.05,13,358,69
2024-08-04,23,1074,Beauty,East,0,1,Rainy,33.4,100.59,228.9,8.47,541,1213.59,1313.46,21,94,35
2024-08-05,27,1147,Beauty,North,1,1,Sunny,39.4,118.22,250.54,9.39,419,413.12,441.08,49,59,9
2024-08-06,34,1150,Sports,South,1,1,Sunny,12.3,99.11,263.59,7.7,258,105.13,102.52,10,66,35
2024-08-07,12,1106,Toys,South,1,0,Sunny,30.9,110.79,286.68,9.87,455,1734.74,1576.15,22,490,85
2024-08-08,43,1078,Sports,East,1,0,Sunny,13.2,118.25,294.27,10.11,25,452.6,442.98,17,23,0
2024-08-09,31,1080,Electronics,South,1,1,Sunny,13.7,101.23,247.55,6.95,876,184.11,169.57,13,114,55
2024-08-10,43,1091,Sports,South,0,0,Rainy,14.8,83.27,283.2,6.46,309,89.55,92.62,10,368,35
2024-08-11,25,1008,Grocery,West,0,1,Cloudy,35.8,105.74,275.42,11.86,529,1649.15,1530.51,37,182,63
2024-08-12,39,1196,Clothing,South,0,0,Sunny,29.2,88.33,261.18,5.72,257,1154.36,1085.29,22,35,0
2024-08-13,14,1118,Toys,West,0,0,Rainy,19.1,103.38,192.76,6.25,753,1017.94,939.1,16,385,71
2024-08-14,17,1078,Beauty,East,0,1,Rainy,11.8,106.49,296.96,11.04,505,941.96,1004.21,15,129,41
2024-08-15,1,1100,Furniture,East,1,1,Sunny,12.8,95.22,202.59,3.75,329,86.14,80.21,50,157,42
2024-08-16,45,1051,Clothing,West,0,0,Sunny,33.6,82.79,285.17,6.87,611,1733.43,1716.57,17,71,0
2024-08-17,36,1113,Beauty,West,0,1,Cloudy,23.1,88.13,214.03,10.41,854,881.85,794.65,3,150,48
2024-08-18,24,1050,Electronics,East,0,0,Cloudy,34.6,114.49,236.36,3.57,60,814.85,815.42,33,199,23
2024-08-19,9,1115,Furniture,South,0,1,Rainy,25.0,115.45,276.84,3.86,157,1465.04,1366.54,17,164,42
2024-08-20,45,1130,Furniture,North,0,1,Rainy,39.4,91.78,267.98,10.63,309,1409.08,1390.99,0,324,114
2024-08-21,13,1167,Beauty,West,0,1,Rainy,15.2,94.55,268.26,3.15,293,375.48,378.94,28,409,157
2024-08-22,30,1131,Electronics,West,0,0,Sunny,21.6,101.52,246.96,10.39,239,1212.04,1227.53,7,371,56
2024-08-23,29,1131,Clothing,East,1,1,Rainy,23.7,81.46,234.06,3.78,867,1588.44,1479.87,2,277,130
2024-08-24,44,1045,Clothing,North,0,1,Rainy,27.0,80.19,191.46,4.86,335,1095.3,1065.93,43,117,31
2024-08-25,26,1135,Electronics,North,1,1,Rainy,24.2,102.7,234.25,10.8,754,1419.54,1493.36,31,447,199
2024-08-26,3,1178,Toys,South,1,0,Sunny,28.1,83.28,228.89,5.84,834,1769.17,1761.45,21,165,31
2024-08-27,27,1045,Toys,East,0,1,Sunny,21.6,88.22,202.08,10.05,535,1771.57,1667.54,26,271,91
2024-08-28,32,1048,Toys,East,1,0,Rainy,29.8,91.92,264.5,9.61,588,1232.92,1134.38,10,67,13
2024-08-29,24,1040,Toys,South,0,0,Cloudy,35.5,116.95,217.39,3.58,24,611.93,598.37,28,75,16
2024-08-30,27,1024,Grocery,South,0,1,Rainy,31.5,97.94,290.36,6.31,400,825.14,744.98,42,216,63
2024-08-31,29,1099,Clothing,East,0,1,Rainy,11.6,108.08,196.03,6.4,310,1914.76,1840.37,15,20,0
2024-09-01,31,1109,Furniture,North,1,1,Sunny,16.0,84.26,256.98,10.03,803,1049.44,1082.14,10,107,36
2024-09-02,18,1140,Toys,East,1,0,Cloudy,33.0,92.77,284.13,4.62,474,947.08,1012.5,15,58,0
2024-09-03,28,1124,Toys,South,0,1,Rainy,12.3,94.23,201.28,6.17,162,483.31,442.65,39,323,130
2024-09-04,19,1012,Grocery,North,1,1,Cloudy,19.4,106.32,259.41,5.22,533,1613.82,1632.38,11,283,126
2024-09-05,25,1065,Sports,West,0,1,Sunny,22.6,118.32,235.37,5.29,212,1149.96,1185.27,21,392,160
2024-09-06,25,1071,Grocery,South,0,0,Rainy,18.8,114.86,243.96,3.58,203,317.7,347.61,33,50,7
2024-09-07,46,1126,Grocery,West,0,1,Sunny,16.4,96.34,215.4,6.03,634,1741.98,1599.24,20,267,87
2024-09-08,33,1067,Sports,North,0,0,Cloudy,21.6,97.12,197.96,10.04,857,1443.31,1360.14,25,428,77
2024-09-09,3,1047,Furniture,East,1,1,Rainy,34.2,94.04,267.73,8.75,861,1464.48,1487.94,35,33,8
2024-09-10,49,1082,Beauty,South,0,0,Rainy,28.0,99.07,293.21,7.93,173,460.27,456.44,18,179,13
2024-09-11,33,1052,Electronics,East,0,0,Sunny,10.9,87.58,244.05,3.53,696,1097.0,1063.39,38,115,18
2024-09-12,5,1135,Electronics,West,1,1,Rainy,14.0,110.5,297.69,10.13,666,918.4,899.68,16,63,49
2024-09-13,17,1139,Electronics,West,1,0,Sunny,22.9,91.45,288.59,8.63,636,1350.3,1380.23,14,194,20
2024-09-14,15,1105,Electronics,North,0,1,Rainy,26.5,83.97,210.91,6.13,429,1371.03,1241.83,9,460,183
2024-09-15,22,1054,Grocery,North,1,1,Sunny,30.8,112.94,236.08,8.14,745,802.4,804.63,4,168,72
2024-09-16,37,1115,Furniture,East,0,0,Cloudy,13.0,90.97,251.76,11.07,900,1055.61,1047.76,28,277,24
2024-09-17,33,1067,Furniture,North,1,1,Rainy,31.5,82.3,215.57,4.3,380,1360.15,1350.36,24,336,156
2024-09-18,24,1150,Sports,East,0,1,Cloudy,31.1,82.19,272.78,5.75,75,429.35,441.31,1,302,126
2024-09-19,6,1133,Clothing,North,1,1,Sunny,14.3,116.99,250.48,6.84,372,1903.48,1977.37,42,465,201
2024-09-20,45,1145,Furniture,South,1,1,Rainy,18.6,100.62,296.47,8.55,550,1664.44,1535.67,26,417,180
2024-09-21,19,1041,Beauty,West,1,0,Rainy,16.4,83.69,214.93,7.59,886,1133.74,1112.66,25,144,38
2024-09-22,44,1024,Toys,South,0,0,Rainy,33.3,91.85,275.83,3.63,326,74.77,72.25,44,392,53
2024-09-23,45,1016,Grocery,North,0,1,Cloudy,39.7,114.64,279.35,9.28,529,1705.75,1805.76,42,122,10
2024-09-24,22,1139,Electronics,East,1,1,Rainy,29.1,114.43,267.14,7.76,87,1396.37,1508.83,18,56,19
2024-09-25,29,1079,Toys,North,1,1,Cloudy,23.0,94.1,268.12,11.89,106,213.21,222.79,0,68,46
2024-09-26,39,1014,Toys,East,1,0,Cloudy,37.0,82.58,257.41,8.22,401,1857.25,1701.27,29,353,54
2024-09-27,27,1087,Clothing,South,0,0,Sunny,23.3,89.16,234.89,4.09,31,1950.38,1889.03,2,342,45
2024-09-28,9,1188,Sports,South,1,1,Rainy,14.2,106.02,273.67,10.23,312,1734.47,1596.65,42,80,26
2024-09-29,14,1004,Beauty,East,1,1,Rainy,38.2,91.89,213.81,9.39,743,416.2,442.54,46,49,12
2024-09-30,31,1019,Electronics,East,0,1,Rainy,20.7,103.32,198.55,7.89,816,1030.5,1034.48,7,452,192
2024-10-01,28,1185,Electronics,South,0,0,Sunny,39.2,86.59,216.86,5.48,492,1390.79,1368.11,4,258,35
2024-10-02,16,1021,Clothing,North,0,1,Cloudy,16.7,92.27,288.93,7.98,338,733.65,697.17,18,369,134
2024-10-03,20,1059,Beauty,West,0,0,Rainy,37.1,82.2,204.72,7.16,960,1180.02,1239.75,2,428,47
2024-10-04,18,1177,Electronics,East,0,0,Sunny,32.2,94.22,222.9,5.58,721,838.18,816.32,24,26,0
2024-10-05,35,1037,Grocery,North,1,1,Rainy,23.1,117.98,186.41,11.79,210,742.12,711.68,25,162,65
2024-10-06,35,1077,Beauty,North,0,0,Rainy,28.1,105.74,238.05,8.92,657,1731.09,1639.29,34,413,44
2024-10-07,12,1125,Beauty,North,1,1,Sunny,13.3,106.09,252.59,5.65,860,815.8,882.31,6,60,32
2024-10-08,9,1171,Grocery,West,1,1,Sunny,12.1,101.11,214.53,6.6,125,731.02,757.66,15,404,174
2024-10-09,35,1093,Clothing,West,1,1,Rainy,23.5,83.95,239.77,4.53,115,1718.33,1843.65,11,40,2
2024-10-10,29,1154,Toys,South,1,0,Sunny,23.8,86.07,265.92,7.11,385,440.1,465.93,0,421,75
2024-10-11,15,1073,Sports,West,0,1,Sunny,34.9,100.74,257.58,3.89,992,630.33,577.43,5,410,137
2024-10-12,3,1199,Beauty,South,0,1,Rainy,16.3,87.59,225.29,6.19,806,1986.51,2118.12,33,123,44
2024-10-13,11,1054,Furniture,West,1,1,Rainy,33.6,88.1,261.66,10.13,198,61.63,62.7,41,456,194
2024-10-14,9,1059,Sports,West,0,1,Sunny,16.6,91.28,180.81,3.64,614,1268.0,1200.65,39,223,78
2024-10-15,25,1008,Electronics,East,0,0,Rainy,32.7,106.18,206.3,6.27,205,1062.8,1081.03,16,76,3
2024-10-16,14,1035,Sports,West,0,1,Sunny,32.8,103.94,232.59,7.99,212,125.71,117.87,13,406,160
2024-10-17,40,1053,Toys,West,0,0,Cloudy,27.2,94.52,290.87,9.19,227,761.99,760.1,37,128,3
2024-10-18,44,1019,Beauty,South,0,1,Cloudy,27.7,87.31,237.96,11.82,461,1188.93,1248.38,34,224,75
2024-10-19,41,1073,Sports,East,1,1,Rainy,36.3,109.76,293.46,10.43,811,1689.23,1840.26,1,66,45
2024-10-20,32,1158,Beauty,East,0,1,Sunny,33.2,99.78,287.09,3.14,567,1185.53,1173.04,50,93,6
2024-10-21,14,1028,Sports,South,0,1,Cloudy,16.4,83.6,196.9,3.05,280,1754.0,1918.73,43,101,17
2024-10-22,24,1108,Grocery,East,1,0,Sunny,15.5,108.15,230.78,9.34,47,1194.45,1185.15,12,317,54
2024-10-23,37,1166,Electronics,West,0,1,Sunny,10.5,107.76,227.22,5.99,645,1846.3,1812.15,6,163,54
2024-10-24,39,1047,Furniture,North,1,0,Rainy,11.9,91.56,241.38,9.2,366,1766.61,1725.09,46,367,49
2024-10-25,13,1064,Electronics,South,0,0,Cloudy,15.2,116.65,294.8,6.42,48,1776.75,1938.84,12,268,34
2024-10-26,16,1200,Grocery,South,0,0,Rainy,39.4,107.61,232.43,6.18,191,87.65,80.98,50,289,21
2024-10-27,10,1030,Clothing,East,1,1,Rainy,18.5,104.03,243.67,10.79,627,115.3,112.79,10,105,47
2024-10-28,31,1042,Electronics,East,0,0,Rainy,12.7,82.65,290.69,6.27,450,862.83,824.27,46,205,6
2024-10-29,4,1001,Toys,North,1,0,Cloudy,25.5,90.42,244.31,6.23,176,1028.24,962.91,5,186,37
2024-10-30,35,1152,Toys,South,0,0,Rainy,36.0,102.02,251.24,4.89,419,867.0,791.44,49,35,0
2024-10-31,40,1080,Sports,East,0,1,Rainy,37.5,103.46,223.15,7.25,770,748.15,792.64,4,311,124
2024-11-01,21,1121,Grocery,North,1,1,Sunny,33.2,108.23,263.06,8.97,918,1004.59,985.37,17,135,46
2024-11-02,33,1010,Clothing,South,0,1,Sunny,14.6,93.5,282.0,7.99,505,846.34,852.11,22,26,2
2024-11-03,50,1162,Toys,East,0,0,Sunny,34.3,104.81,254.27,11.01,477,861.55,933.85,8,486,56
2024-11-04,48,1038,Furniture,South,1,1,Rainy,19.0,100.67,184.23,11.18,880,1068.77,1054.83,6,190,80
2024-11-05,3,1050,Electronics,North,0,1,Sunny,32.0,86.71,208.64,8.47,65,88.99,88.8,12,390,166
2024-11-06,30,1163,Toys,South,1,1,Rainy,30.4,90.38,235.54,6.03,538,540.51,516.42,44,75,8
2024-11-07,38,1036,Grocery,South,1,0,Sunny,38.5,116.92,267.82,8.36,288,150.52,156.65,2,220,26
2024-11-08,16,1119,Beauty,North,0,0,Cloudy,21.6,102.24,266.91,11.44,981,943.49,867.62,9,119,20
2024-11-09,30,1058,Toys,South,0,0,Sunny,29.1,98.67,296.9,3.21,677,758.38,792.08,3,88,27
2024-11-10,3,1121,Beauty,North,0,0,Rainy,26.6,83.43,295.1,10.86,101,828.57,905.81,19,424,45
2024-11-11,46,1150,Electronics,North,0,1,Rainy,11.6,89.22,254.96,10.62,390,790.72,851.52,19,125,42
2024-11-12,43,1031,Grocery,East,0,0,Cloudy,20.6,108.16,297.43,4.32,524,1999.71,2114.87,24,300,48
2024-11-13,7,1109,Grocery,North,0,1,Cloudy,25.1,114.66,295.26,4.94,881,231.06,230.21,5,436,174
2024-11-14,39,1044,Beauty,East,1,0,Sunny,14.3,93.52,235.71,6.05,357,1008.69,938.99,48,499,84
2024-11-15,19,1194,Toys,South,1,1,Cloudy,36.8,117.16,266.63,3.7,575,770.69,747.6,2,179,93
2024-11-16,32,1102,Clothing,East,1,0,Rainy,24.1,94.78,196.72,3.91,360,1898.63,2066.63,17,255,43
2024-11-17,3,1046,Furniture,North,0,1,Cloudy,11.3,90.07,275.81,4.79,616,1302.14,1246.94,44,215,76
2024-11-18,19,1193,Sports,West,0,1,Cloudy,38.7,111.32,219.06,3.41,215,1330.39,1311.86,30,257,92
2024-11-19,11,1096,Grocery,South,0,1,Rainy,35.5,97.02,221.68,4.27,432,1558.63,1473.3,1,393,142
2024-11-20,38,1167,Beauty,East,0,0,Rainy,17.6,108.54,223.72,5.95,859,1532.21,1542.11,17,380,49
2024-11-21,3,1170,Electronics,South,1,0,Sunny,18.0,91.38,232.64,7.51,968,1502.25,1605.54,13,184,41
2024-11-22,32,1123,Grocery,West,1,1,Sunny,33.9,100.49,289.94,6.69,741,1111.72,1201.27,28,74,30
2024-11-23,39,1184,Furniture,North,0,0,Sunny,28.2,85.81,272.68,10.07,988,1987.63,1952.55,30,489,70
2024-11-24,44,1103,Beauty,West,0,0,Sunny,16.4,86.7,248.76,8.71,26,949.09,982.09,27,290,35
2024-11-25,8,1143,Beauty,North,1,1,Rainy,23.4,114.82,233.08,9.28,443,246.5,252.59,6,233,87
2024-11-26,2,1157,Sports,South,0,0,Rainy,35.8,94.27,290.64,5.77,431,1087.53,1165.75,41,396,34
2024-11-27,4,1134,Toys,South,1,0,Rainy,34.2,110.49,199.53,7.04,675,154.64,162.06,25,67,0
2024-11-28,14,1196,Clothing,South,0,1,Sunny,31.5,106.33,227.07,3.26,113,1750.25,1856.82,7,223,92
2024-11-29,28,1002,Furniture,South,1,1,Cloudy,34.6,81.89,250.73,10.95,970,900.3,928.09,47,67,21
2024-11-30,31,1184,Furniture,East,1,1,Sunny,26.1,111.04,234.97,3.59,477,224.24,214.57,10,105,36
2024-12-01,20,1018,Beauty,East,0,0,Cloudy,33.6,105.15,284.84,8.16,42,602.91,549.43,17,393,52
2024-12-02,36,1030,Beauty,West,1,0,Rainy,11.7,110.76,264.55,11.36,52,145.13,141.96,32,236,42
2024-12-03,45,1131,Sports,South,0,0,Rainy,28.1,80.68,204.05,3.23,849,817.89,803.04,31,99,0
2024-12-04,25,1070,Grocery,East,0,0,Sunny,27.8,97.05,250.33,6.63,755,1771.6,1909.2,34,280,19
2024-12-05,48,1130,Sports,West,0,1,Sunny,24.3,100.11,234.3,8.64,929,695.48,740.85,41,432,136
2024-12-06,37,1025,Clothing,South,1,1,Rainy,14.3,106.23,218.51,9.09,619,350.05,363.42,33,497,233
2024-12-07,22,1173,Grocery,South,1,1,Rainy,29.0,99.16,246.68,5.32,587,494.17,454.35,32,374,154
2024-12-08,13,1100,Furniture,North,1,1,Cloudy,29.0,97.64,241.44,11.25,607,248.22,239.63,22,28,11
2024-12-09,30,1191,Electronics,West,0,1,Cloudy,33.4,94.89,238.42,4.33,63,775.12,851.97,33,317,109
2024-12-10,42,1188,Beauty,East,0,1,Sunny,18.5,96.52,234.91,6.38,412,223.88,229.73,11,119,53
2024-12-11,50,1140,Electronics,East,0,0,Sunny,19.4,92.49,221.82,9.88,826,746.16,784.07,40,358,32
2024-12-12,13,1088,Electronics,North,0,0,Cloudy,20.6,114.37,247.64,7.02,867,1421.57,1382.41,15,282,34
2024-12-13,36,1089,Furniture,East,0,0,Cloudy,28.1,117.52,276.72,11.28,686,880.31,845.42,10,337,65
2024-12-14,43,1117,Toys,South,0,1,Cloudy,12.1,117.12,276.46,5.44,339,305.83,290.55,19,335,148
2024-12-15,49,1058,Sports,West,1,1,Cloudy,36.7,112.84,210.13,3.24,920,1924.48,1737.36,43,473,218
2024-12-16,10,1188,Grocery,West,0,0,Cloudy,34.9,110.76,268.66,5.78,409,1409.58,1312.62,11,446,68
2024-12-17,34,1045,Sports,East,0,1,Rainy,32.4,109.01,287.63,10.33,878,696.74,717.38,5,334,142
2024-12-18,20,1173,Clothing,North,1,1,Cloudy,39.3,98.07,298.19,6.2,388,379.77,365.54,26,216,83
2024-12-19,12,1141,Toys,East,0,1,Sunny,33.1,87.09,190.78,7.33,565,1736.95,1668.97,28,230,67
2024-12-20,35,1167,Grocery,North,0,0,Cloudy,33.8,91.25,213.62,5.04,823,1265.77,1163.54,12,340,52
2024-12-21,19,1158,Electronics,South,0,1,Rainy,28.0,109.94,188.07,7.73,740,1862.43,1852.35,8,84,34
2024-12-22,42,1060,Sports,North,0,0,Rainy,24.4,101.91,200.59,9.05,983,243.76,239.76,5,86,25
2024-12-23,25,1166,Toys,North,0,0,Cloudy,19.2,107.86,203.1,4.37,782,1763.46,1661.6,21,184,35
2024-12-24,19,1076,Clothing,East,1,0,Rainy,26.1,94.95,189.33,9.39,189,1481.63,1470.45,35,450,77
2024-12-25,30,1154,Furniture,West,0,0,Sunny,10.1,112.33,214.06,5.6,916,144.33,156.87,47,233,0
2024-12-26,28,1057,Furniture,West,1,0,Cloudy,39.8,90.19,289.62,10.75,627,155.21,149.5,14,252,41
2024-12-27,40,1058,Beauty,North,0,0,Cloudy,37.5,84.05,220.06,10.04,131,890.12,972.4,46,330,31
2024-12-28,6,1182,Toys,East,1,1,Rainy,19.0,101.87,213.87,11.93,922,1976.22,1983.83,46,94,40
2024-12-29,49,1024,Toys,West,1,1,Cloudy,33.6,105.61,270.35,7.37,747,344.42,320.6,21,304,124
2024-12-30,50,1032,Beauty,South,0,1,Cloudy,32.5,97.09,280.72,8.9,58,274.05,283.03,7,484,200
2023-01-01,14,1049,Clothing,North,0,0,Cloudy,30.8,94.36,261.17,4.87,505,1686.41,1681.43,42,370,46
2023-01-02,47,1121,Beauty,East,1,1,Sunny,32.2,104.27,266.87,3.07,219,1567.03,1420.19,25,478,201
2023-01-03,15,1020,Beauty,West,1,0,Cloudy,14.0,86.1,284.91,7.97,324,1434.92,1327.52,7,215,23
2023-01-04,3,1193,Beauty,West,0,1,Rainy,15.8,91.43,238.64,6.58,864,1599.44,1534.1,33,112,44
2023-01-05,42,1037,Furniture,West,0,1,Cloudy,17.5,89.15,286.11,4.75,168,1889.74,2055.69,32,313,133
2023-01-06,2,1026,Toys,North,0,1,Cloudy,22.2,106.4,190.06,8.96,337,955.75,1041.35,11,463,179
2023-01-07,45,1033,Electronics,West,0,0,Cloudy,28.3,106.39,213.7,3.06,831,1679.94,1763.47,16,388,77
2023-01-08,45,1185,Clothing,North,0,1,Rainy,16.1,107.08,238.28,9.76,667,475.75,499.86,1,109,19
2023-01-09,9,1152,Electronics,North,1,1,Sunny,24.4,106.38,232.03,6.36,56,1531.19,1649.84,46,457,195
2023-01-10,12,1045,Beauty,North,0,1,Cloudy,28.0,103.67,236.87,6.12,875,1056.77,1146.88,11,331,119
2023-01-11,38,1152,Electronics,South,0,0,Cloudy,35.8,86.44,207.52,9.16,300,1422.35,1302.89,6,221,36
2023-01-12,40,1199,Grocery,West,0,0,Cloudy,12.8,112.07,222.89,5.95,52,963.35,1047.77,27,69,0
2023-01-13,46,1064,Sports,North,1,1,Sunny,30.2,84.61,285.79,6.83,759,1172.05,1272.72,44,463,179
2023-01-14,3,1119,Grocery,West,0,0,Cloudy,25.2,94.5,197.03,10.83,598,613.03,575.96,46,291,20
2023-01-15,37,1110,Clothing,West,1,0,Rainy,35.4,110.59,193.26,5.38,596,1231.45,1144.1,21,203,31
2023-01-16,37,1095,Beauty,South,0,0,Rainy,31.7,85.4,285.59,9.69,331,110.47,117.0,35,254,36
2023-01-17,38,1169,Clothing,West,0,1,Sunny,33.9,113.37,217.57,8.13,245,310.54,326.21,24,216,62
2023-01-18,32,1098,Sports,North,0,1,Sunny,23.7,96.27,278.58,9.4,365,547.08,561.3,12,184,64
2023-01-19,28,1196,Beauty,West,1,0,Cloudy,38.9,85.58,265.77,4.81,318,436.03,399.52,44,138,41
2023-01-20,10,1198,Electronics,East,1,0,Sunny,13.5,105.28,248.46,4.47,353,1660.87,1779.28,27,231,43
2023-01-21,42,1070,Electronics,West,1,0,Cloudy,18.2,112.4,274.32,7.95,849,1119.72,1014.93,17,346,65
2023-01-22,50,1012,Furniture,East,0,1,Cloudy,27.9,102.49,295.05,5.13,326,1295.27,1390.99,23,328,109
2023-01-23,31,1153,Clothing,South,0,0,Rainy,24.1,82.76,290.89,6.93,666,1657.38,1639.8,9,445,75
2023-01-24,4,1118,Sports,East,0,1,Rainy,15.8,101.85,181.76,6.88,425,218.27,220.63,6,462,178
2023-01-25,25,1071,Electronics,South,0,0,Cloudy,30.9,112.43,204.54,11.06,817,674.02,736.12,44,410,31
2023-01-26,10,1019,Grocery,East,0,1,Sunny,35.1,113.42,248.2,11.46,853,1209.1,1219.68,1,205,86
2023-01-27,42,1043,Electronics,East,0,1,Cloudy,36.3,115.1,215.58,8.51,174,1778.59,1874.98,37,61,6
2023-01-28,41,1112,Electronics,North,1,1,Rainy,26.8,117.48,233.52,6.01,441,399.3,373.22,7,36,30
2023-01-29,1,1047,Furniture,North,0,0,Cloudy,36.6,110.19,269.95,6.1,743,264.36,277.01,7,365,54
2023-01-30,39,1194,Electronics,North,1,0,Cloudy,37.1,81.94,295.41,9.73,541,1352.93,1400.41,42,81,1
2023-01-31,50,1123,Grocery,South,0,0,Sunny,29.6,119.33,294.93,5.25,520,626.66,573.72,10,32,0
2023-02-01,5,1160,Furniture,North,1,1,Cloudy,24.0,87.31,205.89,8.44,407,1015.43,1101.18,24,224,96
2023-02-02,15,1180,Furniture,West,0,1,Sunny,33.4,114.92,282.15,11.68,950,956.61,1006.91,17,35,21
2023-02-03,24,1160,Sports,North,0,1,Rainy,32.4,116.33,244.15,7.64,961,270.78,288.94,23,209,82
2023-02-04,13,1081,Electronics,South,1,0,Sunny,23.8,96.57,251.27,9.24,659,1787.11,1923.1,32,151,34
2023-02-05,22,1192,Toys,East,1,1,Cloudy,13.8,92.15,251.84,10.24,206,1986.41,1970.59,30,218,104
2023-02-06,6,1198,Toys,West,0,1,Rainy,10.9,115.73,187.31,3.68,330,1589.18,1687.03,9,319,117
2023-02-07,7,1040,Electronics,East,0,0,Sunny,32.2,96.15,271.97,3.44,31,150.17,163.8,37,295,37
2023-02-08,29,1173,Sports,West,1,0,Cloudy,34.0,104.41,251.27,7.06,560,1385.04,1461.92,1,70,18
2023-02-09,24,1064,Electronics,East,1,1,Rainy,27.8,112.59,280.25,4.71,513,292.67,318.38,18,268,109
2023-02-10,40,1185,Toys,North,1,1,Sunny,31.1,85.63,285.23,3.33,602,284.06,291.34,14,354,152
2023-02-11,50,1056,Toys,South,0,1,Cloudy,22.9,89.41,205.72,3.79,432,93.65,99.69,50,438,154
2023-02-12,26,1040,Electronics,East,1,0,Rainy,25.5,111.72,265.48,11.15,128,1322.85,1353.58,24,143,5
2023-02-13,13,1163,Beauty,West,1,0,Rainy,11.0,113.23,243.98,6.63,792,271.01,277.12,27,188,21
2023-02-14,45,1138,Grocery,South,0,0,Sunny,20.6,104.93,255.55,3.95,434,1668.66,1617.25,0,494,68
2023-02-15,19,1179,Toys,South,0,1,Rainy,26.5,93.69,192.63,11.41,251,1226.45,1313.38,12,431,180
2023-02-16,42,1111,Electronics,East,0,1,Sunny,23.1,96.92,257.46,9.39,703,1495.17,1488.82,26,89,23
2023-02-17,10,1097,Beauty,West,1,1,Cloudy,36.0,95.45,235.24,5.54,403,1609.57,1613.6,9,277,114
2023-02-18,42,1034,Beauty,East,0,0,Cloudy,32.0,81.28,289.22,9.93,199,421.4,418.49,9,479,60
2023-02-19,44,1027,Beauty,North,1,1,Sunny,21.7,86.34,259.68,9.48,888,1931.19,2004.51,27,196,84
2023-02-20,44,1179,Beauty,South,1,0,Cloudy,39.7,91.91,298.92,11.29,457,1934.0,1950.24,16,381,74
2023-02-21,49,1181,Beauty,East,1,0,Rainy,34.9,90.01,207.63,8.04,688,1389.19,1335.61,39,453,79
2023-02-22,5,1175,Toys,South,1,0,Rainy,33.9,113.97,285.0,6.2,992,1362.91,1236.12,24,231,45
2023-02-23,6,1177,Grocery,North,0,0,Sunny,29.5,92.17,264.48,10.04,111,158.43,156.31,45,36,1
2023-02-24,8,1200,Furniture,North,1,1,Rainy,18.2,84.73,265.25,11.73,993,706.19,698.85,50,496,229
2023-02-25,50,1133,Sports,East,0,1,Rainy,10.9,87.48,276.04,7.35,577,486.52,447.94,24,314,99
2023-02-26,22,1038,Grocery,East,0,0,Cloudy,15.1,103.23,298.74,4.46,303,171.21,155.04,10,370,67
2023-02-27,9,1027,Toys,West,1,1,Cloudy,15.2,80.04,182.61,11.02,868,634.29,614.24,16,377,163
2023-02-28,28,1051,Toys,North,1,0,Cloudy,16.8,106.91,246.84,3.25,471,1068.34,996.65,28,190,29
2023-03-01,26,1165,Electronics,South,1,0,Cloudy,14.9,98.31,202.95,8.1,697,556.05,538.12,10,80,29
2023-03-02,19,1093,Grocery,North,0,1,Cloudy,24.2,104.53,246.68,6.92,724,1293.81,1411.44,12,333,134
2023-03-03,26,1019,Clothing,East,1,0,Cloudy,15.2,91.06,298.0,7.74,257,637.39,618.09,9,308,62
2023-03-04,7,1167,Toys,East,1,0,Cloudy,20.2,97.24,225.37,8.8,473,582.11,540.04,35,181,27
2023-03-05,22,1007,Grocery,South,1,1,Rainy,35.3,105.22,286.57,7.01,848,563.14,553.23,20,90,44
2023-03-06,34,1103,Toys,South,1,0,Sunny,38.6,99.15,256.88,6.8,960,181.36,171.44,14,281,53
2023-03-07,27,1135,Toys,West,1,1,Cloudy,17.6,113.29,260.31,7.12,479,588.66,530.69,42,186,80
2023-03-08,21,1041,Toys,North,1,0,Rainy,37.1,104.82,264.6,4.84,85,904.6,814.73,7,75,1
2023-03-09,35,1105,Sports,East,1,1,Cloudy,21.4,93.02,259.5,8.53,759,639.4,593.57,43,179,68
2023-03-10,32,1096,Toys,East,1,0,Cloudy,17.5,103.03,251.4,9.67,922,1468.08,1437.68,40,127,21
2023-03-11,3,1033,Sports,East,1,1,Sunny,20.5,119.64,194.09,10.38,878,1935.01,2084.26,1,65,17
2023-03-12,29,1156,Sports,East,1,0,Rainy,39.9,99.19,200.49,10.79,65,733.82,734.79,15,206,24
2023-03-13,13,1016,Electronics,South,1,1,Sunny,25.0,119.66,237.46,11.98,276,1710.76,1704.27,35,34,0
2023-03-14,40,1101,Electronics,South,0,0,Rainy,26.8,111.11,255.8,10.29,73,621.95,678.87,36,380,43
2023-03-15,45,1005,Beauty,South,1,0,Rainy,29.1,110.95,204.65,6.55,947,401.9,367.45,33,162,17
2023-03-16,30,1112,Sports,North,1,0,Rainy,13.1,108.83,200.28,7.93,888,668.76,699.19,46,124,6
2023-03-17,29,1057,Electronics,North,1,0,Cloudy,39.4,83.75,219.62,7.66,27,1432.38,1525.9,37,490,85
2023-03-18,44,1111,Grocery,West,1,0,Cloudy,15.1,118.95,183.51,4.57,813,1651.74,1495.69,48,194,11
2023-03-19,34,1187,Grocery,West,0,1,Rainy,32.6,96.63,246.63,10.77,940,332.73,323.28,12,292,109
2023-03-20,35,1188,Clothing,South,1,1,Sunny,23.7,92.74,279.16,7.27,549,524.47,490.66,6,406,188
2023-03-21,34,1165,Electronics,East,1,0,Cloudy,26.2,80.97,286.13,9.38,125,115.54,105.8,49,446,62
2023-03-22,11,1119,Clothing,West,0,1,Rainy,11.7,104.1,243.19,8.69,423,942.21,919.59,11,63,16
2023-03-23,47,1076,Beauty,West,1,1,Sunny,26.4,99.16,215.04,7.54,466,848.26,785.16,3,107,52
2023-03-24,49,1198,Toys,East,1,0,Cloudy,29.2,83.31,220.95,5.16,88,1324.33,1262.22,35,371,67
2023-03-25,7,1070,Electronics,North,0,1,Rainy,25.9,108.78,282.07,9.72,111,1398.88,1494.37,48,445,161
2023-03-26,45,1159,Toys,West,1,1,Cloudy,17.1,82.11,299.28,7.72,187,936.38,868.38,21,198,89
2023-03-27,41,1111,Sports,North,0,0,Rainy,26.7,83.03,289.53,7.09,57,1752.47,1835.47,16,311,43
2023-03-28,10,1186,Grocery,North,1,0,Rainy,29.8,94.8,297.9,3.34,722,1321.03,1222.42,16,315,56
2023-03-29,7,1050,Sports,North,1,1,Rainy,36.5,107.96,298.26,9.0,743,967.42,1007.23,15,429,197
2023-03-30,2,1171,Grocery,North,1,1,Cloudy,10.9,84.18,269.12,8.31,931,1648.49,1639.4,21,332,133
2023-03-31,26,1042,Electronics,North,1,0,Sunny,23.0,84.81,181.57,10.05,448,1199.72,1180.8,12,301,56
2023-04-01,29,1198,Grocery,East,0,1,Rainy,35.6,107.84,275.15,11.67,41,1448.89,1521.05,14,179,53
2023-04-02,18,1121,Sports,South,0,0,Sunny,33.6,119.3,279.65,3.87,241,1154.83,1205.04,28,88,10
2023-04-03,37,1154,Toys,North,1,1,Sunny,15.0,85.96,289.34,3.91,71,1073.14,1125.22,46,162,61
2023-04-04,39,1055,Electronics,West,1,0,Rainy,32.8,106.62,210.6,7.56,417,519.2,508.58,28,421,74
2023-04-05,31,1024,Clothing,South,1,1,Rainy,30.4,113.89,209.22,3.46,149,969.08,913.43,4,88,37
2023-04-06,37,1200,Furniture,West,0,1,Rainy,36.8,104.24,222.72,4.0,1000,371.06,384.39,26,350,123
2023-04-07,47,1163,Sports,North,1,0,Sunny,32.3,86.8,181.02,4.98,24,80.89,81.43,38,422,75
2023-04-08,38,1104,Beauty,North,1,1,Rainy,18.7,109.64,195.22,7.75,946,1740.95,1855.29,7,281,110
2023-04-09,20,1103,Beauty,South,0,0,Sunny,11.5,99.63,201.43,7.83,138,1511.38,1384.33,26,166,29
2023-04-10,49,1125,Toys,South,0,1,Sunny,33.1,87.28,276.97,6.22,359,500.62,545.06,26,181,63
2023-04-11,49,1171,Clothing,North,0,1,Cloudy,22.4,113.8,261.72,9.89,62,1013.17,926.83,34,466,162
2023-04-12,15,1074,Furniture,East,0,1,Rainy,37.3,101.15,207.47,3.89,710,1620.15,1616.51,40,48,5
2023-04-13,41,1004,Beauty,East,1,0,Rainy,26.8,101.32,297.34,3.67,237,1267.06,1191.77,38,142,0
2023-04-14,6,1060,Beauty,East,1,0,Cloudy,13.5,106.47,251.41,8.83,438,1022.87,968.36,39,154,15
2023-04-15,28,1079,Clothing,West,1,0,Cloudy,22.9,86.34,276.01,4.08,793,1295.92,1216.88,13,410,90
2023-04-16,31,1193,Toys,West,0,0,Sunny,19.3,92.92,257.07,5.24,73,268.56,273.98,6,376,45
2023-04-17,27,1076,Beauty,West,0,0,Sunny,11.9,85.99,209.84,10.57,935,1466.08,1343.13,0,381,42
2023-04-18,42,1102,Beauty,South,1,0,Sunny,37.8,90.79,257.89,3.12,202,1284.69,1330.46,33,480,73
2023-04-19,39,1199,Beauty,North,0,0,Cloudy,12.0,110.88,224.73,4.72,840,251.7,269.62,46,45,0
2023-04-20,45,1044,Beauty,West,0,0,Sunny,30.8,117.8,192.4,9.82,386,193.02,206.93,23,362,36
2023-04-21,2,1093,Grocery,North,0,1,Rainy,20.1,92.82,223.47,3.21,877,399.58,382.18,46,242,87
2023-04-22,3,1063,Furniture,East,0,1,Sunny,34.0,114.45,215.5,10.62,146,319.66,312.42,45,236,81
2023-04-23,18,1153,Furniture,East,1,0,Rainy,31.8,113.89,184.23,9.98,392,1565.91,1496.42,23,100,2
2023-04-24,38,1173,Sports,North,1,0,Cloudy,31.4,109.43,215.75,11.46,116,778.5,813.75,6,333,62
2023-04-25,9,1152,Electronics,South,1,1,Rainy,31.0,95.5,238.96,3.66,61,930.15,941.54,4,477,198
2023-04-26,42,1027,Toys,North,1,0,Cloudy,33.7,97.43,198.86,7.41,141,919.43,933.88,16,131,13
2023-04-27,8,1123,Clothing,South,0,0,Sunny,31.8,94.84,198.42,6.75,28,412.51,435.93,32,240,18
2023-04-28,16,1170,Clothing,West,0,1,Cloudy,22.6,89.35,273.77,10.97,787,218.51,219.75,50,106,21
2023-04-29,19,1198,Electronics,West,1,0,Sunny,36.3,102.32,278.55,11.53,53,1191.83,1125.4,38,391,65
2023-04-30,24,1008,Grocery,South,0,1,Rainy,36.7,96.3,190.78,10.85,147,799.15,743.83,0,493,214
2023-05-01,39,1043,Furniture,North,1,1,Cloudy,27.9,81.73,262.01,8.04,495,362.13,380.92,16,420,192
2023-05-02,46,1013,Beauty,West,0,1,Rainy,23.6,103.92,201.29,8.84,688,1871.7,2052.68,40,191,74
2023-05-03,8,1032,Grocery,West,0,0,Sunny,36.2,112.03,213.84,3.4,519,192.14,205.99,36,325,40
2023-05-04,3,1105,Clothing,North,1,1,Rainy,35.1,102.14,253.82,8.48,327,1745.18,1600.08,27,165,63
2023-05-05,48,1157,Grocery,West,0,0,Rainy,38.1,103.37,297.7,8.52,149,1819.49,1787.1,40,94,5
2023-05-06,12,1151,Toys,East,1,1,Cloudy,28.4,80.23,261.97,6.8,594,81.09,86.25,13,331,147
2023-05-07,22,1103,Sports,South,0,0,Sunny,39.0,110.23,275.26,7.88,828,148.29,161.99,49,399,34
2023-05-08,40,1124,Grocery,West,1,1,Rainy,12.4,95.54,199.25,4.59,472,419.68,453.83,34,258,101
2023-05-09,26,1034,Electronics,South,0,0,Cloudy,38.8,84.0,280.92,11.45,623,1446.52,1494.59,6,88,19
2023-05-10,10,1082,Grocery,South,1,1,Sunny,20.5,110.2,283.02,5.3,929,103.81,112.98,9,400,165
2023-05-11,26,1096,Electronics,West,1,0,Sunny,30.2,104.22,191.35,10.77,246,775.93,778.58,26,397,86
2023-05-12,36,1050,Grocery,East,0,0,Sunny,31.4,112.3,229.34,6.8,979,1297.47,1373.15,33,391,44
2023-05-13,39,1007,Toys,East,1,0,Rainy,25.3,82.04,282.73,3.2,60,1944.24,1988.26,45,101,31
2023-05-14,11,1137,Furniture,West,0,1,Rainy,36.8,89.2,183.75,10.39,524,139.26,147.35,45,312,108
2023-05-15,19,1178,Electronics,West,1,1,Rainy,38.5,89.1,279.39,7.94,811,631.95,606.78,28,398,187
2023-05-16,18,1181,Clothing,North,1,0,Rainy,34.3,116.6,188.3,4.14,426,1720.52,1746.57,34,63,8
2023-05-17,7,1003,Sports,East,1,1,Cloudy,34.5,114.58,208.46,3.96,935,299.55,311.29,50,377,156
2023-05-18,30,1129,Toys,North,0,1,Cloudy,17.9,85.44,244.09,9.93,862,308.49,295.57,22,42,7
2023-05-19,30,1157,Clothing,West,1,1,Cloudy,29.1,97.1,272.93,3.63,725,399.29,367.71,21,280,120
2023-05-20,37,1131,Grocery,West,1,0,Cloudy,29.6,114.43,255.12,5.99,403,1876.05,1853.71,32,71,10
2023-05-21,13,1111,Grocery,South,1,1,Rainy,27.3,97.89,248.99,11.64,365,1880.16,1719.44,13,471,212
2023-05-22,48,1073,Sports,West,0,0,Cloudy,17.2,96.32,204.58,8.2,22,718.35,716.29,4,178,35
2023-05-23,18,1190,Electronics,South,0,1,Rainy,18.9,89.97,219.56,11.83,888,836.91,858.83,24,117,38
2023-05-24,25,1006,Grocery,North,0,1,Sunny,34.0,105.63,285.11,3.89,993,1796.65,1687.23,29,486,181
2023-05-25,18,1068,Toys,West,1,0,Sunny,37.2,118.24,202.36,11.45,113,1508.77,1518.97,44,470,83
2023-05-26,3,1163,Electronics,East,0,1,Sunny,39.0,110.85,234.24,3.12,952,1290.58,1398.56,9,239,82
2023-05-27,15,1060,Beauty,North,0,0,Cloudy,33.2,108.99,250.83,11.13,592,1785.46,1795.49,39,459,64
2023-05-28,9,1010,Electronics,East,1,0,Cloudy,20.6,95.8,190.96,6.94,739,1370.32,1441.84,40,451,87
2023-05-29,17,1097,Grocery,West,0,0,Sunny,14.5,97.39,243.28,7.78,711,1146.87,1119.31,6,261,37
2023-05-30,11,1117,Electronics,South,1,1,Sunny,32.0,89.77,213.13,4.98,462,696.1,646.99,3,150,68
2023-05-31,7,1002,Beauty,South,1,0,Sunny,17.4,81.31,297.64,7.1,411,1453.18,1410.7,1,470,88
2023-06-01,16,1053,Beauty,East,0,1,Cloudy,31.2,102.4,268.26,5.35,891,446.92,490.82,50,372,131
2023-06-02,10,1035,Beauty,North,0,1,Rainy,31.2,94.02,197.89,4.35,303,1335.4,1342.32,12,327,119
2023-06-03,46,1113,Furniture,North,1,1,Rainy,13.7,110.47,185.45,11.02,555,56.82,59.4,14,180,67
2023-06-04,28,1121,Sports,South,0,1,Sunny,18.4,103.02,207.14,7.81,888,745.4,745.1,20,227,95
2023-06-05,43,1052,Toys,West,1,1,Sunny,32.7,97.82,292.31,3.72,207,1759.78,1924.97,9,411,181
2023-06-06,17,1131,Beauty,West,0,0,Rainy,33.4,115.4,276.43,6.71,269,1006.83,908.08,32,97,0
2023-06-07,13,1137,Beauty,North,1,0,Rainy,31.8,106.14,231.31,10.02,811,465.09,466.99,17,268,68
2023-06-08,30,1115,Grocery,South,1,0,Sunny,18.5,105.03,285.37,9.94,570,1213.68,1195.32,0,226,44
2023-06-09,14,1040,Clothing,East,1,0,Cloudy,13.9,80.81,234.09,11.58,216,1604.47,1550.68,48,452,92
2023-06-10,33,1153,Toys,East,1,0,Rainy,32.9,86.47,299.32,6.56,963,446.17,445.02,24,351,73
2023-06-11,8,1008,Clothing,South,1,1,Rainy,28.5,102.2,204.08,11.05,829,283.66,303.21,9,411,177
2023-06-12,36,1046,Grocery,North,0,0,Rainy,21.1,102.18,233.65,5.37,903,385.01,393.79,14,395,61
2023-06-13,49,1110,Clothing,West,1,1,Sunny,18.5,94.74,251.53,6.01,846,346.01,329.97,46,428,160
2023-06-14,15,1094,Furniture,East,1,0,Rainy,30.7,91.14,223.19,7.47,684,737.51,791.07,49,63,3
2023-06-15,15,1010,Clothing,East,0,0,Cloudy,38.7,92.59,288.16,6.78,397,1641.11,1731.22,9,238,26
2023-06-16,44,1048,Beauty,East,1,0,Rainy,33.6,101.52,248.58,6.5,171,1337.35,1291.85,42,42,0
2023-06-17,21,1114,Beauty,North,0,1,Rainy,37.3,100.09,241.35,4.79,102,1215.54,1190.0,4,248,97
2023-06-18,43,1106,Clothing,East,0,0,Cloudy,10.2,96.29,247.24,5.25,747,608.15,612.06,32,268,44
2023-06-19,18,1146,Toys,East,1,1,Sunny,22.0,98.57,241.61,3.61,320,1929.38,2059.25,17,449,186
2023-06-20,44,1150,Clothing,East,0,1,Cloudy,29.4,103.82,294.55,11.35,870,1345.61,1452.07,27,62,30
2023-06-21,18,1057,Grocery,West,1,1,Sunny,30.1,102.04,267.23,10.25,100,1939.15,1763.69,28,459,194
2023-06-22,37,1019,Electronics,East,0,1,Sunny,24.9,91.28,261.83,6.36,869,1600.25,1498.11,24,223,86
2023-06-23,44,1054,Beauty,North,1,0,Sunny,20.4,118.3,208.11,7.45,532,1005.95,942.38,43,370,69
2023-06-24,20,1103,Furniture,South,0,0,Sunny,26.3,95.54,193.86,6.01,993,1864.37,1890.39,21,44,0
2023-06-25,13,1153,Beauty,East,1,1,Sunny,36.1,113.82,223.35,7.09,413,766.73,722.09,19,328,142
2023-06-26,6,1192,Furniture,North,1,1,Rainy,29.4,109.11,184.51,4.97,921,1912.56,1722.66,19,92,39
2023-06-27,29,1173,Electronics,South,1,1,Sunny,16.5,92.23,229.11,10.4,545,851.87,801.8,0,490,221
2023-06-28,24,1124,Clothing,West,0,1,Rainy,39.0,81.99,190.3,3.39,356,282.7,259.18,42,107,19
2023-06-29,50,1028,Grocery,West,1,0,Cloudy,39.3,105.46,258.43,11.76,902,440.43,481.97,22,303,54
2023-06-30,28,1088,Clothing,North,0,1,Cloudy,37.5,93.1,220.3,11.04,462,535.27,573.32,45,135,46
2023-07-01,29,1134,Furniture,South,1,0,Sunny,10.7,105.32,204.03,5.75,627,584.15,638.77,49,167,4
2023-07-02,49,1020,Sports,North,1,0,Sunny,27.0,101.77,205.8,3.5,810,1031.27,1066.85,32,89,8
2023-07-03,10,1159,Toys,South,0,0,Sunny,25.6,97.17,193.98,7.78,950,1342.84,1263.73,10,310,34
2023-07-04,17,1169,Electronics,East,1,0,Cloudy,10.1,99.13,258.27,3.98,795,1535.81,1414.72,45,252,35
2023-07-05,18,1023,Electronics,North,1,0,Rainy,25.6,84.69,227.38,4.52,760,436.22,472.06,26,299,42
2023-07-06,31,1172,Grocery,South,1,0,Sunny,31.9,113.92,241.54,11.49,78,1121.24,1122.78,44,287,49
2023-07-07,14,1157,Beauty,North,0,1,Sunny,14.7,100.47,199.12,5.65,942,1986.58,1851.74,23,433,165
2023-07-08,49,1108,Grocery,West,1,1,Rainy,35.1,97.33,188.06,5.7,65,1508.42,1508.0,44,44,11
2023-07-09,32,1172,Grocery,West,0,0,Rainy,12.2,90.24,209.26,9.23,178,923.12,984.55,33,466,48
2023-07-10,49,1122,Toys,North,0,0,Rainy,10.2,117.55,282.24,7.35,835,263.03,246.49,15,160,46
2023-07-11,22,1080,Toys,North,0,0,Cloudy,12.8,112.42,286.63,4.48,997,79.43,80.32,3,59,0
2023-07-12,25,1007,Furniture,South,0,0,Cloudy,33.1,110.82,233.56,7.9,835,1254.12,1324.7,9,391,62
2023-07-13,44,1157,Sports,North,0,1,Cloudy,39.5,114.92,185.47,10.29,760,1990.16,2009.96,49,65,0
2023-07-14,4,1155,Electronics,South,1,1,Rainy,12.2,120.0,245.37,8.0,189,1070.77,1111.24,42,64,22
2023-07-15,37,1053,Toys,North,0,0,Rainy,39.7,92.48,201.98,3.56,957,1973.02,1971.81,0,269,40
2023-07-16,15,1060,Electronics,North,0,1,Cloudy,29.3,104.53,209.7,3.99,61,478.3,439.36,12,479,201
2023-07-17,19,1190,Electronics,West,0,0,Cloudy,37.0,107.39,255.26,6.62,308,1345.6,1362.36,48,302,32
2023-07-18,22,1110,Toys,South,1,1,Sunny,23.2,101.52,244.33,9.02,732,1432.83,1461.62,50,81,26
2023-07-19,13,1021,Toys,South,1,0,Sunny,15.7,103.97,248.25,5.34,25,1876.6,1946.85,9,136,22
2023-07-20,28,1025,Beauty,West,1,0,Sunny,16.6,118.57,234.11,8.2,722,77.81,80.91,20,364,56
2023-07-21,22,1108,Sports,East,0,0,Sunny,16.1,83.06,238.32,11.92,888,1499.71,1351.75,7,151,18
2023-07-22,44,1177,Beauty,East,0,1,Cloudy,35.3,102.78,184.64,11.84,942,927.26,926.04,5,104,41
2023-07-23,29,1093,Sports,North,0,1,Rainy,25.2,105.66,283.87,4.84,515,410.72,381.8,30,349,135
2023-07-24,3,1165,Electronics,East,1,0,Sunny,30.4,87.98,238.96,8.83,253,112.44,116.91,6,458,79
2023-07-25,9,1183,Sports,North,0,1,Rainy,27.3,107.49,237.84,3.88,495,349.85,357.27,36,81,26
2023-07-26,15,1195,Furniture,North,1,0,Cloudy,16.3,104.18,205.57,11.72,503,1220.7,1200.24,28,129,20
2023-07-27,5,1164,Toys,East,1,1,Sunny,34.5,89.25,268.59,4.22,448,341.43,348.11,45,366,160
2023-07-28,34,1051,Sports,West,1,0,Rainy,18.4,85.34,257.41,10.57,796,766.84,728.8,47,112,6
2023-07-29,5,1098,Electronics,West,1,0,Cloudy,24.6,111.39,248.32,10.1,515,1394.14,1343.58,4,424,78
2023-07-30,35,1069,Toys,North,0,0,Cloudy,30.2,97.31,257.59,4.83,276,609.23,563.52,34,126,0
2023-07-31,41,1152,Beauty,South,1,1,Rainy,36.3,94.53,286.96,7.42,617,996.76,1033.2,46,423,183
2023-08-01,13,1045,Electronics,South,0,0,Sunny,13.4,89.82,234.27,9.51,257,1551.72,1424.19,4,428,64
2023-08-02,15,1031,Furniture,North,1,0,Sunny,27.6,101.4,208.58,6.11,74,246.17,248.72,42,447,85
2023-08-03,24,1040,Toys,West,1,1,Cloudy,17.1,85.46,204.2,11.84,55,966.6,960.16,45,398,161
2023-08-04,11,1107,Sports,East,0,0,Sunny,39.4,90.99,296.74,3.13,450,1584.07,1510.79,29,429,57
2023-08-05,40,1063,Grocery,South,1,1,Sunny,21.1,89.92,230.0,8.75,728,87.02,80.31,40,208,99
2023-08-06,17,1158,Electronics,West,0,0,Rainy,20.0,83.24,226.4,8.12,65,1471.93,1444.49,21,361,59
2023-08-07,50,1061,Grocery,West,0,0,Sunny,12.9,117.86,219.96,4.83,529,1298.0,1314.25,3,97,29
2023-08-08,9,1167,Grocery,South,0,1,Cloudy,17.9,97.47,187.41,6.81,893,459.65,485.88,0,293,117
2023-08-09,25,1058,Toys,West,1,0,Rainy,28.5,90.56,257.42,9.14,734,1442.4,1327.61,23,414,68
2023-08-10,39,1027,Beauty,East,1,0,Sunny,21.9,85.51,267.41,6.46,151,1223.75,1243.01,0,210,24
2023-08-11,45,1097,Furniture,East,0,1,Cloudy,37.6,98.34,271.19,9.18,579,1444.17,1315.88,16,106,38
2023-08-12,29,1197,Furniture,East,0,0,Sunny,16.4,98.5,193.03,7.65,765,132.3,142.13,23,402,54
2023-08-13,7,1110,Clothing,East,1,1,Rainy,38.8,88.77,253.61,8.78,626,190.2,186.28,13,451,184
2023-08-14,45,1028,Electronics,South,1,0,Sunny,30.7,111.13,287.08,4.77,524,1834.67,1944.61,45,61,2
2023-08-15,12,1080,Beauty,South,0,1,Rainy,39.8,92.26,254.01,3.11,106,1143.14,1038.95,42,271,99
2023-08-16,16,1138,Sports,West,0,0,Rainy,26.4,86.22,249.2,7.87,39,91.24,86.25,14,280,30
2023-08-17,43,1162,Beauty,North,0,0,Cloudy,29.8,99.02,284.84,4.64,599,126.73,119.34,43,138,10
2023-08-18,44,1055,Sports,North,1,0,Sunny,10.7,115.93,278.68,5.6,891,1555.9,1558.92,44,100,12
2023-08-19,13,1007,Sports,West,0,1,Rainy,37.2,116.69,198.01,7.31,402,1174.54,1172.02,4,168,71
2023-08-20,32,1007,Grocery,South,1,1,Cloudy,35.0,116.12,225.2,6.01,47,381.88,378.16,48,223,82
2023-08-21,29,1030,Beauty,West,1,0,Cloudy,18.7,113.4,277.11,7.7,132,966.81,897.33,32,223,62
2023-08-22,24,1089,Electronics,North,1,0,Cloudy,11.9,89.57,272.42,4.4,109,1407.09,1539.18,4,340,66
2023-08-23,31,1019,Electronics,West,0,0,Rainy,39.4,106.37,216.15,10.52,130,1902.7,2045.77,15,318,32
2023-08-24,18,1109,Clothing,South,0,0,Cloudy,23.7,92.09,283.15,6.16,946,1096.05,1100.97,8,456,61
2023-08-25,29,1191,Sports,North,1,0,Rainy,15.9,112.77,201.13,9.11,891,1882.52,1752.93,8,37,10
2023-08-26,43,1136,Beauty,West,1,1,Sunny,39.9,91.29,261.02,5.78,127,1659.0,1766.21,10,89,24
2023-08-27,35,1016,Grocery,East,0,1,Rainy,36.6,95.81,213.84,10.63,784,946.28,856.53,27,424,170
2023-08-28,12,1181,Furniture,West,1,1,Rainy,37.3,91.13,247.11,3.28,786,357.38,327.88,16,128,60
2023-08-29,17,1165,Furniture,East,1,1,Cloudy,21.9,112.09,260.06,9.84,158,933.27,955.59,35,229,104
2023-08-30,49,1119,Electronics,North,1,0,Rainy,33.4,94.55,185.67,9.05,254,1887.89,1773.06,46,364,66
2023-08-31,20,1183,Beauty,South,0,0,Rainy,21.5,84.5,242.39,3.29,778,1861.08,1834.03,21,265,17
2023-09-01,45,1081,Beauty,West,1,1,Cloudy,16.0,114.52,277.51,8.94,823,602.82,592.24,11,272,127
2023-09-02,8,1105,Beauty,East,1,0,Cloudy,15.8,86.47,244.21,10.43,735,1494.16,1576.62,18,122,8
2023-09-03,24,1172,Beauty,West,0,0,Rainy,18.3,86.42,225.35,10.84,806,286.09,301.94,4,171,21
2023-09-04,40,1140,Beauty,South,0,0,Sunny,20.2,80.14,243.39,10.91,629,691.04,671.26,50,427,25
2023-09-05,24,1020,Furniture,West,0,1,Cloudy,14.6,93.09,203.43,9.12,309,190.26,199.94,21,112,33
2023-09-06,34,1127,Grocery,North,0,1,Cloudy,21.5,86.49,197.16,8.74,863,451.27,473.36,1,321,131
2023-09-07,43,1120,Grocery,North,0,0,Sunny,33.7,100.37,247.8,4.34,184,492.05,446.42,2,147,20
2023-09-08,44,1190,Electronics,North,0,0,Rainy,39.5,115.79,214.15,3.59,410,1016.49,1095.14,49,239,46
2023-09-09,17,1123,Grocery,East,0,0,Cloudy,29.3,117.58,200.8,11.08,976,606.63,550.63,33,417,72
2023-09-10,31,1176,Beauty,North,1,1,Sunny,37.6,98.77,201.52,5.94,756,1533.24,1657.7,12,382,166
2023-09-11,13,1018,Electronics,West,0,0,Sunny,30.9,117.87,186.62,8.11,869,1663.39,1761.22,26,220,24
2023-09-12,11,1043,Toys,North,1,0,Cloudy,19.0,99.28,180.7,8.97,800,515.14,487.73,22,100,0
2023-09-13,31,1106,Clothing,South,1,1,Cloudy,39.8,102.79,257.18,3.59,250,302.53,315.79,43,489,207
2023-09-14,31,1087,Sports,South,0,1,Rainy,16.3,95.21,194.33,6.37,910,1747.4,1759.74,19,379,145
2023-09-15,20,1079,Grocery,East,0,0,Cloudy,22.5,102.16,260.13,11.62,582,1587.68,1460.71,41,329,46
2023-09-16,40,1006,Furniture,East,0,0,Sunny,20.0,105.48,220.01,8.45,663,1127.33,1112.55,44,447,62
2023-09-17,25,1045,Clothing,South,1,1,Rainy,22.5,115.13,205.86,4.56,257,1923.05,1749.14,20,356,157
2023-09-18,43,1129,Electronics,South,1,1,Rainy,21.0,117.3,280.84,7.6,714,644.25,611.27,35,121,37
2023-09-19,18,1192,Beauty,South,0,0,Rainy,13.2,93.36,262.78,9.81,313,1400.27,1495.7,18,391,52
2023-09-20,16,1019,Beauty,South,1,1,Sunny,37.9,111.8,195.2,10.61,683,1567.46,1452.35,5,462,195
2023-09-21,33,1176,Toys,East,0,0,Sunny,31.4,105.01,272.38,9.33,164,205.92,195.4,5,314,34
2023-09-22,5,1006,Sports,West,1,0,Cloudy,37.5,102.39,270.23,11.83,561,1103.94,1207.45,32,368,77
2023-09-23,22,1135,Toys,West,1,1,Sunny,36.6,99.38,299.48,4.43,744,1272.31,1275.32,6,127,68
2023-09-24,41,1082,Toys,North,0,0,Cloudy,33.0,84.85,181.02,10.71,314,845.93,879.98,40,194,13
2023-09-25,29,1183,Electronics,South,0,0,Rainy,16.3,102.31,195.61,7.24,919,1427.58,1419.39,47,432,53
2023-09-26,18,1022,Grocery,West,0,0,Cloudy,35.2,99.96,239.33,6.38,353,887.12,852.51,43,38,0
2023-09-27,35,1075,Clothing,South,0,0,Sunny,28.6,92.48,204.63,6.11,46,165.67,154.4,5,346,62
2023-09-28,45,1128,Clothing,North,0,1,Sunny,24.7,95.87,268.91,9.56,865,1318.99,1297.38,3,77,20
2023-09-29,48,1172,Sports,East,1,0,Sunny,28.3,96.44,287.01,11.0,802,628.67,652.52,35,72,12
2023-09-30,18,1176,Clothing,North,0,0,Rainy,31.4,119.38,240.43,9.92,820,1740.38,1846.38,44,205,15
2023-10-01,28,1088,Toys,South,0,1,Sunny,37.9,81.29,180.48,9.38,782,193.86,206.59,27,297,105
2023-10-02,44,1003,Electronics,South,1,0,Rainy,20.2,112.72,273.56,3.51,465,1007.76,1033.31,4,193,49
2023-10-03,38,1063,Grocery,North,0,1,Sunny,34.1,90.0,213.08,5.95,110,1943.1,1832.24,26,432,172
2023-10-04,13,1131,Beauty,North,0,1,Sunny,33.4,112.54,244.3,8.26,331,1125.92,1129.61,16,201,67
2023-10-05,37,1152,Toys,East,1,0,Cloudy,33.8,82.41,272.34,6.21,287,578.57,583.32,39,325,53
2023-10-06,6,1155,Furniture,West,1,1,Cloudy,37.1,95.14,237.76,7.27,279,319.77,344.67,36,499,215
2023-10-07,40,1095,Toys,East,1,1,Rainy,34.6,111.34,187.47,6.89,393,1376.48,1449.79,39,272,110
2023-10-08,8,1126,Electronics,South,0,0,Sunny,30.1,81.58,243.93,4.12,937,761.55,706.65,28,357,19
2023-10-09,50,1013,Grocery,South,1,1,Rainy,11.7,85.16,236.57,4.18,911,572.37,594.8,46,51,1
2023-10-10,45,1037,Furniture,South,0,0,Cloudy,33.3,103.69,294.34,5.7,48,1321.43,1319.45,27,187,14
2023-10-11,25,1165,Grocery,West,1,1,Cloudy,30.0,104.91,292.23,5.43,656,1588.08,1665.62,30,77,14
2023-10-12,26,1005,Toys,North,1,1,Rainy,34.4,85.95,216.18,11.16,150,1399.82,1282.47,14,411,191
2023-10-13,21,1086,Electronics,North,0,0,Sunny,23.5,110.73,222.48,11.23,839,553.47,564.91,26,300,48
2023-10-14,19,1038,Furniture,North,1,0,Cloudy,29.8,109.31,292.72,10.67,386,507.6,543.19,22,310,42
2023-10-15,26,1078,Sports,South,0,0,Rainy,33.8,82.04,188.22,7.09,612,458.7,432.94,49,415,42
2023-10-16,20,1120,Electronics,East,0,0,Rainy,17.1,112.77,259.62,4.5,564,412.75,443.66,27,415,59
2023-10-17,6,1048,Toys,East,1,1,Sunny,24.3,117.19,246.8,8.95,839,1514.66,1605.63,0,88,31
2023-10-18,48,1159,Furniture,East,0,1,Rainy,12.4,85.1,191.61,4.91,25,1581.25,1708.58,47,459,170
2023-10-19,41,1099,Sports,West,0,0,Cloudy,36.5,85.3,235.44,7.83,241,99.55,102.07,33,108,9
2023-10-20,18,1029,Clothing,North,0,1,Cloudy,27.2,117.08,250.9,8.93,390,1450.45,1429.05,12,273,105
2023-10-21,45,1178,Electronics,West,1,1,Rainy,28.8,92.25,239.59,7.87,750,691.56,633.91,50,214,69
2023-10-22,46,1025,Grocery,East,1,1,Rainy,25.1,100.26,231.69,4.39,420,1270.14,1171.09,21,498,235
2023-10-23,25,1079,Grocery,East,0,1,Cloudy,29.9,91.59,203.49,7.28,892,1098.94,1143.41,34,380,141
2023-10-24,46,1188,Furniture,West,0,0,Rainy,28.4,106.82,212.76,11.0,321,1644.58,1745.06,5,271,24
2023-10-25,37,1106,Toys,West,1,0,Cloudy,11.9,113.48,268.0,11.57,996,624.96,586.66,28,484,80
2023-10-26,25,1098,Beauty,South,1,1,Sunny,34.5,95.62,294.69,9.51,668,1563.24,1473.38,9,102,44
2023-10-27,10,1109,Beauty,North,0,0,Sunny,17.7,83.59,294.9,9.15,541,1385.08,1307.43,18,194,37
2023-10-28,10,1163,Furniture,East,1,0,Cloudy,19.2,101.18,234.63,9.04,519,631.88,605.98,21,325,67
2023-10-29,48,1054,Electronics,North,1,1,Cloudy,32.2,108.97,232.56,4.08,927,466.0,430.12,6,291,126
2023-10-30,19,1072,Toys,South,0,0,Rainy,19.8,92.74,268.0,7.6,969,772.1,733.72,7,127,21
2023-10-31,29,1044,Clothing,North,1,0,Cloudy,27.2,82.92,242.79,4.69,350,1815.18,1905.15,22,392,72
2023-11-01,28,1038,Grocery,West,0,1,Cloudy,33.4,88.57,232.1,4.41,186,1367.65,1303.58,36,401,143
2023-11-02,35,1193,Sports,West,1,0,Sunny,29.5,101.75,185.13,6.33,399,574.43,628.02,23,206,48
2023-11-03,14,1103,Grocery,South,0,0,Rainy,20.9,83.32,191.6,3.09,763,1083.77,1113.7,31,103,2
2023-11-04,3,1197,Furniture,East,0,0,Cloudy,31.8,100.68,255.43,8.36,834,817.54,841.48,11,119,19
2023-11-05,8,1150,Grocery,South,0,0,Rainy,31.9,82.15,263.71,3.74,724,227.34,205.62,50,298,26
2023-11-06,11,1178,Beauty,North,1,1,Sunny,34.7,103.72,211.82,11.47,749,1474.9,1379.72,9,228,112
2023-11-07,27,1199,Toys,North,1,0,Rainy,17.7,93.25,260.91,4.23,193,848.66,816.92,2,468,103
2023-11-08,37,1061,Beauty,East,0,1,Sunny,25.2,96.23,239.35,10.99,904,1336.0,1321.44,38,419,146
2023-11-09,47,1125,Clothing,East,0,0,Sunny,30.1,82.73,187.57,10.73,38,1373.16,1329.87,34,321,32
2023-11-10,46,1072,Electronics,West,1,0,Cloudy,15.1,101.35,189.38,5.29,31,681.84,695.22,1,291,47
2023-11-11,34,1020,Grocery,South,1,0,Cloudy,18.8,85.19,233.97,9.74,464,182.78,178.93,21,460,100
2023-11-12,32,1035,Toys,North,0,0,Cloudy,35.0,104.97,289.77,9.36,696,1886.73,1958.43,46,467,58
2023-11-13,12,1154,Sports,South,0,0,Rainy,16.0,115.5,208.25,10.58,109,1645.13,1712.92,10,450,68
2023-11-14,19,1133,Sports,South,1,1,Sunny,24.4,82.92,231.42,3.33,690,194.17,197.09,49,198,83
2023-11-15,8,1001,Clothing,East,0,1,Cloudy,24.5,105.86,295.83,10.97,522,699.62,742.87,22,76,19
2023-11-16,28,1017,Toys,South,0,0,Cloudy,26.2,80.32,206.36,6.85,212,1459.64,1368.82,4,89,20
2023-11-17,12,1192,Beauty,South,1,1,Sunny,24.2,110.13,194.17,3.94,78,1737.82,1840.8,30,70,17
2023-11-18,30,1007,Furniture,East,0,1,Cloudy,23.3,119.24,195.9,7.73,564,1194.33,1185.73,38,266,82
2023-11-19,41,1104,Furniture,East,0,1,Rainy,38.3,99.8,263.78,8.75,399,1784.29,1780.62,21,21,4
2023-11-20,22,1051,Grocery,East,0,1,Rainy,23.7,83.8,279.34,10.67,502,1316.7,1199.63,41,448,173
2023-11-21,16,1148,Clothing,East,0,0,Cloudy,19.3,118.91,204.64,6.83,606,1880.64,2051.07,10,71,17
2023-11-22,38,1053,Toys,East,0,1,Rainy,32.7,97.93,185.33,7.97,20,1381.12,1297.53,47,30,2
2023-11-23,26,1189,Furniture,South,0,1,Rainy,26.3,99.0,182.47,4.86,915,1879.71,1788.34,23,408,161
2023-11-24,38,1023,Furniture,West,1,1,Rainy,12.6,109.63,195.05,9.3,945,1822.29,1786.29,50,339,126
2023-11-25,10,1178,Toys,South,0,1,Sunny,29.6,81.58,180.22,8.43,886,1395.17,1515.42,38,103,35
2023-11-26,14,1148,Electronics,North,1,0,Sunny,11.4,104.06,247.42,3.26,692,952.7,1046.72,33,292,42
2023-11-27,43,1079,Sports,West,1,0,Rainy,12.6,112.32,212.57,3.27,435,1030.27,1004.97,39,150,12
2023-11-28,43,1002,Furniture,East,1,1,Sunny,37.5,102.68,181.61,9.16,947,976.44,945.55,49,351,144
2023-11-29,24,1092,Grocery,North,1,0,Cloudy,37.5,100.32,299.09,4.1,178,664.34,598.36,46,265,41
2023-11-30,41,1128,Grocery,East,0,1,Sunny,21.5,114.89,281.6,6.05,716,1811.54,1923.11,9,174,65
2023-12-01,13,1131,Electronics,North,1,1,Cloudy,10.3,93.82,239.78,8.34,745,1106.89,1020.55,26,382,156
2023-12-02,15,1157,Sports,North,0,0,Rainy,33.7,108.66,231.18,10.08,871,685.03,627.64,29,316,41
2023-12-03,37,1074,Toys,East,1,1,Cloudy,18.6,100.78,234.59,8.51,175,1459.31,1378.53,5,179,96
2023-12-04,9,1072,Furniture,West,1,1,Cloudy,21.7,97.6,255.08,7.3,92,239.9,219.06,48,71,26
2023-12-05,6,1089,Electronics,East,0,1,Sunny,19.8,108.0,255.91,7.27,944,1470.31,1538.84,28,285,103
2023-12-06,40,1090,Grocery,East,1,1,Rainy,10.6,106.0,292.4,11.68,259,432.46,406.16,37,116,30
2023-12-07,27,1117,Furniture,North,1,0,Rainy,39.2,110.08,253.93,5.75,965,424.09,439.69,35,353,74
2023-12-08,41,1056,Clothing,West,0,1,Sunny,23.4,107.05,246.34,9.15,958,360.67,325.79,49,493,181
2023-12-09,40,1104,Beauty,West,0,1,Rainy,13.9,119.71,195.68,6.75,839,254.65,274.63,5,60,19
2023-12-10,13,1065,Toys,South,1,1,Sunny,24.5,114.54,264.6,4.4,289,1766.4,1845.4,43,495,202
2023-12-11,16,1103,Sports,East,0,0,Sunny,28.0,106.93,287.31,11.12,631,1561.49,1688.9,43,66,0
2023-12-12,8,1058,Toys,South,1,0,Sunny,34.1,110.43,248.11,7.71,346,1327.77,1255.43,48,27,0
2023-12-13,48,1057,Sports,South,1,0,Rainy,17.7,112.11,291.74,5.47,35,1627.0,1574.69,30,450,83
2023-12-14,14,1185,Sports,West,1,0,Rainy,10.8,98.58,220.43,11.45,190,1389.39,1263.63,36,280,54
2023-12-15,11,1162,Beauty,South,0,1,Rainy,15.8,102.2,266.52,8.7,510,1664.34,1790.35,23,259,94
2023-12-16,49,1029,Toys,West,1,0,Cloudy,29.0,96.28,188.68,3.03,687,744.76,745.99,48,146,16
2023-12-17,23,1016,Toys,South,1,0,Sunny,37.5,91.22,286.99,7.16,674,886.8,945.58,21,445,81
2023-12-18,12,1127,Furniture,South,0,0,Rainy,18.1,111.79,262.0,7.85,905,645.43,624.46,40,65,12
2023-12-19,25,1046,Clothing,East,1,0,Sunny,27.4,104.91,195.76,8.56,627,1112.6,1023.44,37,196,23
2023-12-20,18,1124,Electronics,West,0,1,Sunny,23.6,100.83,214.85,6.0,479,129.68,117.5,26,335,113
2023-12-21,49,1100,Sports,South,1,1,Rainy,10.7,110.15,217.0,10.18,135,1821.8,1901.43,31,105,47
2023-12-22,9,1024,Furniture,West,1,1,Cloudy,24.0,96.23,212.58,6.63,961,1610.76,1476.82,49,420,158
2023-12-23,23,1158,Furniture,West,1,0,Rainy,10.6,115.02,267.86,6.46,181,674.3,647.08,2,251,50
2023-12-24,24,1145,Sports,South,1,0,Rainy,24.0,103.59,228.41,9.04,194,699.14,709.14,41,189,10
2023-12-25,34,1038,Beauty,North,1,0,Sunny,25.2,97.48,248.06,5.74,518,583.84,613.53,9,257,36
2023-12-26,11,1091,Beauty,North,1,0,Rainy,26.7,114.96,250.38,10.45,980,692.29,742.78,34,418,67
2023-12-27,5,1075,Furniture,East,1,1,Sunny,24.5,91.36,281.11,6.17,228,260.5,274.47,6,424,198
2023-12-28,48,1029,Electronics,North,1,0,Rainy,16.6,118.69,188.67,4.77,802,1607.2,1593.6,30,52,0
2023-12-29,5,1184,Grocery,South,0,0,Rainy,14.6,97.68,207.59,6.47,691,1671.65,1828.59,14,97,5
2023-12-30,24,1038,Clothing,West,0,0,Cloudy,27.3,114.08,219.97,6.04,262,1725.15,1764.95,9,282,42
2023-12-31,4,1108,Sports,North,1,0,Rainy,26.8,96.57,262.4,10.79,567,734.67,715.76,43,392,77
2024-01-01,3,1106,Grocery,South,1,0,Rainy,14.5,108.48,296.24,5.76,519,567.46,534.3,17,313,62
2024-01-02,30,1081,Grocery,East,0,1,Rainy,27.0,93.26,299.58,6.35,884,1764.59,1918.61,27,26,0
2024-01-03,44,1169,Electronics,West,0,0,Rainy,37.8,88.33,204.61,11.25,407,246.27,253.97,4,208,29
2024-01-04,5,1087,Toys,East,1,0,Cloudy,18.0,83.58,248.42,5.88,940,1056.51,1021.14,48,366,59
2024-01-05,37,1141,Grocery,West,0,1,Rainy,34.5,115.04,220.58,8.37,396,1881.74,1980.83,26,35,8
2024-01-06,37,1018,Electronics,West,1,0,Cloudy,15.3,86.33,246.51,11.61,116,733.03,767.47,22,201,33
2024-01-07,22,1138,Clothing,West,0,0,Cloudy,32.9,101.07,245.9,3.83,612,101.01,103.04,48,360,44
2024-01-08,20,1052,Grocery,West,0,1,Sunny,34.8,114.95,291.27,7.88,208,1132.06,1058.07,6,253,96
2024-01-09,16,1181,Grocery,West,1,1,Sunny,13.3,99.99,263.49,4.04,742,1464.88,1444.5,30,373,169
2024-01-10,7,1092,Beauty,West,0,1,Sunny,26.9,85.68,194.53,7.8,839,1051.28,995.29,21,300,105
2024-01-11,38,1097,Electronics,North,0,0,Rainy,37.9,89.84,264.61,7.25,951,639.6,664.09,20,78,6
2024-01-12,35,1131,Clothing,North,0,1,Sunny,22.6,117.51,189.32,7.42,423,1997.55,1878.82,6,69,8
2024-01-13,21,1088,Clothing,West,0,1,Cloudy,16.3,90.26,264.77,8.14,969,568.14,516.98,12,125,47
2024-01-14,16,1107,Furniture,North,0,1,Sunny,31.0,117.55,239.91,3.61,914,486.85,455.92,40,480,182
2024-01-15,32,1180,Grocery,West,0,0,Sunny,17.5,106.57,294.53,11.0,601,643.92,582.44,30,120,22
2024-01-16,26,1017,Electronics,North,0,0,Cloudy,30.9,85.77,229.01,3.11,879,1511.91,1386.49,37,193,9
2024-01-17,48,1142,Clothing,North,1,1,Rainy,22.1,99.5,216.09,8.72,133,469.04,492.48,35,195,57
2024-01-18,40,1137,Beauty,South,1,0,Sunny,16.2,97.82,261.54,7.95,244,1768.27,1834.85,34,302,50
2024-01-19,46,1148,Sports,East,1,0,Cloudy,11.9,95.56,274.3,3.09,891,1425.0,1535.12,22,383,63
2024-01-20,30,1044,Sports,West,1,1,Rainy,18.6,96.79,260.85,11.92,881,1193.67,1172.77,0,147,69
2024-01-21,14,1089,Furniture,South,1,0,Rainy,32.9,118.94,267.7,4.5,217,878.42,914.36,28,496,74
2024-01-22,48,1024,Furniture,East,1,0,Sunny,39.6,114.39,239.02,3.74,995,944.96,1037.56,24,334,75
2024-01-23,25,1047,Grocery,North,1,1,Sunny,20.6,103.49,259.82,9.76,676,1649.14,1646.68,49,95,39
2024-01-24,15,1190,Beauty,North,0,0,Sunny,12.8,85.82,276.95,5.27,998,1899.49,1893.36,42,208,30
2024-01-25,10,1184,Beauty,East,0,0,Sunny,33.0,102.64,296.14,10.87,897,1351.68,1360.98,17,426,56
2024-01-26,4,1002,Beauty,South,1,0,Sunny,24.8,112.88,269.41,6.91,860,1094.48,1012.38,25,392,63
2024-01-27,23,1102,Grocery,West,1,0,Cloudy,26.6,113.95,222.62,7.96,371,1755.52,1796.1,49,490,81
2024-01-28,27,1090,Furniture,West,1,0,Cloudy,28.7,119.66,273.38,9.24,472,1944.9,2136.32,10,483,95
2024-01-29,29,1115,Furniture,South,0,1,Cloudy,14.0,88.59,298.67,11.46,96,1740.24,1724.62,36,82,34
2024-01-30,24,1148,Sports,South,0,1,Rainy,28.1,87.75,235.58,3.54,386,97.34,99.31,3,436,174
2024-01-31,41,1150,Sports,East,0,1,Rainy,15.5,85.77,191.29,8.57,937,1249.73,1362.02,6,363,141
2024-02-01,1,1044,Electronics,North,0,1,Sunny,25.7,100.73,274.4,9.71,253,979.12,900.82,23,306,114
2024-02-02,34,1070,Grocery,West,0,0,Cloudy,23.5,104.12,240.85,4.41,370,1711.61,1855.92,21,497,78
2024-02-03,15,1043,Electronics,North,1,0,Cloudy,24.1,90.71,194.27,10.62,760,504.53,490.15,18,351,58
2024-02-04,27,1095,Grocery,North,1,0,Cloudy,11.1,81.84,259.71,7.56,309,934.86,948.81,34,297,52
2024-02-05,38,1054,Electronics,East,1,1,Rainy,27.7,110.59,187.88,3.68,194,1773.87,1738.95,42,318,124
2024-02-06,47,1011,Beauty,South,1,1,Sunny,11.4,88.96,220.82,7.46,985,117.68,123.82,25,62,18
2024-02-07,26,1185,Beauty,East,0,0,Sunny,29.8,91.0,260.19,3.33,152,1039.31,961.2,47,165,32
2024-02-08,32,1125,Toys,North,0,1,Rainy,26.2,90.09,197.39,3.97,412,1106.54,1193.82,6,29,6
2024-02-09,36,1076,Furniture,East,1,1,Cloudy,31.4,87.73,217.15,11.36,398,1811.04,1963.62,16,64,13
2024-02-10,6,1054,Beauty,East,1,1,Cloudy,19.2,87.47,196.98,4.02,895,524.09,526.82,46,302,85
2024-02-11,37,1052,Clothing,East,0,0,Sunny,23.7,82.64,213.39,7.03,899,822.51,792.0,46,260,15
2024-02-12,46,1189,Electronics,West,1,0,Rainy,28.5,107.38,240.82,9.37,732,1213.2,1302.8,24,167,19
2024-02-13,28,1098,Toys,West,0,0,Rainy,19.2,80.2,225.68,6.39,207,349.0,332.91,26,84,0
2024-02-14,39,1029,Clothing,North,1,0,Sunny,28.1,82.99,286.15,9.74,478,1808.58,1826.61,35,481,78
2024-02-15,46,1191,Furniture,North,0,0,Cloudy,12.4,97.07,239.42,9.93,457,254.77,250.55,16,323,38
2024-02-16,28,1145,Grocery,South,0,0,Cloudy,40.0,107.23,186.56,4.27,120,600.52,547.22,33,30,0
2024-02-17,7,1118,Clothing,South,0,1,Sunny,14.6,100.65,194.45,4.26,678,609.42,630.54,3,273,111
2024-02-18,19,1107,Sports,South,1,1,Rainy,20.4,90.58,204.27,7.49,975,851.26,829.32,3,419,202
2024-02-19,6,1096,Electronics,South,1,0,Cloudy,17.5,107.58,294.3,4.71,218,1063.47,1157.81,48,162,27
2024-02-20,38,1083,Furniture,South,1,0,Rainy,18.4,94.59,221.35,11.27,594,829.45,801.3,42,247,45
2024-02-21,15,1021,Furniture,East,0,1,Rainy,22.7,84.03,201.33,11.97,434,1931.71,1870.12,4,241,103
2024-02-22,6,1164,Toys,South,0,1,Sunny,21.7,87.59,213.22,4.14,828,65.46,61.78,33,345,133
2024-02-23,38,1154,Electronics,South,1,1,Rainy,34.7,103.72,258.3,10.97,26,1575.1,1645.93,1,310,112
2024-02-24,11,1021,Clothing,East,1,1,Rainy,38.5,113.13,250.3,11.31,261,1081.99,1050.01,12,112,25
2024-02-25,35,1176,Beauty,South,0,1,Rainy,17.9,106.25,193.28,11.22,586,445.8,487.8,16,226,77
2024-02-26,44,1007,Toys,East,0,1,Cloudy,37.3,114.1,264.62,6.41,329,419.68,380.55,12,436,174
2024-02-27,9,1113,Clothing,South,1,0,Cloudy,16.1,80.79,181.03,9.84,795,98.22,93.27,3,412,80
2024-02-28,35,1153,Sports,East,1,0,Rainy,34.9,104.89,210.27,9.89,733,706.85,775.1,12,67,12
2024-02-29,40,1012,Clothing,East,0,1,Sunny,35.6,92.36,277.99,5.62,793,776.54,833.68,1,442,181
2024-03-01,41,1071,Toys,East,0,1,Cloudy,23.1,105.81,240.84,3.91,124,1519.0,1457.43,41,402,149
2024-03-02,4,1176,Furniture,East,0,1,Sunny,36.3,94.29,284.83,6.22,97,1496.45,1418.46,1,411,180
2024-03-03,14,1169,Sports,West,1,0,Cloudy,27.2,91.6,286.22,5.99,171,927.68,877.57,49,238,33
2024-03-04,50,1041,Grocery,West,0,0,Rainy,31.7,84.75,252.29,8.24,656,1376.71,1304.54,39,203,10
2024-03-05,7,1109,Beauty,South,1,1,Rainy,34.9,94.95,291.24,3.67,101,134.8,121.67,2,95,41
2024-03-06,9,1198,Toys,East,1,0,Sunny,37.6,91.04,244.25,7.29,817,935.07,913.33,7,36,6
2024-03-07,18,1123,Electronics,West,0,1,Rainy,19.7,96.86,297.19,11.8,882,1762.64,1898.97,11,94,54
2024-03-08,14,1086,Electronics,West,1,0,Cloudy,35.9,94.3,295.1,7.0,255,644.25,620.92,33,327,59
2024-03-09,8,1188,Toys,West,0,0,Cloudy,25.0,83.16,206.72,4.86,210,1075.49,1090.57,30,232,24
2024-03-10,38,1032,Furniture,East,1,0,Rainy,21.1,114.33,274.26,10.75,634,1644.6,1514.67,16,433,71
2024-03-11,10,1184,Electronics,South,0,0,Sunny,13.0,95.08,217.04,11.88,952,217.54,234.02,30,224,13
2024-03-12,37,1067,Clothing,South,1,1,Cloudy,16.1,104.44,230.6,3.36,966,636.89,577.66,5,242,103
2024-03-13,7,1116,Sports,West,0,0,Cloudy,18.2,84.89,182.33,3.77,176,1449.89,1363.81,5,158,33
2024-03-14,46,1039,Clothing,North,0,0,Sunny,25.5,99.11,207.12,3.97,414,728.81,664.07,44,188,12
2024-03-15,15,1028,Grocery,South,1,1,Cloudy,20.0,112.34,194.74,8.17,194,858.23,789.45,42,108,46
2024-03-16,45,1114,Grocery,North,1,1,Cloudy,36.9,113.03,289.61,8.62,323,1181.95,1180.81,32,229,95
2024-03-17,4,1041,Furniture,North,0,1,Rainy,36.5,118.08,197.51,11.27,205,1336.41,1450.89,7,394,160
2024-03-18,36,1114,Beauty,North,1,1,Sunny,31.3,111.53,239.7,11.03,851,1585.58,1672.59,3,136,62
2024-03-19,15,1050,Sports,East,1,1,Cloudy,38.4,103.87,215.86,9.33,232,453.74,414.45,27,328,128
2024-03-20,27,1094,Electronics,South,0,0,Rainy,14.6,115.8,186.96,11.19,64,1106.35,1098.29,44,178,14
2024-03-21,46,1187,Clothing,South,1,1,Sunny,36.0,84.27,189.28,6.63,915,1329.54,1388.11,7,41,26
2024-03-22,44,1085,Toys,South,0,1,Cloudy,33.7,107.87,193.03,4.57,543,1061.79,1113.42,30,160,49
2024-03-23,2,1188,Furniture,East,1,1,Cloudy,25.1,93.67,295.84,9.56,142,516.45,512.96,16,345,165
2024-03-24,12,1096,Electronics,East,1,0,Cloudy,28.0,97.74,233.02,9.1,239,684.96,694.17,18,370,74
2024-03-25,41,1105,Beauty,East,0,0,Cloudy,28.4,112.69,217.26,4.95,114,718.59,779.04,29,348,45
2024-03-26,49,1008,Grocery,South,0,0,Rainy,22.1,90.25,231.9,10.01,508,1126.32,1154.46,31,200,18
2024-03-27,14,1169,Electronics,South,1,0,Rainy,22.4,95.16,249.52,11.45,648,1186.22,1140.32,11,371,79
2024-03-28,42,1016,Furniture,East,1,0,Cloudy,30.5,114.14,293.83,7.82,512,1970.53,1955.77,29,179,22
2024-03-29,40,1030,Grocery,North,0,0,Sunny,27.5,84.77,252.42,11.89,435,1442.82,1521.91,49,275,18
2024-03-30,21,1161,Sports,West,1,0,Sunny,13.9,80.3,256.96,5.37,921,240.24,243.16,27,158,15
2024-03-31,17,1168,Furniture,West,1,0,Cloudy,12.0,92.86,213.61,7.29,761,1085.09,1173.34,18,361,74
2024-04-01,28,1124,Grocery,West,1,1,Rainy,27.9,102.44,299.62,7.46,733,697.39,697.57,8,440,193
2024-04-02,8,1112,Clothing,West,0,0,Cloudy,26.1,83.88,245.8,9.7,206,974.95,913.82,4,382,79
2024-04-03,31,1086,Clothing,North,0,1,Cloudy,15.1,96.06,272.49,6.98,975,897.1,947.86,40,319,123
2024-04-04,6,1197,Furniture,North,1,0,Cloudy,22.8,88.63,279.86,6.73,28,1003.59,930.12,36,323,51
2024-04-05,16,1101,Furniture,West,0,0,Cloudy,19.3,104.88,224.22,11.03,167,861.1,937.2,4,476,74
2024-04-06,12,1057,Toys,West,1,1,Sunny,20.4,103.99,200.3,10.07,443,1893.1,1977.64,10,119,38
2024-04-07,11,1031,Toys,North,0,0,Rainy,22.7,101.51,183.5,6.9,857,655.06,678.32,25,25,16
2024-04-08,49,1158,Sports,South,0,0,Sunny,19.1,111.19,264.57,11.4,921,1985.47,1792.01,49,387,33
2024-04-09,16,1065,Sports,West,0,0,Rainy,33.8,104.44,225.91,3.41,55,1682.15,1800.66,48,327,34
2024-04-10,47,1185,Grocery,North,1,1,Cloudy,31.9,84.94,265.5,3.53,851,405.4,370.18,50,140,54
2024-04-11,44,1140,Electronics,West,0,0,Rainy,18.5,84.86,294.16,4.73,409,1711.58,1556.53,44,86,5
2024-04-12,22,1125,Toys,North,0,0,Cloudy,14.9,86.97,208.18,10.64,110,1946.54,1906.67,50,377,51
2024-04-13,21,1164,Grocery,West,0,1,Cloudy,30.5,100.06,212.09,6.28,146,1937.88,1960.83,18,318,112
2024-04-14,26,1012,Furniture,West,0,1,Rainy,17.8,81.01,192.08,7.26,700,449.53,458.11,8,66,16
2024-04-15,18,1107,Beauty,North,0,0,Cloudy,33.7,88.12,193.98,10.83,989,624.21,669.27,14,80,6
2024-04-16,7,1001,Toys,East,0,0,Sunny,32.3,106.42,277.03,11.65,180,150.12,144.16,33,258,31
2024-04-17,50,1059,Clothing,East,1,1,Sunny,21.2,117.83,233.92,8.98,918,82.6,85.77,6,271,114
2024-04-18,14,1092,Furniture,South,0,1,Sunny,20.9,90.95,247.21,6.08,241,133.91,123.75,40,347,120
2024-04-19,23,1027,Furniture,East,1,1,Rainy,18.0,100.44,234.5,8.88,651,148.44,159.08,8,211,91
2024-04-20,24,1154,Grocery,North,0,1,Cloudy,38.0,100.61,210.85,3.59,776,94.4,103.45,8,297,112
2024-04-21,34,1061,Furniture,North,1,1,Sunny,16.8,95.03,219.25,8.69,655,1576.93,1518.75,1,427,184
2024-04-22,7,1079,Beauty,North,1,1,Rainy,28.8,107.18,259.57,4.68,87,106.92,97.59,9,259,110
2024-04-23,31,1080,Electronics,East,1,0,Sunny,14.9,113.89,261.62,10.93,130,280.92,285.66,44,78,0
2024-04-24,1,1151,Electronics,West,1,1,Cloudy,25.3,90.49,225.49,7.76,333,588.34,585.08,47,327,134
2024-04-25,31,1032,Grocery,West,1,1,Rainy,15.4,82.6,183.75,6.83,547,1974.8,1912.25,28,231,79
2024-04-26,50,1020,Furniture,East,1,0,Sunny,11.3,105.64,250.8,9.48,502,953.51,919.04,18,402,70
2024-04-27,10,1189,Electronics,West,0,0,Cloudy,22.5,116.32,240.18,7.08,302,829.6,835.17,46,323,40
2024-04-28,35,1162,Beauty,South,0,1,Sunny,10.8,117.69,196.41,3.7,945,896.21,935.83,48,366,136
2024-04-29,3,1015,Clothing,West,0,1,Sunny,14.6,92.11,277.62,8.14,717,634.48,639.71,9,49,10
2024-04-30,25,1184,Sports,East,0,0,Rainy,11.6,96.24,272.46,8.4,309,1971.93,2109.13,34,466,75
2024-05-01,45,1039,Furniture,North,0,1,Cloudy,35.5,91.09,277.35,3.91,929,916.37,964.17,21,206,77
2024-05-02,17,1094,Toys,North,1,0,Sunny,34.3,91.09,285.38,6.31,476,344.41,317.34,9,229,49
2024-05-03,17,1118,Toys,West,1,1,Rainy,15.7,85.88,271.79,8.48,819,1904.5,2035.87,17,270,132
2024-05-04,40,1062,Sports,South,1,1,Sunny,12.0,80.07,199.04,5.58,802,765.83,736.2,16,476,202
2024-05-05,40,1090,Clothing,South,1,1,Rainy,27.8,96.87,209.77,10.06,531,1487.18,1397.42,6,52,17
2024-05-06,22,1143,Toys,North,1,1,Rainy,28.7,83.57,215.37,11.16,523,1887.52,1726.27,49,284,115
2024-05-07,24,1081,Clothing,East,0,1,Rainy,15.6,110.76,215.07,6.82,647,185.76,174.65,25,147,53
2024-05-08,17,1017,Beauty,West,0,1,Cloudy,21.4,86.24,239.76,11.41,613,1247.39,1354.58,6,346,118
2024-05-09,26,1107,Electronics,South,0,0,Rainy,29.2,84.29,258.81,8.76,917,435.35,459.51,8,229,42
2024-05-10,10,1107,Sports,West,1,0,Cloudy,10.7,108.47,184.48,3.74,889,807.15,831.37,49,239,34
2024-05-11,3,1006,Clothing,South,1,0,Cloudy,15.9,116.96,254.39,4.87,194,227.68,221.28,33,396,56
2024-05-12,7,1016,Beauty,North,0,0,Sunny,36.6,107.17,266.5,6.19,504,1620.35,1767.4,8,423,68
2024-05-13,31,1154,Beauty,North,1,0,Rainy,12.9,111.6,267.13,11.31,563,1552.39,1452.3,13,260,69
2024-05-14,38,1007,Toys,East,0,0,Cloudy,24.6,112.14,282.61,3.1,865,1985.35,2028.21,20,334,49
2024-05-15,7,1149,Toys,East,1,0,Cloudy,34.2,98.73,194.68,8.8,758,582.14,584.37,8,434,73
2024-05-16,19,1108,Electronics,West,1,0,Cloudy,37.7,109.57,285.7,11.22,990,922.46,891.89,10,52,0
2024-05-17,24,1096,Electronics,South,1,1,Sunny,15.6,116.98,256.92,7.31,605,1660.82,1662.72,38,183,92
2024-05-18,6,1057,Electronics,West,0,0,Rainy,33.1,112.41,240.41,4.8,673,1262.61,1388.19,44,215,29
2024-05-19,43,1060,Beauty,North,1,1,Cloudy,21.3,94.83,298.7,6.4,529,1467.53,1369.85,31,40,12
2024-05-20,7,1090,Grocery,West,1,0,Cloudy,18.3,115.36,215.11,3.72,902,391.45,378.36,21,34,6
2024-05-21,41,1052,Beauty,West,0,0,Rainy,35.6,86.84,184.96,3.69,993,1000.58,972.61,7,470,71
2024-05-22,4,1163,Furniture,West,0,0,Sunny,12.5,114.05,236.29,5.46,371,202.63,194.89,27,246,17
2024-05-23,46,1063,Toys,North,1,0,Sunny,39.1,84.71,196.25,5.53,117,964.14,1006.83,46,333,63
2024-05-24,31,1024,Beauty,West,0,0,Cloudy,19.9,103.43,228.64,11.16,365,615.79,570.14,33,293,23
2024-05-25,22,1177,Beauty,North,1,0,Sunny,28.2,86.24,276.99,6.27,400,913.06,971.52,39,438,68
2024-05-26,30,1171,Toys,North,0,0,Sunny,29.0,105.54,228.07,7.53,426,587.54,606.85,49,115,0
2024-05-27,13,1200,Beauty,East,0,0,Cloudy,20.8,97.69,236.74,10.97,93,1929.55,1853.42,29,327,44
2024-05-28,31,1017,Clothing,West,1,0,Rainy,27.9,95.56,203.88,5.71,965,1331.46,1301.38,5,464,85
2024-05-29,2,1081,Electronics,South,0,0,Sunny,38.6,108.75,285.91,6.45,261,655.61,672.67,22,189,26
2024-05-30,19,1043,Beauty,South,1,1,Sunny,26.2,86.71,230.58,3.62,861,885.15,948.31,0,250,117
2024-05-31,17,1023,Sports,East,0,1,Sunny,16.7,106.18,258.48,6.04,318,373.1,368.75,47,277,107
2024-06-01,16,1189,Electronics,East,0,0,Rainy,39.9,108.18,181.45,4.09,297,349.14,378.49,24,197,34
2024-06-02,15,1199,Toys,North,0,0,Rainy,39.3,93.16,228.66,3.48,265,1538.75,1471.91,22,270,23
2024-06-03,46,1081,Clothing,South,1,0,Rainy,23.9,80.75,214.28,11.11,951,846.51,776.04,24,162,8
2024-06-04,36,1118,Grocery,East,0,0,Cloudy,33.9,104.14,265.96,5.23,574,1059.6,1129.8,47,326,46
2024-06-05,23,1004,Sports,North,0,0,Rainy,22.3,96.39,236.04,9.18,366,1722.77,1831.43,32,342,61
2024-06-06,38,1102,Grocery,South,0,1,Rainy,24.4,94.45,212.85,3.69,749,315.14,321.84,10,102,33
2024-06-07,13,1157,Toys,South,0,1,Sunny,38.5,98.76,255.58,9.34,728,1473.1,1438.61,6,103,18
2024-06-08,2,1066,Grocery,West,0,1,Rainy,17.1,92.71,294.98,7.61,296,849.09,915.95,8,203,84
2024-06-09,34,1165,Electronics,South,1,0,Rainy,29.7,83.07,288.54,9.13,921,519.3,482.75,48,71,3
2024-06-10,39,1095,Toys,South,0,0,Cloudy,10.7,112.85,293.14,11.69,420,852.52,776.19,9,402,55
2024-06-11,31,1149,Electronics,South,0,0,Rainy,27.2,115.18,191.56,7.15,385,1912.98,1869.9,23,262,16
2024-06-12,46,1008,Grocery,South,0,1,Sunny,26.2,106.97,254.67,8.91,129,1997.7,1867.66,15,192,74
2024-06-13,23,1035,Beauty,North,0,0,Cloudy,23.8,99.01,220.66,7.41,346,1122.34,1014.42,23,329,27
2024-06-14,44,1153,Furniture,South,1,0,Cloudy,18.3,91.78,192.98,7.31,155,1200.66,1293.27,44,54,0
2024-06-15,40,1069,Electronics,East,0,1,Rainy,15.4,92.92,275.79,11.21,224,813.05,791.08,49,373,150
2024-06-16,46,1130,Beauty,North,1,1,Sunny,11.1,107.27,282.35,9.64,834,237.31,241.19,29,317,134
2024-06-17,30,1108,Electronics,North,0,0,Cloudy,21.0,116.54,188.24,9.61,313,800.46,771.0,19,22,0
2024-06-18,10,1188,Electronics,West,0,1,Cloudy,17.1,116.01,236.57,3.21,610,1985.16,2163.53,23,217,71
2024-06-19,21,1160,Furniture,South,0,1,Rainy,13.5,95.89,217.05,3.8,291,1061.87,1005.1,21,255,90
2024-06-20,33,1022,Beauty,East,0,1,Sunny,34.9,92.49,253.07,3.42,829,1123.7,1036.61,28,339,129
2024-06-21,25,1115,Toys,East,1,0,Rainy,34.4,116.93,236.07,10.79,111,1335.49,1428.33,49,395,56
2024-06-22,37,1168,Electronics,South,0,0,Sunny,37.8,93.8,189.38,8.06,982,760.62,767.49,46,98,8
2024-06-23,31,1116,Sports,East,0,0,Cloudy,14.0,99.73,184.18,4.41,909,740.88,669.98,43,73,6
2024-06-24,30,1080,Sports,West,0,1,Cloudy,20.2,87.53,298.54,8.64,424,955.85,1029.94,36,88,26
2024-06-25,35,1030,Toys,West,1,1,Cloudy,14.6,116.64,208.72,9.9,859,387.65,363.48,21,227,88
2024-06-26,14,1015,Toys,West,1,1,Cloudy,34.6,103.74,227.13,4.88,782,132.78,130.19,4,248,112
2024-06-27,37,1024,Electronics,South,0,0,Rainy,31.8,114.9,265.61,8.84,248,898.24,907.7,50,125,23
2024-06-28,5,1038,Toys,South,0,0,Sunny,18.1,115.01,183.85,10.38,962,452.16,434.01,31,167,15
2024-06-29,40,1167,Furniture,South,0,0,Rainy,30.9,99.69,265.1,10.45,781,559.32,560.03,6,423,72
2024-06-30,47,1080,Beauty,East,1,0,Sunny,17.9,86.65,197.71,10.25,240,1088.79,1023.88,30,51,3
2024-07-01,37,1006,Clothing,South,1,0,Rainy,11.1,98.79,219.55,10.1,533,583.28,614.75,42,147,10
2024-07-02,5,1065,Furniture,South,1,1,Cloudy,11.6,92.84,209.22,3.28,241,934.75,1008.35,22,93,38
2024-07-03,41,1026,Beauty,East,1,0,Cloudy,12.4,100.34,255.79,9.95,841,1148.83,1190.11,38,106,0
2024-07-04,11,1191,Sports,West,0,1,Sunny,19.1,86.13,208.55,8.95,269,769.33,820.07,39,106,27
2024-07-05,25,1010,Electronics,East,0,0,Sunny,32.2,94.53,279.69,6.59,709,159.61,149.67,49,440,52
2024-07-06,45,1195,Clothing,North,0,0,Sunny,10.0,111.42,249.99,10.6,465,1389.39,1462.17,29,294,25
2024-07-07,21,1045,Toys,North,1,1,Sunny,17.9,112.82,276.27,4.95,525,1548.47,1470.73,36,203,76
2024-07-08,6,1122,Beauty,North,1,1,Rainy,37.8,108.38,235.1,8.16,531,956.38,920.39,42,143,55
2024-07-09,41,1109,Grocery,South,0,1,Sunny,30.1,82.66,267.16,6.65,466,341.58,350.79,38,40,2
2024-07-10,31,1044,Furniture,South,0,0,Cloudy,22.7,84.98,218.88,9.71,870,538.32,515.29,49,163,9
2024-07-11,23,1169,Grocery,South,1,1,Rainy,39.6,95.65,207.25,8.04,527,281.12,272.65,6,221,89
2024-07-12,24,1109,Clothing,South,1,1,Rainy,35.8,103.31,274.29,3.1,140,1561.87,1683.16,45,361,143
2024-07-13,33,1187,Toys,South,0,0,Rainy,12.4,85.93,216.72,11.18,487,1840.7,1692.7,29,31,0
2024-07-14,47,1066,Clothing,West,1,0,Rainy,28.9,114.33,186.48,6.62,622,1705.67,1828.41,13,23,0
2024-07-15,6,1050,Grocery,East,1,0,Cloudy,18.5,99.13,292.21,9.84,330,1158.08,1259.48,35,261,64
2024-07-16,17,1186,Furniture,East,1,1,Cloudy,15.2,107.93,193.32,11.76,203,1267.68,1274.15,46,299,119
2024-07-17,24,1123,Electronics,South,1,0,Rainy,12.7,81.82,273.27,7.94,575,1999.92,1871.0,32,450,75
2024-07-18,36,1122,Grocery,East,0,1,Cloudy,36.8,112.39,259.34,7.39,437,1121.91,1075.17,1,311,124
2024-07-19,44,1188,Grocery,West,1,0,Cloudy,13.3,109.3,205.36,11.66,330,165.34,179.01,12,102,18
2024-07-20,23,1018,Clothing,East,0,0,Sunny,28.0,106.88,213.85,5.28,136,77.65,70.82,6,154,20
2024-07-21,29,1130,Electronics,West,0,0,Sunny,28.2,111.05,291.09,3.02,916,1603.64,1596.16,3,243,30
2024-07-22,16,1065,Beauty,East,0,1,Sunny,27.0,81.71,202.83,8.26,574,277.01,285.81,10,314,112
2024-07-23,1,1120,Grocery,North,1,0,Rainy,26.0,89.17,281.92,10.91,345,609.34,558.94,16,496,95
2024-07-24,19,1105,Toys,North,0,0,Sunny,10.3,112.8,206.86,11.87,449,1105.89,1143.04,3,473,70
2024-07-25,30,1008,Grocery,West,0,1,Sunny,14.2,119.93,249.21,6.9,874,816.22,828.17,36,489,191
2024-07-26,40,1172,Sports,West,1,0,Cloudy,38.1,80.81,276.75,10.88,795,1576.28,1578.95,21,353,68
2024-07-27,28,1136,Clothing,West,0,1,Sunny,23.9,108.46,264.62,4.6,717,1582.7,1679.21,16,58,25
2024-07-28,50,1150,Toys,West,1,1,Sunny,33.3,116.18,220.73,7.26,269,646.06,591.83,9,460,195
2024-07-29,46,1135,Sports,West,0,0,Cloudy,10.8,99.21,208.75,9.53,848,1028.96,1120.01,23,300,45
2024-07-30,11,1069,Beauty,South,0,1,Rainy,30.4,114.66,294.25,3.73,420,425.72,394.19,18,122,36
2024-07-31,37,1123,Clothing,North,0,1,Rainy,21.6,95.85,200.33,6.49,592,1682.27,1566.0,38,454,175
2024-08-01,10,1046,Beauty,North,0,1,Sunny,20.1,106.73,234.52,9.16,510,146.08,138.25,40,88,18
2024-08-02,14,1200,Sports,South,0,0,Rainy,24.0,96.38,253.35,5.5,485,341.03,345.04,24,486,61
2024-08-03,8,1130,Furniture,West,1,1,Cloudy,15.1,85.17,248.33,10.68,310,1224.06,1194.74,5,275,107
2024-08-04,46,1094,Furniture,South,0,0,Cloudy,23.4,91.84,239.63,8.86,143,1103.04,997.88,1,194,31
2024-08-05,34,1051,Toys,North,1,1,Sunny,12.9,100.38,254.24,11.06,120,984.45,954.8,23,288,126
2024-08-06,26,1057,Furniture,North,1,1,Rainy,29.3,104.47,259.95,11.74,811,946.29,1014.38,9,399,179
2024-08-07,41,1121,Electronics,East,1,0,Cloudy,34.4,101.62,259.67,10.56,257,346.0,333.87,17,184,39
2024-08-08,2,1110,Sports,North,1,1,Rainy,37.7,117.61,257.07,3.22,739,1844.42,1868.94,4,284,120
2024-08-09,39,1080,Clothing,West,0,1,Sunny,19.3,93.5,297.59,5.48,830,1585.57,1465.88,20,494,184
2024-08-10,38,1122,Beauty,East,0,1,Sunny,25.0,102.53,230.38,3.75,808,1294.91,1345.83,21,187,55
2024-08-11,22,1170,Toys,South,0,0,Cloudy,19.0,87.94,290.08,9.36,854,1771.42,1784.25,34,375,49
2024-08-12,5,1109,Grocery,East,0,0,Sunny,20.4,100.19,292.91,4.41,676,440.25,409.09,43,188,11
2024-08-13,38,1021,Sports,West,1,0,Sunny,24.0,115.04,225.96,9.77,236,1246.66,1277.25,8,25,8
2024-08-14,5,1015,Clothing,West,1,1,Cloudy,15.4,117.11,217.73,7.78,882,998.46,964.92,0,253,105
2024-08-15,7,1132,Electronics,North,0,1,Rainy,29.4,81.58,216.01,11.98,187,436.1,416.22,37,258,94
2024-08-16,23,1165,Clothing,East,1,1,Cloudy,31.3,99.34,187.39,3.76,678,862.25,859.17,50,292,105
2024-08-17,48,1071,Beauty,West,0,1,Rainy,21.9,94.59,182.39,8.82,786,657.9,663.95,43,31,5
2024-08-18,39,1087,Toys,North,1,1,Rainy,39.6,119.19,267.23,3.66,592,1559.76,1451.87,7,30,7
2024-08-19,46,1034,Beauty,East,1,1,Sunny,21.3,91.67,253.54,10.36,671,1291.49,1175.69,16,494,220
2024-08-20,9,1093,Electronics,North,0,0,Rainy,37.9,113.05,281.84,3.72,422,1426.58,1404.1,8,463,68
2024-08-21,28,1135,Sports,West,1,0,Sunny,32.6,99.82,265.8,8.05,274,1282.4,1228.71,34,131,4
2024-08-22,7,1100,Sports,North,1,0,Sunny,29.4,98.71,262.92,8.08,548,1891.67,1793.26,29,301,65
2024-08-23,16,1049,Grocery,West,1,1,Sunny,23.5,89.59,227.77,9.63,425,1984.49,1833.18,36,87,27
2024-08-24,44,1079,Furniture,West,0,0,Rainy,38.9,94.04,242.92,9.56,178,1556.02,1585.1,3,337,49
2024-08-25,30,1079,Beauty,North,1,0,Cloudy,26.7,98.77,256.33,9.97,934,1210.73,1106.38,38,411,82
2024-08-26,48,1135,Toys,South,1,1,Sunny,17.8,92.52,228.87,9.2,364,1743.09,1601.08,33,112,48
2024-08-27,7,1151,Electronics,East,0,0,Sunny,10.8,101.27,272.23,7.34,136,1647.27,1514.23,46,322,35
2024-08-28,38,1030,Beauty,South,1,1,Rainy,17.2,109.31,260.98,4.96,889,1772.4,1655.28,30,32,0
2024-08-29,47,1141,Furniture,East,0,1,Sunny,31.7,108.59,299.98,6.72,461,1636.05,1591.64,7,322,118
2024-08-30,37,1145,Toys,West,1,0,Cloudy,13.5,111.61,252.33,7.43,546,208.0,217.34,25,210,60
2024-08-31,49,1143,Toys,West,0,1,Rainy,34.3,98.33,280.33,7.34,554,388.38,358.36,46,274,89
2024-09-01,41,1049,Sports,North,1,1,Rainy,36.8,115.51,240.61,4.96,273,226.31,241.54,34,248,112
2024-09-02,43,1007,Sports,West,0,0,Rainy,34.9,101.36,291.14,9.03,322,953.57,1022.64,32,168,18
2024-09-03,7,1168,Grocery,West,1,1,Sunny,26.7,106.93,293.57,11.6,922,1873.63,1878.61,35,73,3
2024-09-04,9,1105,Sports,North,0,1,Cloudy,11.1,81.82,233.11,5.69,377,256.7,264.46,4,251,95
2024-09-05,28,1117,Furniture,South,1,0,Rainy,38.1,108.95,284.51,9.45,269,761.33,698.06,3,66,4
2024-09-06,18,1023,Clothing,South,0,0,Cloudy,25.1,102.79,199.18,5.97,884,285.73,280.13,9,59,7
2024-09-07,49,1074,Electronics,East,1,1,Rainy,27.9,83.91,180.93,5.9,655,179.37,170.16,31,230,101
2024-09-08,31,1122,Grocery,West,0,1,Rainy,33.6,109.36,221.49,10.44,843,350.4,338.23,35,131,25
2024-09-09,20,1103,Toys,North,1,1,Rainy,33.2,90.07,224.76,3.01,673,1395.16,1329.32,44,302,127
2024-09-10,16,1049,Sports,West,0,0,Rainy,35.2,85.49,184.89,8.85,836,632.04,653.66,27,91,8
2024-09-11,25,1138,Sports,East,0,1,Rainy,24.9,108.88,257.35,6.47,812,113.27,113.88,23,259,102
2024-09-12,16,1084,Toys,East,1,1,Rainy,26.7,85.04,228.61,9.04,820,683.88,621.67,34,87,16
2024-09-13,34,1146,Grocery,North,0,0,Cloudy,26.1,87.5,223.75,9.87,575,1321.99,1214.85,43,366,43
2024-09-14,15,1197,Toys,North,0,0,Sunny,33.6,94.36,215.44,4.49,458,1535.24,1473.73,43,467,55
2024-09-15,40,1076,Furniture,West,1,0,Rainy,15.5,101.22,238.23,11.0,267,640.64,583.34,28,198,50
2024-09-16,6,1037,Clothing,North,1,1,Sunny,34.6,93.29,250.63,3.42,82,1901.87,2033.28,22,106,42
2024-09-17,22,1001,Sports,South,1,1,Sunny,20.9,99.8,275.79,5.2,415,790.02,847.51,30,32,0
2024-09-18,38,1142,Toys,North,1,1,Sunny,26.2,112.46,254.45,5.26,503,401.89,366.04,26,314,120
2024-09-19,13,1103,Toys,South,0,0,Cloudy,27.1,100.28,242.72,10.06,881,798.24,810.86,2,133,33
2024-09-20,26,1120,Clothing,North,0,1,Sunny,34.5,107.01,222.13,3.27,514,864.17,880.89,22,182,69
2024-09-21,38,1091,Grocery,East,1,0,Rainy,39.4,98.91,187.45,4.99,308,53.85,49.91,37,424,73
2024-09-22,18,1018,Toys,North,1,1,Cloudy,34.2,86.98,234.31,8.79,885,1577.86,1623.0,45,36,14
2024-09-23,36,1009,Toys,West,0,1,Rainy,14.7,105.85,207.69,11.6,255,128.57,117.71,26,324,109
2024-09-24,23,1042,Electronics,East,1,0,Rainy,21.4,101.38,207.63,8.99,439,1149.98,1049.3,2,55,5
2024-09-25,41,1125,Beauty,East,1,1,Sunny,13.3,102.87,277.64,7.41,830,901.52,852.82,15,283,135
2024-09-26,29,1151,Grocery,South,0,0,Rainy,22.2,103.25,191.28,9.8,485,254.19,254.02,40,229,22
2024-09-27,12,1153,Grocery,North,0,0,Sunny,11.7,119.54,215.56,7.16,950,1710.79,1802.88,24,91,16
2024-09-28,29,1014,Clothing,West,1,1,Cloudy,34.2,98.36,297.41,7.01,350,1661.61,1675.7,26,202,75
2024-09-29,12,1054,Sports,West,0,0,Rainy,13.9,98.2,282.98,10.53,633,404.17,379.58,34,70,0
2024-09-30,10,1153,Toys,East,1,0,Sunny,13.0,83.28,224.73,6.88,631,767.13,709.99,26,269,29
2024-10-01,42,1151,Toys,North,1,0,Rainy,32.0,90.5,283.68,8.41,570,994.54,913.91,11,185,26
2024-10-02,26,1115,Grocery,West,0,1,Rainy,18.9,93.98,234.46,6.08,246,1157.68,1197.59,26,97,41
2024-10-03,22,1155,Beauty,South,1,0,Rainy,30.6,95.45,264.01,10.38,425,861.13,789.94,8,134,30
2024-10-04,40,1045,Clothing,East,1,1,Rainy,33.2,86.64,257.89,11.23,641,387.0,415.47,24,246,91
2024-10-05,16,1140,Clothing,West,0,1,Cloudy,29.6,91.92,218.16,8.07,585,1330.36,1381.77,49,189,49
2024-10-06,23,1087,Electronics,North,1,0,Sunny,23.0,102.49,299.21,10.41,295,1177.53,1249.98,19,79,10
2024-10-07,12,1074,Beauty,South,1,0,Rainy,12.9,105.76,266.22,7.74,186,992.53,957.48,10,382,73
2024-10-08,43,1106,Sports,South,1,0,Sunny,10.9,93.03,249.55,9.59,475,825.72,819.71,42,250,46
2024-10-09,11,1079,Clothing,East,1,1,Rainy,15.8,101.61,240.11,3.35,733,227.83,211.73,17,94,47
2024-10-10,43,1049,Grocery,East,1,0,Cloudy,24.5,119.34,181.63,9.46,123,1705.75,1535.45,9,155,31
2024-10-11,16,1059,Grocery,South,1,1,Rainy,24.5,102.23,205.4,7.37,273,982.26,988.83,12,282,120
2024-10-12,48,1037,Toys,East,0,1,Cloudy,27.2,95.92,234.46,9.58,110,209.47,197.02,11,20,0
2024-10-13,17,1040,Furniture,East,0,0,Sunny,34.0,107.61,241.67,10.77,573,1904.07,1802.51,48,190,5
2024-10-14,28,1023,Furniture,North,1,0,Cloudy,29.0,106.16,210.34,7.17,25,1959.39,2041.28,3,210,37
2024-10-15,22,1068,Grocery,South,1,0,Rainy,35.5,82.09,270.26,4.56,231,834.87,761.3,15,499,90
2024-10-16,25,1141,Beauty,North,1,1,Rainy,17.1,110.56,207.12,7.44,557,1424.81,1342.89,46,144,57
2024-10-17,45,1003,Sports,West,0,1,Sunny,18.7,118.75,254.69,6.62,238,545.27,501.73,4,275,117
2024-10-18,16,1140,Furniture,South,1,1,Cloudy,22.6,118.48,191.47,6.19,893,1282.47,1383.69,12,33,5
2024-10-19,25,1024,Beauty,North,1,1,Rainy,15.4,82.46,257.43,11.07,70,1853.44,1964.47,35,406,188
2024-10-20,15,1116,Electronics,North,0,0,Cloudy,35.7,89.45,211.88,7.13,599,181.72,171.92,16,93,0
2024-10-21,32,1168,Clothing,North,0,0,Cloudy,35.8,91.49,216.11,4.45,259,538.81,572.57,16,428,93
2024-10-22,27,1042,Beauty,West,1,1,Rainy,19.5,80.45,235.75,4.49,641,652.72,588.04,3,96,46
2024-10-23,23,1155,Clothing,South,0,1,Sunny,10.3,98.82,267.72,5.32,251,423.4,385.94,14,82,20
2024-10-24,41,1003,Beauty,North,1,1,Sunny,34.8,86.1,191.5,4.46,34,605.04,658.88,19,177,72
2024-10-25,7,1116,Electronics,West,0,0,Sunny,29.5,108.58,253.8,4.18,831,772.82,752.53,48,301,22
2024-10-26,7,1101,Electronics,South,0,0,Rainy,20.8,117.85,193.72,11.82,956,944.91,875.08,39,62,0
2024-10-27,42,1111,Beauty,South,1,0,Sunny,24.5,106.87,196.8,4.48,218,443.45,406.19,32,298,31
2024-10-28,34,1094,Electronics,North,1,0,Sunny,24.0,94.67,260.73,4.22,508,844.71,813.16,25,416,84
2024-10-29,4,1132,Beauty,West,1,1,Rainy,23.1,94.84,219.16,4.2,52,475.68,454.81,13,360,160
2024-10-30,22,1069,Electronics,West,1,0,Rainy,19.1,98.41,279.69,7.56,896,1316.2,1197.19,31,55,17
2024-10-31,39,1048,Electronics,North,1,0,Rainy,35.1,83.05,289.45,11.22,173,1452.03,1573.51,26,356,47
2024-11-01,3,1186,Beauty,East,0,0,Sunny,37.5,102.84,288.91,6.74,814,1552.43,1497.6,19,273,39
2024-11-02,39,1079,Electronics,West,0,1,Rainy,25.7,84.48,241.44,8.26,782,942.5,890.7,20,261,80
2024-11-03,30,1170,Sports,South,0,1,Sunny,32.6,87.94,252.17,3.34,433,1855.73,1898.14,19,263,95
2024-11-04,49,1116,Furniture,West,1,1,Sunny,11.7,103.17,272.49,11.2,726,1519.88,1370.9,16,266,121
2024-11-05,31,1027,Furniture,West,0,1,Cloudy,16.9,118.96,196.51,11.41,327,1107.26,1103.82,7,37,0
2024-11-06,35,1050,Electronics,South,1,0,Sunny,37.2,93.76,223.26,3.31,391,1409.79,1540.18,48,128,35
2024-11-07,33,1081,Grocery,North,0,1,Cloudy,21.3,114.71,291.72,7.43,407,1463.53,1435.87,15,448,189
2024-11-08,29,1048,Electronics,North,1,1,Cloudy,28.2,117.93,285.24,3.05,970,1131.18,1116.37,28,103,32
2024-11-09,26,1065,Electronics,East,0,1,Cloudy,19.2,97.45,200.97,7.07,105,1514.63,1384.85,30,72,15
2024-11-10,6,1157,Grocery,South,0,1,Cloudy,25.1,103.42,188.9,6.62,954,1319.49,1204.17,49,471,186
2024-11-11,5,1182,Clothing,West,0,0,Cloudy,26.7,84.04,190.0,10.81,841,1975.72,2034.78,44,163,20
2024-11-12,8,1194,Electronics,West,0,1,Sunny,31.4,92.17,285.49,7.56,112,705.15,724.83,48,137,36
2024-11-13,42,1101,Furniture,North,1,0,Cloudy,32.1,105.68,231.11,9.45,462,1572.29,1463.22,24,476,87
2024-11-14,39,1018,Clothing,North,1,1,Sunny,20.5,108.45,203.16,3.03,621,84.11,85.44,38,353,147
2024-11-15,18,1085,Toys,West,1,1,Rainy,27.5,104.57,227.62,7.47,296,1969.61,2008.82,25,116,36
2024-11-16,20,1085,Furniture,East,1,0,Sunny,31.0,84.46,235.16,3.09,514,1354.19,1352.4,44,390,58
2024-11-17,23,1058,Clothing,West,0,0,Sunny,28.1,108.27,257.4,3.13,804,1522.26,1598.31,23,477,76
2024-11-18,40,1163,Toys,North,1,1,Cloudy,30.4,104.0,289.05,5.92,714,864.28,815.77,41,203,81
2024-11-19,23,1049,Toys,West,0,0,Rainy,23.6,116.01,298.09,3.15,938,1565.09,1634.3,32,88,0
2024-11-20,14,1150,Electronics,North,0,0,Rainy,34.6,111.69,210.45,5.43,540,379.88,352.4,9,270,36
2024-11-21,42,1151,Sports,West,1,1,Cloudy,16.2,84.57,236.81,3.51,719,1214.69,1250.02,17,204,85
2024-11-22,28,1082,Grocery,South,0,0,Cloudy,33.2,87.11,221.73,4.08,244,435.76,457.27,23,424,48
2024-11-23,31,1112,Electronics,North,1,0,Cloudy,32.5,101.58,192.42,6.09,144,1519.77,1541.63,8,121,18
2024-11-24,35,1112,Sports,West,1,0,Rainy,19.8,112.3,217.77,10.13,319,173.67,182.98,20,48,15
2024-11-25,24,1113,Electronics,East,0,1,Rainy,25.5,87.61,198.67,10.64,300,1603.84,1516.27,41,20,9
2024-11-26,27,1098,Furniture,West,0,1,Sunny,40.0,111.68,234.48,9.8,558,872.97,876.14,9,343,134
2024-11-27,28,1089,Toys,East,0,1,Cloudy,15.0,113.74,283.5,4.2,53,409.9,400.51,6,322,132
2024-11-28,33,1166,Furniture,West,0,1,Rainy,15.8,117.29,260.8,8.75,923,458.93,498.2,5,261,106
2024-11-29,43,1188,Beauty,North,0,1,Sunny,16.0,90.36,281.71,4.35,359,435.95,411.88,46,329,125
2024-11-30,9,1135,Sports,South,1,1,Cloudy,15.7,98.99,296.46,10.44,163,1732.77,1775.39,6,467,221
2024-12-01,17,1130,Toys,North,0,1,Sunny,32.2,88.18,268.91,10.59,209,1027.99,1003.34,36,308,105
2024-12-02,24,1135,Sports,North,0,0,Rainy,34.4,89.08,272.76,6.51,364,1010.05,989.42,30,128,4
2024-12-03,3,1164,Grocery,South,1,0,Sunny,12.6,117.62,264.96,9.67,102,1520.42,1596.0,50,112,0
2024-12-04,34,1088,Beauty,North,0,0,Sunny,11.4,100.7,245.22,11.03,632,1220.94,1179.43,38,321,41
2024-12-05,29,1106,Beauty,West,0,0,Rainy,37.5,87.09,183.68,10.79,313,829.06,904.92,2,492,88
2024-12-06,37,1184,Toys,West,1,1,Sunny,30.6,94.27,272.95,11.53,592,565.92,572.11,44,343,129
2024-12-07,35,1158,Toys,East,1,0,Sunny,27.2,114.68,233.31,8.56,466,1446.59,1379.71,43,209,24
2024-12-08,26,1102,Electronics,West,1,1,Rainy,39.2,110.17,297.19,6.37,444,1468.21,1547.63,3,386,166
2024-12-09,46,1015,Toys,West,1,1,Cloudy,37.3,98.42,209.59,8.26,383,1380.11,1258.15,44,455,186
2024-12-10,25,1169,Clothing,North,0,1,Sunny,33.4,106.67,229.02,5.09,585,793.3,807.54,1,38,24
2024-12-11,22,1117,Toys,West,1,0,Rainy,32.3,82.85,270.02,10.95,836,492.39,489.69,26,237,41
2024-12-12,38,1023,Furniture,West,0,0,Rainy,15.7,99.28,199.44,9.15,632,978.62,928.77,5,480,54
2024-12-13,42,1019,Beauty,North,1,0,Sunny,17.3,118.09,241.64,5.6,998,1791.16,1773.52,23,142,26
2024-12-14,19,1071,Electronics,North,0,0,Cloudy,26.8,81.84,271.41,11.4,435,1201.65,1146.05,26,32,14
2024-12-15,42,1074,Beauty,South,1,1,Sunny,24.5,108.41,272.47,11.94,128,1959.94,2121.1,13,262,125
2024-12-16,36,1013,Electronics,East,0,1,Rainy,20.0,103.52,219.92,5.73,328,1161.04,1122.8,41,184,50
2024-12-17,38,1137,Furniture,East,0,1,Rainy,28.0,88.06,252.9,9.27,152,1543.98,1569.48,30,154,68
2024-12-18,17,1141,Sports,West,1,0,Sunny,31.4,94.67,217.26,10.4,63,1613.5,1603.68,39,416,60
2024-12-19,38,1090,Sports,East,1,1,Sunny,15.7,86.88,243.54,11.23,972,1448.13,1404.78,7,69,24
2024-12-20,50,1049,Furniture,North,0,1,Rainy,33.8,98.93,258.3,7.05,881,1289.09,1309.34,11,154,69
2024-12-21,25,1091,Toys,East,0,1,Sunny,39.7,83.11,197.35,9.34,195,322.63,327.25,38,195,63
2024-12-22,11,1116,Beauty,North,1,1,Rainy,29.3,80.52,205.29,7.08,273,1877.51,1878.57,19,245,104
2024-12-23,34,1162,Furniture,South,1,0,Sunny,25.1,80.8,270.88,6.09,966,350.66,324.64,47,260,45
2024-12-24,1,1048,Furniture,West,1,0,Sunny,29.8,89.19,193.91,9.51,835,1955.39,2052.72,18,203,46
2024-12-25,13,1185,Sports,West,1,1,Sunny,19.6,100.07,286.77,9.76,879,1812.79,1731.14,3,115,35
2024-12-26,30,1175,Electronics,West,1,0,Rainy,37.0,94.65,270.58,11.09,251,902.56,880.28,10,37,11
2024-12-27,45,1065,Electronics,South,1,0,Sunny,18.1,93.78,263.47,10.28,939,592.8,594.37,29,74,2
2024-12-28,17,1029,Electronics,North,0,1,Rainy,10.4,83.32,277.06,11.08,689,197.04,179.04,11,382,146
2024-12-29,37,1027,Toys,West,0,1,Sunny,18.1,91.66,215.01,7.63,169,75.06,82.09,29,207,73
2024-12-30,3,1149,Toys,South,1,1,Sunny,13.9,91.21,282.3,10.57,277,1724.0,1575.37,36,394,182
2023-01-01,39,1046,Electronics,South,0,1,Rainy,37.2,83.71,290.81,10.62,63,483.99,444.74,48,128,41
2023-01-02,42,1198,Toys,West,0,0,Rainy,32.8,119.21,224.77,7.37,833,711.54,738.52,25,154,27
2023-01-03,48,1039,Beauty,North,0,1,Cloudy,12.0,109.1,297.64,6.5,999,1997.6,2039.54,28,494,197
2023-01-04,3,1144,Beauty,East,0,1,Rainy,22.6,104.72,252.87,10.21,964,1964.47,2093.65,33,135,48
2023-01-05,29,1079,Furniture,East,0,0,Sunny,38.1,119.79,235.76,4.29,82,127.74,126.92,6,192,34
2023-01-06,43,1004,Furniture,North,0,1,Rainy,38.7,119.94,274.09,7.05,865,355.71,320.82,27,370,133
2023-01-07,40,1120,Sports,West,1,0,Sunny,29.7,101.26,268.09,10.83,459,986.12,923.18,2,254,47
2023-01-08,2,1027,Sports,East,0,1,Cloudy,27.6,101.79,235.41,8.27,738,1732.65,1634.91,43,432,165
2023-01-09,15,1070,Electronics,South,0,0,Cloudy,13.4,81.05,299.19,5.49,461,1116.22,1040.25,50,187,7
2023-01-10,8,1195,Toys,North,1,0,Cloudy,30.3,100.17,284.67,7.36,234,856.06,791.04,35,188,21
2023-01-11,30,1173,Furniture,West,1,0,Sunny,39.9,91.81,190.45,11.25,650,1371.34,1385.36,16,131,36
2023-01-12,38,1144,Grocery,North,0,1,Cloudy,35.0,84.48,200.0,10.44,307,1463.61,1320.84,43,411,150
2023-01-13,47,1101,Clothing,East,0,0,Cloudy,19.3,96.73,234.34,3.28,534,245.04,239.74,31,191,33
2023-01-14,48,1010,Beauty,South,0,0,Cloudy,30.8,104.78,210.85,6.54,493,1670.34,1563.97,27,125,7
2023-01-15,10,1116,Clothing,South,1,1,Sunny,15.1,92.91,250.3,5.2,139,247.01,230.87,2,307,151
2023-01-16,47,1184,Beauty,East,0,0,Cloudy,39.8,97.75,251.38,7.88,717,533.79,486.62,8,328,62
2023-01-17,7,1159,Furniture,North,1,0,Cloudy,19.7,95.47,216.37,10.16,740,1412.53,1467.28,42,300,39
2023-01-18,39,1010,Toys,North,1,1,Cloudy,20.2,111.33,257.43,3.28,232,194.94,197.1,28,401,152
2023-01-19,29,1063,Electronics,West,1,0,Cloudy,35.9,93.12,278.84,6.38,324,1767.91,1597.1,1,121,19
2023-01-20,18,1131,Toys,East,1,1,Cloudy,23.2,83.22,236.38,7.59,491,1129.73,1089.66,12,308,156
2023-01-21,23,1111,Beauty,South,0,1,Sunny,12.2,111.62,237.54,10.77,725,979.66,924.63,37,205,72
2023-01-22,6,1027,Clothing,North,0,0,Sunny,35.2,92.18,230.95,6.52,639,1163.43,1181.38,39,367,48
2023-01-23,21,1108,Grocery,West,1,0,Rainy,17.0,85.97,267.83,9.57,872,172.21,160.32,48,416,68
2023-01-24,12,1159,Sports,East,1,0,Sunny,28.4,93.06,204.27,4.82,445,1364.62,1406.09,21,132,18
2023-01-25,26,1161,Beauty,East,1,0,Rainy,17.3,105.96,287.59,9.78,821,1140.06,1237.91,20,53,3
2023-01-26,7,1074,Furniture,South,0,0,Rainy,33.7,80.04,255.26,3.29,66,1442.97,1313.77,47,128,8
2023-01-27,30,1128,Grocery,North,1,0,Sunny,18.2,82.69,201.92,8.88,850,1764.72,1777.62,37,364,51
2023-01-28,37,1094,Toys,West,0,0,Rainy,39.1,119.32,243.52,10.37,188,124.89,117.12,15,212,27
2023-01-29,17,1141,Grocery,North,0,1,Sunny,28.3,103.0,206.12,6.32,683,1850.39,1979.02,28,485,187
2023-01-30,7,1129,Toys,North,0,0,Rainy,31.8,111.15,247.24,8.18,252,998.79,905.02,44,428,61
2023-01-31,32,1071,Clothing,South,0,1,Rainy,18.7,81.28,203.77,7.1,77,1696.46,1763.58,14,414,139
2023-02-01,22,1161,Furniture,North,0,0,Sunny,24.1,88.2,223.39,10.58,904,1508.42,1468.11,33,454,58
2023-02-02,6,1018,Beauty,West,1,1,Rainy,28.6,86.92,185.9,4.07,408,640.59,606.09,20,334,147
2023-02-03,46,1059,Furniture,West,0,0,Rainy,18.1,90.06,268.77,8.14,333,681.51,659.79,29,57,0
2023-02-04,23,1166,Toys,West,1,0,Cloudy,30.6,113.18,298.59,4.83,122,947.09,992.19,11,227,49
2023-02-05,33,1161,Grocery,South,0,1,Sunny,33.7,108.48,262.83,9.95,806,447.9,453.12,21,275,102
2023-02-06,29,1094,Electronics,East,1,1,Sunny,25.1,106.18,195.07,9.86,594,579.1,562.72,42,37,0
2023-02-07,50,1199,Beauty,North,1,1,Sunny,17.6,81.69,260.53,10.87,902,1313.09,1317.72,39,173,66
2023-02-08,31,1150,Grocery,East,0,0,Rainy,12.0,99.67,243.65,5.83,202,798.97,793.14,3,93,14
2023-02-09,13,1049,Furniture,South,0,0,Rainy,25.0,119.63,202.16,7.56,105,678.97,611.82,6,401,67
2023-02-10,9,1105,Electronics,North,0,0,Rainy,17.0,104.48,180.21,6.93,127,549.87,497.26,14,47,2
2023-02-11,44,1115,Furniture,South,0,0,Sunny,35.2,86.33,264.32,3.27,85,913.83,1004.66,50,49,1
2023-02-12,49,1135,Electronics,East,1,0,Sunny,21.2,119.88,199.76,10.47,597,1721.52,1825.0,41,169,17
2023-02-13,21,1165,Sports,South,1,1,Sunny,11.8,80.33,267.12,8.95,901,1425.61,1471.74,20,398,174
2023-02-14,38,1155,Sports,South,0,1,Cloudy,12.0,104.28,238.55,6.53,446,1600.42,1684.2,21,165,51
2023-02-15,15,1104,Grocery,East,0,1,Cloudy,33.2,89.17,202.47,7.11,816,1756.37,1931.74,45,160,37
2023-02-16,16,1028,Electronics,North,0,0,Rainy,20.6,86.88,220.7,10.54,640,231.79,235.49,30,384,60
2023-02-17,19,1088,Electronics,East,0,0,Cloudy,25.2,93.47,231.16,6.47,807,1865.14,1902.88,42,265,23
2023-02-18,49,1026,Sports,South,1,1,Rainy,17.0,102.36,241.79,5.97,392,1117.16,1152.65,11,257,123
2023-02-19,10,1175,Toys,West,0,0,Cloudy,20.4,87.45,235.9,7.44,736,1595.33,1507.98,22,156,22
2023-02-20,17,1200,Clothing,East,0,1,Rainy,37.6,84.93,219.14,3.95,327,600.32,571.41,11,45,22
2023-02-21,2,1186,Clothing,North,0,0,Cloudy,16.5,115.79,252.41,7.39,181,1780.26,1693.8,45,215,16
2023-02-22,36,1192,Furniture,North,0,1,Rainy,38.9,119.19,213.75,7.51,334,1273.7,1295.23,32,116,45
2023-02-23,33,1085,Beauty,South,1,0,Sunny,24.9,80.52,260.15,7.08,677,370.32,401.17,37,26,0
2023-02-24,36,1129,Sports,North,0,0,Sunny,34.1,114.02,195.43,6.46,266,1457.37,1578.25,39,113,3
2023-02-25,44,1004,Beauty,North,1,0,Cloudy,33.3,110.65,268.02,6.72,878,1027.52,947.37,17,329,58
2023-02-26,35,1042,Furniture,South,1,0,Cloudy,27.2,92.35,298.98,10.2,290,1386.82,1449.88,38,159,17
2023-02-27,46,1155,Beauty,West,0,1,Cloudy,36.5,114.0,252.28,3.45,375,1676.48,1624.25,24,138,61
2023-02-28,27,1066,Electronics,West,1,1,Rainy,20.9,91.03,206.85,11.58,890,1571.93,1449.39,31,265,121
2023-03-01,4,1021,Toys,North,0,0,Rainy,30.6,106.93,225.85,8.05,88,400.05,411.73,30,62,0
2023-03-02,38,1117,Grocery,West,1,1,Rainy,24.2,100.81,213.7,3.99,176,1603.92,1479.57,21,212,99
2023-03-03,45,1058,Grocery,East,1,1,Sunny,33.1,82.26,260.76,5.45,288,1421.92,1356.9,48,447,195
2023-03-04,47,1025,Beauty,North,0,1,Rainy,35.8,89.46,251.17,4.52,127,1195.01,1099.78,14,50,0
2023-03-05,40,1178,Electronics,West,1,1,Rainy,21.3,108.56,286.04,4.83,641,51.31,52.75,22,229,80
2023-03-06,8,1024,Grocery,North,1,0,Rainy,14.4,117.95,289.8,9.87,100,912.69,947.88,23,184,27
2023-03-07,22,1154,Beauty,East,1,1,Cloudy,22.3,111.98,199.51,7.61,450,1376.21,1291.84,2,148,77
2023-03-08,47,1149,Furniture,West,0,0,Sunny,34.0,116.97,277.83,4.93,69,798.19,767.33,2,276,32
2023-03-09,30,1147,Clothing,North,1,0,Sunny,25.5,81.22,266.99,5.44,585,1399.95,1409.5,48,466,91
2023-03-10,30,1108,Clothing,West,0,0,Sunny,14.9,102.82,246.3,4.83,979,1884.77,2029.07,26,246,29
2023-03-11,31,1161,Sports,North,0,1,Rainy,31.2,113.06,183.19,4.44,756,253.95,273.24,49,123,31
2023-03-12,18,1046,Sports,North,0,0,Rainy,27.4,113.55,275.45,4.81,967,1237.34,1141.25,5,271,42
2023-03-13,15,1028,Beauty,North,0,0,Sunny,36.7,80.58,200.26,6.51,630,1157.23,1114.34,29,36,0
2023-03-14,8,1172,Sports,West,1,0,Sunny,37.7,103.29,294.23,3.65,555,816.03,842.76,3,435,85
2023-03-15,32,1199,Clothing,South,0,1,Sunny,27.5,83.7,294.08,3.84,345,1190.74,1262.77,22,156,53
2023-03-16,43,1078,Toys,North,1,0,Sunny,19.5,100.4,299.03,3.2,127,542.9,543.61,37,322,53
2023-03-17,43,1085,Electronics,South,1,1,Rainy,20.0,94.81,185.36,8.04,129,698.26,721.53,21,345,145
2023-03-18,6,1065,Toys,North,0,1,Rainy,37.2,102.62,278.15,7.28,405,591.42,580.04,31,265,100
2023-03-19,32,1073,Clothing,North,1,1,Rainy,17.2,81.58,214.3,5.14,941,706.58,652.07,16,73,24
2023-03-20,9,1166,Grocery,South,0,1,Cloudy,16.4,105.38,227.76,5.65,878,296.39,318.55,32,427,151
2023-03-21,6,1082,Grocery,North,1,0,Sunny,33.9,99.06,208.69,3.92,29,1765.13,1790.35,43,123,30
2023-03-22,47,1040,Toys,North,0,1,Sunny,35.2,102.44,287.65,6.82,184,741.32,676.86,28,341,135
2023-03-23,48,1135,Beauty,West,1,1,Rainy,34.6,114.64,256.61,5.69,415,380.65,343.1,0,351,146
2023-03-24,38,1012,Electronics,North,0,1,Cloudy,33.0,80.2,190.49,3.98,909,1350.21,1256.02,9,265,92
2023-03-25,3,1054,Clothing,East,1,0,Sunny,17.9,87.0,265.74,11.32,398,985.62,921.58,25,272,56
2023-03-26,30,1044,Toys,North,1,0,Sunny,11.5,103.98,187.68,11.82,463,787.35,861.92,2,269,53
2023-03-27,35,1068,Grocery,East,1,0,Cloudy,30.7,83.51,228.35,7.94,310,1691.14,1671.07,45,281,31
2023-03-28,3,1080,Electronics,East,1,0,Rainy,33.4,105.46,242.78,7.49,782,1668.05,1533.14,25,342,60
2023-03-29,21,1125,Grocery,East,0,1,Rainy,12.0,118.67,252.84,6.26,569,1591.69,1649.56,0,207,89
2023-03-30,44,1061,Toys,North,0,1,Sunny,24.4,104.92,249.12,11.65,896,1373.39,1488.78,46,58,18
2023-03-31,50,1151,Grocery,East,1,0,Cloudy,39.4,95.69,229.54,6.24,774,1645.71,1799.6,37,179,18
2023-04-01,11,1057,Beauty,South,0,1,Sunny,29.5,97.95,269.97,8.56,406,1707.13,1754.0,16,60,12
2023-04-02,28,1111,Clothing,East,1,0,Cloudy,23.7,105.99,224.28,4.22,567,734.87,745.8,48,114,3
2023-04-03,2,1098,Clothing,West,1,0,Cloudy,14.9,89.7,293.74,10.31,905,203.62,207.89,33,351,71
2023-04-04,31,1155,Beauty,North,0,0,Rainy,30.7,108.14,256.18,9.99,202,1014.76,1099.75,10,484,76
2023-04-05,5,1150,Toys,West,0,1,Sunny,11.3,81.82,212.15,5.88,949,1674.4,1733.41,23,478,197
2023-04-06,39,1155,Grocery,South,0,0,Rainy,12.5,94.11,216.18,8.95,824,741.29,683.16,29,159,23
2023-04-07,31,1003,Sports,East,0,1,Rainy,38.0,83.02,221.35,3.21,833,890.88,955.59,17,255,93
2023-04-08,9,1034,Electronics,South,0,0,Cloudy,27.2,107.13,275.86,9.34,806,870.17,853.96,26,204,30
2023-04-09,45,1118,Furniture,North,0,0,Cloudy,38.5,114.14,268.1,11.24,49,163.93,174.26,33,472,55
2023-04-10,33,1035,Beauty,South,0,0,Cloudy,20.2,84.96,228.03,10.94,611,1861.82,1767.37,15,89,16
2023-04-11,45,1122,Electronics,West,1,1,Rainy,18.4,83.46,231.43,5.7,912,449.88,461.36,28,287,124
2023-04-12,38,1191,Beauty,East,1,1,Cloudy,18.1,101.63,244.89,11.28,512,498.57,487.31,11,343,154
2023-04-13,27,1027,Grocery,West,0,0,Sunny,21.2,90.42,265.65,4.99,504,918.61,905.39,47,472,49
2023-04-14,9,1112,Grocery,West,0,1,Rainy,12.1,84.7,253.87,4.99,86,1279.56,1168.54,37,412,148
2023-04-15,41,1105,Sports,South,0,1,Sunny,20.0,100.84,238.1,5.1,478,1621.53,1668.25,39,379,144
2023-04-16,16,1057,Toys,South,0,1,Cloudy,37.9,91.15,194.97,7.2,101,96.2,104.75,41,168,54
2023-04-17,50,1177,Clothing,North,0,1,Sunny,38.1,89.67,229.98,7.13,737,1442.76,1487.98,45,107,16
2023-04-18,35,1115,Furniture,North,0,0,Rainy,39.7,103.11,184.1,7.08,746,704.44,667.46,25,134,15
2023-04-19,47,1063,Beauty,North,0,1,Rainy,23.2,92.04,270.17,9.72,495,595.37,628.12,33,444,165
2023-04-20,7,1112,Grocery,West,0,1,Cloudy,13.4,85.4,194.45,10.66,71,390.98,378.11,41,56,9
2023-04-21,32,1092,Beauty,North,1,0,Sunny,12.5,119.62,180.37,10.98,528,543.88,597.36,21,188,34
2023-04-22,35,1097,Electronics,North,0,0,Rainy,33.2,117.4,289.16,6.0,489,1907.01,2042.25,42,471,58
2023-04-23,40,1001,Beauty,East,1,1,Cloudy,22.0,112.39,218.08,8.24,541,1178.66,1242.46,31,481,210
2023-04-24,36,1143,Beauty,West,1,0,Sunny,37.1,94.56,229.86,9.12,395,1170.14,1270.91,32,295,40
2023-04-25,18,1125,Clothing,East,1,1,Sunny,17.3,107.18,281.38,10.37,866,625.37,637.69,18,136,68
2023-04-26,10,1159,Grocery,South,0,1,Rainy,12.0,105.31,263.84,3.89,380,392.8,364.83,28,127,30
2023-04-27,34,1045,Electronics,South,1,1,Sunny,24.0,112.78,229.58,6.19,771,720.74,727.41,2,138,42
2023-04-28,22,1180,Toys,West,0,0,Sunny,10.5,115.05,204.44,10.29,313,221.49,208.45,12,197,7
2023-04-29,14,1095,Clothing,West,1,1,Sunny,36.8,109.68,265.88,10.04,267,1109.71,1050.85,30,326,160
2023-04-30,18,1098,Electronics,South,1,1,Rainy,36.8,109.9,261.5,5.56,347,1515.18,1574.1,27,316,136
2023-05-01,20,1021,Beauty,East,1,1,Cloudy,22.6,94.17,192.13,3.75,518,198.58,200.51,5,108,49
2023-05-02,32,1018,Furniture,East,1,1,Rainy,34.7,91.11,191.66,10.57,732,612.63,581.33,10,104,32
2023-05-03,46,1171,Sports,North,1,1,Cloudy,20.3,96.09,263.57,8.24,629,1618.65,1721.67,28,108,63
2023-05-04,2,1136,Clothing,South,0,1,Rainy,12.1,81.91,184.26,7.41,958,455.23,425.79,2,38,30
2023-05-05,25,1050,Grocery,South,1,0,Sunny,34.7,81.68,238.74,8.31,75,213.33,229.37,7,336,71
2023-05-06,4,1072,Clothing,South,0,1,Cloudy,30.0,83.92,235.49,9.07,976,1722.44,1737.8,49,82,10
2023-05-07,40,1183,Clothing,East,1,1,Rainy,25.8,99.49,277.46,11.25,273,1018.52,1114.7,1,477,233
2023-05-08,31,1172,Sports,North,0,1,Sunny,25.4,101.08,195.58,4.55,499,1606.44,1593.57,41,400,146
2023-05-09,30,1181,Grocery,North,0,0,Rainy,25.0,86.91,286.69,8.59,119,1396.96,1445.23,10,268,9
2023-05-10,12,1043,Beauty,East,1,0,Sunny,29.7,103.66,278.41,8.04,289,1366.53,1488.31,0,315,74
2023-05-11,20,1096,Grocery,South,1,0,Rainy,34.5,106.68,265.28,7.46,865,1113.31,1038.53,13,390,61
2023-05-12,2,1198,Electronics,East,1,0,Sunny,18.5,80.16,196.13,4.99,359,1836.68,1714.63,44,318,47
2023-05-13,11,1121,Toys,West,0,0,Sunny,11.9,110.93,292.88,3.63,858,1343.65,1382.38,41,328,32
2023-05-14,37,1141,Grocery,East,0,1,Cloudy,39.5,112.61,211.91,10.51,273,990.42,1075.92,33,130,13
2023-05-15,50,1076,Beauty,East,0,1,Rainy,39.6,103.94,256.12,3.86,338,1460.56,1314.64,33,244,87
2023-05-16,30,1039,Electronics,North,0,1,Cloudy,34.2,101.17,210.16,6.31,905,793.01,772.58,20,379,138
2023-05-17,2,1085,Furniture,West,1,0,Rainy,18.9,118.36,226.71,5.27,561,1300.29,1210.86,11,98,8
2023-05-18,25,1165,Grocery,East,1,0,Rainy,24.1,110.3,241.75,10.4,165,548.29,575.89,34,114,23
2023-05-19,27,1126,Furniture,East,0,0,Cloudy,15.9,108.76,205.66,9.05,916,589.44,562.5,50,499,49
2023-05-20,41,1076,Beauty,South,1,1,Rainy,24.1,90.17,187.15,10.07,396,846.69,830.72,33,167,55
2023-05-21,25,1076,Beauty,West,0,1,Cloudy,11.6,101.91,248.68,10.13,562,778.68,854.07,9,135,66
2023-05-22,42,1047,Sports,South,1,0,Cloudy,28.7,80.5,227.91,11.48,569,1794.25,1746.46,1,216,58
2023-05-23,23,1011,Toys,East,0,0,Sunny,21.6,109.01,298.95,3.29,570,834.68,783.66,22,267,40
2023-05-24,30,1147,Sports,West,1,1,Cloudy,34.9,80.48,180.57,8.54,531,1124.12,1229.39,36,78,39
2023-05-25,7,1056,Beauty,West,1,1,Sunny,22.3,80.46,203.96,4.69,129,908.34,890.65,48,114,39
2023-05-26,32,1068,Beauty,West,0,1,Sunny,32.6,86.7,211.29,8.14,474,1189.35,1296.32,18,113,50
2023-05-27,46,1163,Beauty,South,0,0,Rainy,39.8,93.57,239.01,8.83,900,1839.24,1741.81,1,181,22
2023-05-28,23,1198,Sports,East,1,0,Sunny,36.3,103.42,285.34,7.05,319,1028.99,934.98,30,192,20
2023-05-29,37,1124,Clothing,East,0,1,Sunny,14.4,87.71,265.03,8.4,951,1691.33,1610.19,2,128,44
2023-05-30,5,1180,Clothing,West,1,0,Rainy,22.9,100.31,296.79,8.66,891,524.11,512.9,15,350,67
2023-05-31,10,1135,Beauty,South,0,0,Rainy,25.1,89.1,226.73,5.83,927,1052.94,1056.98,31,478,67
2023-06-01,42,1007,Electronics,West,0,1,Sunny,23.6,107.82,279.9,9.57,986,528.52,554.94,47,481,172
2023-06-02,45,1029,Grocery,West,1,1,Cloudy,22.0,107.19,274.03,5.04,780,1477.99,1608.77,19,383,159
2023-06-03,26,1123,Furniture,West,0,1,Sunny,38.8,82.13,275.37,4.04,947,779.32,727.73,6,464,177
2023-06-04,38,1126,Grocery,East,1,1,Rainy,29.2,110.06,225.48,8.04,386,160.95,161.22,39,91,26
2023-06-05,40,1005,Furniture,North,0,1,Sunny,17.6,105.62,288.01,5.81,276,871.51,921.76,1,302,109
2023-06-06,10,1136,Sports,North,0,0,Sunny,22.9,86.77,225.24,6.71,597,326.58,316.45,47,424,50
2023-06-07,50,1038,Electronics,North,0,1,Rainy,17.1,111.58,208.67,4.17,324,1781.27,1834.21,12,405,173
2023-06-08,47,1046,Clothing,South,0,1,Sunny,22.2,98.87,273.99,8.18,482,88.64,93.08,3,431,171
2023-06-09,23,1099,Electronics,South,0,1,Rainy,12.7,96.9,250.68,10.26,48,445.83,468.23,39,172,62
2023-06-10,17,1087,Clothing,North,0,0,Rainy,14.7,87.61,250.1,7.1,905,1597.82,1609.16,4,357,47
2023-06-11,17,1040,Toys,West,0,1,Sunny,26.7,109.09,278.53,4.24,748,1056.1,1067.32,0,161,63
2023-06-12,42,1157,Furniture,West,1,0,Cloudy,11.6,89.05,272.9,7.68,783,1544.39,1505.71,42,383,47
2023-06-13,18,1030,Electronics,West,0,0,Rainy,21.5,119.74,190.58,11.58,776,1149.04,1262.53,6,311,43
2023-06-14,4,1139,Furniture,North,0,1,Cloudy,13.2,80.59,237.42,5.07,60,770.95,705.27,37,215,91
2023-06-15,33,1053,Furniture,North,1,1,Cloudy,36.8,108.61,240.11,4.61,282,1639.19,1523.63,19,328,131
2023-06-16,10,1092,Sports,West,0,1,Cloudy,33.5,89.21,182.37,11.64,784,1876.96,1703.83,45,157,53
2023-06-17,49,1180,Furniture,West,1,0,Cloudy,19.4,83.42,283.9,8.49,524,76.98,70.34,30,92,3
2023-06-18,31,1024,Electronics,West,1,1,Sunny,32.8,102.11,194.79,10.33,962,740.73,801.55,5,37,27
2023-06-19,20,1096,Furniture,West,1,1,Cloudy,18.2,112.04,272.15,5.14,123,253.11,257.18,43,249,103
2023-06-20,50,1111,Furniture,South,0,0,Sunny,13.1,97.13,182.06,11.77,401,75.55,80.77,34,461,41
2023-06-21,10,1172,Beauty,East,1,1,Sunny,20.0,87.8,222.21,3.02,546,1230.37,1288.8,18,382,169
2023-06-22,50,1151,Electronics,West,1,0,Sunny,30.1,97.47,185.55,6.68,970,1973.54,1896.17,15,96,17
2023-06-23,10,1005,Electronics,East,1,0,Rainy,35.0,93.49,258.02,3.63,778,1531.45,1470.76,25,376,62
2023-06-24,20,1065,Sports,East,0,0,Rainy,23.5,94.13,184.04,4.24,610,1356.19,1326.58,19,151,9
2023-06-25,6,1027,Electronics,East,1,1,Rainy,33.8,118.62,182.93,3.09,628,675.9,721.93,39,489,202
2023-06-26,7,1067,Beauty,West,0,0,Sunny,35.8,110.71,194.78,10.71,824,826.87,769.17,1,396,52
2023-06-27,48,1155,Beauty,North,1,1,Cloudy,22.9,80.92,198.56,5.46,831,980.19,892.13,27,280,113
2023-06-28,1,1100,Furniture,East,0,0,Sunny,34.4,105.94,290.24,11.08,908,1963.1,2035.8,48,306,24
2023-06-29,14,1107,Clothing,East,1,1,Sunny,37.5,114.78,210.95,4.45,380,1990.79,2079.01,1,228,107
2023-06-30,15,1010,Clothing,East,0,1,Rainy,37.8,106.02,242.24,8.24,334,714.65,755.92,41,89,16
2023-07-01,47,1171,Electronics,North,0,1,Cloudy,13.0,108.29,276.25,4.16,819,1119.51,1169.71,28,196,62
2023-07-02,3,1170,Toys,West,1,0,Rainy,15.3,103.56,218.72,10.4,163,458.05,424.99,47,428,62
2023-07-03,48,1189,Electronics,South,0,0,Rainy,28.1,90.6,229.06,10.95,611,807.3,806.0,13,62,0
2023-07-04,22,1160,Furniture,South,0,1,Sunny,35.9,85.81,246.34,4.74,351,223.21,206.1,36,160,37
2023-07-05,9,1135,Toys,North,0,0,Rainy,17.5,89.17,251.47,8.52,896,384.34,352.53,41,263,27
2023-07-06,31,1106,Beauty,North,0,0,Rainy,37.4,89.81,190.77,7.1,790,1258.85,1220.27,4,63,15
2023-07-07,14,1097,Beauty,North,1,0,Rainy,24.1,105.56,204.79,5.05,278,1803.96,1794.24,13,489,90
2023-07-08,9,1086,Beauty,West,0,0,Rainy,32.2,106.14,278.41,9.57,647,390.75,402.98,27,252,29
2023-07-09,6,1084,Electronics,North,0,0,Sunny,38.8,99.65,233.06,3.42,62,82.13,81.54,9,275,39
2023-07-10,12,1061,Sports,East,0,0,Sunny,10.3,104.76,256.57,4.2,493,1624.14,1490.06,11,267,32
2023-07-11,26,1096,Sports,East,0,1,Cloudy,38.4,104.63,240.04,6.03,935,1144.88,1220.2,29,147,56
2023-07-12,41,1163,Sports,West,1,1,Rainy,10.6,115.17,215.6,5.38,61,258.34,235.38,11,105,48
2023-07-13,33,1096,Beauty,South,1,1,Rainy,17.5,93.26,282.37,4.44,646,1777.42,1727.33,39,244,98
2023-07-14,47,1108,Clothing,South,0,0,Rainy,13.1,112.26,211.02,4.73,489,279.33,293.87,43,56,8
2023-07-15,20,1051,Grocery,South,0,1,Cloudy,35.5,91.39,205.66,10.3,997,1045.38,1071.92,35,185,73
2023-07-16,13,1195,Clothing,South,1,0,Sunny,12.8,97.76,235.98,5.44,798,1166.04,1052.11,40,308,76
2023-07-17,27,1153,Electronics,South,1,0,Sunny,32.0,111.65,236.56,6.39,275,1114.9,1025.49,44,119,2
2023-07-18,26,1029,Sports,North,0,0,Rainy,28.4,99.2,205.03,11.34,46,1659.34,1737.13,39,419,66
2023-07-19,50,1089,Grocery,East,1,1,Cloudy,26.4,114.49,232.25,5.7,949,1734.13,1739.06,17,149,66
2023-07-20,10,1020,Grocery,North,1,0,Rainy,36.8,100.88,222.22,6.48,790,639.04,698.35,31,249,36
2023-07-21,4,1096,Electronics,South,0,1,Sunny,11.6,109.91,189.21,9.53,963,382.91,360.37,22,294,114
2023-07-22,7,1061,Toys,West,0,0,Sunny,24.1,99.71,230.18,5.17,80,1271.69,1334.88,7,362,49
2023-07-23,48,1129,Sports,North,0,0,Rainy,18.7,113.82,267.12,4.94,413,399.82,424.87,4,256,48
2023-07-24,16,1169,Toys,South,0,0,Sunny,23.0,94.83,237.36,7.12,201,623.8,655.66,6,64,0
2023-07-25,48,1191,Grocery,East,1,0,Rainy,17.7,111.43,271.2,9.26,291,1949.41,2121.66,11,185,34
2023-07-26,9,1199,Electronics,South,0,0,Cloudy,17.7,82.93,280.53,6.16,549,274.96,292.17,41,341,39
2023-07-27,8,1118,Furniture,East,1,0,Cloudy,33.8,98.63,274.22,9.26,941,621.16,565.49,36,347,55
2023-07-28,5,1075,Sports,West,0,1,Cloudy,19.4,117.33,199.26,9.13,208,1859.26,1787.79,23,121,47
2023-07-29,41,1045,Grocery,South,0,1,Cloudy,11.5,101.12,276.74,11.94,557,1564.5,1629.77,2,451,174
2023-07-30,40,1006,Beauty,South,0,0,Cloudy,36.1,116.83,196.76,4.45,560,625.4,629.85,22,441,59
2023-07-31,8,1023,Toys,West,0,1,Cloudy,38.1,86.75,227.08,11.72,180,819.84,831.27,18,44,29
2023-08-01,50,1133,Sports,South,1,1,Rainy,16.6,98.97,193.38,5.49,132,215.02,234.03,50,308,132
2023-08-02,40,1062,Electronics,North,1,0,Cloudy,37.4,108.61,206.2,7.72,677,553.96,555.84,39,493,81
2023-08-03,43,1102,Grocery,South,1,0,Rainy,35.4,114.56,270.63,6.86,385,1896.5,2003.46,28,293,47
2023-08-04,30,1126,Furniture,West,1,1,Rainy,13.7,109.39,277.45,4.55,505,1344.69,1284.95,37,83,27
2023-08-05,6,1159,Toys,South,1,0,Sunny,39.8,100.18,283.74,5.23,882,746.57,765.09,26,431,73
2023-08-06,22,1124,Grocery,East,1,0,Cloudy,29.4,119.78,238.9,11.51,80,1554.08,1504.6,16,442,68
2023-08-07,7,1185,Furniture,North,1,0,Sunny,14.1,92.46,283.34,3.55,632,141.66,151.14,40,31,4
2023-08-08,44,1071,Clothing,East,1,1,Sunny,31.4,110.29,192.71,6.16,411,1681.37,1690.32,45,137,58
2023-08-09,11,1180,Grocery,South,0,0,Rainy,18.7,118.53,211.89,7.33,858,1018.66,1031.6,11,328,53
2023-08-10,25,1081,Beauty,East,0,0,Sunny,36.6,86.5,217.79,4.94,566,1900.42,1786.15,49,440,49
2023-08-11,44,1154,Grocery,East,1,0,Rainy,19.2,111.83,229.69,4.34,659,1180.84,1287.39,33,302,54
2023-08-12,25,1105,Beauty,South,0,1,Rainy,34.4,100.73,228.85,10.65,25,576.16,578.98,47,270,112
2023-08-13,30,1137,Beauty,East,0,1,Sunny,38.4,84.66,190.21,3.4,668,1213.76,1135.33,37,187,53
2023-08-14,24,1104,Beauty,West,0,0,Rainy,31.0,103.41,182.09,10.3,583,1979.29,2124.16,0,389,51
2023-08-15,4,1089,Sports,East,0,1,Rainy,33.2,97.05,202.26,11.39,448,1322.83,1220.56,34,241,81
2023-08-16,11,1008,Furniture,East,0,0,Rainy,24.6,102.17,244.76,9.71,852,1851.85,1820.88,29,270,28
2023-08-17,3,1115,Clothing,North,1,0,Rainy,17.5,110.88,226.09,7.82,772,1314.46,1442.22,21,88,15
2023-08-18,12,1078,Electronics,East,0,0,Rainy,23.1,106.2,184.46,5.81,88,1448.61,1539.79,26,82,0
2023-08-19,35,1083,Furniture,South,0,0,Cloudy,22.4,118.94,215.63,5.87,784,1580.55,1667.93,8,460,62
2023-08-20,23,1159,Furniture,North,1,0,Rainy,11.6,119.97,197.69,3.57,181,348.65,338.06,34,40,1
2023-08-21,42,1170,Beauty,North,1,1,Sunny,27.7,83.98,216.55,7.2,385,475.0,428.74,20,359,135
2023-08-22,5,1185,Electronics,South,0,0,Cloudy,16.6,102.19,193.17,8.22,954,442.46,436.01,4,294,48
2023-08-23,20,1136,Grocery,North,0,1,Rainy,20.3,113.07,222.86,11.19,183,879.08,905.8,31,397,146
2023-08-24,13,1190,Sports,East,1,0,Cloudy,26.4,86.17,212.78,6.4,578,1982.54,1813.78,47,436,56
2023-08-25,9,1162,Electronics,North,0,1,Cloudy,32.1,84.85,292.32,4.31,528,964.56,1057.26,43,171,54
2023-08-26,22,1198,Grocery,East,0,0,Sunny,15.4,102.88,249.45,7.11,156,891.52,923.57,37,123,6
2023-08-27,19,1108,Toys,North,1,1,Cloudy,17.3,81.77,198.46,8.51,564,494.96,513.46,37,227,100
2023-08-28,48,1032,Toys,North,0,0,Cloudy,15.4,109.42,202.32,5.46,632,1603.3,1672.26,17,498,71
2023-08-29,20,1192,Grocery,East,0,1,Rainy,37.8,119.05,231.74,5.23,672,679.87,634.0,26,352,137
2023-08-30,16,1106,Grocery,North,0,1,Cloudy,38.2,117.44,215.42,8.7,328,583.59,611.56,9,303,120
2023-08-31,41,1120,Sports,East,0,0,Cloudy,24.0,114.39,225.9,11.54,878,905.18,838.93,43,135,21
2023-09-01,14,1116,Furniture,East,0,0,Sunny,20.7,91.33,204.13,10.36,862,627.4,688.8,49,34,0
2023-09-02,42,1174,Sports,North,0,0,Cloudy,14.0,89.95,280.63,3.18,198,1932.7,1822.52,6,89,6
2023-09-03,23,1157,Beauty,North,0,1,Cloudy,16.9,96.33,230.15,7.48,50,1777.44,1827.07,36,497,202
2023-09-04,42,1078,Grocery,North,1,0,Sunny,29.3,85.64,237.78,3.17,259,60.08,65.56,5,218,38
2023-09-05,13,1171,Grocery,North,0,0,Rainy,30.6,82.69,258.34,10.56,696,1393.75,1309.24,48,30,0
2023-09-06,33,1133,Toys,East,1,1,Cloudy,35.8,99.74,226.67,3.04,375,52.36,51.14,25,377,163
2023-09-07,32,1085,Sports,South,0,0,Rainy,34.0,83.08,257.93,6.38,682,1152.52,1251.35,30,189,8
2023-09-08,20,1015,Beauty,East,0,0,Cloudy,18.0,104.66,235.44,11.07,637,1618.6,1741.2,37,484,63
2023-09-09,10,1072,Sports,South,1,0,Sunny,25.9,87.12,264.95,10.27,870,1377.76,1246.3,42,318,62
2023-09-10,10,1083,Furniture,West,1,0,Sunny,25.0,119.14,213.45,5.16,710,1942.39,1765.93,13,41,11
2023-09-11,28,1060,Toys,East,0,0,Cloudy,28.7,116.15,190.41,5.73,219,458.98,458.84,13,489,89
2023-09-12,3,1126,Toys,South,0,0,Rainy,22.0,112.56,296.68,4.74,396,808.08,804.02,10,169,24
2023-09-13,14,1160,Toys,South,1,0,Cloudy,13.6,83.95,299.13,3.14,131,1774.2,1719.74,13,26,13
2023-09-14,40,1149,Furniture,East,1,0,Sunny,31.7,92.74,264.27,3.36,671,1015.8,991.98,35,210,33
2023-09-15,47,1168,Electronics,North,1,0,Rainy,32.4,111.19,182.91,7.25,74,1570.71,1613.89,14,237,42
2023-09-16,25,1098,Beauty,East,0,1,Rainy,34.7,116.87,200.7,11.65,443,1964.32,1918.92,5,274,117
2023-09-17,33,1147,Clothing,West,1,0,Cloudy,36.4,80.82,284.38,11.76,454,1433.74,1417.48,46,89,9
2023-09-18,4,1102,Electronics,West,1,1,Cloudy,27.2,98.58,298.86,10.77,947,1459.22,1430.39,2,252,115
2023-09-19,42,1049,Clothing,East,1,0,Rainy,22.4,98.9,219.51,10.1,947,339.79,364.49,11,126,25
2023-09-20,31,1094,Sports,South,1,1,Cloudy,23.3,110.28,274.37,7.73,500,62.98,60.23,19,328,156
2023-09-21,11,1014,Beauty,South,0,1,Cloudy,31.1,92.85,224.5,7.72,421,1532.5,1519.54,0,78,38
2023-09-22,29,1044,Sports,North,0,0,Cloudy,25.0,117.89,232.35,4.16,991,218.1,215.21,45,275,35
2023-09-23,34,1160,Toys,South,0,1,Rainy,23.4,95.82,189.48,7.73,661,206.81,221.87,0,361,135
2023-09-24,22,1158,Furniture,North,1,0,Cloudy,31.8,109.71,224.58,11.75,343,488.3,464.54,26,420,87
2023-09-25,38,1084,Electronics,North,1,1,Sunny,15.3,85.59,182.1,5.76,492,1181.78,1171.42,18,343,140
2023-09-26,33,1022,Furniture,South,1,0,Rainy,14.5,103.56,280.8,3.66,873,1115.45,1061.36,40,478,93
2023-09-27,40,1194,Sports,East,1,1,Rainy,24.3,90.3,204.43,5.45,549,1787.03,1951.39,48,86,14
2023-09-28,15,1150,Electronics,South,1,1,Sunny,22.4,99.09,292.77,5.2,941,1159.65,1079.16,18,88,21
2023-09-29,32,1019,Grocery,East,0,0,Sunny,20.5,99.95,260.25,4.28,640,1892.82,2050.25,16,112,5
2023-09-30,31,1094,Clothing,West,0,1,Cloudy,21.3,85.95,289.42,11.65,640,333.22,337.43,15,151,36
2023-10-01,25,1076,Toys,East,0,0,Cloudy,16.8,107.12,282.01,8.95,491,1446.27,1461.18,0,89,22
2023-10-02,30,1127,Grocery,North,1,1,Rainy,31.1,103.99,252.63,8.44,147,875.71,891.54,47,420,186
2023-10-03,8,1050,Grocery,West,1,1,Sunny,10.7,119.03,210.02,3.93,731,1671.15,1828.6,47,52,13
2023-10-04,10,1016,Sports,North,0,0,Rainy,31.8,119.02,248.2,7.15,198,1473.67,1385.02,41,128,22
2023-10-05,30,1120,Clothing,North,0,0,Cloudy,22.8,106.34,297.72,7.22,821,1568.34,1495.07,49,241,15
2023-10-06,21,1013,Sports,West,0,1,Sunny,22.6,105.32,210.68,7.13,348,339.54,362.82,16,439,169
2023-10-07,35,1042,Clothing,North,1,1,Sunny,32.7,89.24,207.52,9.23,338,1870.53,1793.49,19,474,205
2023-10-08,8,1063,Sports,East,0,1,Cloudy,35.0,99.17,191.74,11.07,935,587.72,608.58,29,440,168
2023-10-09,35,1045,Clothing,West,1,1,Sunny,38.3,81.11,274.2,3.46,472,265.94,263.88,5,368,142
2023-10-10,19,1123,Electronics,East,0,1,Rainy,15.7,103.74,196.4,5.88,867,871.33,870.04,43,123,26
2023-10-11,24,1074,Electronics,East,1,1,Cloudy,17.7,94.44,234.3,3.81,223,1279.4,1187.4,33,332,141
2023-10-12,17,1021,Grocery,West,1,1,Cloudy,29.0,93.22,239.95,7.58,335,1419.2,1479.52,49,358,142
2023-10-13,42,1126,Furniture,West,0,0,Cloudy,24.5,112.83,286.67,6.25,90,1343.07,1383.1,48,114,1
2023-10-14,31,1125,Electronics,North,1,0,Cloudy,33.5,98.16,294.72,5.58,909,396.53,396.91,42,363,76
2023-10-15,6,1142,Furniture,West,0,0,Sunny,26.1,107.34,182.29,3.4,667,1411.03,1460.42,48,125,12
2023-10-16,39,1031,Clothing,West,1,0,Cloudy,39.2,109.99,234.62,9.56,529,650.9,651.16,20,172,27
2023-10-17,49,1028,Furniture,North,1,1,Cloudy,16.3,106.62,217.16,8.89,772,1062.59,1165.46,28,486,211
2023-10-18,26,1093,Clothing,East,0,0,Sunny,37.0,117.85,207.48,6.15,894,1955.02,2028.83,43,312,33
2023-10-19,34,1086,Sports,East,1,1,Cloudy,14.4,107.36,222.6,10.39,695,455.9,449.9,22,294,112
2023-10-20,10,1073,Grocery,North,1,0,Sunny,36.8,108.64,257.04,5.19,869,923.53,872.83,33,287,43
2023-10-21,7,1019,Clothing,East,1,0,Rainy,16.1,90.46,272.53,5.51,37,1400.16,1327.88,12,364,72
2023-10-22,32,1050,Electronics,East,0,0,Sunny,19.7,89.54,246.58,3.63,360,99.16,107.42,26,356,44
2023-10-23,12,1105,Sports,South,0,0,Sunny,39.5,80.47,236.0,4.66,703,157.48,156.16,6,216,13
2023-10-24,44,1031,Electronics,North,1,0,Rainy,10.4,85.7,296.34,8.19,182,270.72,253.21,6,463,86
2023-10-25,6,1071,Furniture,East,1,0,Rainy,22.4,103.92,212.91,7.07,246,176.97,164.46,35,498,94
2023-10-26,9,1163,Grocery,South,1,0,Cloudy,33.3,100.35,269.63,11.81,279,515.13,503.54,16,453,79
2023-10-27,50,1182,Clothing,East,0,1,Cloudy,32.8,87.88,193.65,7.53,622,1493.7,1469.87,26,275,98
2023-10-28,28,1064,Clothing,East,1,0,Cloudy,11.6,102.39,217.78,10.8,116,1858.79,1731.03,28,224,32
2023-10-29,14,1157,Sports,North,1,0,Cloudy,29.3,112.12,226.01,9.69,830,1267.5,1205.93,15,241,43
2023-10-30,29,1121,Grocery,West,0,0,Cloudy,15.3,107.24,211.66,11.44,921,800.96,804.02,0,482,62
2023-10-31,23,1184,Electronics,West,1,0,Cloudy,11.1,81.94,189.95,10.33,1000,264.29,275.39,29,169,12
2023-11-01,13,1150,Toys,South,1,0,Sunny,15.5,106.05,180.85,7.04,470,53.78,51.22,34,343,51
2023-11-02,46,1109,Sports,West,0,0,Cloudy,16.1,99.67,231.83,10.0,142,1317.51,1337.6,1,418,69
2023-11-03,14,1024,Clothing,East,0,1,Rainy,12.0,114.9,197.82,8.37,586,502.34,538.93,20,325,123
2023-11-04,3,1194,Beauty,North,1,0,Cloudy,34.8,117.64,202.43,6.06,682,1348.93,1295.16,28,498,83
2023-11-05,34,1196,Toys,East,0,0,Cloudy,24.4,114.3,283.03,9.75,104,501.09,524.15,45,222,14
2023-11-06,30,1178,Toys,North,0,1,Rainy,20.3,104.23,245.38,7.87,713,1727.39,1769.27,40,60,3
2023-11-07,28,1169,Sports,North,1,1,Rainy,39.7,97.46,292.24,9.05,932,658.92,645.44,9,331,129
2023-11-08,5,1132,Electronics,East,0,1,Cloudy,14.3,88.73,289.45,5.04,623,630.35,573.63,45,462,157
2023-11-09,3,1135,Grocery,West,1,1,Rainy,19.7,117.81,249.34,8.87,911,1672.23,1728.03,48,364,129
2023-11-10,33,1058,Beauty,South,0,0,Sunny,20.8,86.9,256.44,3.93,82,1905.99,1931.97,40,374,60
2023-11-11,43,1121,Sports,East,0,0,Rainy,16.1,100.19,249.39,9.57,616,1485.11,1338.81,33,109,0
2023-11-12,47,1017,Beauty,South,1,1,Cloudy,31.7,82.68,218.23,7.1,377,1196.45,1091.72,32,474,204
2023-11-13,22,1162,Grocery,North,0,1,Cloudy,10.2,87.88,248.92,6.38,165,680.19,618.05,4,228,87
2023-11-14,27,1032,Sports,North,1,1,Rainy,13.1,116.43,244.78,7.86,896,1523.67,1637.87,27,355,152
2023-11-15,28,1020,Clothing,East,1,1,Sunny,38.7,104.97,286.43,5.82,47,225.76,223.65,20,272,108
2023-11-16,39,1100,Beauty,West,0,1,Cloudy,24.7,119.66,235.15,7.78,672,1032.1,1023.51,24,170,60
2023-11-17,50,1064,Sports,North,1,0,Cloudy,26.2,90.5,220.01,10.78,437,566.01,598.72,30,255,50
2023-11-18,27,1024,Clothing,North,0,0,Rainy,28.3,90.93,227.17,6.37,705,382.11,369.0,9,451,50
2023-11-19,50,1135,Sports,West,1,0,Cloudy,35.1,115.65,289.0,7.62,303,1718.9,1612.0,24,154,25
2023-11-20,32,1022,Beauty,South,1,0,Cloudy,19.6,106.74,202.03,6.62,379,1400.24,1286.96,45,487,90
2023-11-21,47,1127,Electronics,East,0,1,Cloudy,28.4,87.56,237.38,7.83,22,261.14,245.92,5,205,66
2023-11-22,2,1109,Furniture,East,1,0,Sunny,23.3,82.52,287.4,4.17,202,1199.59,1314.8,40,364,49
2023-11-23,23,1149,Beauty,West,0,0,Rainy,38.5,94.45,207.61,7.54,774,1571.19,1472.41,28,391,46
2023-11-24,27,1189,Clothing,South,0,1,Rainy,11.8,84.05,253.13,5.89,495,1557.88,1454.24,7,400,157
2023-11-25,38,1062,Furniture,South,0,1,Sunny,21.1,102.48,184.5,3.25,660,634.03,663.39,23,373,127
2023-11-26,48,1175,Beauty,South,0,0,Sunny,15.4,98.89,283.33,5.21,134,618.54,649.39,40,68,0
2023-11-27,31,1123,Sports,South,1,1,Cloudy,28.5,93.24,182.16,7.6,521,251.76,235.05,4,25,13
2023-11-28,29,1165,Clothing,East,0,0,Rainy,30.8,116.74,248.42,10.83,154,78.33,83.57,50,214,17
2023-11-29,4,1116,Clothing,South,1,1,Cloudy,28.9,85.43,186.96,3.29,83,527.62,519.61,42,475,211
2023-11-30,17,1164,Furniture,East,1,0,Cloudy,24.8,85.85,290.87,9.9,460,237.14,257.51,40,307,53
2023-12-01,14,1134,Clothing,East,1,0,Rainy,34.0,95.2,243.86,10.76,416,1814.88,1859.72,5,109,33
2023-12-02,42,1166,Clothing,West,1,1,Sunny,29.7,91.25,258.83,5.7,988,935.24,885.55,18,84,44
2023-12-03,28,1073,Sports,East,1,1,Cloudy,39.2,113.46,225.27,7.31,879,1124.05,1100.74,26,429,192
2023-12-04,50,1079,Electronics,South,1,1,Rainy,21.3,93.64,209.87,7.82,231,1072.83,1176.69,0,381,166
2023-12-05,10,1096,Sports,East,0,1,Sunny,35.3,102.15,248.69,5.8,25,905.46,822.64,39,253,82
2023-12-06,10,1100,Furniture,East,1,1,Cloudy,15.9,89.96,194.07,4.27,289,1810.29,1677.91,22,408,176
2023-12-07,49,1136,Sports,North,1,1,Sunny,22.8,82.96,210.18,9.75,245,1223.02,1141.77,20,211,95
2023-12-08,26,1006,Furniture,West,0,1,Cloudy,38.9,113.78,235.67,10.3,876,109.13,118.39,39,208,83
2023-12-09,23,1019,Beauty,East,0,0,Sunny,35.5,84.25,245.09,3.11,99,1525.14,1652.47,40,32,0
2023-12-10,22,1072,Grocery,South,1,1,Rainy,19.7,107.24,219.31,10.7,601,808.68,821.37,45,495,216
2023-12-11,3,1020,Toys,East,0,1,Sunny,24.5,95.52,234.97,7.45,544,1631.4,1534.62,22,102,26
2023-12-12,39,1184,Furniture,North,0,0,Rainy,15.1,114.91,224.14,4.78,317,1600.55,1520.14,29,468,63
2023-12-13,11,1115,Furniture,East,0,0,Cloudy,37.7,97.51,290.29,6.53,909,1172.04,1287.48,37,449,65
2023-12-14,36,1025,Beauty,East,1,0,Rainy,38.2,98.23,260.04,10.62,397,98.52,96.66,6,279,46
2023-12-15,9,1004,Beauty,North,0,1,Sunny,23.6,99.74,295.53,8.85,131,963.28,1020.37,31,56,6
2023-12-16,45,1175,Grocery,South,0,0,Cloudy,10.2,82.38,227.9,3.91,662,1828.0,1662.87,45,489,40
2023-12-17,41,1016,Clothing,South,1,1,Rainy,15.4,108.63,212.83,9.18,96,1789.79,1735.26,8,459,211
2023-12-18,30,1041,Electronics,West,0,0,Cloudy,11.9,83.8,243.97,11.39,244,675.63,708.35,49,93,10
2023-12-19,42,1054,Sports,West,0,0,Cloudy,13.0,102.93,210.14,10.58,648,1044.37,1107.47,38,176,20
2023-12-20,21,1098,Grocery,West,1,1,Sunny,23.1,85.19,230.18,5.3,334,659.7,635.77,5,173,86
2023-12-21,28,1131,Grocery,West,1,1,Cloudy,38.3,88.08,296.16,5.69,949,1322.83,1238.58,31,252,100
2023-12-22,48,1150,Beauty,South,1,0,Cloudy,30.2,114.78,257.91,4.56,794,1846.46,1872.3,30,451,78
2023-12-23,4,1111,Clothing,North,1,1,Cloudy,37.6,92.4,247.33,5.38,349,298.69,282.47,4,303,141
2023-12-24,13,1136,Grocery,East,1,1,Sunny,12.8,97.1,211.49,7.82,903,1388.75,1481.02,11,218,108
2023-12-25,15,1057,Toys,North,0,1,Rainy,23.7,100.72,197.75,4.79,138,355.68,341.85,6,66,27
2023-12-26,19,1130,Furniture,South,0,1,Cloudy,23.1,101.08,208.1,10.77,345,1622.8,1624.37,25,177,52
2023-12-27,9,1043,Grocery,North,0,0,Rainy,23.4,96.48,281.06,8.43,753,917.65,845.68,13,253,27
2023-12-28,8,1045,Beauty,West,1,0,Sunny,31.3,115.88,235.59,8.79,363,1935.02,1883.42,48,126,6
2023-12-29,6,1055,Clothing,North,0,0,Sunny,17.0,113.93,200.53,3.44,869,1281.12,1319.58,50,97,0
2023-12-30,17,1146,Beauty,West,1,1,Rainy,24.3,105.47,277.44,7.07,897,225.44,210.63,5,481,228
2023-12-31,42,1134,Electronics,North,1,1,Cloudy,28.1,107.08,250.99,7.89,158,1463.15,1404.35,5,116,39
2024-01-01,11,1025,Beauty,West,1,1,Sunny,19.7,82.02,180.21,8.35,713,225.17,203.33,4,314,139
2024-01-02,13,1169,Toys,South,1,1,Sunny,37.1,107.14,293.83,10.87,440,1882.09,2025.66,6,439,194
2024-01-03,22,1079,Furniture,North,1,1,Rainy,11.8,116.8,243.43,7.84,125,1761.88,1608.89,49,31,22
2024-01-04,29,1062,Furniture,West,1,0,Sunny,17.5,119.29,269.39,6.65,593,1267.1,1359.0,10,413,73
2024-01-05,30,1152,Clothing,West,0,0,Cloudy,17.3,102.92,221.2,10.73,88,310.11,320.08,18,324,42
2024-01-06,9,1187,Beauty,South,1,0,Cloudy,31.6,100.74,295.4,10.3,107,1862.5,1909.82,18,63,16
2024-01-07,33,1190,Clothing,West,0,0,Rainy,14.4,91.3,199.7,6.18,759,988.95,942.92,44,214,35
2024-01-08,16,1109,Toys,South,1,1,Rainy,14.7,99.97,277.64,11.7,374,712.44,739.73,33,132,50
2024-01-09,22,1061,Grocery,North,1,0,Rainy,25.9,119.71,190.77,6.26,206,637.13,573.74,13,488,99
2024-01-10,43,1149,Clothing,West,0,1,Cloudy,39.7,111.8,222.15,7.5,501,1572.61,1469.62,40,451,181
2024-01-11,35,1006,Electronics,East,0,0,Rainy,14.5,88.14,198.47,3.42,925,1314.58,1220.03,13,244,29
2024-01-12,33,1197,Furniture,North,0,0,Sunny,28.3,106.34,274.2,6.6,530,489.45,465.79,48,198,10
2024-01-13,6,1143,Beauty,North,1,1,Cloudy,25.0,90.62,272.59,10.03,467,1375.84,1471.74,2,279,108
2024-01-14,43,1053,Clothing,North,0,0,Sunny,21.9,107.0,242.0,7.68,953,1825.43,1839.41,0,443,61
2024-01-15,26,1134,Furniture,East,0,0,Rainy,28.9,108.84,261.34,9.53,815,518.61,548.34,20,285,45
2024-01-16,26,1101,Sports,West,1,1,Sunny,13.7,83.0,241.3,8.19,907,1477.34,1506.96,24,464,191
2024-01-17,27,1072,Electronics,South,1,1,Rainy,32.6,96.67,244.02,4.41,831,1159.52,1192.14,14,270,118
2024-01-18,9,1199,Beauty,East,0,1,Rainy,38.2,109.99,221.96,6.65,775,1008.08,997.48,36,63,0
2024-01-19,9,1152,Toys,East,1,0,Cloudy,36.0,103.73,241.23,11.47,260,956.12,956.05,47,193,11
2024-01-20,18,1089,Sports,East,0,0,Sunny,33.8,81.33,256.49,5.19,966,116.54,107.2,49,373,36
2024-01-21,20,1149,Sports,South,0,0,Rainy,16.9,94.18,207.57,4.45,363,485.61,478.68,41,128,24
2024-01-22,38,1045,Grocery,West,0,1,Cloudy,20.0,90.63,264.48,10.7,809,590.56,636.57,20,95,23
2024-01-23,42,1022,Clothing,West,1,1,Sunny,12.9,83.02,261.46,6.19,587,831.04,766.58,42,125,38
2024-01-24,20,1168,Clothing,North,1,0,Cloudy,28.4,97.76,195.21,11.04,240,1789.19,1745.9,27,297,54
2024-01-25,48,1172,Beauty,West,0,1,Sunny,31.0,105.72,284.07,7.48,729,90.57,84.93,16,278,105
2024-01-26,26,1037,Grocery,South,1,0,Rainy,11.8,82.64,263.38,10.77,758,1823.42,1840.31,4,271,35
2024-01-27,28,1157,Clothing,West,1,1,Cloudy,24.5,104.25,279.05,7.01,792,810.85,789.98,46,394,170
2024-01-28,27,1012,Furniture,East,0,1,Sunny,33.9,88.62,222.27,8.72,631,99.17,101.51,1,263,101
2024-01-29,20,1041,Clothing,North,1,0,Rainy,28.0,98.68,266.25,8.32,162,1205.52,1176.74,15,499,92
2024-01-30,6,1062,Furniture,North,0,0,Sunny,37.6,92.97,289.42,4.39,196,960.92,871.8,18,323,60
2024-01-31,31,1009,Grocery,North,1,0,Rainy,28.0,90.7,217.73,10.52,466,658.64,613.22,11,66,9
2024-02-01,26,1090,Grocery,South,1,0,Sunny,28.7,99.68,219.55,9.98,124,527.18,529.59,2,127,33
2024-02-02,15,1164,Grocery,South,0,0,Cloudy,12.8,113.77,215.13,5.79,260,1977.26,2034.76,17,299,42
2024-02-03,43,1160,Sports,North,0,1,Rainy,32.4,106.64,269.35,3.78,43,1967.73,1955.73,12,109,41
2024-02-04,30,1070,Electronics,West,1,1,Rainy,22.5,118.89,290.21,11.78,945,1936.83,1810.87,29,467,197
2024-02-05,47,1025,Sports,East,1,1,Sunny,38.7,115.78,263.22,3.11,858,499.97,464.68,23,420,160
2024-02-06,44,1128,Toys,North,0,0,Rainy,19.4,118.53,197.8,6.11,887,1199.66,1286.73,38,464,48
2024-02-07,7,1126,Electronics,East,1,1,Cloudy,19.8,97.87,221.9,4.56,159,768.98,798.82,13,464,207
2024-02-08,21,1084,Sports,North,0,1,Cloudy,10.7,86.33,180.18,8.46,442,910.67,995.07,27,98,33
2024-02-09,43,1110,Electronics,West,0,0,Sunny,31.1,114.96,293.4,6.81,422,648.04,633.63,5,366,59
2024-02-10,27,1121,Toys,West,0,1,Cloudy,18.6,94.23,189.3,10.64,258,1317.79,1218.84,36,32,0
2024-02-11,45,1109,Grocery,East,1,0,Rainy,17.1,98.22,244.69,7.44,545,525.91,492.6,28,343,67
2024-02-12,10,1167,Electronics,North,0,1,Cloudy,16.2,80.5,246.66,11.92,37,1427.49,1548.26,26,20,2
2024-02-13,28,1091,Beauty,West,0,1,Sunny,30.8,105.81,225.29,3.47,656,1782.02,1883.46,1,93,31
2024-02-14,18,1011,Electronics,East,0,1,Cloudy,28.6,103.76,293.21,7.23,405,1594.69,1454.96,13,272,103
2024-02-15,48,1139,Toys,East,0,1,Sunny,33.2,95.5,285.62,4.41,99,1611.2,1576.86,23,162,58
2024-02-16,49,1073,Furniture,South,1,1,Sunny,17.9,84.79,187.11,4.59,221,566.56,525.62,45,135,53
2024-02-17,14,1095,Clothing,North,1,1,Cloudy,24.5,115.64,298.29,9.21,64,512.16,538.7,5,184,67
2024-02-18,22,1078,Sports,East,1,1,Sunny,35.9,91.25,254.27,11.8,602,1097.05,1060.82,36,350,164
2024-02-19,9,1047,Clothing,East,1,0,Sunny,26.9,101.75,248.4,10.11,687,1834.33,1791.9,45,441,91
2024-02-20,11,1085,Toys,North,1,0,Rainy,36.2,105.51,283.8,6.33,297,826.25,886.64,46,490,87
2024-02-21,35,1138,Beauty,West,1,1,Cloudy,23.9,113.72,222.85,10.92,294,1193.61,1233.51,2,334,138
2024-02-22,17,1160,Sports,North,1,0,Rainy,27.2,92.78,184.79,4.52,571,72.82,71.75,5,289,59
2024-02-23,27,1061,Furniture,West,0,1,Rainy,27.2,94.0,214.69,8.23,37,1003.45,1087.47,0,442,162
2024-02-24,50,1078,Toys,North,0,1,Sunny,14.6,100.96,212.5,8.03,778,1200.67,1293.37,33,417,141
2024-02-25,16,1032,Furniture,West,0,0,Sunny,10.2,99.94,198.38,6.92,982,1038.72,1086.1,41,286,45
2024-02-26,44,1042,Electronics,East,0,0,Rainy,37.6,85.61,213.19,11.28,836,1507.25,1367.82,37,301,38
2024-02-27,34,1058,Clothing,South,0,0,Cloudy,36.4,101.82,225.54,7.34,798,400.44,427.23,14,105,15
2024-02-28,16,1173,Clothing,East,1,0,Cloudy,26.9,85.09,262.24,6.81,929,1024.57,958.64,12,360,66
2024-02-29,10,1083,Electronics,South,0,1,Sunny,24.6,119.62,238.54,7.74,803,1198.81,1140.35,26,352,140
2024-03-01,44,1184,Toys,West,0,0,Cloudy,31.4,111.76,199.98,6.73,880,829.45,784.29,28,223,5
2024-03-02,11,1148,Sports,West,1,1,Cloudy,12.5,99.9,264.28,10.95,177,1865.04,2036.78,16,79,7
2024-03-03,25,1064,Sports,East,1,1,Cloudy,26.2,87.22,260.62,5.33,633,173.8,189.97,12,50,35
2024-03-04,5,1079,Beauty,South,1,1,Sunny,33.3,95.99,216.49,6.79,266,1567.97,1415.19,31,179,65
2024-03-05,37,1163,Sports,South,0,0,Sunny,23.1,90.07,258.45,3.74,58,1233.86,1223.23,15,22,0
2024-03-06,23,1003,Electronics,North,1,0,Sunny,15.3,115.92,299.28,6.0,116,784.78,836.88,33,389,77
2024-03-07,19,1120,Grocery,North,0,1,Sunny,14.1,86.72,204.75,6.3,407,1059.18,1053.32,8,123,53
2024-03-08,9,1140,Electronics,South,0,0,Cloudy,17.9,92.6,225.71,11.2,849,1922.92,1838.97,49,207,21
2024-03-09,9,1171,Furniture,East,1,0,Sunny,30.2,111.59,289.93,3.74,201,276.0,283.5,48,282,15
2024-03-10,42,1027,Beauty,East,0,0,Cloudy,33.0,91.29,277.44,7.99,545,541.79,547.75,9,75,6
2024-03-11,23,1052,Electronics,West,0,1,Rainy,20.2,89.04,296.46,6.08,579,1088.52,1103.26,24,357,135
2024-03-12,27,1179,Grocery,North,0,0,Sunny,17.6,99.4,236.46,8.53,648,902.57,854.19,31,222,20
2024-03-13,12,1074,Toys,South,0,0,Cloudy,28.7,82.35,245.36,7.4,278,593.84,538.42,36,65,0
2024-03-14,24,1188,Furniture,North,1,0,Rainy,24.6,94.36,297.58,5.38,832,1566.74,1612.1,17,463,92
2024-03-15,20,1038,Furniture,East,0,0,Cloudy,32.3,106.04,279.3,5.54,362,493.25,469.45,46,373,37
2024-03-16,40,1148,Furniture,South,0,1,Rainy,38.7,104.41,223.32,5.6,55,330.07,347.62,16,333,121
2024-03-17,11,1064,Grocery,East,1,0,Cloudy,27.3,98.64,204.87,5.75,189,625.37,663.92,40,440,85
2024-03-18,37,1076,Sports,South,0,1,Sunny,19.8,113.56,239.77,8.69,273,699.36,750.15,16,465,193
2024-03-19,49,1023,Sports,East,1,1,Rainy,23.2,97.43,188.06,9.78,449,1851.86,1739.72,31,442,196
2024-03-20,15,1035,Toys,West,0,1,Cloudy,19.2,106.45,273.99,4.71,150,1936.26,2066.4,8,102,33
2024-03-21,7,1117,Grocery,East,1,0,Sunny,37.2,115.55,239.86,8.81,906,316.03,295.59,19,464,70
2024-03-22,37,1057,Sports,North,1,1,Cloudy,31.3,110.39,244.32,3.85,81,1542.82,1479.51,37,263,104
2024-03-23,18,1099,Sports,North,1,1,Sunny,36.0,100.91,232.5,4.97,592,662.28,679.93,38,163,58
2024-03-24,11,1008,Electronics,West,0,0,Rainy,27.6,110.64,264.93,3.35,57,851.81,804.19,34,65,0
2024-03-25,24,1042,Toys,West,1,1,Cloudy,28.5,91.43,191.41,3.55,796,1695.9,1840.79,6,218,105
2024-03-26,50,1069,Furniture,North,0,1,Sunny,18.6,108.7,234.94,8.16,597,1374.96,1477.7,43,329,120
2024-03-27,8,1148,Furniture,West,1,1,Rainy,28.3,90.08,219.77,4.83,725,1166.33,1192.54,6,156,46
2024-03-28,15,1060,Electronics,West,1,0,Rainy,24.2,86.61,229.29,7.53,971,409.41,429.14,12,173,16
2024-03-29,28,1113,Clothing,West,0,1,Cloudy,20.3,114.95,297.0,7.96,918,867.67,797.52,29,299,115
2024-03-30,22,1001,Furniture,West,1,0,Sunny,19.9,112.86,233.34,10.65,583,773.88,813.53,27,27,0
2024-03-31,45,1014,Furniture,East,1,0,Cloudy,15.1,90.49,262.76,3.98,924,1966.6,2103.36,9,79,11
2024-04-01,49,1067,Furniture,West,1,0,Cloudy,39.0,112.4,297.3,9.47,767,377.17,352.57,4,202,32
2024-04-02,38,1104,Electronics,East,1,0,Sunny,20.3,84.21,255.48,11.59,817,1920.09,1841.36,0,306,52
2024-04-03,17,1051,Sports,South,0,1,Rainy,15.6,114.24,255.08,11.56,918,531.28,542.59,12,497,205
2024-04-04,43,1045,Beauty,North,0,1,Cloudy,19.3,117.06,231.55,7.51,714,1731.64,1599.43,41,323,107
2024-04-05,31,1116,Toys,North,1,0,Sunny,17.8,113.76,290.91,11.93,292,251.97,232.15,40,187,16
2024-04-06,34,1007,Furniture,East,0,1,Rainy,18.1,102.68,286.92,3.44,967,1341.19,1469.84,7,389,157
2024-04-07,49,1097,Furniture,West,0,0,Sunny,24.2,80.86,282.65,10.04,731,112.12,103.54,46,246,42
2024-04-08,3,1043,Beauty,East,1,0,Sunny,23.2,89.27,228.87,4.58,360,1063.05,968.91,7,325,82
2024-04-09,41,1080,Electronics,West,1,1,Rainy,36.1,117.92,289.89,4.55,403,1276.71,1299.94,33,32,12
2024-04-10,6,1081,Furniture,North,0,1,Rainy,20.4,97.19,276.29,5.41,532,1874.8,1928.07,35,413,163
2024-04-11,18,1128,Beauty,North,0,0,Cloudy,32.5,107.71,221.2,7.68,42,1293.82,1302.43,40,303,37
2024-04-12,22,1086,Furniture,North,0,0,Sunny,19.2,101.07,295.64,11.26,865,634.04,617.82,35,412,49
2024-04-13,25,1069,Beauty,North,1,0,Rainy,15.2,111.73,271.26,4.33,424,1424.03,1433.55,26,385,73
2024-04-14,31,1089,Grocery,East,0,1,Sunny,12.2,112.46,215.67,4.49,906,1145.6,1042.95,5,289,118
2024-04-15,40,1149,Beauty,West,0,0,Rainy,12.9,97.42,262.09,11.49,67,1141.51,1233.46,15,219,26
2024-04-16,1,1116,Sports,South,0,0,Cloudy,23.4,91.81,189.48,4.93,152,950.72,899.49,49,432,58
2024-04-17,43,1130,Electronics,North,0,1,Sunny,18.0,104.95,205.83,3.46,833,233.34,235.7,19,404,160
2024-04-18,50,1150,Electronics,North,0,0,Sunny,28.7,88.48,218.34,9.0,329,223.61,203.34,42,385,53
2024-04-19,31,1065,Electronics,North,0,0,Cloudy,39.4,117.18,261.86,7.89,946,863.21,799.95,0,319,52
2024-04-20,25,1155,Beauty,South,0,1,Cloudy,39.2,85.47,279.01,5.89,285,1133.05,1067.12,19,398,151
2024-04-21,1,1076,Toys,East,1,1,Rainy,35.2,81.05,199.3,9.61,498,184.24,192.88,46,402,197
2024-04-22,18,1097,Grocery,North,1,1,Rainy,21.3,103.48,250.34,3.59,363,1508.84,1531.04,5,166,78
2024-04-23,43,1001,Clothing,South,1,1,Cloudy,27.1,117.95,187.29,4.45,300,720.32,699.12,14,53,25
2024-04-24,49,1020,Toys,West,1,0,Sunny,24.1,101.96,268.85,10.47,106,390.97,359.22,37,399,79
2024-04-25,4,1079,Clothing,East,1,0,Sunny,25.7,84.77,280.73,6.42,695,919.04,881.69,36,444,61
2024-04-26,21,1155,Toys,East,0,0,Rainy,21.8,102.11,281.24,7.7,921,860.75,784.6,24,396,45
2024-04-27,25,1171,Furniture,West,0,0,Sunny,21.9,92.59,222.62,9.98,631,1542.77,1392.04,23,359,57
2024-04-28,15,1129,Grocery,West,0,1,Rainy,27.3,119.61,245.57,6.45,419,1521.52,1571.97,36,440,181
2024-04-29,28,1162,Toys,South,1,0,Cloudy,36.5,80.97,191.1,3.62,363,67.35,65.7,0,268,65
2024-04-30,22,1183,Beauty,West,1,1,Cloudy,26.5,107.29,273.77,5.8,948,428.82,421.69,18,404,189
2024-05-01,46,1021,Sports,East,0,1,Sunny,19.9,95.63,195.98,8.3,998,1212.16,1160.77,9,416,160
2024-05-02,32,1193,Clothing,East,0,0,Rainy,22.2,106.22,294.91,3.77,484,1406.19,1275.38,37,369,29
2024-05-03,42,1002,Toys,North,0,1,Sunny,10.4,81.44,255.12,9.26,652,538.03,510.66,12,114,49
2024-05-04,22,1117,Electronics,West,1,0,Cloudy,36.3,91.78,260.26,8.59,334,1314.98,1343.72,19,271,65
2024-05-05,39,1045,Sports,West,1,1,Cloudy,25.5,89.08,287.35,5.05,219,482.66,443.37,41,385,163
2024-05-06,6,1152,Electronics,West,1,1,Rainy,30.3,118.38,192.36,6.66,646,588.87,591.37,13,482,207
2024-05-07,34,1170,Grocery,East,0,0,Cloudy,39.0,88.94,272.4,10.78,648,305.62,298.77,19,312,46
2024-05-08,40,1158,Grocery,East,0,1,Cloudy,26.1,98.34,262.03,9.1,140,551.52,594.02,15,306,139
2024-05-09,45,1116,Beauty,North,1,0,Sunny,30.8,118.58,234.17,5.42,731,1151.83,1107.66,24,312,53
2024-05-10,31,1020,Toys,East,1,0,Rainy,33.3,86.2,278.33,8.57,586,911.6,986.62,25,231,37
2024-05-11,43,1176,Sports,East,0,0,Rainy,28.9,106.63,210.41,11.77,680,720.77,731.16,43,155,7
2024-05-12,10,1132,Toys,West,1,0,Sunny,13.0,92.35,263.41,7.19,458,370.81,346.71,34,77,16
2024-05-13,37,1058,Furniture,West,1,0,Cloudy,34.7,107.62,186.98,3.78,549,741.5,779.89,19,175,53
2024-05-14,39,1168,Grocery,East,1,0,Sunny,26.7,91.6,232.43,7.9,172,1665.15,1712.65,13,403,65
2024-05-15,29,1053,Sports,East,0,1,Sunny,29.0,88.03,287.59,7.36,745,330.22,321.71,40,38,4
2024-05-16,50,1003,Grocery,North,0,1,Rainy,25.8,118.02,243.06,4.85,522,1916.17,1896.94,19,170,46
2024-05-17,19,1156,Electronics,South,1,0,Rainy,33.7,114.67,229.38,3.8,563,168.05,166.92,29,345,50
2024-05-18,23,1099,Grocery,East,1,0,Cloudy,19.6,90.91,272.09,10.55,70,548.53,573.54,30,293,48
2024-05-19,10,1180,Beauty,South,0,1,Cloudy,12.7,109.59,289.94,8.33,72,1883.47,1911.93,0,227,92
2024-05-20,37,1172,Sports,South,1,1,Rainy,23.2,88.26,283.14,9.26,636,1435.72,1538.6,1,162,63
2024-05-21,49,1114,Furniture,East,0,1,Cloudy,39.2,107.95,278.07,11.58,442,934.59,863.64,30,240,73
2024-05-22,43,1156,Beauty,West,1,1,Cloudy,28.7,97.27,240.66,8.65,738,422.36,460.33,28,143,59
2024-05-23,28,1063,Grocery,South,0,1,Sunny,40.0,102.51,182.86,3.66,764,623.8,629.54,38,217,66
2024-05-24,32,1030,Electronics,East,0,0,Sunny,13.8,113.18,216.92,9.92,698,1763.83,1937.26,13,37,10
2024-05-25,35,1086,Clothing,East,1,1,Sunny,25.5,94.48,219.42,5.58,144,1496.83,1517.8,21,53,33
2024-05-26,24,1182,Electronics,West,0,0,Sunny,33.7,92.97,208.35,7.96,754,921.34,846.73,6,144,15
2024-05-27,1,1146,Clothing,West,0,1,Cloudy,29.6,116.78,182.42,10.19,155,70.74,71.2,9,202,87
2024-05-28,41,1001,Clothing,East,1,1,Sunny,35.4,111.12,270.33,3.04,484,1441.85,1363.36,22,62,22
2024-05-29,10,1173,Furniture,West,0,0,Cloudy,22.5,92.92,229.84,3.99,807,620.77,565.23,22,229,11
2024-05-30,46,1044,Toys,West,0,0,Rainy,36.3,94.0,224.31,5.23,402,737.56,749.53,37,481,59
2024-05-31,44,1117,Furniture,South,0,0,Cloudy,21.6,83.24,260.49,7.61,212,1595.48,1521.59,41,244,25
2024-06-01,2,1033,Clothing,South,1,1,Cloudy,30.5,113.21,253.66,6.33,604,1569.68,1679.69,3,389,171
2024-06-02,41,1138,Toys,East,0,1,Rainy,15.1,92.45,297.53,7.69,784,1291.61,1240.18,30,51,29
2024-06-03,8,1097,Clothing,West,1,0,Rainy,32.6,97.73,224.71,10.76,987,1599.37,1592.63,49,367,40
2024-06-04,42,1171,Electronics,East,0,1,Cloudy,18.3,119.39,186.68,3.82,559,247.49,270.75,39,359,141
2024-06-05,48,1190,Clothing,North,1,0,Sunny,29.9,103.38,188.15,9.16,562,1723.7,1761.9,48,284,34
2024-06-06,31,1100,Beauty,North,1,1,Sunny,20.1,81.92,223.23,11.07,705,703.68,770.26,3,161,83
2024-06-07,26,1021,Furniture,South,1,1,Sunny,15.2,104.73,235.63,5.02,769,1474.88,1463.88,12,265,132
2024-06-08,17,1118,Sports,East,0,0,Rainy,14.3,99.94,277.22,11.6,656,1446.74,1523.27,0,105,20
2024-06-09,42,1106,Beauty,East,1,0,Cloudy,30.2,103.72,261.68,8.2,680,846.28,769.24,37,187,26
2024-06-10,29,1183,Toys,West,0,0,Cloudy,20.9,105.86,184.01,5.95,194,79.56,72.11,1,31,0
2024-06-11,41,1090,Clothing,South,0,0,Cloudy,11.5,107.63,219.84,8.87,179,799.02,776.4,18,443,44
2024-06-12,20,1062,Grocery,West,1,0,Sunny,36.3,104.18,290.63,9.17,322,196.4,212.54,17,287,71
2024-06-13,18,1061,Beauty,North,0,1,Rainy,31.7,106.19,224.1,9.57,731,1425.45,1449.14,28,489,183
2024-06-14,45,1124,Beauty,North,1,1,Rainy,13.0,104.9,266.3,8.15,589,904.84,945.19,38,153,61
2024-06-15,17,1092,Toys,East,1,1,Cloudy,22.8,105.56,270.72,5.66,317,1423.21,1484.6,27,408,187
2024-06-16,35,1010,Beauty,North,0,1,Rainy,36.1,92.24,236.11,3.7,820,292.75,297.6,13,276,107
2024-06-17,35,1061,Clothing,East,1,1,Sunny,39.4,105.54,263.35,10.0,556,1838.4,1861.24,4,183,84
2024-06-18,1,1053,Furniture,East,1,1,Sunny,32.5,116.37,211.99,6.33,236,246.78,240.08,27,243,94
2024-06-19,50,1038,Grocery,West,1,0,Cloudy,24.7,107.6,183.33,7.88,596,1999.17,2169.34,1,364,77
2024-06-20,21,1128,Toys,East,1,0,Sunny,39.6,91.48,201.05,3.2,844,1319.71,1246.26,39,293,23
2024-06-21,45,1179,Grocery,South,0,1,Rainy,13.8,112.08,287.26,5.18,798,1566.06,1687.68,31,478,185
2024-06-22,29,1149,Beauty,East,0,0,Cloudy,10.3,119.42,218.86,9.47,980,96.63,87.7,19,426,53
2024-06-23,10,1096,Clothing,North,0,0,Cloudy,17.2,107.35,200.46,11.86,193,122.98,134.08,18,194,13
2024-06-24,39,1026,Electronics,South,1,1,Cloudy,28.9,104.76,224.2,10.33,939,457.7,490.57,24,333,138
2024-06-25,40,1007,Furniture,West,0,0,Sunny,36.9,106.38,248.96,11.58,567,1922.37,1889.58,8,379,57
2024-06-26,29,1177,Toys,South,0,0,Sunny,10.9,82.89,274.83,7.25,239,970.34,919.06,39,160,13
2024-06-27,11,1027,Sports,South,0,1,Sunny,36.7,92.75,272.19,4.58,788,89.9,94.94,35,114,43
2024-06-28,9,1118,Electronics,North,0,1,Cloudy,20.1,90.68,260.08,8.3,292,264.66,275.35,36,285,104
2024-06-29,30,1160,Electronics,East,0,0,Rainy,17.4,117.7,205.8,5.35,612,878.24,866.92,1,383,65
2024-06-30,35,1125,Clothing,West,1,0,Rainy,39.3,97.28,187.88,3.13,125,680.48,720.8,14,331,83
2024-07-01,49,1153,Sports,South,1,0,Cloudy,29.9,115.42,244.87,4.1,431,1698.78,1586.92,41,167,29
2024-07-02,49,1190,Clothing,West,1,0,Sunny,11.9,108.34,250.3,10.24,383,377.97,363.36,12,378,75
2024-07-03,18,1180,Sports,South,1,1,Rainy,19.2,114.41,205.57,4.55,834,1019.07,952.34,46,111,44
2024-07-04,7,1048,Beauty,South,1,0,Sunny,14.0,100.25,261.11,11.5,960,1984.15,2021.75,37,34,8
2024-07-05,17,1116,Toys,South,0,1,Sunny,35.4,86.96,262.99,5.07,302,1491.02,1503.92,11,345,141
2024-07-06,40,1198,Sports,West,1,0,Cloudy,18.3,111.56,250.91,4.49,391,54.59,51.38,0,441,79
2024-07-07,16,1144,Grocery,North,1,0,Sunny,14.4,94.28,273.82,9.17,518,1882.45,1846.23,0,261,60
2024-07-08,37,1185,Furniture,East,1,0,Sunny,19.1,86.62,191.55,5.01,541,1247.62,1197.01,36,316,51
2024-07-09,32,1008,Grocery,West,1,1,Rainy,24.7,104.59,191.51,5.61,85,1297.72,1266.52,18,347,163
2024-07-10,4,1066,Clothing,North,0,1,Sunny,18.9,94.05,243.37,8.55,196,1406.23,1373.86,50,97,28
2024-07-11,15,1039,Clothing,North,1,1,Sunny,21.8,116.69,291.97,5.6,454,650.18,612.94,30,453,186
2024-07-12,6,1186,Furniture,South,1,1,Cloudy,25.8,113.86,229.02,10.26,816,936.59,853.81,31,21,2
2024-07-13,15,1014,Furniture,West,0,1,Rainy,36.8,99.79,242.5,10.13,320,1593.0,1460.32,7,466,200
2024-07-14,46,1006,Sports,South,0,1,Sunny,16.1,112.75,208.58,5.21,352,909.71,914.12,11,211,84
2024-07-15,41,1188,Grocery,West,0,1,Rainy,26.8,114.71,215.4,8.18,167,812.9,768.11,40,27,0
2024-07-16,1,1032,Sports,North,0,1,Sunny,26.8,99.63,274.08,8.69,551,188.12,193.68,1,406,159
2024-07-17,19,1039,Clothing,South,0,1,Sunny,17.9,102.38,287.99,9.75,655,1632.98,1555.42,39,465,171
2024-07-18,47,1031,Toys,East,1,1,Cloudy,19.2,101.01,289.16,3.81,513,1908.73,1993.35,50,388,155
2024-07-19,13,1132,Electronics,East,0,1,Sunny,39.7,82.0,217.56,9.06,658,1622.6,1666.59,8,89,33
2024-07-20,15,1109,Electronics,West,0,1,Rainy,33.5,92.99,224.54,6.79,760,1819.08,1700.21,4,71,30
2024-07-21,11,1165,Electronics,South,1,1,Cloudy,12.5,82.41,215.36,9.56,28,1232.88,1226.98,18,362,136
2024-07-22,24,1020,Beauty,East,1,0,Rainy,36.8,90.77,196.94,11.01,340,1045.98,1086.55,38,76,16
2024-07-23,5,1082,Toys,South,1,1,Rainy,35.8,89.46,285.17,8.97,197,1589.26,1604.45,15,486,224
2024-07-24,41,1077,Electronics,South,0,1,Cloudy,17.2,96.98,291.68,3.08,152,536.25,490.45,50,343,124
2024-07-25,6,1114,Clothing,East,0,0,Sunny,18.2,89.7,293.09,10.06,386,1097.49,1105.98,18,298,26
2024-07-26,14,1045,Electronics,South,1,1,Cloudy,19.3,96.52,252.1,6.54,24,232.61,246.64,12,373,187
2024-07-27,29,1084,Electronics,North,1,1,Cloudy,17.4,96.45,208.72,9.53,200,1587.44,1554.27,49,190,63
2024-07-28,43,1168,Grocery,South,1,0,Cloudy,11.7,101.77,235.16,11.19,800,526.13,576.5,8,280,59
2024-07-29,31,1023,Beauty,West,0,1,Sunny,38.0,104.87,249.91,3.59,529,219.81,210.27,16,500,196
2024-07-30,20,1167,Sports,East,1,0,Cloudy,21.1,119.96,288.24,3.14,718,1622.9,1663.79,46,234,50
2024-07-31,50,1104,Beauty,South,1,1,Sunny,11.6,95.3,197.49,11.85,220,1804.76,1763.83,6,448,178
2024-08-01,16,1004,Toys,West,1,1,Rainy,26.8,119.56,236.86,4.34,312,378.94,401.2,22,133,52
2024-08-02,50,1187,Toys,West,0,0,Cloudy,24.5,82.19,193.88,6.59,490,1606.03,1636.47,45,201,26
2024-08-03,7,1049,Grocery,South,1,1,Sunny,28.6,109.94,219.16,10.6,738,1933.45,1774.91,39,394,175
2024-08-04,49,1154,Toys,North,0,1,Sunny,20.6,115.51,188.47,3.61,454,1365.5,1240.14,49,385,148
2024-08-05,27,1066,Furniture,North,1,0,Sunny,13.8,89.85,297.09,6.24,758,700.27,688.08,38,363,64
2024-08-06,18,1159,Sports,North,0,0,Sunny,18.1,90.88,225.72,7.9,223,1075.57,1121.76,3,479,74
2024-08-07,21,1147,Electronics,South,0,1,Sunny,24.3,80.85,185.7,3.39,567,1232.0,1139.14,4,123,42
2024-08-08,43,1039,Furniture,East,1,0,Rainy,29.8,82.94,270.38,6.63,167,689.29,721.73,3,165,23
2024-08-09,13,1162,Beauty,West,1,0,Sunny,29.2,89.99,292.08,3.33,384,1447.14,1353.22,14,171,40
2024-08-10,29,1199,Beauty,North,1,1,Sunny,26.3,108.16,255.92,11.73,379,1526.87,1519.69,47,114,36
2024-08-11,3,1191,Toys,North,1,0,Cloudy,26.7,96.83,195.51,11.25,749,1232.22,1167.57,41,170,14
2024-08-12,16,1160,Toys,East,0,1,Sunny,24.1,95.24,226.43,10.64,983,1540.82,1417.33,12,261,102
2024-08-13,34,1078,Grocery,South,1,0,Sunny,16.4,119.17,248.23,7.85,106,558.13,520.89,4,350,84
2024-08-14,23,1042,Toys,West,1,0,Cloudy,29.2,118.84,290.14,9.34,738,167.79,168.81,35,246,30
2024-08-15,1,1050,Grocery,West,0,1,Sunny,22.3,85.82,267.04,6.18,975,1223.4,1324.97,39,242,91
2024-08-16,7,1067,Electronics,East,1,0,Sunny,21.5,114.16,241.94,3.92,197,502.42,471.99,22,236,42
2024-08-17,43,1164,Grocery,North,1,1,Cloudy,14.5,80.29,206.89,7.48,439,1750.11,1691.39,20,23,0
2024-08-18,28,1103,Clothing,South,1,1,Sunny,29.4,96.96,255.61,4.25,101,710.78,679.05,35,191,69
2024-08-19,15,1014,Clothing,North,1,0,Sunny,32.7,97.82,185.9,4.81,912,1269.67,1360.95,44,108,16
2024-08-20,31,1179,Electronics,South,0,1,Rainy,35.8,98.65,200.74,10.54,802,388.85,425.81,1,329,135
2024-08-21,41,1104,Beauty,North,1,1,Cloudy,15.7,112.33,253.89,6.59,207,1940.1,1750.83,15,303,146
2024-08-22,42,1036,Furniture,West,0,0,Cloudy,25.0,113.92,274.78,5.04,615,1980.41,1907.23,8,40,0
2024-08-23,24,1119,Grocery,West,1,1,Rainy,34.1,94.09,196.59,7.06,195,1660.47,1548.11,14,44,10
2024-08-24,23,1144,Electronics,North,1,1,Cloudy,15.5,115.3,220.45,11.86,293,968.86,970.3,35,75,3
2024-08-25,36,1066,Furniture,East,0,1,Cloudy,31.8,100.32,276.19,7.08,187,1662.97,1638.63,23,352,144
2024-08-26,17,1157,Grocery,West,0,0,Cloudy,38.9,86.41,287.53,3.07,815,1189.51,1235.44,33,485,67
2024-08-27,46,1182,Clothing,East,1,1,Sunny,17.9,84.32,228.21,8.34,519,889.77,894.55,13,42,14
2024-08-28,40,1091,Beauty,East,0,0,Cloudy,37.0,102.77,234.38,11.49,51,1911.23,1949.1,21,272,42
2024-08-29,35,1075,Toys,South,0,1,Sunny,35.4,109.13,221.74,4.75,392,1803.84,1897.48,38,332,123
2024-08-30,41,1171,Toys,North,0,1,Rainy,36.1,93.98,232.68,9.37,745,961.53,1042.18,41,102,28
2024-08-31,38,1069,Grocery,South,0,1,Rainy,33.7,81.73,264.17,11.48,63,290.86,314.74,17,427,162
2024-09-01,46,1074,Sports,East,0,1,Sunny,29.6,96.51,237.55,11.64,245,585.48,532.03,12,476,182
2024-09-02,22,1075,Clothing,East,0,1,Rainy,35.4,93.75,279.19,9.99,309,1345.48,1343.4,25,313,118
2024-09-03,20,1090,Beauty,East,1,0,Sunny,17.9,112.07,216.59,11.47,690,1215.66,1096.9,25,21,0
2024-09-04,4,1191,Electronics,South,0,1,Cloudy,20.3,114.99,211.92,6.7,913,423.5,427.68,31,24,0
2024-09-05,19,1172,Clothing,South,1,1,Cloudy,25.9,111.34,214.46,10.18,984,1588.66,1729.48,42,144,61
2024-09-06,19,1138,Beauty,North,1,1,Sunny,34.6,82.16,233.62,10.0,947,676.83,734.1,15,35,18
2024-09-07,26,1012,Toys,South,1,0,Cloudy,28.6,90.92,268.55,3.34,507,328.38,334.18,26,498,99
2024-09-08,36,1177,Clothing,East,0,0,Sunny,37.4,81.93,182.4,7.95,177,818.42,755.58,15,198,21
2024-09-09,12,1128,Furniture,West,1,1,Rainy,22.1,88.85,255.39,3.61,514,1658.46,1721.7,33,67,16
2024-09-10,10,1151,Beauty,West,0,0,Cloudy,20.0,110.76,251.97,8.56,306,66.85,68.86,1,224,33
2024-09-11,24,1116,Toys,East,0,0,Cloudy,27.3,91.29,291.78,9.31,140,404.23,440.79,3,95,20
2024-09-12,24,1071,Toys,East,1,1,Sunny,32.8,98.12,244.17,10.31,726,1301.79,1272.6,6,322,161
2024-09-13,47,1126,Electronics,East,0,1,Rainy,27.4,90.32,209.65,5.06,116,1955.46,1836.81,49,90,14
2024-09-14,10,1028,Clothing,North,1,1,Sunny,17.3,103.31,258.55,5.74,838,1682.4,1549.01,9,49,0
2024-09-15,2,1085,Toys,North,1,1,Sunny,26.7,104.54,268.89,5.25,520,1178.93,1274.41,20,185,64
2024-09-16,24,1144,Clothing,West,0,0,Sunny,21.7,88.89,292.73,10.15,730,226.38,245.97,23,263,41
2024-09-17,1,1099,Clothing,West,0,0,Sunny,29.8,97.17,289.49,7.53,62,823.23,779.25,40,490,57
2024-09-18,45,1177,Furniture,West,0,0,Rainy,39.6,112.88,195.55,7.74,529,1959.73,1830.85,39,307,21
2024-09-19,45,1073,Sports,East,1,0,Rainy,16.8,93.44,209.2,6.8,277,1326.03,1457.64,21,427,63
2024-09-20,23,1105,Furniture,South,1,0,Cloudy,23.6,110.26,286.34,11.28,278,565.31,516.0,4,119,23
2024-09-21,40,1190,Furniture,South,1,0,Sunny,30.2,105.08,224.26,9.14,288,298.6,272.78,14,344,40
2024-09-22,3,1200,Toys,North,1,1,Rainy,11.0,89.82,230.12,9.04,65,1274.37,1272.94,12,436,173
2024-09-23,20,1195,Beauty,West,1,1,Sunny,31.5,119.72,202.67,7.56,455,1801.13,1946.74,12,449,188
2024-09-24,2,1106,Grocery,North,1,0,Cloudy,38.5,103.12,195.48,4.06,827,255.13,258.83,15,425,84
2024-09-25,37,1030,Clothing,West,1,0,Rainy,30.6,116.65,278.82,6.59,747,447.35,477.4,35,26,0
2024-09-26,24,1172,Grocery,East,1,0,Sunny,16.0,92.51,272.67,11.7,170,1098.91,1122.66,19,443,83
2024-09-27,15,1114,Toys,West,0,1,Rainy,31.1,86.78,265.76,8.88,815,1941.03,2082.85,12,98,14
2024-09-28,49,1187,Grocery,South,0,1,Cloudy,24.5,119.61,270.35,9.8,432,1241.86,1286.91,3,105,46
2024-09-29,32,1069,Beauty,East,1,0,Rainy,17.4,102.56,282.15,10.31,732,912.51,989.53,27,130,4
2024-09-30,45,1124,Grocery,North,0,0,Cloudy,12.4,94.57,272.73,11.05,876,793.92,830.23,50,27,0
2024-10-01,26,1101,Grocery,South,0,1,Sunny,16.9,110.69,235.72,6.34,288,1275.19,1159.61,5,455,193
2024-10-02,35,1033,Clothing,South,0,0,Rainy,33.3,119.14,241.33,11.62,143,689.8,729.47,12,491,64
2024-10-03,17,1080,Beauty,South,0,1,Cloudy,16.6,115.99,212.45,5.33,514,699.72,741.79,38,36,0
2024-10-04,49,1052,Sports,East,1,1,Rainy,37.3,82.73,201.27,5.72,901,1326.3,1333.89,36,20,17
2024-10-05,7,1075,Grocery,East,1,0,Rainy,39.7,106.41,248.48,5.75,675,614.69,619.1,7,92,30
2024-10-06,2,1079,Grocery,North,0,0,Rainy,21.2,106.49,242.35,6.24,261,1842.13,1900.81,29,354,51
2024-10-07,26,1030,Sports,North,0,1,Cloudy,14.2,104.17,271.9,4.93,207,489.56,530.21,6,41,13
2024-10-08,14,1172,Beauty,North,0,0,Cloudy,35.9,94.43,196.77,9.95,443,753.4,703.84,20,51,0
2024-10-09,32,1064,Toys,East,0,1,Cloudy,34.8,98.07,204.43,10.29,100,374.39,393.79,8,317,122
2024-10-10,10,1045,Sports,East,1,1,Rainy,21.1,105.53,193.23,6.32,612,933.36,995.25,35,198,78
2024-10-11,26,1056,Furniture,West,1,1,Cloudy,32.2,91.49,189.73,4.86,823,487.07,522.46,12,284,124
2024-10-12,7,1175,Grocery,North,0,0,Sunny,23.8,108.19,274.02,11.37,954,1577.58,1467.15,48,42,0
2024-10-13,21,1022,Clothing,East,0,0,Cloudy,27.5,84.65,249.37,4.36,748,1589.86,1440.38,49,314,33
2024-10-14,4,1121,Toys,South,1,1,Sunny,22.3,113.57,229.25,6.15,524,813.7,882.56,43,115,51
2024-10-15,1,1113,Clothing,North,0,0,Rainy,35.6,112.03,221.83,4.32,577,281.83,299.58,16,213,40
2024-10-16,37,1126,Sports,East,1,1,Rainy,17.6,100.3,208.35,5.3,468,1600.36,1444.57,22,318,143
2024-10-17,46,1117,Grocery,North,0,0,Rainy,18.8,104.93,196.41,6.95,106,1687.1,1562.48,47,377,50
2024-10-18,13,1108,Beauty,North,0,1,Cloudy,35.4,82.83,273.5,10.35,676,1959.16,2112.36,6,87,35
2024-10-19,23,1169,Furniture,West,0,0,Sunny,24.2,119.87,188.18,9.99,304,669.74,698.01,18,435,66
2024-10-20,42,1007,Clothing,South,0,1,Sunny,30.9,94.46,181.08,10.17,529,822.0,894.33,11,403,154
2024-10-21,18,1064,Beauty,West,0,0,Sunny,32.9,99.08,187.62,4.18,458,1153.9,1197.85,14,140,4
2024-10-22,44,1109,Beauty,North,1,0,Sunny,24.9,82.28,216.76,6.4,740,311.91,338.24,11,318,56
2024-10-23,38,1044,Sports,West,0,1,Sunny,31.3,86.14,274.52,5.12,641,1758.18,1826.46,2,164,67
2024-10-24,16,1020,Sports,North,0,0,Cloudy,33.0,84.94,266.26,5.81,456,1286.18,1395.86,28,450,69
2024-10-25,21,1189,Sports,South,1,1,Rainy,12.0,101.27,289.9,3.74,777,582.11,600.28,45,438,168
2024-10-26,18,1077,Sports,West,0,1,Sunny,38.6,119.89,289.51,10.56,667,330.36,346.4,45,303,100
2024-10-27,16,1058,Furniture,East,1,0,Rainy,20.6,82.55,229.71,9.96,73,1690.21,1846.98,24,95,4
2024-10-28,21,1056,Beauty,South,0,0,Rainy,23.7,114.14,197.27,10.34,455,1200.7,1249.77,12,300,35
2024-10-29,27,1120,Grocery,East,1,1,Rainy,13.8,85.85,196.83,3.63,256,173.42,166.63,33,380,173
2024-10-30,3,1069,Sports,South,1,0,Rainy,34.2,115.84,216.24,4.19,129,1697.96,1620.58,14,140,9
2024-10-31,7,1167,Toys,North,0,0,Cloudy,29.9,102.7,278.58,5.8,702,1355.12,1360.35,11,21,0
2024-11-01,4,1001,Beauty,South,0,0,Cloudy,14.4,96.19,282.67,10.68,832,699.75,654.15,14,79,9
2024-11-02,9,1148,Beauty,North,0,0,Rainy,35.5,106.34,226.41,5.92,555,218.82,222.74,40,209,16
2024-11-03,37,1157,Grocery,East,0,1,Sunny,25.5,116.72,193.66,5.97,947,1544.74,1422.97,49,92,20
2024-11-04,7,1010,Beauty,East,1,1,Cloudy,24.7,89.55,223.05,10.69,557,1625.77,1550.39,24,207,80
2024-11-05,46,1171,Furniture,East,0,0,Cloudy,28.4,116.36,262.88,7.24,890,1092.86,1010.25,7,316,39
2024-11-06,48,1014,Furniture,West,1,0,Sunny,39.7,83.6,282.39,10.04,906,1802.11,1900.74,48,291,46
2024-11-07,35,1151,Clothing,South,0,0,Cloudy,12.3,92.12,275.36,11.16,985,452.58,441.22,35,329,27
2024-11-08,10,1078,Furniture,West,0,0,Cloudy,31.9,116.46,231.6,5.09,260,658.57,627.91,13,496,82
2024-11-09,36,1090,Clothing,South,0,1,Rainy,34.9,86.03,205.28,6.92,390,864.53,836.84,45,128,37
2024-11-10,45,1002,Furniture,South,1,0,Rainy,28.0,87.19,267.14,11.45,536,1956.8,1780.35,47,48,0
2024-11-11,26,1034,Furniture,East,0,1,Rainy,32.1,117.88,274.86,7.38,601,1004.03,1046.77,39,419,159
2024-11-12,24,1052,Clothing,South,0,1,Sunny,27.6,111.44,202.14,5.55,433,324.72,347.57,9,275,102
2024-11-13,31,1161,Sports,East,1,0,Rainy,10.0,119.24,252.46,4.57,819,878.69,952.9,40,52,0
2024-11-14,28,1134,Electronics,West,1,0,Sunny,25.8,82.6,203.96,8.06,219,1652.77,1498.37,24,446,80
2024-11-15,44,1001,Grocery,West,1,0,Cloudy,22.4,96.44,222.19,9.49,177,316.52,287.56,32,367,73
2024-11-16,38,1198,Toys,East,1,1,Cloudy,18.6,97.14,281.36,9.07,720,873.07,830.26,26,244,118
2024-11-17,12,1185,Grocery,South,1,1,Cloudy,28.4,119.0,293.37,4.64,545,62.02,57.34,4,484,219
2024-11-18,36,1196,Beauty,North,0,0,Rainy,21.7,84.28,211.67,3.49,433,1707.03,1807.53,6,422,57
2024-11-19,13,1173,Electronics,South,1,1,Cloudy,36.4,113.13,234.7,4.91,578,470.24,454.66,9,485,203
2024-11-20,27,1003,Beauty,South,0,1,Sunny,37.8,111.98,243.34,5.06,140,685.65,730.78,19,433,160
2024-11-21,43,1168,Beauty,East,1,1,Rainy,31.1,95.29,224.83,10.95,838,1402.15,1468.02,0,66,36
2024-11-22,47,1055,Sports,South,1,1,Sunny,29.0,118.27,288.81,7.59,977,1398.1,1436.76,45,59,9
2024-11-23,9,1106,Sports,North,1,1,Sunny,10.3,91.43,182.86,3.33,370,196.01,203.5,5,327,153
2024-11-24,9,1142,Clothing,West,0,1,Cloudy,38.5,86.58,234.92,10.85,766,708.4,709.99,23,38,10
2024-11-25,26,1014,Beauty,East,0,0,Sunny,11.9,107.78,271.81,3.91,661,678.87,636.11,42,437,66
2024-11-26,50,1076,Clothing,North,1,0,Rainy,31.5,118.2,291.35,6.23,538,1763.01,1716.05,5,131,14
2024-11-27,27,1090,Furniture,West,1,1,Rainy,22.3,117.15,277.13,11.52,948,754.52,725.21,33,419,167
2024-11-28,7,1138,Clothing,West,0,1,Rainy,18.4,109.64,214.05,3.71,417,204.29,203.42,24,92,20
2024-11-29,3,1121,Sports,East,0,0,Sunny,10.1,117.75,281.34,4.38,632,943.81,933.6,4,164,23
2024-11-30,43,1024,Toys,West,0,1,Cloudy,26.1,83.69,202.35,3.94,595,1101.85,1011.07,33,372,133
2024-12-01,24,1172,Toys,South,0,1,Sunny,32.3,99.15,238.99,9.3,932,551.55,578.54,0,201,84
2024-12-02,9,1038,Furniture,East,1,0,Sunny,21.4,118.45,281.65,3.72,529,537.04,581.41,5,119,26
2024-12-03,35,1033,Furniture,West,0,1,Sunny,30.2,108.83,196.69,10.79,215,1592.07,1624.35,48,438,165
2024-12-04,43,1139,Sports,North,1,1,Sunny,34.7,92.53,210.22,4.21,872,1542.08,1612.54,26,338,151
2024-12-05,10,1130,Beauty,South,0,1,Sunny,24.6,87.41,278.54,9.46,110,577.56,559.71,43,175,76
2024-12-06,46,1023,Grocery,South,0,0,Cloudy,10.3,83.53,232.78,8.62,787,743.11,798.65,45,121,4
2024-12-07,6,1107,Electronics,East,1,1,Cloudy,23.7,96.05,218.04,7.19,610,1973.27,2067.95,30,296,125
2024-12-08,5,1134,Toys,West,0,1,Sunny,37.1,95.92,212.09,7.98,180,755.34,752.67,40,447,170
2024-12-09,43,1096,Electronics,East,1,1,Sunny,30.6,106.61,277.09,7.23,701,1500.86,1578.76,28,255,115
2024-12-10,46,1135,Electronics,West,0,0,Rainy,39.5,114.63,194.31,9.98,81,1617.04,1475.59,0,430,57
2024-12-11,48,1039,Toys,East,1,1,Rainy,11.8,88.31,182.37,4.49,931,1265.28,1343.18,38,369,150
2024-12-12,35,1067,Toys,West,0,1,Rainy,16.7,84.52,203.15,7.02,242,1577.9,1482.19,47,441,165
2024-12-13,43,1053,Electronics,East,1,1,Sunny,16.9,95.16,267.2,6.38,389,1466.04,1400.28,22,70,27
2024-12-14,38,1159,Sports,South,0,0,Sunny,10.7,114.46,289.66,11.46,821,677.47,674.15,25,378,34
2024-12-15,22,1007,Grocery,South,1,1,Cloudy,38.5,105.65,277.76,4.44,532,955.53,889.61,24,387,161
2024-12-16,21,1090,Clothing,East,1,0,Rainy,24.4,115.37,241.89,4.33,930,1031.8,962.47,40,297,48
2024-12-17,37,1096,Furniture,South,0,0,Rainy,14.6,85.5,212.71,10.96,634,227.88,208.05,14,231,23
2024-12-18,15,1126,Furniture,East,0,0,Sunny,18.1,97.8,299.31,3.37,870,1116.71,1019.48,17,478,50
2024-12-19,47,1056,Furniture,East,0,0,Sunny,20.7,108.73,252.04,10.26,584,1183.76,1217.78,38,241,11
2024-12-20,25,1063,Furniture,South,1,0,Rainy,30.5,83.13,295.84,6.5,43,1399.75,1260.5,16,108,21
2024-12-21,44,1149,Grocery,West,0,0,Sunny,10.5,87.04,236.18,11.16,281,393.41,407.32,24,339,39
2024-12-22,37,1006,Electronics,North,0,0,Rainy,38.0,116.92,275.14,8.73,410,994.22,993.57,43,432,56
2024-12-23,33,1120,Grocery,East,1,1,Sunny,35.1,91.58,246.03,7.98,875,1305.68,1240.27,10,425,202
2024-12-24,37,1012,Beauty,North,1,1,Rainy,24.3,107.97,198.75,7.83,448,371.55,339.53,40,30,16
2024-12-25,34,1189,Grocery,North,0,1,Sunny,36.7,81.79,255.13,5.87,737,1474.58,1579.69,12,447,175
2024-12-26,17,1186,Grocery,South,0,0,Rainy,35.2,117.79,200.06,3.94,686,80.2,73.19,9,131,11
2024-12-27,43,1187,Electronics,South,1,1,Cloudy,26.3,82.49,278.77,11.28,994,502.48,526.91,41,457,193
2024-12-28,14,1141,Sports,South,0,0,Sunny,23.4,103.44,267.58,9.18,988,1878.43,1926.61,49,244,19
2024-12-29,14,1050,Sports,South,1,1,Cloudy,14.7,108.58,245.18,10.88,191,1440.3,1492.63,0,396,173
2024-12-30,2,1180,Grocery,North,1,0,Rainy,38.6,101.69,276.35,7.09,41,709.5,764.9,18,266,48
2023-01-01,2,1142,Grocery,West,1,1,Sunny,32.2,110.22,216.8,5.21,744,1679.09,1760.63,40,49,11
2023-01-02,31,1112,Grocery,East,1,1,Cloudy,35.4,103.56,238.75,6.79,503,608.18,560.84,20,275,113
2023-01-03,7,1019,Beauty,South,1,0,Cloudy,25.5,98.09,184.88,8.3,826,1313.54,1332.88,6,280,49
2023-01-04,26,1065,Furniture,North,1,0,Rainy,13.4,81.55,266.44,10.34,928,156.73,155.57,4,362,76
2023-01-05,10,1144,Sports,East,0,0,Cloudy,29.2,101.86,299.22,7.33,804,1834.73,1689.07,30,427,56
2023-01-06,18,1177,Grocery,North,1,1,Sunny,14.2,99.54,218.82,4.18,103,1736.23,1649.02,32,476,198
2023-01-07,49,1093,Electronics,South,1,0,Rainy,35.8,107.36,255.94,6.87,824,1564.46,1658.99,45,466,78
2023-01-08,37,1065,Sports,North,1,1,Rainy,17.5,101.77,215.11,10.11,504,1654.64,1569.42,22,137,65
2023-01-09,10,1006,Grocery,West,0,1,Cloudy,25.5,84.93,230.94,11.51,421,1244.84,1214.66,16,372,153
2023-01-10,9,1142,Toys,East,0,0,Sunny,16.7,115.96,198.27,7.84,974,1819.35,1707.76,15,193,34
2023-01-11,33,1026,Furniture,East,0,0,Cloudy,28.1,102.91,198.16,4.6,650,1160.78,1154.67,8,151,31
2023-01-12,1,1010,Clothing,North,1,1,Cloudy,28.7,103.84,229.9,7.09,639,1119.67,1196.29,30,36,0
2023-01-13,16,1113,Clothing,North,0,1,Sunny,33.6,115.33,230.99,9.23,162,1984.67,2132.04,24,410,164
2023-01-14,5,1097,Sports,South,0,0,Rainy,16.5,115.54,197.18,6.13,977,509.14,484.18,46,35,0
2023-01-15,30,1051,Furniture,South,1,1,Rainy,27.6,107.06,212.34,7.51,443,528.77,573.14,1,194,70
2023-01-16,26,1131,Sports,North,1,1,Cloudy,21.7,96.71,293.91,3.74,471,1569.06,1626.45,20,447,184
2023-01-17,7,1082,Furniture,West,1,0,Rainy,20.4,115.0,227.19,9.57,844,1912.89,1969.57,40,55,0
2023-01-18,35,1040,Sports,South,1,1,Cloudy,37.8,107.4,284.41,10.46,137,211.04,204.76,46,33,7
2023-01-19,7,1130,Electronics,North,1,0,Sunny,33.3,99.44,198.52,10.79,560,660.91,709.47,16,495,90
2023-01-20,42,1088,Beauty,South,1,0,Sunny,36.0,106.58,250.66,10.76,99,51.46,55.5,33,330,67
2023-01-21,2,1013,Sports,South,0,1,Rainy,19.4,104.14,242.63,4.67,273,1327.62,1261.1,2,402,176
2023-01-22,10,1088,Grocery,West,1,1,Rainy,18.0,100.15,233.99,7.43,594,485.46,530.34,1,170,90
2023-01-23,46,1154,Grocery,North,1,1,Sunny,36.8,117.64,197.28,6.06,566,1777.61,1624.36,23,43,15
2023-01-24,7,1182,Beauty,West,0,0,Cloudy,12.5,115.59,291.38,6.46,686,929.89,995.02,21,133,18
2023-01-25,45,1068,Clothing,West,1,1,Sunny,28.7,88.36,190.08,4.67,411,1753.62,1855.95,46,62,12
2023-01-26,15,1136,Toys,South,0,0,Cloudy,35.8,101.99,202.53,11.59,967,290.5,263.64,46,489,68
2023-01-27,33,1019,Toys,West,0,0,Sunny,11.2,112.45,245.21,5.9,485,769.79,768.24,8,246,9
2023-01-28,48,1073,Toys,West,1,0,Sunny,39.3,99.11,238.41,11.59,334,985.5,1029.66,31,73,21
2023-01-29,5,1171,Sports,South,0,0,Rainy,28.1,105.36,276.95,5.71,639,261.59,252.81,36,406,61
2023-01-30,8,1018,Furniture,North,0,1,Rainy,21.5,106.54,205.96,11.12,117,1700.35,1679.52,0,107,45
2023-01-31,12,1026,Grocery,East,0,1,Rainy,19.1,97.26,215.48,4.81,274,1278.24,1399.94,37,338,117
2023-02-01,30,1137,Beauty,South,0,0,Cloudy,35.7,85.09,289.62,10.25,780,637.36,700.32,6,403,65
2023-02-02,35,1099,Clothing,West,0,1,Cloudy,34.0,82.28,272.67,5.62,954,867.51,804.75,12,36,0
2023-02-03,10,1001,Furniture,East,1,1,Sunny,24.1,105.33,233.88,4.28,547,1073.23,1057.82,45,130,52
2023-02-04,20,1085,Beauty,East,1,1,Cloudy,37.8,83.9,236.99,8.45,458,1373.24,1497.0,7,118,37
2023-02-05,2,1113,Sports,West,1,0,Sunny,26.7,105.4,276.4,10.09,897,1814.32,1922.33,22,77,0
2023-02-06,1,1139,Sports,South,0,0,Rainy,38.5,112.83,195.02,9.96,180,1720.5,1800.59,2,347,36
2023-02-07,27,1056,Beauty,North,1,1,Rainy,19.0,113.38,206.5,6.61,91,1330.86,1224.2,27,49,0
2023-02-08,12,1027,Beauty,West,0,1,Sunny,38.5,104.39,243.03,8.57,541,978.38,911.99,21,385,143
2023-02-09,33,1092,Clothing,West,0,1,Rainy,24.6,115.61,226.25,4.14,209,606.84,555.62,35,167,55
2023-02-10,21,1013,Clothing,South,1,0,Rainy,37.5,117.38,194.59,11.97,503,1630.3,1545.58,17,177,33
2023-02-11,34,1190,Clothing,North,1,1,Rainy,12.4,115.66,253.48,3.24,308,883.78,807.04,32,152,50
2023-02-12,18,1178,Furniture,North,0,1,Sunny,19.6,96.21,288.95,11.15,633,1085.66,1193.1,6,113,62
2023-02-13,28,1141,Clothing,West,0,1,Sunny,30.1,112.95,244.38,3.92,219,262.12,245.01,26,366,134
2023-02-14,1,1192,Toys,South,0,0,Cloudy,10.9,82.82,275.98,8.01,334,229.62,227.44,34,216,30
2023-02-15,8,1046,Electronics,South,0,0,Cloudy,22.3,89.58,289.19,8.98,455,921.41,830.96,2,460,91
2023-02-16,50,1057,Clothing,West,0,1,Cloudy,31.5,81.35,196.89,6.49,742,928.17,1002.73,31,42,18
2023-02-17,42,1050,Electronics,East,1,0,Sunny,23.7,99.18,269.4,6.61,751,911.58,949.63,33,117,23
2023-02-18,40,1102,Clothing,West,0,1,Cloudy,18.8,107.6,257.2,7.48,716,1935.23,1977.5,14,329,132
2023-02-19,46,1147,Electronics,North,1,0,Rainy,27.2,96.04,219.88,5.45,33,1276.25,1379.14,29,486,107
2023-02-20,2,1018,Beauty,West,1,1,Cloudy,32.4,102.21,221.4,10.63,456,1002.56,948.82,4,75,7
2023-02-21,27,1161,Toys,East,1,1,Cloudy,21.6,108.06,277.95,4.24,172,128.41,117.87,35,138,32
2023-02-22,27,1198,Grocery,West,0,0,Rainy,15.6,99.72,258.69,11.86,904,638.29,616.28,36,344,46
2023-02-23,18,1135,Grocery,North,0,0,Sunny,16.6,89.49,271.47,9.97,161,1904.41,1913.13,20,344,46
2023-02-24,16,1070,Beauty,South,1,1,Rainy,21.1,84.6,283.87,9.05,553,1286.61,1182.86,39,75,0
2023-02-25,43,1019,Beauty,South,1,1,Rainy,12.4,88.45,259.39,3.02,62,529.67,489.65,23,151,72
2023-02-26,34,1188,Sports,East,0,1,Rainy,19.4,82.74,245.22,9.28,330,1517.98,1622.88,22,74,0
2023-02-27,40,1194,Toys,East,1,1,Sunny,26.4,99.06,183.97,6.0,899,1212.58,1281.92,31,432,194
2023-02-28,4,1052,Electronics,East,1,0,Cloudy,38.0,95.05,292.56,7.91,364,1904.06,1930.56,44,480,77
2023-03-01,28,1103,Beauty,South,0,1,Rainy,25.2,109.47,289.38,4.89,603,482.97,470.17,47,204,72
2023-03-02,10,1050,Clothing,West,1,1,Rainy,20.6,106.49,266.4,9.38,741,937.2,942.69,33,447,183
2023-03-03,25,1156,Furniture,South,0,1,Cloudy,24.9,95.5,250.52,5.92,174,1159.33,1126.2,49,479,176
2023-03-04,30,1057,Clothing,North,0,1,Rainy,21.1,115.06,216.34,5.03,75,638.25,657.83,30,162,33
2023-03-05,15,1191,Clothing,West,1,0,Rainy,26.4,88.51,275.43,9.1,795,1157.74,1163.21,23,190,20
2023-03-06,25,1049,Sports,North,1,0,Rainy,18.3,82.66,289.97,3.94,308,1092.93,1149.9,16,379,82
2023-03-07,7,1137,Toys,West,0,0,Cloudy,14.4,104.75,193.49,9.3,451,1400.2,1378.01,48,430,43
2023-03-08,25,1180,Furniture,East,1,0,Rainy,27.7,110.74,235.02,6.08,823,127.39,137.52,34,49,15
2023-03-09,22,1149,Furniture,South,1,1,Cloudy,24.3,111.54,220.96,6.22,504,1882.41,1707.74,43,328,156
2023-03-10,11,1115,Grocery,South,1,0,Rainy,15.1,108.86,194.14,6.47,679,1317.02,1357.67,40,133,12
2023-03-11,43,1193,Beauty,West,1,1,Sunny,25.1,116.5,191.78,8.8,128,468.02,423.88,20,437,201
2023-03-12,49,1083,Clothing,West,1,1,Rainy,38.2,88.46,294.05,4.43,329,1948.75,2139.0,7,293,134
2023-03-13,44,1053,Toys,West,0,1,Rainy,10.6,107.56,286.2,5.83,282,1786.7,1733.06,10,269,100
2023-03-14,45,1158,Grocery,West,1,0,Sunny,15.3,91.43,299.7,6.2,975,1399.76,1292.59,15,457,102
2023-03-15,2,1197,Toys,South,1,1,Sunny,14.6,87.63,253.02,10.93,170,259.68,282.37,2,403,182
2023-03-16,35,1037,Sports,South,1,0,Sunny,18.6,113.36,231.87,8.81,223,1625.69,1468.32,24,347,66
2023-03-17,12,1012,Clothing,East,0,0,Rainy,36.1,115.92,197.2,5.51,986,935.47,842.13,2,447,84
2023-03-18,27,1140,Grocery,South,0,1,Rainy,37.4,102.93,220.17,8.51,459,1227.57,1237.81,39,27,0
2023-03-19,43,1094,Furniture,South,0,0,Sunny,19.2,96.85,199.88,3.81,389,567.4,512.28,39,288,31
2023-03-20,48,1075,Clothing,East,0,1,Cloudy,12.2,119.45,223.6,3.4,127,1706.97,1768.3,49,60,0
2023-03-21,47,1085,Electronics,North,0,0,Rainy,28.3,100.56,224.34,10.74,619,239.5,222.3,43,280,24
2023-03-22,12,1018,Furniture,North,1,1,Cloudy,10.1,116.62,199.17,6.16,419,1249.08,1255.35,9,394,195
2023-03-23,24,1156,Clothing,South,0,1,Rainy,16.1,114.13,232.3,11.14,882,497.8,485.62,12,46,24
2023-03-24,18,1056,Clothing,South,1,0,Sunny,20.9,101.7,266.14,11.52,739,1287.69,1324.5,36,49,0
2023-03-25,42,1104,Beauty,East,1,1,Rainy,25.5,104.35,211.23,11.52,299,986.02,931.02,25,134,57
2023-03-26,22,1161,Furniture,South,0,1,Rainy,33.2,90.42,249.34,5.54,677,313.16,339.58,8,217,81
2023-03-27,26,1167,Electronics,North,0,0,Rainy,21.8,109.04,209.7,11.45,44,418.96,454.5,37,368,40
2023-03-28,3,1083,Clothing,North,0,0,Cloudy,15.6,85.53,208.44,4.21,42,1509.91,1608.87,34,180,25
2023-03-29,45,1025,Toys,West,0,1,Rainy,36.7,105.0,251.76,11.73,108,922.13,899.91,40,440,162
2023-03-30,9,1149,Clothing,West,1,0,Rainy,27.5,93.85,273.17,4.36,327,1839.85,2001.67,9,405,63
2023-03-31,25,1142,Sports,North,0,1,Rainy,27.3,117.21,226.71,10.25,641,1361.63,1291.41,44,365,122
2023-04-01,13,1110,Toys,East,1,1,Sunny,18.7,86.78,276.41,5.1,264,603.06,609.45,48,434,199
2023-04-02,14,1149,Grocery,South,0,1,Sunny,30.2,106.78,278.59,6.04,28,1274.59,1199.76,43,118,28
2023-04-03,13,1008,Sports,South,1,0,Cloudy,28.1,115.51,250.82,7.9,351,1956.09,1934.56,8,372,88
2023-04-04,15,1011,Beauty,North,1,0,Sunny,29.2,107.09,206.31,5.01,335,472.6,511.47,46,203,25
2023-04-05,28,1031,Toys,East,1,0,Rainy,19.5,118.4,197.08,10.34,887,1347.11,1223.57,47,122,26
2023-04-06,18,1172,Beauty,East,1,1,Rainy,36.1,95.9,212.3,5.78,717,1543.62,1643.79,27,430,195
2023-04-07,34,1175,Furniture,East,1,1,Rainy,24.8,109.48,251.19,6.89,864,1193.91,1088.96,17,126,51
2023-04-08,32,1065,Toys,West,0,1,Cloudy,13.0,82.3,264.37,11.67,979,1146.68,1045.91,4,382,169
2023-04-09,37,1162,Sports,West,1,1,Rainy,18.5,90.04,263.33,6.59,831,1204.95,1103.56,28,94,17
2023-04-10,26,1078,Beauty,West,0,1,Cloudy,29.8,91.04,227.61,6.77,914,1507.75,1442.41,23,76,23
2023-04-11,17,1130,Electronics,East,1,1,Sunny,11.8,109.51,275.36,10.57,950,1238.92,1223.75,44,222,77
2023-04-12,35,1148,Sports,East,1,0,Sunny,33.6,105.37,285.41,7.75,103,503.65,543.82,15,173,26
2023-04-13,16,1200,Furniture,South,1,1,Rainy,28.0,118.0,271.56,9.6,412,1720.8,1850.56,31,41,15
2023-04-14,20,1154,Clothing,South,1,0,Sunny,19.7,87.13,184.02,9.91,602,1639.8,1758.74,5,417,66
2023-04-15,5,1126,Furniture,West,1,1,Rainy,10.8,87.41,246.54,11.19,685,241.9,234.75,16,163,67
2023-04-16,13,1136,Electronics,North,1,0,Sunny,19.2,114.3,270.1,4.97,336,323.75,344.75,16,485,95
2023-04-17,31,1033,Clothing,South,1,0,Sunny,12.2,119.74,204.75,10.61,307,1106.97,1088.57,47,279,34
2023-04-18,40,1099,Clothing,East,0,1,Rainy,33.4,108.12,281.09,8.4,818,173.47,158.19,42,122,39
2023-04-19,22,1094,Toys,West,0,1,Rainy,15.3,86.43,202.33,9.48,104,1515.15,1592.22,39,485,186
2023-04-20,44,1087,Toys,West,0,0,Rainy,23.6,97.1,237.37,4.42,198,825.56,858.2,24,263,21
2023-04-21,10,1142,Grocery,South,0,1,Rainy,36.2,111.77,287.05,5.15,301,1936.55,1793.7,27,146,62
2023-04-22,33,1044,Toys,East,0,0,Sunny,32.2,92.71,256.36,3.04,490,438.65,402.54,6,445,68
2023-04-23,35,1099,Grocery,North,1,1,Sunny,20.9,114.63,294.62,8.54,743,1580.06,1559.53,2,484,230
2023-04-24,47,1015,Electronics,South,0,1,Sunny,29.1,93.67,244.24,3.11,195,1383.8,1488.44,49,67,10
2023-04-25,12,1141,Beauty,North,0,1,Rainy,34.8,104.25,284.37,7.59,351,1092.88,1130.82,13,244,102
2023-04-26,15,1127,Toys,North,0,1,Sunny,26.6,85.0,196.38,9.25,106,227.92,220.4,27,268,82
2023-04-27,49,1077,Sports,South,0,1,Rainy,25.3,110.32,187.82,9.52,107,1884.91,1800.12,13,225,78
2023-04-28,37,1018,Furniture,West,1,0,Rainy,37.8,112.77,279.04,5.25,458,635.39,678.3,11,164,44
2023-04-29,29,1004,Grocery,West,1,0,Sunny,16.1,110.98,210.98,8.19,599,1494.13,1457.65,27,197,41
2023-04-30,4,1012,Clothing,South,0,1,Cloudy,26.1,95.3,277.28,10.91,806,238.56,228.57,37,101,24
2023-05-01,5,1126,Sports,South,0,1,Rainy,25.4,118.44,247.04,3.84,215,1068.25,993.05,12,75,18
2023-05-02,45,1125,Grocery,South,0,0,Rainy,12.3,94.23,203.63,5.32,300,1140.59,1185.09,28,409,47
2023-05-03,40,1099,Electronics,East,0,0,Cloudy,11.0,114.42,232.82,11.76,175,1263.42,1317.09,46,353,36
2023-05-04,36,1178,Grocery,West,1,0,Cloudy,19.4,115.33,236.69,8.67,294,627.01,663.14,9,294,64
2023-05-05,35,1160,Beauty,East,1,0,Rainy,24.6,98.26,274.79,4.18,722,1112.9,1043.85,18,473,86
2023-05-06,38,1089,Grocery,East,1,0,Sunny,12.3,81.69,243.68,4.41,479,722.47,761.1,18,166,31
2023-05-07,49,1067,Grocery,North,1,0,Cloudy,19.4,115.95,206.69,6.12,977,357.56,384.6,36,330,69
2023-05-08,26,1053,Electronics,East,1,1,Cloudy,12.3,81.01,290.88,7.25,489,850.37,867.5,41,166,57
2023-05-09,27,1103,Electronics,East,0,1,Sunny,33.3,91.79,232.34,4.29,250,981.0,985.14,24,148,47
2023-05-10,9,1039,Beauty,East,1,1,Cloudy,24.4,107.26,186.58,5.16,989,646.41,707.0,47,116,35
2023-05-11,39,1148,Toys,North,0,0,Cloudy,10.8,100.72,250.79,11.84,854,1760.4,1658.32,17,413,59
2023-05-12,4,1061,Clothing,North,1,1,Cloudy,28.1,102.5,195.07,9.42,462,860.49,834.74,47,35,10
2023-05-13,30,1055,Furniture,East,1,1,Rainy,34.2,110.95,261.5,7.79,901,1484.87,1412.84,25,395,193
2023-05-14,23,1050,Grocery,North,0,0,Sunny,27.7,101.54,273.81,8.85,62,1142.21,1058.17,15,65,0
2023-05-15,23,1055,Toys,West,1,0,Cloudy,26.0,104.67,248.5,10.37,399,183.6,168.67,0,82,24
2023-05-16,28,1118,Toys,North,1,1,Rainy,32.3,98.69,253.16,3.23,403,1227.75,1343.56,44,271,107
2023-05-17,40,1018,Grocery,South,0,0,Cloudy,10.2,89.25,286.7,8.47,793,811.04,851.72,40,496,68
2023-05-18,41,1059,Beauty,East,0,1,Rainy,24.6,106.84,278.7,11.5,252,1294.75,1220.16,9,133,55
2023-05-19,50,1184,Beauty,West,0,1,Rainy,22.8,95.4,259.48,3.3,89,1229.6,1156.42,30,219,74
2023-05-20,35,1089,Electronics,West,1,0,Cloudy,10.4,106.11,274.45,4.05,632,1570.08,1660.08,11,181,27
2023-05-21,38,1182,Grocery,South,0,0,Rainy,25.4,101.14,208.36,11.18,749,1335.18,1396.38,3,129,28
2023-05-22,36,1091,Grocery,North,0,0,Rainy,12.8,88.38,219.62,7.5,914,1131.76,1020.08,9,271,43
2023-05-23,35,1189,Electronics,West,0,0,Cloudy,26.9,98.32,240.05,6.32,498,1681.42,1804.48,15,203,37
2023-05-24,25,1117,Beauty,East,1,1,Rainy,25.7,96.53,190.85,9.8,912,1578.76,1701.09,24,123,56
2023-05-25,4,1190,Toys,South,1,0,Rainy,34.2,119.66,265.46,10.85,720,323.95,351.1,28,500,90
2023-05-26,40,1196,Beauty,West,1,1,Cloudy,32.9,109.79,182.91,3.87,661,465.96,440.22,20,396,160
2023-05-27,11,1081,Electronics,North,1,1,Rainy,10.2,87.85,240.65,8.91,180,634.48,637.31,25,175,75
2023-05-28,8,1139,Beauty,East,1,0,Rainy,23.2,105.41,276.2,10.54,941,206.3,221.18,13,83,13
2023-05-29,40,1149,Toys,South,0,0,Rainy,32.7,113.44,197.44,9.56,267,1409.57,1537.53,47,145,5
2023-05-30,12,1073,Furniture,West,1,1,Rainy,32.2,88.36,216.61,3.41,699,154.52,142.86,41,462,185
2023-05-31,19,1104,Sports,West,0,0,Sunny,27.1,81.88,194.58,10.05,906,1218.67,1338.42,22,73,0
2023-06-01,35,1121,Clothing,North,1,0,Cloudy,13.4,102.41,256.32,6.85,926,359.35,368.34,26,51,0
2023-06-02,3,1044,Grocery,North,1,1,Sunny,27.1,103.11,200.97,4.17,968,1579.41,1650.64,11,291,124
2023-06-03,30,1161,Clothing,West,1,1,Rainy,21.6,105.78,243.92,3.93,438,1993.46,1827.01,28,23,12
2023-06-04,20,1142,Beauty,East,1,0,Cloudy,21.0,109.96,190.63,10.53,391,1073.94,1095.96,47,482,85
2023-06-05,21,1041,Sports,North,1,0,Cloudy,38.8,94.3,213.24,6.28,118,1896.4,1819.35,30,224,31
2023-06-06,32,1166,Grocery,West,0,0,Rainy,36.0,104.9,237.43,3.78,979,504.24,536.24,5,428,72
2023-06-07,48,1036,Furniture,South,0,0,Rainy,32.7,101.84,273.94,5.34,59,181.33,175.4,23,407,49
2023-06-08,11,1147,Furniture,East,1,1,Rainy,30.2,82.06,277.66,8.66,730,730.31,791.71,15,461,193
2023-06-09,1,1144,Clothing,North,0,1,Cloudy,25.5,119.04,285.11,4.1,365,1722.81,1752.99,23,378,147
2023-06-10,24,1010,Electronics,West,0,0,Rainy,23.8,118.64,209.95,10.14,666,697.34,692.84,44,103,17
2023-06-11,28,1049,Furniture,West,0,0,Cloudy,23.4,114.58,204.91,6.95,517,1326.27,1267.92,37,201,23
2023-06-12,1,1106,Furniture,North,1,1,Rainy,28.4,102.11,279.83,7.93,575,1110.28,1070.88,22,199,88
2023-06-13,18,1003,Electronics,West,1,1,Cloudy,35.3,91.4,204.44,6.69,694,471.29,448.5,42,317,153
2023-06-14,50,1188,Electronics,South,0,1,Rainy,28.1,90.95,190.31,11.38,664,393.57,406.11,7,197,95
2023-06-15,34,1018,Toys,North,1,0,Rainy,16.8,101.47,261.54,10.43,959,659.12,642.61,48,410,79
2023-06-16,34,1109,Toys,West,0,0,Sunny,16.8,105.09,198.98,7.84,29,526.95,493.19,12,364,40
2023-06-17,5,1078,Grocery,West,1,1,Cloudy,35.1,119.61,188.34,4.89,618,62.31,64.39,42,132,36
2023-06-18,37,1148,Clothing,East,1,1,Sunny,14.0,82.88,191.46,8.91,443,1964.9,2022.9,46,219,89
2023-06-19,16,1122,Beauty,South,0,1,Cloudy,18.6,92.81,247.2,10.74,940,1371.15,1500.33,33,431,156
2023-06-20,35,1074,Furniture,East,1,0,Cloudy,14.6,100.15,256.88,3.22,917,1574.34,1712.05,9,178,27
2023-06-21,35,1044,Sports,West,1,0,Rainy,18.4,89.69,267.6,11.88,357,158.5,146.46,47,78,0
2023-06-22,46,1052,Grocery,West,0,0,Rainy,12.5,94.13,238.62,7.77,768,1892.15,1836.69,34,433,55
2023-06-23,19,1137,Furniture,North,1,0,Rainy,31.7,112.23,239.19,5.7,585,478.61,475.84,20,110,9
2023-06-24,14,1139,Beauty,North,1,1,Sunny,36.3,86.13,218.97,10.46,818,1151.02,1089.4,32,478,207
2023-06-25,22,1160,Beauty,North,1,1,Rainy,36.3,108.27,245.5,8.38,352,343.81,319.26,22,215,83
2023-06-26,6,1197,Beauty,North,1,1,Sunny,19.3,106.8,248.0,5.78,86,644.84,643.62,28,115,41
2023-06-27,35,1172,Grocery,South,0,0,Sunny,23.3,86.48,296.41,7.31,573,1931.17,1979.86,27,78,5
2023-06-28,4,1045,Furniture,East,1,0,Sunny,18.6,86.57,244.98,11.39,530,1263.94,1142.56,45,121,3
2023-06-29,30,1149,Electronics,East,0,0,Cloudy,20.3,82.38,241.49,7.14,229,901.39,833.65,33,386,28
2023-06-30,33,1119,Electronics,East,1,0,Rainy,11.4,98.61,192.97,10.83,213,1822.66,1881.71,50,408,62
2023-07-01,38,1185,Clothing,East,0,1,Sunny,20.0,105.78,225.94,7.87,955,1989.73,1910.24,31,346,132
2023-07-02,26,1106,Grocery,West,0,1,Sunny,26.8,114.32,198.75,8.95,451,1374.46,1341.75,27,294,99
2023-07-03,19,1051,Beauty,North,0,1,Rainy,35.2,88.99,295.15,6.39,470,1994.59,1935.78,29,325,94
2023-07-04,31,1028,Clothing,South,1,0,Cloudy,27.6,115.69,238.35,4.82,856,1798.29,1684.8,4,239,48
2023-07-05,38,1175,Clothing,South,1,1,Cloudy,33.8,95.4,276.5,5.47,451,828.24,746.92,19,119,35
2023-07-06,9,1055,Sports,West,0,1,Cloudy,34.1,98.19,250.0,8.33,27,312.57,333.12,44,224,82
2023-07-07,43,1136,Electronics,East,0,0,Sunny,38.5,97.46,266.03,5.31,148,1805.08,1800.79,31,380,52
2023-07-08,3,1012,Sports,East,1,0,Rainy,29.1,89.39,202.29,8.24,536,1006.42,1034.23,30,390,57
2023-07-09,12,1119,Grocery,South,0,1,Sunny,19.6,98.44,206.58,9.84,488,1143.16,1240.66,27,488,181
2023-07-10,7,1088,Beauty,North,0,0,Cloudy,13.9,95.86,199.47,4.14,385,687.17,627.26,6,385,65
2023-07-11,38,1197,Electronics,West,1,0,Rainy,13.0,97.73,289.68,5.54,718,815.77,814.69,28,358,53
2023-07-12,32,1008,Toys,South,0,0,Cloudy,14.0,109.6,191.34,7.98,165,723.51,779.07,17,197,12
2023-07-13,17,1184,Furniture,West,0,1,Sunny,25.3,111.14,281.16,6.38,41,1302.98,1373.3,43,443,159
2023-07-14,11,1001,Beauty,North,0,1,Rainy,21.5,98.42,251.35,8.23,789,1361.98,1444.77,23,27,0
2023-07-15,20,1026,Furniture,North,1,1,Sunny,10.5,87.79,295.82,10.66,57,223.11,203.51,3,165,93
2023-07-16,32,1104,Sports,East,0,0,Sunny,14.8,93.61,204.81,7.44,58,283.98,287.78,32,319,31
2023-07-17,46,1134,Furniture,South,0,0,Sunny,21.1,105.96,290.24,6.98,616,1919.1,2058.15,50,40,0
2023-07-18,39,1010,Clothing,West,0,0,Cloudy,29.2,111.27,250.16,7.0,739,543.34,525.67,14,283,31
2023-07-19,17,1122,Clothing,North,1,0,Rainy,24.7,92.99,205.96,7.74,240,1830.19,1898.9,39,300,49
2023-07-20,14,1143,Electronics,North,1,1,Rainy,10.1,112.59,202.03,7.42,149,916.26,955.62,45,458,180
2023-07-21,6,1187,Toys,South,1,1,Sunny,21.7,92.77,282.0,5.14,387,157.27,157.99,11,393,166
2023-07-22,22,1120,Sports,West,1,0,Cloudy,21.6,80.63,285.33,9.49,252,1981.37,1849.19,30,469,100
2023-07-23,29,1107,Toys,South,0,1,Rainy,37.4,118.45,184.7,6.01,60,1250.35,1229.91,17,391,149
2023-07-24,26,1109,Grocery,West,1,1,Sunny,26.7,115.44,205.85,3.99,508,1923.54,1979.73,7,128,52
2023-07-25,32,1156,Beauty,East,1,0,Rainy,22.6,86.14,252.83,7.69,461,927.47,866.65,39,227,33
2023-07-26,21,1006,Sports,East,1,1,Cloudy,31.5,95.36,215.81,3.8,84,429.61,412.88,16,202,85
2023-07-27,23,1127,Electronics,East,0,0,Rainy,34.5,119.32,258.18,11.54,480,294.55,297.81,7,59,15
2023-07-28,26,1065,Toys,South,1,0,Sunny,17.8,110.58,295.61,7.17,242,1445.72,1324.41,2,473,90
2023-07-29,43,1136,Grocery,North,1,1,Cloudy,32.0,111.76,180.81,6.88,350,1378.16,1274.85,17,425,181
2023-07-30,35,1171,Beauty,North,0,0,Cloudy,17.8,106.58,205.76,7.93,524,1900.77,1792.12,32,386,72
2023-07-31,25,1135,Toys,East,1,0,Cloudy,30.7,91.95,281.25,8.1,752,467.24,459.15,10,302,55
2023-08-01,1,1178,Beauty,North,0,1,Sunny,20.0,94.66,289.65,4.39,304,372.58,393.46,18,244,104
2023-08-02,44,1034,Clothing,West,0,1,Cloudy,39.8,106.53,239.06,3.8,550,650.17,622.64,10,468,175
2023-08-03,3,1197,Toys,South,0,1,Sunny,20.3,85.92,189.97,6.25,423,1919.07,1800.98,25,258,85
2023-08-04,50,1174,Beauty,South,1,0,Rainy,22.1,109.59,193.83,5.54,828,1488.92,1601.31,5,255,65
2023-08-05,35,1044,Clothing,North,0,1,Cloudy,30.4,115.11,191.1,6.19,922,1277.05,1221.1,48,384,114
2023-08-06,19,1010,Toys,South,0,0,Sunny,30.4,88.0,199.08,11.08,761,1548.04,1431.73,6,332,50
2023-08-07,19,1146,Clothing,South,0,1,Rainy,20.2,107.07,216.3,3.21,368,1515.96,1556.01,6,237,119
2023-08-08,19,1017,Furniture,South,0,1,Sunny,36.3,108.46,222.24,9.92,117,1779.45,1782.46,27,66,15
2023-08-09,8,1166,Toys,North,1,1,Sunny,34.0,80.12,249.87,10.86,389,1665.44,1749.23,27,173,76
2023-08-10,50,1047,Electronics,East,1,1,Cloudy,29.9,104.92,227.12,4.12,371,167.1,159.36,0,276,119
2023-08-11,1,1068,Electronics,South,1,1,Cloudy,18.4,110.54,264.11,11.3,211,189.87,202.82,6,348,162
2023-08-12,13,1044,Clothing,South,0,1,Sunny,37.3,85.24,246.54,3.59,794,177.09,171.66,1,360,142
2023-08-13,31,1175,Beauty,South,0,0,Sunny,13.0,112.77,236.97,9.81,109,1641.42,1479.28,13,285,25
2023-08-14,12,1070,Beauty,South,1,1,Sunny,35.7,105.73,280.4,3.2,885,1475.55,1452.81,6,251,118
2023-08-15,45,1036,Beauty,South,0,1,Rainy,36.3,106.03,186.04,11.76,122,1593.12,1714.29,42,274,95
2023-08-16,17,1030,Furniture,West,0,0,Rainy,21.0,91.28,233.91,6.42,370,658.76,671.92,13,137,31
2023-08-17,1,1050,Toys,South,0,0,Cloudy,38.2,83.61,224.35,4.04,802,981.44,918.38,2,255,51
2023-08-18,10,1117,Furniture,North,1,1,Cloudy,10.3,97.05,262.79,8.31,832,368.04,386.28,23,30,10
2023-08-19,44,1079,Beauty,East,1,0,Rainy,18.4,85.48,232.12,4.44,561,167.47,168.96,21,273,42
2023-08-20,33,1146,Beauty,West,0,0,Sunny,27.1,101.59,289.19,11.42,169,264.62,249.8,21,309,42
2023-08-21,39,1013,Electronics,East,1,1,Rainy,14.3,116.48,215.48,11.23,478,1467.86,1413.62,4,361,157
2023-08-22,12,1060,Electronics,South,0,0,Cloudy,26.1,116.42,203.37,6.87,918,1045.75,1052.98,39,459,46
2023-08-23,40,1075,Furniture,West,1,1,Cloudy,22.7,112.76,276.27,4.07,226,1096.26,990.62,50,53,34
2023-08-24,42,1030,Beauty,East,0,0,Rainy,29.3,118.7,237.65,4.23,521,1842.67,1909.89,44,29,6
2023-08-25,50,1129,Grocery,North,1,0,Sunny,24.4,114.18,195.47,4.58,307,1210.86,1238.0,50,419,54
2023-08-26,3,1178,Sports,West,1,1,Sunny,31.7,111.94,274.14,3.14,324,992.75,1087.52,30,25,7
2023-08-27,28,1112,Furniture,South,1,0,Sunny,29.8,118.94,204.81,5.23,471,1399.26,1360.96,23,196,37
2023-08-28,22,1114,Clothing,North,0,1,Cloudy,31.9,95.29,254.76,11.07,29,1118.31,1178.06,49,402,144
2023-08-29,36,1027,Grocery,East,0,1,Cloudy,17.0,116.23,209.41,3.57,64,1188.69,1147.61,31,82,30
2023-08-30,3,1009,Electronics,North,0,0,Rainy,21.4,105.52,219.48,9.73,670,96.83,103.61,45,356,41
2023-08-31,7,1034,Electronics,North,0,1,Rainy,21.9,87.09,222.96,6.34,398,1686.74,1638.15,49,279,101
2023-09-01,33,1100,Grocery,South,0,0,Cloudy,31.3,91.79,275.51,6.65,701,1084.34,1187.47,37,221,23
2023-09-02,50,1175,Beauty,North,1,1,Sunny,33.2,94.11,195.01,4.82,329,1123.02,1057.4,4,111,60
2023-09-03,2,1166,Grocery,South,1,0,Sunny,35.1,119.76,202.56,9.16,643,1566.4,1434.55,50,260,38
2023-09-04,43,1019,Grocery,West,1,0,Sunny,31.0,89.56,296.32,4.48,989,457.36,479.05,33,232,49
2023-09-05,50,1033,Furniture,North,1,0,Sunny,36.6,80.54,267.46,7.61,836,966.96,909.5,47,427,71
2023-09-06,38,1030,Toys,South,1,0,Rainy,23.9,111.24,223.77,11.0,711,1969.23,1804.18,35,55,5
2023-09-07,12,1151,Toys,North,1,0,Sunny,27.6,100.04,292.94,4.13,750,1962.43,1908.43,10,381,73
2023-09-08,42,1185,Toys,North,0,1,Rainy,14.2,91.45,207.29,5.69,41,592.23,598.98,15,173,85
2023-09-09,47,1028,Electronics,South,1,1,Rainy,24.3,119.94,246.16,10.41,354,1977.55,1824.95,37,393,162
2023-09-10,7,1033,Toys,North,0,1,Sunny,10.7,117.86,232.78,5.32,979,847.58,922.22,40,478,184
2023-09-11,1,1064,Clothing,North,1,1,Sunny,36.0,100.21,244.71,3.27,725,1355.28,1241.76,8,77,44
2023-09-12,24,1189,Beauty,West,1,0,Sunny,31.3,81.17,210.4,4.94,751,185.8,190.24,36,329,54
2023-09-13,18,1173,Toys,West,0,0,Cloudy,17.8,108.94,229.03,11.78,764,836.52,884.52,42,173,7
2023-09-14,25,1103,Furniture,South,0,0,Cloudy,12.4,86.06,269.75,4.62,149,63.9,60.86,9,149,3
2023-09-15,20,1070,Clothing,North,0,1,Rainy,22.5,97.88,209.39,4.12,774,113.08,115.21,6,220,109
2023-09-16,8,1078,Grocery,North,1,0,Sunny,34.2,100.61,233.29,4.08,507,144.41,140.43,43,400,70
2023-09-17,1,1056,Beauty,West,1,0,Sunny,39.2,93.66,272.86,10.84,877,956.33,949.55,4,198,44
2023-09-18,14,1116,Electronics,East,1,1,Sunny,24.3,105.52,220.43,3.9,71,1358.86,1330.17,20,168,65
2023-09-19,16,1167,Toys,East,0,1,Rainy,26.9,89.37,206.79,6.56,89,996.47,956.75,17,334,128
2023-09-20,43,1159,Grocery,East,1,1,Rainy,11.9,84.01,205.15,5.23,939,1843.41,1724.19,5,489,213
2023-09-21,34,1013,Toys,North,0,0,Rainy,34.4,115.05,240.04,7.44,176,943.64,896.79,8,61,8
2023-09-22,34,1132,Grocery,North,1,0,Sunny,24.0,97.27,181.56,10.21,131,1384.85,1440.41,24,304,69
2023-09-23,6,1050,Furniture,West,1,0,Sunny,30.1,105.42,203.28,4.77,815,1872.71,1978.13,39,194,16
2023-09-24,3,1050,Sports,West,1,1,Rainy,23.1,93.16,249.05,3.93,855,1129.27,1095.78,11,78,27
2023-09-25,47,1171,Grocery,South,0,1,Cloudy,32.3,99.91,282.43,6.64,153,346.45,315.89,7,179,71
2023-09-26,5,1053,Beauty,North,1,1,Sunny,14.9,112.99,278.61,10.58,97,1006.26,928.99,27,124,64
2023-09-27,49,1001,Furniture,West,0,1,Cloudy,17.4,104.36,209.46,11.32,322,249.18,252.05,28,209,80
2023-09-28,2,1074,Grocery,East,1,0,Rainy,10.1,98.79,193.66,11.07,51,1625.61,1532.45,17,423,80
2023-09-29,28,1155,Beauty,South,0,1,Rainy,31.3,80.58,226.99,7.26,970,1530.11,1682.0,8,442,158
2023-09-30,18,1184,Toys,West,1,0,Cloudy,17.4,90.4,220.18,7.26,246,357.57,342.64,26,119,12
2023-10-01,30,1052,Toys,West,1,0,Cloudy,13.5,110.73,187.1,10.63,696,870.56,877.42,26,433,99
2023-10-02,26,1164,Beauty,West,0,1,Cloudy,26.7,80.05,270.28,4.75,272,1010.9,986.44,17,474,175
2023-10-03,50,1019,Beauty,South,0,0,Sunny,38.2,103.59,285.4,3.14,647,1109.68,1195.99,29,24,5
2023-10-04,13,1076,Beauty,East,0,1,Sunny,39.6,84.77,254.02,11.56,853,1247.52,1277.15,5,116,41
2023-10-05,29,1186,Grocery,North,0,0,Rainy,12.2,83.8,268.82,5.72,644,1428.7,1369.87,43,192,0
2023-10-06,39,1088,Clothing,East,0,1,Cloudy,13.5,83.36,280.92,3.01,715,87.36,82.01,11,225,93
2023-10-07,19,1067,Sports,South,0,0,Sunny,12.7,112.03,282.33,10.66,455,1029.62,1041.53,20,329,45
2023-10-08,2,1153,Beauty,North,1,0,Rainy,10.4,87.88,180.95,7.0,919,965.73,1045.03,43,164,5
2023-10-09,7,1161,Clothing,West,1,0,Rainy,20.4,105.45,260.62,5.35,800,1088.03,1095.14,29,266,39
2023-10-10,42,1164,Toys,South,1,0,Rainy,36.7,83.59,226.07,9.09,48,1733.58,1712.81,42,205,26
2023-10-11,45,1091,Toys,West,0,1,Cloudy,23.7,115.12,206.52,6.73,231,554.95,539.16,17,290,112
2023-10-12,11,1114,Grocery,North,0,1,Sunny,38.2,98.7,180.93,10.02,582,139.18,127.52,25,363,140
2023-10-13,22,1192,Grocery,East,0,0,Sunny,37.8,90.58,256.33,8.18,671,1539.77,1564.38,43,96,5
2023-10-14,19,1034,Grocery,East,1,0,Sunny,23.1,92.66,183.32,10.39,572,901.72,909.3,36,103,5
2023-10-15,40,1142,Electronics,West,0,0,Cloudy,34.7,91.77,206.81,11.33,206,1813.27,1782.16,2,280,48
2023-10-16,11,1116,Clothing,West,0,0,Rainy,13.0,111.18,228.19,5.11,497,997.47,1020.96,0,394,57
2023-10-17,9,1172,Furniture,North,0,1,Cloudy,22.1,82.83,251.55,4.13,578,670.55,642.97,2,483,194
2023-10-18,29,1006,Electronics,East,0,0,Cloudy,32.0,93.9,234.58,3.08,106,921.03,917.06,9,100,26
2023-10-19,12,1142,Toys,West,0,1,Cloudy,13.5,103.29,236.49,5.44,230,1003.12,924.51,36,88,23
2023-10-20,1,1173,Beauty,South,1,0,Sunny,15.7,108.08,289.57,4.4,624,1542.33,1481.26,41,144,16
2023-10-21,48,1138,Grocery,West,0,1,Cloudy,14.9,80.48,187.06,11.53,726,1930.5,2019.49,19,245,91
2023-10-22,33,1097,Electronics,East,1,1,Sunny,39.7,89.63,199.32,4.85,295,400.92,433.89,20,294,133
2023-10-23,39,1123,Beauty,East,1,1,Sunny,25.7,89.05,209.16,3.01,947,1791.77,1926.48,47,418,178
2023-10-24,41,1121,Sports,South,0,1,Sunny,15.6,112.22,251.45,5.55,154,632.99,681.67,18,143,43
2023-10-25,29,1122,Sports,North,1,0,Rainy,36.7,104.08,253.9,10.57,1000,1095.74,1101.74,41,321,29
2023-10-26,43,1007,Electronics,West,0,0,Cloudy,19.7,96.45,219.08,3.25,217,710.63,778.33,0,288,49
2023-10-27,40,1196,Sports,East,0,0,Sunny,13.5,104.12,185.0,10.81,791,521.58,483.44,50,177,2
2023-10-28,26,1052,Clothing,North,0,0,Cloudy,21.5,103.58,276.96,11.15,903,446.67,464.41,45,91,0
2023-10-29,36,1001,Toys,East,0,0,Rainy,16.0,113.55,200.56,11.32,497,844.35,788.54,3,353,71
2023-10-30,32,1099,Furniture,West,1,0,Rainy,25.5,115.98,239.69,5.3,586,950.35,897.31,48,278,61
2023-10-31,17,1039,Grocery,East,0,1,Sunny,29.7,116.85,188.52,5.71,247,1495.61,1511.86,46,326,116
2023-11-01,37,1150,Electronics,East,1,0,Cloudy,17.1,98.28,287.02,5.39,484,878.85,948.07,29,135,27
2023-11-02,4,1115,Beauty,North,1,0,Cloudy,30.4,92.6,218.42,11.01,50,1289.0,1363.24,16,162,26
2023-11-03,33,1102,Sports,North,1,1,Rainy,32.3,87.05,294.04,4.58,98,1755.14,1756.23,42,410,160
2023-11-04,42,1113,Grocery,South,1,0,Rainy,26.7,103.24,194.15,11.68,259,415.87,406.34,20,211,41
2023-11-05,47,1161,Grocery,West,0,0,Rainy,17.5,85.55,254.35,9.81,996,259.43,251.76,31,51,0
2023-11-06,4,1138,Furniture,West,1,0,Cloudy,22.6,94.79,270.17,3.37,72,175.36,182.4,24,150,17
2023-11-07,28,1087,Electronics,East,1,0,Sunny,32.5,91.44,285.71,8.45,903,672.18,713.35,2,149,26
2023-11-08,28,1015,Grocery,North,1,1,Cloudy,10.4,82.55,204.28,3.98,244,1954.74,1859.6,30,132,62
2023-11-09,7,1097,Electronics,West,1,0,Cloudy,10.8,89.27,299.9,8.72,598,1445.59,1401.5,31,444,89
2023-11-10,21,1108,Furniture,South,1,0,Sunny,33.0,117.95,180.72,9.28,765,846.55,809.68,15,296,54
2023-11-11,50,1136,Electronics,North,0,1,Sunny,26.7,101.75,221.75,11.33,157,386.15,395.01,28,436,157
2023-11-12,33,1066,Beauty,North,0,1,Sunny,15.4,87.48,249.3,3.71,637,964.44,886.72,6,366,151
2023-11-13,6,1099,Sports,East,0,0,Cloudy,12.8,90.52,238.63,11.66,538,625.73,590.46,14,345,54
2023-11-14,41,1057,Electronics,East,0,1,Cloudy,36.6,96.33,248.53,5.41,744,187.38,171.83,18,158,69
2023-11-15,17,1006,Clothing,West,1,1,Rainy,25.2,85.35,181.91,3.64,491,1931.1,1998.2,39,168,60
2023-11-16,6,1011,Furniture,West,1,1,Cloudy,34.8,83.07,226.42,5.46,748,1450.14,1365.55,48,486,214
2023-11-17,17,1166,Grocery,South,1,1,Sunny,27.1,106.06,233.54,10.59,502,1371.86,1294.33,25,448,202
2023-11-18,37,1052,Sports,West,0,1,Rainy,20.0,117.81,193.04,10.2,44,902.85,915.27,49,460,174
2023-11-19,2,1128,Clothing,West,1,0,Sunny,29.6,96.16,256.2,3.7,341,786.11,713.14,39,34,0
2023-11-20,6,1013,Toys,East,1,1,Cloudy,33.3,80.3,185.5,5.66,928,98.03,96.27,42,205,89
2023-11-21,48,1098,Toys,West,0,1,Rainy,30.8,118.65,274.05,5.99,609,289.63,290.68,14,390,135
2023-11-22,36,1052,Grocery,East,1,0,Rainy,22.3,118.76,296.93,9.0,709,1014.84,998.97,43,378,62
2023-11-23,25,1124,Beauty,West,1,0,Sunny,14.3,93.77,288.03,5.99,145,419.08,424.63,19,342,65
2023-11-24,2,1069,Electronics,East,0,1,Rainy,11.2,105.08,290.85,10.57,894,1059.78,983.06,34,490,186
2023-11-25,41,1087,Electronics,West,1,0,Sunny,35.1,99.22,190.33,3.12,70,388.19,405.86,45,362,59
2023-11-26,35,1002,Sports,West,1,1,Rainy,25.2,91.74,256.18,3.57,233,54.12,53.72,42,244,105
2023-11-27,36,1098,Furniture,West,1,0,Sunny,27.3,93.94,210.3,10.64,975,1114.96,1199.42,32,124,22
2023-11-28,6,1091,Beauty,North,1,0,Rainy,19.5,89.96,183.52,11.27,587,544.69,506.43,49,151,17
2023-11-29,16,1008,Furniture,West,1,0,Cloudy,34.5,86.84,189.17,11.17,96,1048.83,955.42,41,354,68
2023-11-30,24,1110,Furniture,South,0,1,Rainy,11.0,119.02,216.35,7.11,732,1028.71,1095.29,1,427,180
2023-12-01,26,1105,Toys,North,0,1,Sunny,18.0,101.84,208.9,9.3,117,899.2,891.98,30,479,187
2023-12-02,40,1004,Beauty,West,1,1,Cloudy,26.2,96.31,191.75,8.94,523,1150.98,1150.65,0,165,75
2023-12-03,15,1158,Furniture,North,1,0,Sunny,34.5,117.02,233.89,5.13,61,233.83,245.41,33,146,15
2023-12-04,11,1007,Toys,West,0,0,Cloudy,21.3,99.18,225.36,5.83,58,477.57,465.97,31,284,28
2023-12-05,21,1195,Sports,West,0,1,Sunny,26.9,88.4,244.88,4.28,618,1046.58,985.76,25,119,45
2023-12-06,40,1157,Beauty,South,1,1,Cloudy,10.7,84.83,268.91,7.14,185,79.51,77.13,20,46,22
2023-12-07,12,1049,Furniture,North,1,1,Rainy,16.1,91.6,235.28,5.88,634,1197.5,1278.11,32,92,29
2023-12-08,37,1015,Furniture,South,0,1,Sunny,34.0,102.09,277.24,5.82,980,1154.91,1077.94,15,79,22
2023-12-09,46,1010,Sports,South,1,1,Rainy,20.3,85.12,269.11,3.15,400,284.1,261.85,5,63,53
2023-12-10,14,1134,Toys,South,0,0,Sunny,31.4,93.04,255.61,4.95,267,221.45,229.22,4,231,37
2023-12-11,9,1152,Grocery,West,0,1,Rainy,28.6,100.31,256.72,10.78,162,951.66,870.03,17,363,160
2023-12-12,17,1117,Sports,East,0,1,Sunny,25.2,97.87,274.45,10.72,347,1013.18,1101.39,8,338,143
2023-12-13,20,1135,Toys,East,1,1,Cloudy,38.6,88.31,244.23,4.3,731,1329.51,1282.29,40,283,130
2023-12-14,2,1101,Clothing,North,0,0,Cloudy,11.4,95.45,205.35,3.32,609,1076.55,971.41,27,133,13
2023-12-15,44,1195,Clothing,East,0,1,Rainy,31.2,93.69,200.26,11.91,356,1517.66,1478.29,24,357,127
2023-12-16,19,1080,Electronics,West,1,1,Rainy,24.9,118.25,191.92,5.0,70,497.41,461.72,11,377,145
2023-12-17,18,1167,Toys,South,0,0,Cloudy,13.2,96.58,267.07,9.28,332,966.19,875.15,17,309,44
2023-12-18,27,1144,Clothing,North,1,0,Cloudy,31.0,106.51,217.78,11.43,329,1824.62,1845.14,45,304,40
2023-12-19,14,1180,Beauty,West,1,1,Cloudy,38.7,116.48,216.14,6.99,992,442.74,432.19,15,432,207
2023-12-20,33,1199,Electronics,East,0,1,Rainy,33.2,104.92,235.84,7.75,526,1027.62,1127.63,4,227,88
2023-12-21,24,1113,Sports,South,1,0,Cloudy,12.7,117.78,250.82,6.86,547,949.54,962.8,46,233,25
2023-12-22,47,1095,Beauty,West,0,0,Cloudy,19.6,110.65,194.92,7.49,851,535.03,556.16,6,306,46
2023-12-23,5,1098,Grocery,East,0,1,Cloudy,34.8,107.75,205.32,10.08,31,1624.17,1764.58,29,178,66
2023-12-24,14,1195,Beauty,West,1,0,Cloudy,34.1,95.2,192.73,11.08,387,1434.23,1546.52,8,48,1
2023-12-25,12,1017,Furniture,South,1,1,Rainy,21.9,100.66,236.97,6.96,273,1052.49,1102.05,45,227,94
2023-12-26,23,1166,Grocery,South,1,0,Sunny,34.1,102.37,266.18,8.84,981,1613.01,1682.04,35,401,77
2023-12-27,13,1199,Toys,West,0,0,Cloudy,23.6,87.46,207.7,7.33,606,728.4,732.72,34,331,55
2023-12-28,9,1058,Clothing,South,1,0,Rainy,30.4,83.49,251.25,7.63,660,1876.44,1799.72,46,218,23
2023-12-29,28,1045,Toys,East,0,1,Sunny,13.9,88.31,274.58,6.85,56,966.59,1016.02,24,147,45
2023-12-30,49,1089,Sports,South,0,1,Cloudy,30.4,111.86,281.99,7.41,70,948.08,901.6,47,392,138
2023-12-31,19,1044,Grocery,East,1,1,Cloudy,20.1,113.74,192.36,4.27,85,427.99,436.23,44,162,60
2024-01-01,22,1023,Electronics,East,0,1,Sunny,11.2,81.77,192.83,7.38,618,497.91,479.48,9,24,0
2024-01-02,8,1198,Grocery,South,1,1,Cloudy,37.4,111.64,241.33,11.31,782,753.12,759.53,43,437,192
2024-01-03,3,1188,Sports,South,1,0,Rainy,10.5,81.39,249.67,4.51,425,1324.45,1403.06,5,269,72
2024-01-04,29,1183,Grocery,North,0,0,Rainy,28.5,109.36,225.53,9.91,563,1083.9,1134.36,15,343,60
2024-01-05,29,1160,Sports,South,1,1,Sunny,37.0,97.61,203.58,9.95,564,105.52,98.06,13,327,142
2024-01-06,18,1112,Furniture,North,1,0,Rainy,12.1,86.4,205.96,7.76,880,513.57,545.6,33,336,81
2024-01-07,25,1039,Furniture,North,1,0,Cloudy,35.8,88.4,268.71,11.02,893,362.85,329.42,47,149,19
2024-01-08,1,1003,Furniture,North,1,1,Sunny,20.2,104.38,298.41,7.12,42,880.15,825.95,38,107,19
2024-01-09,8,1002,Beauty,East,0,1,Sunny,35.6,118.27,187.87,5.7,767,309.77,313.04,14,154,54
2024-01-10,8,1055,Beauty,South,0,1,Rainy,11.6,94.1,262.54,11.34,433,839.17,779.99,29,265,100
2024-01-11,8,1068,Toys,West,1,1,Cloudy,16.2,118.65,284.5,7.5,105,594.82,626.33,25,230,77
2024-01-12,45,1060,Sports,South,1,1,Sunny,11.4,115.94,284.48,11.88,54,928.64,915.23,14,399,183
2024-01-13,8,1083,Beauty,East,0,1,Cloudy,18.2,83.14,296.45,9.73,946,1154.95,1168.34,40,222,94
2024-01-14,37,1151,Sports,East,1,0,Rainy,10.4,103.82,257.04,10.34,691,437.94,400.01,12,446,86
2024-01-15,47,1117,Toys,South,1,1,Cloudy,27.3,96.58,244.49,6.34,895,1466.02,1330.64,27,435,184
2024-01-16,6,1155,Furniture,West,1,0,Rainy,14.8,110.46,274.72,6.91,744,537.13,532.17,45,172,28
2024-01-17,28,1075,Electronics,East,1,1,Cloudy,11.7,91.88,276.65,7.59,60,1405.76,1532.25,15,418,174
2024-01-18,12,1063,Furniture,East,0,0,Cloudy,23.6,81.72,218.99,7.48,223,411.25,433.27,9,214,44
2024-01-19,27,1193,Sports,South,1,1,Rainy,13.8,112.14,228.21,5.35,65,235.77,250.93,10,90,35
2024-01-20,32,1180,Electronics,North,1,0,Rainy,32.2,105.17,273.0,9.22,660,624.01,643.69,19,497,94
2024-01-21,31,1173,Sports,West,0,1,Cloudy,27.0,94.98,238.3,11.58,92,668.49,623.52,42,191,78
2024-01-22,9,1112,Toys,North,0,0,Cloudy,11.1,112.86,240.6,5.4,717,578.3,559.97,46,94,5
2024-01-23,20,1058,Toys,East,1,0,Rainy,19.8,82.75,274.08,8.64,556,630.61,613.13,10,70,17
2024-01-24,44,1034,Grocery,South,1,0,Cloudy,33.4,92.26,213.45,9.13,134,191.68,176.3,36,469,74
2024-01-25,34,1008,Sports,North,1,0,Sunny,24.1,90.56,196.03,4.72,52,1116.62,1115.82,8,160,37
2024-01-26,29,1042,Electronics,East,1,0,Rainy,35.3,108.89,236.8,5.38,596,787.31,760.1,12,301,56
2024-01-27,34,1166,Sports,South,0,0,Sunny,17.2,115.84,193.04,5.2,422,1696.5,1778.3,45,306,29
2024-01-28,49,1047,Toys,West,0,1,Cloudy,33.8,94.71,257.33,9.02,741,987.79,1038.19,38,134,54
2024-01-29,20,1041,Grocery,North,1,0,Cloudy,34.6,112.1,274.09,6.86,94,1335.66,1426.49,8,253,57
2024-01-30,49,1127,Furniture,East,1,0,Cloudy,15.5,89.09,294.44,4.4,171,417.12,442.74,19,185,35
2024-01-31,24,1092,Electronics,East,0,1,Rainy,33.0,106.29,234.64,4.94,970,983.07,1035.04,36,239,95
2024-02-01,47,1181,Beauty,North,0,0,Rainy,15.2,111.93,236.89,9.6,393,1238.9,1250.72,49,148,12
2024-02-02,41,1193,Sports,East,1,0,Rainy,31.5,115.72,288.35,7.23,994,1290.0,1190.48,1,221,48
2024-02-03,44,1060,Toys,West,0,0,Cloudy,19.6,97.29,260.6,3.15,852,149.6,137.52,46,75,0
2024-02-04,46,1034,Clothing,East,1,0,Cloudy,10.5,116.97,280.31,11.29,416,1225.21,1217.59,25,247,46
2024-02-05,33,1097,Clothing,North,1,0,Cloudy,33.3,104.49,298.84,11.27,128,1370.83,1346.59,47,326,48
2024-02-06,13,1049,Beauty,West,1,1,Rainy,26.2,97.73,294.33,3.02,134,466.38,448.18,2,74,55
2024-02-07,25,1030,Furniture,South,1,0,Sunny,13.1,98.45,287.07,10.78,903,849.27,771.04,13,44,12
2024-02-08,7,1119,Clothing,East,0,1,Sunny,36.5,94.88,208.51,7.52,940,1043.66,1003.22,33,154,53
2024-02-09,47,1060,Toys,North,0,0,Sunny,21.1,117.1,270.68,10.39,78,810.58,786.35,24,386,47
2024-02-10,23,1199,Toys,West,1,1,Cloudy,25.9,94.18,288.49,11.84,603,846.75,787.2,3,407,171
2024-02-11,38,1127,Grocery,South,1,0,Cloudy,18.5,111.31,217.98,4.42,22,588.76,592.8,33,22,0
2024-02-12,7,1144,Electronics,East,0,1,Sunny,12.3,94.16,244.96,6.57,244,1572.73,1443.23,27,242,97
2024-02-13,16,1089,Sports,North,1,0,Cloudy,21.0,87.2,263.15,5.36,529,65.08,63.9,32,333,71
2024-02-14,33,1163,Toys,South,0,0,Rainy,34.5,111.91,284.36,4.18,778,1150.0,1219.81,24,233,25
2024-02-15,10,1154,Grocery,East,0,0,Cloudy,27.6,96.52,292.73,11.29,762,1065.23,1046.7,27,202,30
2024-02-16,27,1024,Sports,South,0,1,Sunny,39.7,100.5,208.08,5.7,541,923.59,962.56,25,121,42
2024-02-17,40,1078,Furniture,North,1,0,Cloudy,28.6,92.19,216.05,4.27,516,1805.81,1956.73,31,98,11
2024-02-18,9,1042,Beauty,West,0,0,Cloudy,17.5,91.56,261.08,4.03,270,904.92,882.48,3,139,16
2024-02-19,10,1174,Grocery,West,1,1,Cloudy,35.5,83.14,278.91,6.95,36,781.61,752.78,16,248,99
2024-02-20,35,1172,Furniture,West,1,0,Rainy,33.1,110.42,289.89,7.17,494,1393.07,1491.88,4,68,2
2024-02-21,20,1051,Furniture,East,0,1,Sunny,16.9,119.02,220.19,3.52,690,316.16,329.36,36,459,184
2024-02-22,38,1082,Toys,East,0,0,Cloudy,17.1,83.64,265.63,10.87,383,73.67,71.46,7,32,0
2024-02-23,12,1196,Sports,South,1,0,Sunny,13.5,118.5,234.0,6.34,484,1819.8,1787.08,3,446,88
2024-02-24,36,1190,Toys,East,0,1,Sunny,15.7,92.41,215.08,5.17,945,951.49,892.15,20,44,27
2024-02-25,38,1162,Toys,West,0,0,Sunny,33.7,115.25,293.7,7.19,214,926.27,1011.18,11,480,66
2024-02-26,15,1028,Clothing,East,1,1,Cloudy,39.7,110.39,229.22,11.81,120,412.05,406.9,12,486,224
2024-02-27,23,1164,Grocery,South,1,1,Rainy,34.5,103.48,221.53,11.03,302,1731.02,1622.43,19,434,187
2024-02-28,32,1059,Grocery,West,1,0,Rainy,13.6,115.88,208.13,9.99,122,1781.15,1675.21,20,425,80
2024-02-29,2,1021,Toys,South,1,0,Cloudy,21.2,112.26,186.83,8.87,260,699.11,661.21,27,440,66
2024-03-01,33,1114,Sports,South,1,1,Rainy,20.6,119.05,299.15,11.71,535,1792.49,1970.83,26,443,185
2024-03-02,6,1019,Grocery,West,1,0,Sunny,38.4,94.62,245.09,5.73,31,658.33,614.63,3,399,75
2024-03-03,19,1070,Toys,South,1,0,Rainy,22.7,85.9,253.44,8.12,215,1470.43,1354.11,17,66,0
2024-03-04,13,1024,Beauty,West,0,0,Sunny,25.3,108.28,264.13,9.22,320,1334.58,1262.83,37,70,0
2024-03-05,42,1104,Grocery,North,0,0,Rainy,20.9,112.37,237.68,4.59,435,409.32,408.07,20,330,53
2024-03-06,35,1118,Toys,West,0,0,Sunny,35.3,96.39,191.68,11.23,513,702.98,702.11,37,334,62
2024-03-07,25,1010,Sports,South,1,1,Sunny,18.3,86.52,243.86,11.32,396,1281.06,1262.13,31,130,72
2024-03-08,40,1143,Beauty,East,0,1,Rainy,40.0,88.21,190.6,5.33,616,1082.31,1160.57,14,237,81
2024-03-09,19,1133,Clothing,South,1,1,Cloudy,25.4,105.67,298.25,4.17,444,107.07,108.68,23,457,207
2024-03-10,33,1024,Grocery,South,0,1,Cloudy,38.7,115.45,201.26,9.99,63,886.19,890.53,38,60,5
2024-03-11,24,1186,Clothing,West,0,0,Sunny,13.3,111.46,275.71,6.72,93,1157.85,1180.37,34,459,53
2024-03-12,43,1009,Electronics,East,0,1,Cloudy,27.2,111.78,274.46,10.09,507,1479.29,1443.55,49,117,44
2024-03-13,36,1050,Grocery,West,1,0,Sunny,22.5,104.32,219.32,7.67,797,393.73,428.71,18,125,14
2024-03-14,46,1021,Sports,North,1,1,Sunny,32.4,102.52,219.85,9.68,481,584.19,629.94,35,246,90
2024-03-15,22,1132,Grocery,East,0,0,Cloudy,23.6,85.11,213.47,3.2,83,1548.76,1460.36,9,297,52
2024-03-16,34,1154,Furniture,North,0,1,Sunny,13.0,117.33,272.64,6.01,388,180.01,177.13,47,107,29
2024-03-17,3,1148,Sports,East,1,1,Rainy,11.5,92.21,214.63,5.54,213,241.57,261.95,15,494,214
2024-03-18,19,1117,Toys,East,1,0,Sunny,29.3,115.57,194.83,11.13,44,1721.64,1604.68,31,161,11
2024-03-19,20,1009,Furniture,West,1,0,Sunny,35.2,114.73,224.75,7.42,496,1036.2,1057.55,30,209,20
2024-03-20,6,1177,Toys,West,1,0,Rainy,14.9,117.38,220.17,9.52,620,272.41,263.72,50,116,9
2024-03-21,23,1085,Beauty,North,1,1,Sunny,37.6,97.68,203.29,4.89,409,1101.43,1178.1,13,357,160
2024-03-22,25,1158,Toys,South,0,0,Rainy,21.1,98.1,255.52,8.7,23,1553.98,1629.45,27,459,49
2024-03-23,23,1075,Toys,South,0,1,Rainy,29.6,109.76,227.19,8.71,81,1269.19,1183.31,27,153,45
2024-03-24,4,1009,Clothing,East,0,1,Sunny,30.5,117.12,186.09,6.88,945,191.27,190.54,20,368,128
2024-03-25,46,1109,Sports,East,1,1,Rainy,39.3,86.9,215.8,9.37,30,1937.23,1849.78,43,268,111
2024-03-26,14,1122,Clothing,South,1,0,Cloudy,24.1,118.42,278.47,4.13,142,178.14,165.61,33,369,55
2024-03-27,41,1146,Electronics,North,1,1,Sunny,29.4,117.38,188.86,7.0,713,1243.29,1222.43,49,379,130
2024-03-28,48,1028,Electronics,West,1,0,Sunny,19.0,112.29,281.83,9.55,384,266.86,279.03,45,136,9
2024-03-29,9,1008,Beauty,North,0,0,Cloudy,15.5,91.71,223.56,6.79,876,1910.06,1944.09,43,405,70
2024-03-30,50,1097,Beauty,East,0,0,Sunny,24.1,116.07,222.76,3.12,601,689.59,708.05,45,77,0
2024-03-31,35,1115,Toys,West,1,0,Sunny,28.3,83.9,277.32,10.2,954,1324.39,1270.27,45,73,8
2024-04-01,11,1040,Toys,West,1,0,Rainy,28.2,84.89,279.78,10.72,249,1232.94,1260.91,10,326,60
2024-04-02,34,1051,Grocery,South,1,1,Rainy,24.7,85.97,223.32,4.06,918,1088.18,1162.71,14,493,209
2024-04-03,32,1029,Electronics,South,1,1,Rainy,18.1,81.23,291.07,3.31,947,116.49,117.11,25,438,176
2024-04-04,3,1083,Beauty,South,1,1,Sunny,31.1,118.0,196.21,10.89,98,1042.99,955.48,25,210,104
2024-04-05,1,1031,Toys,South,1,1,Rainy,11.2,99.38,209.87,4.04,797,460.58,417.73,12,235,104
2024-04-06,40,1032,Clothing,East,0,0,Cloudy,24.7,104.36,242.39,7.02,795,1779.83,1922.96,22,314,36
2024-04-07,32,1005,Clothing,East,0,1,Sunny,35.5,98.92,183.15,5.83,72,273.34,289.79,23,88,20
2024-04-08,7,1186,Sports,West,0,0,Cloudy,12.0,117.52,290.57,9.77,563,1469.44,1530.81,50,51,0
2024-04-09,42,1012,Sports,North,0,1,Rainy,29.8,93.46,229.61,7.58,970,319.39,340.95,0,395,168
2024-04-10,50,1090,Furniture,East,0,1,Cloudy,12.4,96.28,221.63,5.46,293,468.85,458.95,47,192,63
2024-04-11,25,1160,Clothing,North,1,0,Sunny,22.9,109.89,235.01,4.97,209,1436.59,1419.67,13,205,14
2024-04-12,1,1184,Grocery,West,1,0,Cloudy,15.8,110.23,258.71,10.07,661,1923.38,2081.46,8,276,33
2024-04-13,47,1197,Clothing,West,1,0,Cloudy,25.2,82.35,200.09,8.17,623,901.15,924.71,9,412,89
2024-04-14,11,1088,Furniture,West,0,1,Rainy,29.4,84.28,261.33,6.18,646,943.55,859.46,14,426,177
2024-04-15,20,1078,Clothing,North,0,1,Sunny,12.8,101.55,218.18,9.18,41,382.6,371.83,39,387,148
2024-04-16,26,1099,Electronics,South,0,0,Cloudy,29.4,106.89,220.13,7.48,363,1982.94,2178.84,48,340,27
2024-04-17,27,1022,Clothing,North,1,0,Rainy,19.8,93.72,242.16,7.53,889,104.83,100.22,32,302,34
2024-04-18,38,1150,Electronics,West,1,0,Rainy,15.0,80.34,252.99,6.3,512,78.0,72.67,18,23,0
2024-04-19,49,1071,Furniture,South,1,1,Sunny,35.9,89.95,275.07,5.32,81,807.43,798.82,38,394,185
2024-04-20,27,1001,Electronics,South,1,1,Rainy,31.0,99.5,189.53,10.43,912,1184.31,1294.24,3,195,88
2024-04-21,4,1062,Electronics,East,0,0,Cloudy,22.1,84.39,246.98,4.6,931,1305.72,1300.28,34,492,60
2024-04-22,32,1174,Toys,South,0,0,Rainy,29.4,96.53,192.7,9.58,63,1406.85,1327.07,26,497,75
2024-04-23,27,1186,Beauty,West,1,1,Cloudy,24.6,110.58,248.66,8.17,456,393.12,402.6,41,222,73
2024-04-24,44,1148,Beauty,South,1,0,Rainy,30.7,98.2,260.51,4.81,435,891.58,960.08,2,427,63
2024-04-25,34,1075,Clothing,East,1,1,Sunny,32.1,109.86,269.41,6.03,322,1625.7,1739.91,24,266,138
2024-04-26,29,1001,Furniture,South,1,1,Rainy,39.0,111.71,262.57,3.22,117,1479.0,1453.79,42,423,184
2024-04-27,38,1101,Beauty,West,0,0,Cloudy,23.0,84.73,290.07,11.55,661,1974.26,2154.28,20,40,0
2024-04-28,7,1034,Beauty,South,1,1,Cloudy,24.5,85.16,238.15,11.4,401,1369.51,1461.48,49,81,10
2024-04-29,6,1197,Clothing,South,1,1,Rainy,27.0,118.92,294.16,8.29,653,104.85,104.31,45,310,121
2024-04-30,34,1154,Beauty,West,0,0,Rainy,30.5,80.47,246.85,5.73,477,375.57,342.93,17,26,0
2024-05-01,28,1145,Beauty,North,1,0,Rainy,33.1,98.25,210.09,10.18,748,624.04,621.0,26,220,20
2024-05-02,28,1062,Sports,North,0,0,Cloudy,30.4,90.62,247.96,11.49,466,1703.03,1701.66,17,256,37
2024-05-03,16,1061,Beauty,North,0,1,Cloudy,26.4,110.71,213.67,3.73,125,869.98,802.33,3,234,62
2024-05-04,10,1023,Toys,East,0,1,Cloudy,23.9,85.32,295.62,10.05,869,804.71,729.69,13,209,83
2024-05-05,15,1078,Sports,East,0,1,Cloudy,24.9,102.64,186.57,5.24,747,827.69,829.64,10,315,132
2024-05-06,32,1107,Electronics,North,0,0,Rainy,10.8,112.96,252.82,10.84,883,1198.51,1141.31,17,470,76
2024-05-07,25,1093,Furniture,East,0,1,Sunny,10.7,98.55,271.91,11.44,712,393.21,376.25,20,382,141
2024-05-08,24,1115,Electronics,West,1,1,Sunny,35.9,100.16,276.7,10.73,96,151.49,164.66,20,484,222
2024-05-09,13,1149,Grocery,North,1,1,Sunny,35.3,82.51,183.59,12.0,157,403.09,418.62,27,198,84
2024-05-10,33,1013,Electronics,South,0,1,Cloudy,34.8,84.18,194.5,11.68,689,1619.7,1732.37,28,188,57
2024-05-11,34,1065,Furniture,South,1,0,Cloudy,23.6,87.21,223.18,7.82,366,1105.04,1076.6,24,342,51
2024-05-12,42,1039,Furniture,North,1,1,Rainy,11.7,84.5,198.89,11.56,835,1483.59,1457.64,35,152,45
2024-05-13,6,1070,Electronics,West,1,0,Cloudy,30.2,99.68,246.6,4.61,200,1949.68,1902.93,1,359,58
2024-05-14,8,1005,Toys,West,1,0,Cloudy,13.3,118.34,199.41,6.82,792,586.08,633.97,24,67,25
2024-05-15,11,1085,Sports,North,0,1,Rainy,34.5,103.38,278.45,7.1,851,1464.08,1335.03,27,103,37
2024-05-16,49,1031,Beauty,West,1,0,Cloudy,19.3,109.88,183.08,9.15,646,1944.57,1913.63,36,434,71
2024-05-17,35,1156,Toys,South,1,0,Cloudy,14.2,116.27,194.53,4.96,244,677.6,683.0,35,454,74
2024-05-18,20,1035,Sports,East,0,0,Sunny,27.7,90.92,237.72,8.11,199,1612.85,1684.98,34,337,37
2024-05-19,14,1141,Electronics,East,0,0,Cloudy,38.4,115.49,209.17,7.54,329,315.27,299.76,34,119,5
2024-05-20,15,1150,Clothing,North,1,1,Cloudy,21.6,110.8,273.0,8.76,167,317.76,304.82,37,152,38
2024-05-21,29,1024,Beauty,West,0,1,Sunny,28.5,94.32,213.99,11.11,823,574.3,626.95,2,379,143
2024-05-22,11,1136,Toys,North,0,1,Rainy,11.1,119.06,270.43,7.33,425,1103.53,1180.17,4,197,75
2024-05-23,14,1111,Toys,East,1,1,Sunny,23.7,82.67,219.53,3.97,21,1246.51,1330.22,20,203,82
2024-05-24,8,1156,Toys,South,0,0,Cloudy,21.5,80.83,217.77,6.2,284,76.58,83.54,22,468,55
2024-05-25,40,1120,Furniture,East,0,1,Cloudy,16.8,115.62,246.81,7.63,935,489.97,469.61,21,331,115
2024-05-26,22,1186,Grocery,South,1,0,Cloudy,27.9,105.27,274.33,5.78,648,1353.77,1251.35,20,39,2
2024-05-27,33,1049,Electronics,South,1,0,Sunny,10.9,97.82,185.99,8.08,865,551.09,586.08,36,55,0
2024-05-28,21,1028,Clothing,East,0,0,Rainy,20.9,99.08,276.06,3.05,412,1283.67,1294.68,48,486,51
2024-05-29,4,1122,Beauty,South,1,0,Sunny,19.4,90.3,261.78,7.64,93,1818.11,1845.11,42,385,59
2024-05-30,43,1194,Sports,East,0,0,Sunny,37.7,91.57,233.38,5.61,868,1720.29,1652.54,14,156,6
2024-05-31,12,1084,Beauty,West,0,0,Cloudy,36.2,110.58,249.37,11.94,646,942.67,860.84,42,146,10
2024-06-01,50,1164,Beauty,West,0,0,Cloudy,11.7,84.81,239.74,5.27,80,257.87,245.54,33,282,26
2024-06-02,49,1056,Beauty,East,0,1,Rainy,38.1,100.59,288.24,7.44,851,518.95,469.97,45,346,132
2024-06-03,22,1183,Toys,South,1,1,Cloudy,13.4,81.84,271.56,8.5,393,865.95,879.27,31,191,85
2024-06-04,28,1114,Electronics,North,1,1,Sunny,20.9,86.66,244.39,11.6,888,1591.74,1483.5,19,65,17
2024-06-05,30,1167,Sports,East,1,0,Cloudy,12.9,104.14,232.71,6.93,125,371.99,362.28,25,401,86
2024-06-06,10,1068,Grocery,South,0,1,Cloudy,26.3,108.7,282.47,10.23,370,1654.63,1782.2,41,382,131
2024-06-07,38,1015,Beauty,East,1,1,Rainy,29.7,87.54,217.79,5.73,947,706.04,770.08,1,246,114
2024-06-08,7,1178,Grocery,South,0,1,Sunny,12.0,95.5,200.38,4.66,631,1593.61,1596.24,31,294,125
2024-06-09,21,1131,Toys,North,1,1,Cloudy,36.3,104.42,284.06,8.54,466,1474.59,1343.27,21,91,38
2024-06-10,3,1002,Clothing,West,0,1,Cloudy,24.7,118.07,241.23,7.81,841,1978.84,2097.42,42,196,62
2024-06-11,38,1049,Electronics,South,0,1,Sunny,31.3,98.24,263.42,4.93,909,1396.16,1378.84,50,225,78
2024-06-12,27,1188,Electronics,North,1,1,Sunny,13.9,84.85,205.81,7.84,330,1072.11,1029.67,30,26,0
2024-06-13,35,1195,Clothing,West,1,1,Rainy,25.7,83.54,246.41,3.62,531,657.02,680.91,29,248,100
2024-06-14,6,1084,Clothing,North,0,0,Rainy,28.4,95.34,258.47,9.67,633,1841.61,1686.23,43,114,0
2024-06-15,41,1188,Sports,West,0,0,Rainy,15.3,96.49,287.42,5.52,889,285.43,265.74,13,314,46
2024-06-16,46,1120,Toys,South,0,1,Rainy,10.7,105.91,273.77,4.61,984,917.18,891.29,44,160,41
2024-06-17,27,1162,Furniture,West,0,1,Rainy,11.0,99.77,234.26,9.0,24,978.22,911.58,22,162,64
2024-06-18,24,1047,Clothing,North,0,1,Rainy,25.0,91.53,291.71,3.92,315,468.08,514.46,49,442,162
2024-06-19,41,1148,Clothing,East,1,0,Sunny,37.3,116.99,290.72,11.87,95,1605.77,1641.58,24,31,4
2024-06-20,23,1043,Toys,South,1,0,Cloudy,36.6,84.81,264.21,11.03,827,901.87,959.84,4,391,87
2024-06-21,30,1014,Sports,South,1,1,Sunny,35.5,91.85,264.02,7.08,693,1847.24,1975.06,4,269,109
2024-06-22,39,1094,Sports,East,0,1,Sunny,34.7,82.68,276.37,10.46,156,1046.9,946.11,12,398,144
2024-06-23,10,1131,Toys,West,1,0,Cloudy,17.3,92.4,293.13,6.29,81,462.04,453.51,6,248,58
2024-06-24,46,1176,Beauty,West,1,0,Sunny,26.1,96.82,188.95,4.47,882,727.31,672.67,4,37,0
2024-06-25,25,1184,Sports,South,0,1,Sunny,25.9,89.96,293.36,5.24,726,338.09,341.05,28,158,52
2024-06-26,15,1059,Sports,South,0,0,Rainy,10.4,113.06,221.12,10.33,280,1396.13,1382.34,10,82,0
2024-06-27,16,1178,Electronics,North,0,1,Rainy,39.0,113.6,262.32,6.52,782,1672.08,1580.73,45,382,144
2024-06-28,17,1145,Electronics,South,1,0,Sunny,25.0,115.33,206.9,4.87,738,1139.14,1189.57,24,341,53
2024-06-29,29,1139,Beauty,North,1,0,Rainy,22.9,102.99,199.79,6.26,836,977.37,1016.61,30,410,61
2024-06-30,20,1151,Electronics,East,0,0,Rainy,32.3,86.24,225.46,3.91,759,843.97,806.46,41,308,42
2024-07-01,25,1151,Sports,South,1,0,Cloudy,22.1,83.07,233.74,8.75,700,156.71,147.79,42,244,32
2024-07-02,16,1017,Sports,West,0,1,Sunny,17.4,94.14,252.01,7.77,377,1442.35,1558.0,48,160,44
2024-07-03,37,1147,Clothing,South,1,0,Rainy,38.8,98.37,291.7,8.2,42,335.99,359.83,38,94,23
2024-07-04,15,1052,Clothing,West,1,0,Rainy,15.1,81.19,259.03,11.43,791,676.16,736.18,0,438,90
2024-07-05,42,1191,Sports,North,1,1,Cloudy,35.2,90.52,268.05,8.68,307,731.94,693.76,44,279,114
2024-07-06,6,1111,Grocery,West,1,0,Sunny,20.3,95.95,251.09,7.77,940,1010.23,1031.96,4,96,33
2024-07-07,32,1112,Furniture,East,1,1,Rainy,14.8,84.94,214.93,7.71,134,1261.95,1287.97,31,34,3
2024-07-08,46,1089,Sports,West,1,1,Cloudy,27.7,113.69,265.87,10.61,87,377.58,371.19,24,298,116
2024-07-09,8,1158,Electronics,West,1,1,Rainy,38.3,119.36,229.75,11.1,859,912.89,837.01,5,121,63
2024-07-10,23,1125,Grocery,South,1,0,Rainy,34.9,98.23,270.28,7.38,77,1932.06,1981.09,31,95,18
2024-07-11,36,1116,Toys,South,0,0,Sunny,32.5,97.79,205.45,9.97,679,185.12,187.78,49,21,0
2024-07-12,25,1110,Sports,North,0,1,Cloudy,17.7,112.71,261.18,5.61,836,1518.3,1542.15,28,128,45
2024-07-13,32,1107,Grocery,South,0,0,Rainy,34.3,91.24,251.74,5.22,501,288.89,313.21,2,419,73
2024-07-14,9,1150,Grocery,East,1,0,Sunny,32.7,87.38,194.8,11.77,95,1379.82,1309.9,23,400,91
2024-07-15,4,1155,Electronics,East,0,1,Cloudy,28.5,87.07,225.75,5.53,766,1919.82,1957.99,6,188,77
2024-07-16,6,1183,Grocery,North,0,0,Cloudy,38.3,81.07,259.65,11.15,732,1024.45,1068.21,3,433,72
2024-07-17,45,1059,Grocery,North,1,1,Cloudy,27.3,119.63,297.82,6.41,665,1386.33,1322.57,46,280,122
2024-07-18,17,1150,Clothing,East,0,1,Sunny,22.9,80.67,207.46,9.02,345,779.13,813.77,6,93,30
2024-07-19,4,1118,Electronics,West,1,0,Sunny,28.3,83.17,213.81,8.84,288,1659.66,1694.17,49,402,70
2024-07-20,41,1177,Grocery,North,1,0,Cloudy,17.4,101.4,282.47,4.34,470,1387.29,1350.66,33,239,28
2024-07-21,35,1166,Beauty,East,1,1,Rainy,16.6,96.38,187.08,9.41,128,455.31,459.41,22,173,80
2024-07-22,41,1167,Furniture,South,1,1,Rainy,34.2,106.19,212.37,7.34,935,1010.33,1006.55,20,409,178
2024-07-23,47,1193,Clothing,South,1,1,Rainy,28.7,102.88,194.26,3.7,799,502.63,526.5,24,258,103
2024-07-24,44,1030,Beauty,South,1,1,Sunny,16.1,100.66,299.39,3.68,325,1021.39,1094.35,32,54,14
2024-07-25,11,1085,Toys,East,1,0,Sunny,35.9,103.34,247.98,11.45,380,916.51,998.85,21,436,85
2024-07-26,32,1184,Clothing,South,0,0,Sunny,25.8,95.14,256.23,7.77,173,322.86,304.64,9,385,62
2024-07-27,45,1154,Electronics,North,1,0,Cloudy,13.1,93.36,249.99,10.31,338,869.35,794.32,34,146,15
2024-07-28,6,1157,Clothing,West,1,1,Cloudy,33.6,99.22,240.87,11.03,364,198.27,215.22,4,133,75
2024-07-29,45,1132,Clothing,North,1,0,Sunny,36.8,102.7,267.69,11.7,500,249.83,252.41,3,33,4
2024-07-30,27,1173,Clothing,South,0,0,Sunny,12.4,90.01,290.51,6.3,49,797.54,728.59,49,213,10
2024-07-31,11,1121,Electronics,East,1,0,Rainy,31.6,111.73,216.93,8.71,738,1076.98,1079.81,14,410,90
2024-08-01,37,1152,Sports,South,0,1,Rainy,22.0,110.25,212.61,5.84,305,849.01,921.15,18,174,61
2024-08-02,44,1119,Grocery,East,1,1,Cloudy,31.4,95.45,248.73,6.45,518,84.82,78.64,33,91,22
2024-08-03,14,1004,Clothing,North,1,1,Sunny,21.8,109.45,185.48,6.19,590,1029.35,1012.19,27,418,189
2024-08-04,31,1188,Beauty,North,0,1,Sunny,31.2,106.7,188.21,11.72,531,1854.04,1756.93,18,388,142
2024-08-05,42,1149,Furniture,East,1,0,Rainy,20.8,116.72,255.63,11.06,348,1049.45,954.55,37,33,0
2024-08-06,9,1195,Furniture,East,1,1,Cloudy,18.2,97.8,184.82,5.78,25,1434.74,1361.45,21,414,197
2024-08-07,12,1159,Clothing,West,1,1,Cloudy,20.1,80.99,275.29,7.96,231,416.04,377.57,34,102,26
2024-08-08,41,1177,Toys,East,1,1,Cloudy,25.3,118.73,277.42,4.54,235,122.4,124.24,43,302,119
2024-08-09,25,1179,Sports,West,1,1,Cloudy,13.6,86.12,281.44,5.74,841,801.37,845.45,13,147,63
2024-08-10,5,1073,Clothing,South,0,0,Rainy,32.9,116.9,214.6,11.4,556,541.81,503.85,32,229,13
2024-08-11,36,1021,Grocery,West,1,0,Rainy,22.3,89.79,187.5,7.44,161,1739.46,1798.93,18,101,0
2024-08-12,45,1062,Grocery,West,0,0,Sunny,34.1,117.77,189.77,4.48,394,1970.09,1873.42,23,476,67
2024-08-13,39,1171,Sports,East,0,0,Cloudy,33.1,103.75,196.89,9.33,495,396.3,407.39,31,84,13
2024-08-14,40,1157,Clothing,East,1,0,Cloudy,28.8,82.27,259.24,4.61,729,1445.46,1477.35,47,341,92
2024-08-15,38,1195,Sports,West,1,0,Sunny,38.5,80.84,213.22,4.81,926,66.56,69.53,19,170,28
2024-08-16,13,1042,Grocery,East,1,0,Sunny,24.2,102.1,190.63,4.91,777,354.61,326.71,28,420,83
2024-08-17,8,1139,Furniture,North,0,1,Cloudy,33.0,91.46,260.15,10.87,395,228.73,241.4,40,477,194
2024-08-18,25,1154,Toys,West,0,0,Rainy,23.7,102.9,263.44,11.99,853,1752.65,1875.15,21,389,61
2024-08-19,13,1074,Electronics,West,1,0,Rainy,17.6,109.5,243.27,7.47,85,766.81,738.91,49,85,0
2024-08-20,31,1175,Clothing,South,0,0,Sunny,30.8,110.67,253.31,3.58,121,1590.63,1728.55,41,450,57
2024-08-21,31,1160,Clothing,North,1,1,Rainy,14.8,110.85,263.11,11.06,614,773.64,846.23,22,463,199
2024-08-22,13,1176,Toys,East,1,1,Rainy,35.8,95.88,193.04,6.62,314,572.54,576.43,20,320,139
2024-08-23,2,1188,Clothing,North,1,1,Rainy,26.1,82.1,205.3,10.47,245,1938.2,2071.63,24,328,139
2024-08-24,4,1003,Clothing,West,1,1,Rainy,37.8,83.25,298.55,9.49,618,1364.5,1351.55,24,409,172
2024-08-25,21,1019,Furniture,South,0,0,Rainy,30.1,92.77,287.66,11.59,261,150.26,160.57,24,407,28
2024-08-26,19,1009,Sports,North,1,0,Rainy,26.5,84.23,258.89,3.49,40,1690.25,1810.69,40,289,35
2024-08-27,26,1091,Clothing,North,0,1,Rainy,19.8,96.06,223.94,9.68,809,854.53,823.19,25,95,17
2024-08-28,23,1171,Beauty,West,1,1,Rainy,14.7,114.32,241.17,9.15,38,699.08,731.76,16,420,206
2024-08-29,36,1180,Toys,North,1,0,Cloudy,11.4,91.78,296.25,5.85,135,1582.69,1657.65,2,368,54
2024-08-30,23,1015,Beauty,East,1,1,Cloudy,37.8,89.88,278.92,3.61,112,566.66,586.37,0,28,14
2024-08-31,4,1050,Furniture,South,1,0,Sunny,10.6,117.33,206.54,9.5,503,590.87,617.9,4,430,83
2024-09-01,44,1046,Electronics,North,0,1,Rainy,39.2,104.37,220.4,5.64,405,71.85,78.64,38,64,29
2024-09-02,32,1042,Furniture,West,0,1,Sunny,19.2,110.64,246.39,3.76,179,1396.73,1352.72,38,150,44
2024-09-03,1,1142,Toys,North,0,0,Cloudy,17.4,88.08,193.42,4.74,803,405.01,437.2,23,85,0
2024-09-04,7,1161,Furniture,North,0,1,Cloudy,32.1,118.25,241.21,5.81,528,189.56,172.65,29,151,43
2024-09-05,9,1190,Grocery,West,1,1,Rainy,22.6,99.09,238.24,4.65,408,1548.84,1435.8,49,481,203
2024-09-06,11,1115,Furniture,South,1,1,Rainy,26.1,116.25,200.1,6.79,174,1009.42,926.44,41,62,24
2024-09-07,25,1121,Beauty,East,1,1,Sunny,11.4,82.52,221.32,10.53,580,112.41,115.7,29,151,61
2024-09-08,48,1135,Toys,North,0,0,Sunny,17.5,102.32,263.08,7.89,590,1847.4,1711.31,38,320,26
2024-09-09,22,1113,Clothing,South,1,1,Sunny,19.3,105.46,290.47,3.39,738,730.5,775.38,2,356,160
2024-09-10,20,1177,Clothing,North,1,1,Cloudy,30.9,90.22,245.31,10.57,150,947.17,884.8,17,465,212
2024-09-11,31,1046,Beauty,South,1,1,Cloudy,32.4,86.66,180.45,5.63,41,1968.16,2081.51,25,144,52
2024-09-12,50,1084,Beauty,South,1,1,Cloudy,14.5,118.95,258.68,7.34,254,1583.13,1463.82,22,433,183
2024-09-13,36,1063,Furniture,East,1,1,Sunny,37.0,119.0,230.84,8.4,118,958.71,897.94,49,64,0
2024-09-14,42,1173,Furniture,East,1,1,Rainy,16.0,94.09,275.8,9.41,585,1796.41,1843.42,12,438,217
2024-09-15,26,1152,Beauty,South,1,0,Cloudy,18.7,115.17,229.43,4.84,614,1105.07,1113.56,5,452,76
2024-09-16,28,1055,Toys,North,1,0,Rainy,39.2,111.14,183.94,7.02,793,1526.27,1566.0,15,232,36
2024-09-17,18,1037,Clothing,North,0,0,Sunny,22.1,116.19,256.1,10.77,635,1250.98,1188.43,10,496,68
2024-09-18,22,1190,Electronics,West,1,1,Rainy,21.2,119.81,204.59,10.42,308,843.23,911.95,16,496,205
2024-09-19,46,1175,Beauty,East,0,1,Cloudy,24.9,100.95,280.87,3.33,731,66.57,60.2,0,90,34
2024-09-20,38,1005,Beauty,North,1,0,Cloudy,33.8,115.55,207.52,11.68,524,1866.37,1903.24,3,367,80
2024-09-21,12,1024,Beauty,East,0,0,Rainy,39.8,94.75,221.79,11.84,680,872.08,820.97,15,304,31
2024-09-22,19,1083,Clothing,North,1,0,Cloudy,15.0,83.5,239.45,11.49,673,590.55,548.66,19,407,75
2024-09-23,38,1030,Electronics,South,1,1,Sunny,11.9,82.15,197.11,6.68,409,1282.83,1289.41,9,387,189
2024-09-24,25,1031,Electronics,West,0,0,Sunny,24.9,107.25,257.37,11.57,919,525.62,484.75,42,397,63
2024-09-25,9,1112,Electronics,South,0,0,Sunny,21.9,118.33,284.78,9.67,694,1490.95,1564.18,13,269,41
2024-09-26,9,1014,Clothing,West,1,1,Rainy,27.7,87.14,266.34,3.88,454,1838.92,1658.4,29,234,113
2024-09-27,36,1004,Beauty,North,0,0,Rainy,20.4,86.88,184.11,11.13,135,487.65,461.6,50,259,17
2024-09-28,29,1010,Electronics,East,1,1,Sunny,29.1,109.33,279.01,7.25,121,83.34,87.74,36,106,49
2024-09-29,28,1019,Clothing,East,0,1,Sunny,30.6,108.7,292.16,9.09,532,214.83,211.83,48,143,47
2024-09-30,22,1144,Toys,North,0,1,Rainy,29.0,116.56,241.78,4.64,484,1816.23,1992.82,16,228,98
2024-10-01,10,1010,Sports,East,0,1,Cloudy,34.8,108.21,255.85,8.13,321,497.28,475.1,47,236,75
2024-10-02,46,1087,Electronics,East,0,0,Rainy,14.2,84.33,200.61,6.96,906,227.47,249.65,28,249,17
2024-10-03,8,1015,Beauty,South,1,1,Cloudy,12.1,116.31,260.71,9.94,791,1228.88,1212.43,47,358,145
2024-10-04,46,1026,Toys,South,0,1,Cloudy,17.1,90.32,230.5,3.89,595,180.11,196.89,20,309,126
2024-10-05,47,1053,Clothing,North,0,0,Cloudy,26.9,96.3,223.42,6.22,164,1774.34,1945.39,41,232,21
2024-10-06,33,1173,Grocery,North,0,0,Cloudy,22.9,107.83,249.1,8.27,49,829.94,896.08,30,215,18
2024-10-07,17,1054,Electronics,East,1,1,Rainy,24.9,104.22,227.91,8.71,511,730.83,784.71,15,196,70
2024-10-08,34,1112,Furniture,West,0,1,Sunny,34.8,80.27,229.25,5.5,131,952.5,1029.8,16,335,116
2024-10-09,34,1083,Clothing,North,1,1,Rainy,27.6,83.37,265.06,7.88,713,1647.2,1535.71,15,367,171
2024-10-10,30,1085,Clothing,East,1,0,Cloudy,19.5,96.34,293.59,8.81,978,1884.24,1836.34,11,270,59
2024-10-11,32,1196,Toys,East,1,0,Sunny,18.3,86.43,276.22,4.45,670,1512.47,1588.8,17,278,48
2024-10-12,30,1082,Toys,East,1,0,Cloudy,30.5,96.17,270.84,10.49,303,1566.42,1512.13,7,446,87
2024-10-13,49,1167,Clothing,North,0,1,Cloudy,27.2,118.85,242.9,9.43,173,1257.09,1205.98,26,69,0
2024-10-14,4,1112,Grocery,West,1,1,Sunny,32.0,95.62,244.92,6.28,767,415.29,382.44,39,232,76
2024-10-15,18,1133,Toys,West,1,1,Cloudy,37.5,113.25,193.38,10.42,219,1131.29,1195.21,46,145,46
2024-10-16,32,1128,Clothing,East,0,1,Cloudy,30.6,103.98,278.17,9.83,85,1695.86,1555.03,23,333,119
2024-10-17,15,1054,Furniture,South,1,0,Rainy,24.8,117.03,246.34,4.65,949,726.89,735.09,36,326,55
2024-10-18,4,1096,Furniture,West,0,0,Cloudy,38.5,96.07,268.43,8.93,597,1912.45,1957.13,9,347,47
2024-10-19,10,1005,Sports,North,1,0,Cloudy,11.2,95.54,277.3,9.08,106,698.53,675.43,43,58,0
2024-10-20,11,1141,Toys,East,1,1,Rainy,22.3,85.89,263.71,11.76,989,375.07,369.75,50,332,125
2024-10-21,3,1030,Furniture,South,1,0,Rainy,30.7,96.31,185.11,10.52,361,125.53,130.09,18,240,36
2024-10-22,40,1054,Grocery,West,1,1,Cloudy,18.0,94.94,236.46,5.78,455,124.54,119.79,27,121,46
2024-10-23,20,1199,Electronics,North,0,1,Cloudy,20.6,95.11,196.99,3.96,188,805.13,763.05,26,296,105
2024-10-24,13,1094,Grocery,South,1,0,Rainy,26.4,89.04,206.41,5.63,969,1566.89,1713.49,19,304,45
2024-10-25,35,1170,Furniture,North,1,1,Rainy,17.5,109.85,192.31,11.35,499,1455.63,1487.72,14,263,111
2024-10-26,5,1054,Electronics,East,1,0,Sunny,18.7,115.61,294.17,11.01,416,296.05,276.16,29,344,60
2024-10-27,8,1175,Toys,East,0,1,Sunny,31.5,89.59,238.05,4.1,376,247.39,246.7,44,297,93
2024-10-28,10,1113,Beauty,West,0,0,Cloudy,32.1,84.35,279.43,8.67,247,1611.01,1572.59,36,419,44
2024-10-29,47,1057,Grocery,East,0,1,Rainy,18.2,82.39,201.51,6.93,299,972.58,1006.03,31,175,42
2024-10-30,41,1170,Beauty,South,0,1,Cloudy,24.2,89.88,278.62,4.57,939,1435.19,1490.81,32,366,122
2024-10-31,10,1052,Clothing,West,1,0,Rainy,39.3,110.35,248.58,11.38,88,1158.0,1100.46,48,148,3
2024-11-01,24,1082,Furniture,North,0,0,Cloudy,20.3,91.77,284.3,8.06,953,1680.22,1747.11,18,349,55
2024-11-02,47,1177,Furniture,South,0,0,Sunny,23.6,116.84,185.2,11.58,488,1056.87,997.26,31,403,57
2024-11-03,20,1055,Grocery,East,1,0,Rainy,25.1,113.83,216.04,11.01,958,555.48,566.75,4,122,26
2024-11-04,6,1087,Electronics,South,1,0,Sunny,28.3,91.64,275.69,5.61,813,1672.21,1753.8,41,80,6
2024-11-05,17,1118,Beauty,South,0,1,Cloudy,18.0,119.69,184.24,11.91,714,1605.0,1528.12,42,259,94
2024-11-06,24,1051,Electronics,East,1,0,Sunny,36.2,114.24,270.31,9.53,691,835.27,814.66,5,320,72
2024-11-07,23,1033,Toys,North,0,1,Cloudy,22.4,86.69,276.5,10.88,996,1034.53,1009.88,24,74,15
2024-11-08,39,1167,Toys,East,1,1,Sunny,31.0,118.4,249.86,10.43,901,766.76,748.57,44,250,86
2024-11-09,43,1154,Furniture,East,1,0,Cloudy,37.5,108.98,274.95,6.07,796,1747.29,1696.64,23,102,5
2024-11-10,43,1010,Toys,East,1,1,Rainy,12.9,106.37,295.2,11.88,902,135.74,139.21,33,106,23
2024-11-11,15,1140,Sports,South,1,0,Cloudy,31.5,108.68,258.75,11.2,834,1082.55,1130.46,30,223,32
2024-11-12,20,1076,Grocery,South,0,0,Cloudy,12.5,104.0,290.52,10.16,480,1496.37,1366.44,16,116,9
2024-11-13,23,1137,Electronics,East,1,1,Cloudy,18.3,105.15,203.38,7.9,722,264.98,268.65,19,180,75
2024-11-14,48,1102,Beauty,North,0,0,Rainy,24.1,107.02,277.56,11.23,961,704.87,645.41,15,292,27
2024-11-15,4,1060,Toys,North,1,1,Sunny,19.2,94.72,286.52,7.88,474,1738.48,1782.15,7,138,62
2024-11-16,41,1077,Furniture,North,1,0,Rainy,26.0,96.42,269.33,9.06,182,791.53,717.19,40,432,59
2024-11-17,50,1166,Furniture,East,1,0,Cloudy,29.4,80.94,215.79,8.88,106,1460.94,1318.08,36,355,59
2024-11-18,45,1065,Furniture,North,1,1,Sunny,30.3,103.53,288.44,3.11,128,317.8,337.17,17,460,195
2024-11-19,15,1130,Furniture,East,1,0,Rainy,20.4,115.5,253.94,7.07,280,442.54,413.71,18,363,54
2024-11-20,18,1059,Furniture,East,0,0,Cloudy,35.4,94.88,279.04,9.95,492,1779.4,1649.4,30,148,16
2024-11-21,25,1036,Clothing,North,0,1,Sunny,35.9,117.89,252.81,6.91,72,331.97,311.15,29,421,166
2024-11-22,30,1162,Beauty,East,0,0,Sunny,11.4,80.52,199.69,7.71,250,690.48,662.28,39,420,38
2024-11-23,11,1148,Furniture,East,0,1,Cloudy,22.2,88.47,204.5,4.39,581,989.28,1076.93,25,240,92
2024-11-24,31,1011,Electronics,West,1,0,Rainy,23.3,96.76,287.26,7.18,920,1923.09,2081.23,24,237,39
2024-11-25,9,1182,Clothing,North,1,1,Cloudy,14.9,100.44,205.25,9.74,987,857.55,806.6,29,204,86
2024-11-26,26,1020,Furniture,East,1,1,Sunny,11.1,84.64,285.98,3.4,751,1141.08,1086.9,36,182,72
2024-11-27,50,1093,Furniture,North,0,0,Cloudy,13.6,119.61,299.12,9.69,285,1032.46,1124.47,5,315,54
2024-11-28,40,1100,Beauty,North,1,1,Cloudy,34.9,84.75,190.08,3.61,61,1907.52,1874.45,23,221,86
2024-11-29,41,1131,Furniture,South,0,1,Sunny,21.2,113.84,196.32,6.27,633,57.11,58.84,12,238,103
2024-11-30,16,1107,Electronics,East,0,0,Sunny,23.8,112.06,198.51,10.84,900,1685.6,1639.59,4,215,38
2024-12-01,1,1141,Sports,East,0,0,Rainy,35.9,110.81,273.0,10.52,905,1880.55,1906.57,19,107,32
2024-12-02,36,1103,Clothing,East,0,1,Cloudy,34.1,92.98,256.0,5.51,367,745.1,734.15,36,466,166
2024-12-03,10,1156,Sports,North,0,1,Cloudy,31.4,116.25,213.08,5.02,550,1737.19,1905.13,2,333,123
2024-12-04,11,1142,Clothing,North,1,1,Rainy,38.9,113.2,252.3,4.74,653,699.69,633.16,10,69,34
2024-12-05,42,1003,Furniture,North,0,0,Cloudy,10.1,83.85,238.29,4.04,68,1677.56,1630.13,47,428,39
2024-12-06,50,1182,Beauty,North,0,1,Sunny,38.3,92.39,232.39,10.19,495,835.9,878.97,29,55,15
2024-12-07,38,1054,Clothing,North,0,0,Cloudy,36.1,113.57,254.8,11.02,272,1562.94,1691.56,20,368,49
2024-12-08,11,1066,Sports,East,0,1,Rainy,38.1,96.68,273.05,5.69,513,103.48,112.12,20,279,98
2024-12-09,34,1153,Sports,South,1,0,Sunny,25.3,109.1,239.57,6.96,430,271.24,254.24,17,264,39
2024-12-10,47,1181,Electronics,South,0,0,Sunny,38.3,119.84,235.1,6.25,482,1832.88,1764.66,23,50,1
2024-12-11,12,1200,Toys,South,0,0,Sunny,20.5,87.77,258.96,8.4,687,1052.35,1017.45,6,273,31
2024-12-12,35,1116,Furniture,West,1,1,Sunny,26.7,80.16,291.91,5.11,350,998.31,1073.91,9,35,15
2024-12-13,48,1101,Grocery,East,1,0,Cloudy,33.2,102.81,292.85,5.85,255,1301.52,1243.08,49,115,17
2024-12-14,29,1102,Clothing,South,0,1,Sunny,39.7,81.89,251.31,6.56,259,1439.1,1558.07,30,294,107
2024-12-15,36,1031,Grocery,West,1,1,Cloudy,18.3,112.36,228.83,5.04,451,278.88,263.02,1,360,155
2024-12-16,27,1089,Furniture,North,0,1,Sunny,10.9,118.81,271.23,8.36,77,1894.92,1772.05,16,139,58
2024-12-17,33,1127,Sports,North,1,0,Rainy,13.4,92.83,267.22,10.08,391,1589.17,1455.81,3,208,51
2024-12-18,30,1071,Toys,North,1,0,Rainy,30.0,89.02,185.93,8.87,573,392.4,395.88,22,321,58
2024-12-19,20,1153,Toys,West,0,1,Cloudy,10.0,91.39,277.22,4.92,418,1985.89,2120.41,49,421,167
2024-12-20,32,1182,Sports,South,0,1,Rainy,12.6,101.72,246.76,10.51,206,1554.51,1452.24,30,206,65
2024-12-21,14,1065,Beauty,West,0,1,Rainy,11.0,109.83,231.81,6.82,921,1456.45,1338.3,27,338,130
2024-12-22,14,1057,Electronics,East,0,1,Cloudy,36.4,95.53,230.23,10.73,581,1146.56,1032.76,49,111,27
2024-12-23,6,1006,Beauty,East,1,1,Cloudy,34.6,90.18,196.66,5.21,385,572.77,543.4,5,381,176
2024-12-24,2,1111,Sports,South,0,1,Rainy,33.2,116.1,196.17,10.18,527,99.93,102.01,35,243,80
2024-12-25,22,1141,Furniture,South,0,1,Rainy,23.1,96.26,201.25,7.95,804,327.92,295.75,24,46,0
2024-12-26,35,1160,Furniture,South,0,0,Sunny,14.4,93.81,208.97,4.02,680,1421.04,1405.02,42,417,63
2024-12-27,28,1081,Clothing,East,1,0,Rainy,32.0,108.27,274.66,10.91,430,1252.22,1184.62,15,71,20
2024-12-28,2,1009,Furniture,South,1,1,Rainy,38.9,113.48,295.72,7.72,203,1049.18,1019.77,38,424,174
2024-12-29,6,1088,Furniture,East,1,0,Sunny,26.0,95.95,234.53,5.14,227,1272.02,1178.79,8,203,41
2024-12-30,38,1149,Furniture,West,0,1,Cloudy,25.0,111.97,268.79,10.11,315,1765.58,1927.41,21,248,85
2023-01-01,10,1157,Toys,South,0,1,Rainy,24.7,97.03,271.87,3.68,699,352.92,342.06,28,442,171
2023-01-02,13,1165,Clothing,South,1,0,Cloudy,25.6,93.07,267.82,3.11,586,734.16,761.53,14,123,11
2023-01-03,35,1169,Electronics,East,0,1,Rainy,13.5,82.56,293.22,11.81,155,681.39,623.5,23,452,155
2023-01-04,20,1042,Sports,North,0,0,Sunny,23.1,117.57,295.85,6.79,947,440.13,399.84,32,374,74
2023-01-05,29,1198,Beauty,South,0,0,Rainy,25.4,104.55,232.57,4.42,580,1437.38,1548.49,29,407,46
2023-01-06,36,1187,Grocery,South,0,1,Rainy,22.3,97.38,289.1,8.31,113,1704.15,1702.68,40,85,21
2023-01-07,11,1138,Sports,South,0,0,Rainy,38.0,97.38,198.96,4.71,955,428.64,400.72,25,324,45
2023-01-08,24,1077,Beauty,East,0,1,Rainy,27.1,105.34,254.12,3.89,792,1319.02,1298.34,43,113,24
2023-01-09,3,1069,Sports,West,0,1,Cloudy,28.0,93.11,186.06,11.61,131,390.56,379.16,6,450,180
2023-01-10,38,1164,Toys,East,1,1,Cloudy,39.3,82.27,271.94,7.23,705,1960.87,1814.98,2,106,44
2023-01-11,10,1192,Clothing,South,1,0,Sunny,39.1,86.59,238.11,3.23,182,573.07,527.35,35,220,33
2023-01-12,5,1042,Grocery,East,0,1,Sunny,13.8,102.59,223.4,7.97,925,99.46,101.7,25,408,163
2023-01-13,2,1172,Sports,North,1,0,Rainy,24.4,104.11,209.41,9.88,463,1644.52,1520.38,34,35,0
2023-01-14,43,1166,Furniture,South,0,0,Rainy,32.1,119.29,229.07,3.11,1000,1998.57,2116.87,18,52,4
2023-01-15,10,1181,Grocery,South,0,0,Cloudy,18.7,97.23,186.12,6.41,220,1547.93,1696.92,40,200,10
2023-01-16,21,1141,Furniture,South,0,0,Sunny,16.0,93.27,255.9,5.74,83,939.78,1014.65,18,240,24
2023-01-17,36,1147,Grocery,West,0,0,Cloudy,12.0,92.77,275.64,5.26,108,542.19,584.54,20,181,48
2023-01-18,17,1085,Toys,South,1,0,Cloudy,28.9,81.97,257.2,5.61,573,707.23,644.23,39,144,6
2023-01-19,25,1179,Furniture,North,0,0,Rainy,13.5,114.06,261.31,5.83,273,1374.11,1348.72,16,133,4
2023-01-20,37,1073,Toys,East,0,0,Sunny,33.0,80.34,209.26,5.1,176,543.77,543.39,17,389,58
2023-01-21,25,1024,Beauty,South,1,1,Cloudy,29.9,94.09,205.59,8.64,367,254.83,274.22,35,224,92
2023-01-22,19,1087,Grocery,North,1,0,Cloudy,14.2,113.92,227.24,8.56,652,1022.17,927.31,9,72,2
2023-01-23,7,1052,Toys,North,1,1,Sunny,39.1,118.99,222.54,3.38,918,1582.36,1620.0,19,155,70
2023-01-24,10,1194,Clothing,North,1,0,Rainy,37.4,87.43,273.98,11.14,163,1273.23,1341.21,33,30,3
2023-01-25,20,1178,Electronics,North,0,0,Rainy,20.8,111.82,272.97,6.55,863,132.61,144.4,49,380,35
2023-01-26,28,1193,Electronics,North,0,1,Sunny,28.9,110.65,195.19,7.95,874,889.74,889.96,0,387,161
2023-01-27,48,1180,Electronics,West,1,0,Sunny,21.0,112.81,294.85,4.63,547,931.44,930.71,41,362,67
2023-01-28,37,1159,Sports,South,1,0,Sunny,28.6,90.14,286.05,7.28,139,772.59,763.45,17,270,67
2023-01-29,11,1168,Grocery,South,1,1,Sunny,13.0,111.13,250.51,3.31,118,1129.48,1173.11,43,496,205
2023-01-30,27,1119,Grocery,South,0,1,Rainy,28.1,94.98,250.74,4.63,422,948.95,1028.06,38,356,127
2023-01-31,17,1185,Toys,East,0,1,Sunny,16.6,105.15,223.45,11.11,970,421.88,395.8,2,67,27
2023-02-01,39,1011,Furniture,East,1,0,Sunny,23.8,81.15,208.78,6.06,58,382.61,385.56,15,301,65
2023-02-02,38,1057,Furniture,South,1,0,Cloudy,17.9,84.46,216.44,9.98,291,1959.74,2062.71,40,441,76
2023-02-03,41,1111,Toys,North,1,0,Cloudy,31.1,95.43,200.2,8.52,250,1160.81,1119.77,48,84,14
2023-02-04,42,1068,Sports,North,1,0,Sunny,11.7,89.14,200.31,9.85,621,1364.93,1448.77,5,493,105
2023-02-05,18,1095,Clothing,South,1,0,Cloudy,39.1,95.16,223.79,8.2,88,1866.07,1859.75,14,412,68
2023-02-06,42,1160,Clothing,West,1,1,Cloudy,37.2,91.78,218.8,11.67,628,476.93,502.59,11,142,55
2023-02-07,46,1088,Toys,South,0,1,Sunny,39.9,88.76,295.77,10.59,451,321.17,296.87,24,434,192
2023-02-08,27,1020,Toys,North,0,1,Sunny,16.1,102.54,266.8,3.62,570,1044.32,1068.46,40,423,167
2023-02-09,40,1174,Furniture,East,0,0,Sunny,17.8,104.9,204.31,4.95,956,165.5,178.41,0,225,16
2023-02-10,26,1168,Sports,North,0,0,Cloudy,24.5,115.13,181.41,7.89,656,1092.7,1193.97,7,384,56
2023-02-11,31,1112,Furniture,West,1,0,Sunny,13.2,93.6,276.49,7.95,205,1128.87,1149.03,6,386,77
2023-02-12,44,1103,Clothing,North,1,1,Sunny,23.1,102.42,235.45,9.62,552,567.41,524.09,49,425,173
2023-02-13,5,1198,Grocery,West,0,1,Cloudy,11.3,95.06,203.46,9.41,784,1146.25,1191.06,22,348,129
2023-02-14,25,1021,Electronics,West,1,0,Sunny,26.7,94.42,292.22,10.87,817,1026.77,1059.12,43,357,69
2023-02-15,40,1074,Furniture,South,1,1,Cloudy,17.9,104.87,224.05,5.92,677,186.55,197.79,21,369,155
2023-02-16,30,1066,Sports,North,1,0,Cloudy,33.9,115.42,187.87,9.95,622,1249.9,1284.7,4,223,49
2023-02-17,27,1030,Clothing,North,0,0,Cloudy,29.8,87.92,204.81,8.76,478,1392.17,1380.28,1,321,59
2023-02-18,43,1172,Electronics,South,0,1,Cloudy,16.5,100.54,287.36,8.7,336,1373.51,1333.0,40,202,83
2023-02-19,20,1100,Furniture,West,1,0,Sunny,37.3,88.02,206.76,8.63,755,750.08,692.45,13,374,66
2023-02-20,31,1167,Sports,South,1,0,Sunny,16.0,89.59,209.76,7.84,213,203.24,218.81,33,206,35
2023-02-21,34,1150,Grocery,East,1,0,Cloudy,13.6,116.31,224.51,7.57,102,318.17,302.04,45,194,12
2023-02-22,19,1161,Beauty,West,1,1,Rainy,40.0,115.72,193.94,9.95,575,1600.73,1753.88,42,438,203
2023-02-23,22,1195,Clothing,South,1,0,Sunny,21.0,101.9,183.97,8.49,927,1464.79,1558.25,42,79,0
2023-02-24,42,1049,Toys,West,0,0,Sunny,22.2,115.6,283.94,9.66,195,611.81,610.93,35,404,41
2023-02-25,11,1070,Toys,South,1,0,Sunny,13.1,115.56,188.8,8.77,130,402.16,380.41,25,344,73
2023-02-26,8,1106,Grocery,East,0,1,Rainy,39.8,84.02,230.71,4.03,971,1453.77,1358.85,7,155,54
2023-02-27,39,1014,Clothing,South,1,1,Rainy,18.5,83.43,279.03,10.41,243,1547.71,1450.07,31,422,167
2023-02-28,25,1073,Toys,East,1,1,Cloudy,12.8,107.21,252.69,10.65,991,1246.12,1337.33,31,217,89
2023-03-01,29,1089,Grocery,South,0,0,Cloudy,29.2,93.37,264.82,10.82,86,739.63,720.5,1,85,24
2023-03-02,5,1074,Electronics,West,1,0,Cloudy,20.5,102.47,205.77,7.88,473,1248.09,1205.73,33,247,34
2023-03-03,1,1190,Furniture,West,1,0,Sunny,14.2,116.16,191.98,7.14,879,1631.21,1558.44,3,437,75
2023-03-04,13,1054,Electronics,South,0,0,Sunny,19.8,111.79,286.52,7.48,797,749.42,736.69,4,453,50
2023-03-05,25,1007,Toys,West,0,1,Rainy,13.1,104.77,252.88,5.81,1000,548.11,584.67,30,393,126
2023-03-06,3,1133,Electronics,North,1,0,Rainy,22.0,119.38,294.83,5.27,435,66.34,70.16,35,412,73
2023-03-07,4,1163,Electronics,North,1,0,Sunny,34.0,91.94,246.89,11.59,753,1576.65,1500.96,2,130,25
2023-03-08,37,1037,Toys,South,0,0,Rainy,30.9,110.84,258.19,11.46,517,1473.29,1527.33,30,406,38
2023-03-09,18,1048,Toys,South,0,0,Sunny,14.1,107.33,237.93,5.68,798,305.33,297.86,13,145,26
2023-03-10,37,1060,Electronics,South,0,1,Sunny,36.4,97.84,235.81,10.54,76,1298.03,1190.35,29,86,38
2023-03-11,26,1184,Sports,North,1,0,Cloudy,21.0,97.59,258.0,9.27,106,332.53,312.14,9,331,55
2023-03-12,24,1087,Sports,West,0,0,Rainy,11.1,117.74,206.42,6.25,654,1026.39,1070.4,44,60,0
2023-03-13,37,1181,Toys,West,1,1,Cloudy,38.7,101.33,196.46,9.09,535,1833.85,1651.39,15,124,41
2023-03-14,31,1027,Clothing,East,1,0,Sunny,13.0,102.09,299.32,6.21,872,360.45,361.36,48,349,65
2023-03-15,45,1033,Clothing,South,1,0,Sunny,13.8,111.84,275.47,3.71,475,1373.37,1445.99,8,108,15
2023-03-16,26,1064,Beauty,East,0,1,Cloudy,36.9,99.06,211.49,7.68,711,828.62,867.86,39,441,161
2023-03-17,38,1120,Clothing,East,1,0,Sunny,36.2,97.75,250.71,4.51,496,1583.19,1634.75,21,304,61
2023-03-18,1,1157,Electronics,North,0,1,Cloudy,38.4,117.33,255.35,12.0,280,593.02,630.29,23,82,30
2023-03-19,2,1183,Clothing,South,1,1,Sunny,26.9,87.4,263.18,7.01,143,806.53,815.73,24,369,152
2023-03-20,35,1153,Electronics,East,1,1,Cloudy,25.8,116.43,249.18,6.3,993,82.48,88.98,8,260,111
2023-03-21,29,1104,Toys,South,0,1,Cloudy,39.6,119.59,288.93,10.6,718,1255.82,1270.0,38,113,35
2023-03-22,15,1160,Sports,East,1,1,Rainy,29.6,97.19,221.01,3.24,885,560.55,593.13,8,397,172
2023-03-23,47,1200,Grocery,North,0,0,Sunny,16.5,109.91,209.8,6.73,58,1530.72,1536.77,39,460,43
2023-03-24,18,1189,Toys,North,1,0,Rainy,32.6,106.26,186.55,11.39,33,864.58,816.94,3,310,50
2023-03-25,3,1019,Toys,South,0,0,Cloudy,13.0,108.54,244.66,3.37,840,1790.81,1868.66,34,86,0
2023-03-26,23,1099,Sports,North,0,0,Rainy,10.8,115.73,229.97,9.01,224,445.08,425.4,39,189,28
2023-03-27,30,1041,Clothing,North,0,1,Rainy,19.4,90.53,205.69,7.39,68,1815.25,1923.56,28,158,49
2023-03-28,31,1060,Beauty,East,1,0,Rainy,28.5,109.76,274.55,7.94,499,939.3,997.9,39,203,25
2023-03-29,19,1142,Beauty,West,0,0,Sunny,34.3,106.29,276.4,5.59,800,115.58,123.66,42,291,26
2023-03-30,4,1154,Clothing,East,1,1,Sunny,14.5,118.67,186.79,8.23,551,1634.19,1579.02,24,45,13
2023-03-31,37,1101,Toys,East,0,1,Sunny,21.5,90.61,230.07,11.83,170,1242.82,1341.66,28,142,72
2023-04-01,12,1014,Clothing,North,1,1,Sunny,25.2,117.71,297.14,7.38,464,1991.36,1865.2,16,455,188
2023-04-02,17,1080,Sports,South,0,1,Cloudy,28.6,88.27,180.51,4.62,585,1412.07,1432.32,14,489,182
2023-04-03,29,1137,Toys,North,0,1,Rainy,34.6,84.44,197.56,4.18,657,537.27,553.67,2,68,15
2023-04-04,41,1007,Beauty,North,0,0,Rainy,36.1,111.49,215.35,7.09,178,759.63,717.41,25,335,48
2023-04-05,22,1116,Clothing,North,1,1,Rainy,30.8,108.82,183.49,4.49,239,1582.12,1683.34,9,268,132
2023-04-06,15,1136,Toys,East,0,0,Cloudy,35.5,101.96,234.63,4.57,815,580.0,565.01,30,425,60
2023-04-07,16,1008,Grocery,East,0,1,Rainy,32.0,90.25,185.14,3.89,830,1854.71,1796.4,16,312,123
2023-04-08,48,1043,Grocery,North,0,0,Sunny,29.9,81.87,224.13,10.35,426,548.36,591.93,49,257,8
2023-04-09,27,1045,Toys,West,0,1,Sunny,19.1,93.8,246.57,6.0,599,1754.89,1635.31,50,51,5
2023-04-10,35,1164,Grocery,East,0,1,Cloudy,29.6,85.68,284.55,10.07,537,397.88,436.21,48,275,94
2023-04-11,21,1045,Grocery,South,1,1,Rainy,39.6,90.14,235.4,8.27,647,935.5,892.27,22,463,184
2023-04-12,17,1122,Toys,South,1,0,Cloudy,27.7,107.44,188.72,5.13,831,1486.07,1564.19,49,270,31
2023-04-13,17,1117,Sports,North,1,1,Sunny,32.7,101.29,240.79,8.43,965,1495.54,1365.39,21,205,86
2023-04-14,27,1148,Furniture,North,0,0,Cloudy,31.3,115.8,180.2,9.04,123,466.62,469.21,45,464,38
2023-04-15,9,1005,Clothing,West,1,0,Sunny,27.3,93.86,269.06,7.16,969,819.57,768.29,19,180,22
2023-04-16,24,1180,Toys,South,1,1,Rainy,12.7,103.26,204.82,8.22,409,553.78,542.11,34,243,86
2023-04-17,1,1068,Beauty,South,0,0,Rainy,17.4,91.54,180.61,11.33,285,699.96,736.88,21,231,22
2023-04-18,20,1058,Toys,East,0,0,Rainy,19.8,117.99,184.64,10.28,937,1467.58,1445.23,31,487,74
2023-04-19,18,1183,Clothing,North,0,1,Sunny,34.6,91.45,288.25,6.54,179,1411.71,1436.28,9,234,88
2023-04-20,47,1192,Beauty,South,1,1,Sunny,19.7,107.73,203.88,9.83,905,1871.41,1719.18,0,268,102
2023-04-21,27,1021,Beauty,West,1,1,Cloudy,29.7,82.39,196.71,11.3,816,294.2,273.3,26,154,62
2023-04-22,33,1107,Beauty,East,0,1,Rainy,19.6,104.98,230.33,6.06,817,141.65,129.46,22,298,101
2023-04-23,7,1095,Clothing,West,0,0,Rainy,27.7,97.46,254.73,9.37,409,1412.68,1546.99,28,352,25
2023-04-24,23,1028,Grocery,South,1,0,Rainy,30.8,101.5,203.67,7.86,533,1994.82,2000.65,6,148,27
2023-04-25,8,1112,Toys,East,0,1,Rainy,16.5,96.3,234.63,10.41,265,1789.28,1686.16,31,99,53
2023-04-26,41,1061,Electronics,North,0,1,Rainy,11.5,117.78,252.91,3.56,271,1904.44,2061.36,43,93,36
2023-04-27,47,1065,Toys,East,1,0,Sunny,31.0,88.01,276.21,5.3,187,1448.32,1369.5,26,307,54
2023-04-28,43,1165,Sports,North,1,1,Rainy,21.2,87.98,237.45,8.61,336,1029.62,1054.3,27,326,124
2023-04-29,37,1059,Electronics,East,1,0,Sunny,23.0,100.67,276.29,3.88,700,611.23,595.99,20,444,81
2023-04-30,27,1192,Beauty,West,0,0,Sunny,33.3,99.07,236.1,6.91,989,998.71,1064.28,41,417,49
2023-05-01,27,1099,Clothing,North,0,0,Rainy,11.2,96.74,265.33,5.31,483,535.3,584.84,19,368,45
2023-05-02,11,1025,Beauty,South,1,1,Sunny,37.5,81.04,240.17,8.67,895,794.02,833.59,24,347,141
2023-05-03,3,1176,Toys,West,0,0,Sunny,17.7,99.76,283.25,6.71,567,1046.73,1068.89,13,88,24
2023-05-04,29,1066,Sports,South,1,0,Cloudy,18.4,85.52,210.48,9.82,430,933.35,932.46,8,348,71
2023-05-05,9,1149,Furniture,West,1,0,Cloudy,16.1,93.9,223.29,10.26,235,1980.29,2022.05,20,283,37
2023-05-06,39,1141,Electronics,North,0,1,Sunny,13.8,107.79,299.55,11.62,650,1475.19,1429.86,5,449,181
2023-05-07,32,1047,Grocery,East,0,1,Cloudy,35.5,104.67,280.65,5.78,859,369.23,390.68,40,382,152
2023-05-08,44,1143,Furniture,South,1,1,Rainy,16.0,101.38,198.25,5.58,194,720.41,657.34,31,32,26
2023-05-09,21,1151,Furniture,South,0,0,Cloudy,15.5,94.77,196.79,7.14,261,862.76,789.36,21,496,64
2023-05-10,46,1186,Toys,East,0,1,Cloudy,10.4,100.25,199.42,7.07,316,731.19,780.85,32,151,52
2023-05-11,38,1033,Toys,West,0,1,Sunny,33.3,88.56,214.94,6.0,269,1040.17,1059.72,36,37,0
2023-05-12,26,1109,Sports,South,1,0,Rainy,34.9,114.99,257.48,11.78,829,1725.07,1635.45,4,270,66
2023-05-13,27,1090,Sports,East,0,0,Cloudy,24.6,112.47,247.59,7.03,134,543.78,535.85,49,397,48
2023-05-14,21,1006,Clothing,South,1,0,Cloudy,35.0,106.36,274.94,9.19,91,1095.39,1056.16,37,179,30
2023-05-15,17,1072,Toys,East,0,0,Rainy,28.0,110.74,229.13,7.57,944,1677.91,1523.88,17,409,63
2023-05-16,4,1165,Sports,West,0,0,Rainy,38.2,97.0,291.89,6.69,756,1704.54,1819.04,23,375,52
2023-05-17,7,1015,Furniture,South,1,1,Rainy,34.7,94.65,218.55,9.96,300,459.09,445.09,50,85,18
2023-05-18,49,1051,Beauty,East,0,0,Rainy,15.1,106.1,225.67,6.34,246,1437.27,1474.59,16,212,29
2023-05-19,12,1004,Grocery,South,0,0,Sunny,21.7,97.22,271.73,8.17,474,1352.31,1287.35,31,437,57
2023-05-20,2,1185,Beauty,South,1,0,Cloudy,36.7,94.83,207.76,6.19,993,607.21,626.97,9,319,56
2023-05-21,16,1048,Clothing,East,1,1,Sunny,32.6,83.23,266.69,9.13,313,769.66,725.0,36,231,105
2023-05-22,21,1020,Sports,North,1,1,Sunny,34.5,85.05,195.71,10.34,689,1949.84,1976.07,29,233,108
2023-05-23,14,1040,Grocery,North,1,1,Sunny,39.4,101.73,234.67,11.0,526,928.82,921.36,31,491,203
2023-05-24,40,1107,Electronics,South,0,1,Cloudy,35.0,101.9,209.56,9.85,890,806.93,826.43,41,198,49
2023-05-25,25,1161,Clothing,West,0,0,Sunny,30.3,113.16,231.71,6.14,494,307.32,285.48,4,480,62
2023-05-26,35,1097,Grocery,East,1,1,Sunny,27.1,107.25,222.06,6.59,456,934.81,935.63,39,269,106
2023-05-27,19,1146,Furniture,East,1,1,Rainy,29.9,94.34,289.44,7.74,356,199.24,212.28,46,241,98
2023-05-28,20,1164,Beauty,South,1,0,Rainy,38.7,81.42,218.43,5.48,829,820.06,878.64,46,418,73
2023-05-29,15,1075,Electronics,West,1,1,Sunny,28.1,97.5,264.52,11.47,895,138.1,133.83,12,201,100
2023-05-30,26,1163,Furniture,North,1,0,Sunny,30.2,114.61,215.93,7.24,240,342.36,320.31,45,375,52
2023-05-31,50,1179,Toys,North,0,0,Rainy,31.6,90.93,280.36,4.75,267,1552.63,1498.09,34,321,34
2023-06-01,15,1113,Grocery,West,1,0,Cloudy,36.9,107.99,284.82,3.31,49,279.3,295.84,21,387,70
2023-06-02,42,1131,Clothing,East,1,1,Cloudy,37.2,87.45,271.04,6.57,38,798.87,859.78,33,254,92
2023-06-03,5,1137,Sports,North,1,1,Rainy,16.9,85.7,252.32,4.55,794,1989.09,1996.53,42,436,168
2023-06-04,34,1068,Furniture,West,0,1,Cloudy,28.9,104.9,294.33,9.94,698,1297.98,1221.04,49,171,54
2023-06-05,31,1175,Clothing,West,0,0,Sunny,32.7,114.97,273.19,4.42,376,67.3,60.85,3,187,17
2023-06-06,45,1047,Clothing,West,1,0,Rainy,13.4,102.55,190.24,7.9,199,1842.47,1735.04,18,45,8
2023-06-07,44,1154,Grocery,South,1,1,Sunny,38.0,82.82,222.49,10.04,231,1465.6,1508.87,38,282,112
2023-06-08,18,1145,Grocery,East,0,0,Sunny,10.3,91.96,182.35,7.79,289,446.84,403.83,25,252,55
2023-06-09,3,1075,Electronics,North,1,0,Cloudy,35.0,119.33,296.24,8.88,471,1077.84,1049.47,49,252,42
2023-06-10,21,1050,Grocery,East,1,1,Cloudy,24.6,81.33,266.65,8.07,771,1034.11,1057.99,33,132,40
2023-06-11,43,1145,Grocery,North,1,0,Sunny,18.9,98.84,210.75,5.64,818,1100.37,1131.23,12,144,11
2023-06-12,21,1092,Sports,West,0,1,Sunny,15.5,116.95,211.43,7.07,465,1654.04,1548.17,3,127,57
2023-06-13,20,1106,Furniture,East,0,0,Sunny,25.9,81.48,203.13,5.3,322,1553.31,1432.77,18,100,21
2023-06-14,49,1083,Furniture,West,0,1,Sunny,12.5,94.96,242.23,11.69,967,806.23,760.18,3,229,112
2023-06-15,1,1067,Electronics,East,0,0,Sunny,35.3,118.54,208.45,11.28,366,822.74,841.27,4,320,45
2023-06-16,6,1062,Furniture,North,0,0,Rainy,14.4,88.85,261.88,3.79,442,1348.78,1418.55,15,284,35
2023-06-17,24,1190,Sports,South,0,1,Rainy,19.7,111.3,216.25,11.04,868,1979.23,2159.45,35,165,51
2023-06-18,4,1073,Furniture,South,1,0,Sunny,23.8,105.93,182.66,10.18,669,1700.78,1633.21,50,76,9
2023-06-19,1,1062,Electronics,East,0,0,Sunny,27.7,107.9,201.23,6.25,411,82.2,79.22,26,277,42
2023-06-20,11,1095,Clothing,North,1,0,Cloudy,28.7,119.1,270.57,4.96,495,986.14,1073.56,25,152,26
2023-06-21,5,1058,Beauty,West,0,0,Sunny,33.0,84.07,254.5,5.25,685,1081.61,1119.78,17,419,68
2023-06-22,33,1097,Clothing,South,0,0,Cloudy,28.7,101.61,201.36,3.58,818,1873.78,1782.42,33,96,4
2023-06-23,3,1185,Furniture,East,1,1,Sunny,38.5,96.14,185.04,7.95,931,509.63,526.51,30,147,55
2023-06-24,13,1178,Beauty,South,0,0,Sunny,39.4,86.97,223.43,10.29,775,1031.17,945.97,47,392,37
2023-06-25,19,1150,Furniture,South,0,0,Cloudy,16.0,87.65,215.78,6.06,185,448.73,477.77,39,329,57
2023-06-26,15,1104,Furniture,South,1,1,Cloudy,31.5,106.29,236.27,11.44,375,385.43,407.43,40,171,64
2023-06-27,25,1160,Grocery,East,0,0,Sunny,12.4,106.23,205.78,8.64,963,736.83,756.11,0,279,25
2023-06-28,35,1047,Electronics,South,1,0,Sunny,26.1,107.6,230.26,3.77,401,1178.84,1289.89,33,468,95
2023-06-29,3,1131,Clothing,West,0,1,Rainy,17.1,80.45,279.64,9.5,563,1861.97,1850.12,18,333,125
2023-06-30,10,1174,Electronics,North,0,0,Sunny,14.5,99.48,219.83,11.9,322,454.13,455.99,12,24,6
2023-07-01,46,1116,Grocery,West,0,1,Rainy,16.0,92.98,209.52,6.87,469,1900.13,1749.03,49,475,165
2023-07-02,49,1108,Toys,North,1,1,Cloudy,29.3,118.31,202.78,7.19,358,1300.66,1187.73,8,156,72
2023-07-03,39,1182,Electronics,South,1,1,Cloudy,19.0,102.66,246.55,10.9,663,1701.92,1669.66,13,304,147
2023-07-04,43,1126,Toys,East,0,1,Rainy,25.1,115.13,242.46,3.37,442,391.53,382.57,36,261,89
2023-07-05,41,1165,Furniture,North,0,0,Cloudy,35.6,109.82,188.76,7.78,803,812.58,846.67,20,390,51
2023-07-06,48,1012,Grocery,East,0,0,Rainy,28.7,113.8,216.3,11.96,863,911.15,823.83,1,362,61
2023-07-07,20,1034,Furniture,West,0,1,Cloudy,32.6,90.92,191.84,4.3,151,1945.45,2003.3,25,56,4
2023-07-08,41,1159,Beauty,South,1,0,Sunny,31.1,91.61,278.11,7.28,242,886.73,902.31,25,182,33
2023-07-09,49,1158,Toys,East,0,0,Cloudy,34.3,99.83,263.52,6.35,883,828.06,787.72,4,224,43
2023-07-10,14,1152,Grocery,East,0,0,Cloudy,28.9,108.69,221.02,3.92,734,1986.9,2084.94,18,249,19
2023-07-11,31,1048,Beauty,South,0,1,Rainy,23.5,109.21,210.92,4.3,182,1104.48,1009.07,10,280,103
2023-07-12,42,1161,Sports,West,0,0,Cloudy,26.2,89.89,290.67,5.99,153,1173.54,1198.91,39,132,11
2023-07-13,15,1173,Grocery,West,1,0,Sunny,32.1,101.37,231.01,10.76,805,1902.16,1936.98,17,459,103
2023-07-14,10,1132,Sports,West,1,0,Rainy,37.6,82.79,241.33,9.01,54,1149.04,1160.34,35,477,76
2023-07-15,49,1146,Clothing,West,0,1,Rainy,31.4,88.72,200.63,6.97,665,692.27,673.71,7,368,137
2023-07-16,9,1096,Clothing,South,0,0,Sunny,34.1,90.97,253.89,10.48,42,1031.77,1023.77,43,177,26
2023-07-17,44,1025,Clothing,North,0,1,Cloudy,16.3,117.67,215.37,6.47,331,290.48,282.84,4,406,138
2023-07-18,5,1074,Grocery,West,1,1,Rainy,16.3,111.24,200.84,3.5,810,286.83,301.21,15,162,72
2023-07-19,31,1018,Furniture,East,1,1,Sunny,15.7,105.47,264.22,7.6,697,1454.15,1432.18,13,29,19
2023-07-20,31,1009,Furniture,North,0,1,Sunny,15.4,88.45,288.85,3.67,297,848.14,838.02,19,466,175
2023-07-21,6,1135,Grocery,West,1,1,Cloudy,32.5,119.31,207.07,9.62,605,1472.43,1410.67,48,67,12
2023-07-22,38,1179,Grocery,North,0,0,Rainy,28.9,118.34,295.2,8.63,64,1919.74,1771.24,6,92,13
2023-07-23,2,1125,Clothing,North,1,0,Rainy,20.6,102.2,256.88,7.59,416,1391.98,1507.65,4,107,29
2023-07-24,34,1193,Grocery,North,1,0,Sunny,17.7,89.37,211.84,7.82,601,1664.07,1563.54,2,210,54
2023-07-25,45,1191,Electronics,South,1,1,Cloudy,20.7,105.73,218.14,6.02,595,549.35,566.86,20,306,106
2023-07-26,24,1080,Toys,West,0,0,Rainy,25.3,110.75,239.13,7.32,433,576.63,607.27,46,233,14
2023-07-27,46,1112,Sports,South,0,0,Sunny,21.6,87.82,268.62,3.63,381,1801.7,1747.17,50,441,42
2023-07-28,37,1050,Toys,East,1,1,Rainy,38.1,105.07,274.83,5.56,968,1595.65,1652.73,41,403,177
2023-07-29,40,1199,Grocery,South,0,0,Sunny,20.0,93.54,224.32,8.61,680,1683.42,1739.39,31,441,54
2023-07-30,48,1134,Toys,West,1,1,Rainy,14.5,99.17,216.85,7.48,36,822.19,764.74,7,433,186
2023-07-31,12,1030,Beauty,East,1,1,Rainy,33.7,100.03,280.83,7.65,836,1883.14,1706.7,22,168,80
2023-08-01,50,1003,Sports,South,0,0,Rainy,25.9,107.03,195.07,8.41,103,1230.97,1153.67,31,483,74
2023-08-02,41,1140,Grocery,South,0,0,Rainy,16.2,99.66,208.39,11.25,910,1632.08,1771.01,44,359,35
2023-08-03,8,1184,Sports,North,0,1,Rainy,23.3,119.59,202.54,11.3,187,880.87,795.15,40,128,32
2023-08-04,5,1178,Toys,South,1,0,Rainy,22.7,110.23,273.54,4.71,410,452.92,440.56,26,241,45
2023-08-05,9,1109,Sports,West,0,0,Cloudy,37.6,92.89,194.75,3.24,463,1687.97,1754.27,18,459,57
2023-08-06,1,1050,Sports,South,0,1,Sunny,29.5,93.55,212.31,10.06,687,1362.78,1456.47,43,225,68
2023-08-07,24,1009,Furniture,West,1,0,Rainy,30.4,85.79,285.92,7.42,524,684.87,664.01,48,363,58
2023-08-08,33,1096,Toys,West,0,1,Sunny,26.5,82.12,237.62,7.18,429,730.99,749.58,28,91,17
2023-08-09,9,1089,Furniture,South,0,1,Sunny,33.7,115.7,296.35,7.37,695,1425.58,1446.06,3,26,17
2023-08-10,45,1099,Electronics,West,0,1,Sunny,10.1,117.2,267.87,11.22,928,963.42,874.48,46,48,9
2023-08-11,42,1031,Electronics,South,1,0,Rainy,31.1,80.81,229.72,9.32,619,1862.04,2019.23,32,190,36
2023-08-12,27,1051,Toys,West,1,0,Cloudy,23.4,113.85,182.95,6.72,946,693.44,695.74,27,192,34
2023-08-13,29,1115,Toys,North,0,1,Cloudy,39.9,82.62,252.37,8.45,762,1945.4,1967.3,32,422,169
2023-08-14,48,1192,Toys,West,1,0,Sunny,38.0,107.42,217.62,5.0,59,218.71,218.7,13,31,3
2023-08-15,6,1150,Toys,West,0,0,Sunny,38.6,94.46,258.87,7.63,980,738.99,738.98,48,56,0
2023-08-16,42,1084,Grocery,West,1,0,Rainy,11.2,109.0,221.16,9.59,75,968.28,899.62,7,104,20
2023-08-17,11,1138,Beauty,North,1,0,Rainy,20.7,111.39,285.49,8.55,29,1701.24,1571.86,28,115,14
2023-08-18,1,1034,Furniture,East,1,1,Rainy,31.6,106.2,190.78,5.27,750,618.59,571.42,11,458,205
2023-08-19,8,1160,Beauty,South,1,1,Cloudy,33.7,90.02,254.08,3.04,845,114.85,106.75,7,118,43
2023-08-20,14,1195,Grocery,South,1,1,Cloudy,24.7,98.68,268.57,7.55,391,290.35,313.99,5,70,28
2023-08-21,29,1143,Electronics,West,1,1,Rainy,28.1,117.53,247.47,4.22,338,1798.04,1701.27,17,496,213
2023-08-22,2,1169,Clothing,South,1,1,Sunny,30.9,113.42,256.63,6.46,727,1142.78,1080.83,27,350,151
2023-08-23,6,1129,Sports,West,1,1,Sunny,39.6,113.48,295.4,3.17,287,128.32,121.49,41,28,0
2023-08-24,34,1045,Toys,North,0,1,Cloudy,14.2,102.81,213.95,4.01,101,1135.08,1098.77,16,223,94
2023-08-25,18,1195,Grocery,East,0,1,Cloudy,15.1,109.67,286.22,9.52,829,449.13,414.25,39,213,85
2023-08-26,36,1014,Electronics,West,1,1,Sunny,24.3,98.72,277.6,4.61,162,1912.75,1810.3,42,126,40
2023-08-27,7,1051,Sports,South,0,0,Cloudy,26.8,109.91,279.89,3.65,873,1857.92,1860.0,35,268,30
2023-08-28,30,1017,Electronics,West,1,1,Cloudy,16.0,112.14,180.3,3.46,603,478.67,509.68,37,429,208
2023-08-29,26,1087,Grocery,West,0,0,Rainy,14.5,101.18,186.7,3.77,842,1130.99,1234.24,38,372,37
2023-08-30,36,1106,Electronics,South,1,1,Cloudy,38.9,119.26,297.88,11.26,296,1588.63,1542.17,0,111,58
2023-08-31,29,1194,Clothing,North,1,0,Sunny,12.8,104.79,268.46,8.76,305,1262.3,1153.52,3,144,36
2023-09-01,1,1169,Sports,West,1,1,Cloudy,22.2,115.06,285.33,4.82,709,1127.13,1124.72,35,44,1
2023-09-02,7,1096,Toys,South,0,0,Cloudy,36.0,108.53,242.7,4.61,829,1470.95,1367.22,44,30,0
2023-09-03,2,1122,Sports,West,1,0,Cloudy,12.6,102.33,238.05,7.11,370,467.99,498.33,34,323,51
2023-09-04,35,1053,Toys,North,1,1,Sunny,24.1,95.55,188.28,5.48,565,1682.74,1668.9,33,214,81
2023-09-05,37,1041,Grocery,West,0,0,Sunny,17.0,109.13,275.25,11.96,322,232.51,210.65,9,148,24
2023-09-06,37,1180,Sports,East,1,1,Cloudy,20.1,95.23,239.12,8.88,258,399.1,366.41,6,115,43
2023-09-07,29,1114,Beauty,East,0,0,Cloudy,11.1,91.7,214.7,4.18,1000,1983.63,1861.19,50,443,44
2023-09-08,48,1006,Sports,West,1,0,Sunny,32.0,93.01,243.63,6.16,444,1384.21,1470.26,49,326,54
2023-09-09,46,1071,Furniture,East,1,1,Sunny,24.4,83.53,236.12,4.57,118,1566.24,1472.8,46,118,24
2023-09-10,32,1007,Toys,West,1,1,Rainy,35.8,107.98,225.33,8.11,998,1991.39,2174.54,50,200,89
2023-09-11,35,1022,Grocery,West,0,1,Rainy,26.8,96.89,246.13,11.51,426,367.69,340.04,1,366,141
2023-09-12,45,1087,Furniture,South,0,0,Rainy,13.4,105.87,246.05,9.75,466,937.11,1017.59,18,149,17
2023-09-13,24,1149,Toys,East,1,1,Rainy,31.7,82.19,278.8,11.38,980,290.3,272.39,49,107,37
2023-09-14,7,1009,Grocery,West,1,0,Rainy,11.2,108.4,240.75,9.9,797,962.06,1050.14,41,177,19
2023-09-15,4,1182,Clothing,South,0,1,Rainy,30.5,97.97,201.66,5.78,989,1569.3,1508.36,39,457,169
2023-09-16,14,1179,Sports,West,0,0,Cloudy,32.0,97.34,294.1,7.18,574,1057.69,1152.65,23,423,61
2023-09-17,24,1134,Grocery,South,0,1,Cloudy,35.0,107.84,216.08,7.17,506,1552.45,1682.88,9,99,46
2023-09-18,33,1022,Toys,South,1,0,Cloudy,13.7,87.93,265.76,9.18,266,1008.45,928.9,28,349,48
2023-09-19,49,1043,Grocery,North,1,0,Sunny,14.8,100.96,269.85,10.42,474,288.62,302.29,32,149,12
2023-09-20,11,1074,Sports,West,0,0,Cloudy,33.1,105.27,194.29,4.26,854,655.36,610.48,46,431,38
2023-09-21,6,1124,Grocery,South,1,0,Rainy,26.0,84.35,190.01,10.03,860,1223.73,1338.7,42,473,83
2023-09-22,47,1099,Sports,West,0,0,Cloudy,19.0,108.18,241.81,8.56,774,682.78,741.14,26,424,58
2023-09-23,47,1015,Grocery,West,1,1,Rainy,38.6,91.54,285.73,4.75,756,390.4,354.55,10,358,135
2023-09-24,3,1133,Grocery,East,0,1,Rainy,39.8,110.97,209.75,10.58,323,1199.56,1111.15,17,49,17
2023-09-25,27,1068,Beauty,South,0,0,Cloudy,24.4,101.37,205.01,4.23,35,472.77,441.32,28,67,0
2023-09-26,45,1083,Furniture,East,0,0,Cloudy,39.1,112.17,230.47,6.4,21,64.6,67.97,14,216,32
2023-09-27,35,1162,Grocery,East,1,0,Sunny,18.9,106.74,293.52,10.08,825,1342.5,1409.76,28,133,17
2023-09-28,18,1019,Beauty,West,0,0,Cloudy,14.9,98.78,246.91,3.59,903,1487.89,1563.07,48,146,9
2023-09-29,45,1137,Sports,South,1,0,Cloudy,33.6,104.46,282.96,8.86,990,842.49,868.33,9,398,78
2023-09-30,1,1178,Beauty,West,1,0,Cloudy,23.7,112.03,284.97,4.67,723,119.23,129.26,1,314,46
2023-10-01,11,1150,Sports,North,1,0,Cloudy,22.6,114.53,229.28,9.93,204,1299.42,1428.26,33,255,54
2023-10-02,5,1115,Beauty,West,1,1,Sunny,20.3,112.01,290.34,4.58,205,926.28,872.31,33,439,188
2023-10-03,8,1003,Beauty,North,1,0,Sunny,30.5,109.03,268.16,4.87,345,694.62,675.69,50,412,64
2023-10-04,17,1171,Furniture,East,1,1,Cloudy,18.1,115.1,238.57,3.25,985,1303.61,1175.9,45,438,190
2023-10-05,10,1010,Clothing,West,1,0,Cloudy,19.0,114.15,262.69,7.35,759,871.08,894.27,35,106,0
2023-10-06,35,1146,Sports,East,0,1,Sunny,19.2,84.97,216.97,3.76,269,1917.45,1852.13,39,243,87
2023-10-07,23,1092,Electronics,South,1,0,Rainy,12.9,109.32,205.2,5.33,180,996.31,1000.33,8,72,8
2023-10-08,18,1119,Electronics,East,0,1,Sunny,26.8,83.46,292.04,6.98,915,793.79,770.85,0,283,123
2023-10-09,41,1133,Sports,South,0,1,Rainy,16.4,98.6,234.74,4.56,755,1180.88,1183.72,5,212,83
2023-10-10,40,1087,Electronics,North,0,0,Cloudy,27.8,107.28,185.72,4.86,264,1853.65,1780.77,20,318,41
2023-10-11,23,1113,Grocery,South,1,0,Rainy,24.3,100.1,250.68,9.99,887,1581.6,1554.34,13,137,29
2023-10-12,14,1110,Clothing,East,0,0,Cloudy,27.3,107.83,295.65,11.44,536,1578.6,1601.84,0,497,71
2023-10-13,20,1178,Grocery,East,1,0,Cloudy,13.2,115.3,257.75,8.0,251,541.91,584.34,7,410,74
2023-10-14,19,1113,Furniture,North,0,1,Sunny,25.5,101.36,262.94,8.86,959,1290.15,1170.41,45,405,153
2023-10-15,12,1169,Sports,South,1,0,Rainy,39.1,81.8,294.75,9.14,560,1584.55,1720.97,1,92,3
2023-10-16,8,1200,Electronics,West,0,1,Cloudy,13.1,96.19,197.49,9.6,978,896.53,932.27,11,57,34
2023-10-17,25,1062,Toys,West,0,1,Cloudy,37.4,83.18,263.31,6.21,562,103.71,95.82,12,153,54
2023-10-18,30,1104,Furniture,West,1,0,Rainy,23.5,82.86,190.96,3.28,189,858.52,805.45,46,466,82
2023-10-19,39,1070,Beauty,East,0,0,Rainy,14.7,85.56,201.96,7.59,269,706.09,660.32,34,399,41
2023-10-20,39,1009,Grocery,West,1,0,Rainy,26.0,90.13,184.54,10.94,385,960.42,1030.97,24,150,14
2023-10-21,39,1170,Electronics,West,0,1,Cloudy,36.2,87.91,234.68,5.84,898,918.89,865.45,30,340,116
2023-10-22,8,1149,Furniture,West,0,1,Sunny,28.3,97.96,222.74,3.12,898,586.9,573.2,27,337,109
2023-10-23,19,1086,Electronics,West,1,1,Sunny,27.8,106.01,220.01,3.5,44,428.57,390.64,39,258,94
2023-10-24,11,1150,Electronics,South,1,0,Cloudy,25.1,98.82,275.36,11.11,342,1514.13,1377.77,49,134,23
2023-10-25,33,1138,Grocery,North,1,1,Sunny,29.9,88.12,199.38,4.96,561,1288.07,1347.19,37,116,28
2023-10-26,43,1086,Grocery,East,1,0,Rainy,10.6,89.09,239.23,3.99,409,803.16,761.88,7,459,121
2023-10-27,48,1025,Grocery,East,0,1,Rainy,29.7,88.41,227.35,9.82,965,1422.44,1464.14,43,335,123
2023-10-28,38,1129,Sports,East,1,1,Sunny,16.3,89.4,182.26,4.64,858,1319.67,1440.94,45,168,68
2023-10-29,4,1150,Clothing,West,1,1,Sunny,11.8,80.84,254.3,9.49,520,184.46,189.9,24,153,64
2023-10-30,49,1018,Sports,East,1,1,Sunny,26.2,83.3,226.34,6.98,667,1570.18,1610.2,26,85,10
2023-10-31,41,1200,Toys,South,0,1,Rainy,20.7,85.04,182.61,9.96,617,210.74,224.38,7,283,115
2023-11-01,5,1027,Toys,West,1,0,Rainy,13.9,113.58,245.24,8.4,713,1271.02,1343.55,15,154,35
2023-11-02,38,1053,Clothing,North,1,1,Sunny,11.0,117.35,218.04,9.93,895,611.2,577.32,10,414,172
2023-11-03,35,1032,Grocery,South,1,0,Sunny,13.2,90.38,288.14,7.25,250,161.68,165.44,23,379,61
2023-11-04,18,1027,Sports,West,0,0,Rainy,12.6,96.06,185.74,4.74,170,1966.55,1904.45,14,62,15
2023-11-05,13,1059,Toys,North,0,0,Rainy,16.0,110.38,222.67,4.13,905,505.11,485.28,2,297,32
2023-11-06,43,1166,Sports,West,0,1,Sunny,30.0,115.4,185.04,5.09,141,264.21,242.65,30,495,178
2023-11-07,6,1140,Beauty,South,1,0,Sunny,12.9,117.91,219.78,5.36,20,1393.73,1267.42,37,105,4
2023-11-08,15,1148,Toys,East,0,1,Sunny,10.9,102.44,266.66,7.15,539,1314.95,1403.62,18,90,41
2023-11-09,28,1014,Furniture,West,1,1,Cloudy,17.6,98.92,198.14,11.94,980,545.47,566.4,45,122,52
2023-11-10,21,1142,Grocery,North,0,0,Sunny,25.4,105.28,233.74,10.0,922,351.03,381.27,29,141,0
2023-11-11,26,1157,Grocery,North,0,0,Cloudy,15.0,102.38,267.51,9.81,783,1307.2,1378.47,31,52,2
2023-11-12,28,1063,Toys,South,1,1,Cloudy,39.9,89.02,180.22,4.44,308,1166.9,1086.48,42,117,40
2023-11-13,34,1087,Clothing,South,0,0,Sunny,23.9,99.6,198.5,5.7,479,1414.97,1506.28,45,237,29
2023-11-14,12,1089,Clothing,West,1,1,Rainy,20.9,114.92,291.61,3.95,166,1294.93,1279.09,38,339,137
2023-11-15,10,1140,Electronics,West,0,1,Sunny,15.4,82.16,190.49,5.82,45,1215.62,1105.12,34,23,5
2023-11-16,27,1181,Furniture,North,1,0,Rainy,28.6,97.72,183.94,3.69,957,196.73,207.55,46,78,2
2023-11-17,19,1149,Grocery,West,1,1,Rainy,26.1,100.78,231.41,6.46,305,416.7,452.91,11,453,190
2023-11-18,6,1014,Grocery,South,0,1,Rainy,28.9,88.13,274.5,9.61,125,779.28,831.08,25,498,199
2023-11-19,35,1057,Beauty,North,0,1,Rainy,29.4,113.74,218.37,11.88,311,1431.52,1552.44,27,63,32
2023-11-20,21,1095,Sports,West,0,1,Cloudy,26.3,100.54,247.92,10.07,307,1196.19,1212.62,24,151,49
2023-11-21,39,1021,Clothing,East,1,1,Rainy,19.4,96.1,251.76,4.45,370,1621.62,1542.16,5,86,36
2023-11-22,36,1175,Furniture,West,1,1,Rainy,26.1,86.09,199.75,3.63,682,1255.11,1140.65,34,254,104
2023-11-23,46,1200,Clothing,West,1,1,Rainy,17.1,107.93,269.08,11.59,737,1186.28,1271.47,46,79,30
2023-11-24,25,1180,Clothing,South,0,1,Sunny,31.2,80.11,248.41,6.43,670,1346.86,1385.01,33,205,55
2023-11-25,40,1199,Toys,South,1,0,Cloudy,12.0,102.45,273.49,10.72,81,285.09,273.49,21,173,34
2023-11-26,16,1022,Sports,West,0,1,Sunny,32.5,84.06,235.62,11.49,72,1395.76,1322.78,14,109,55
2023-11-27,17,1046,Grocery,South,0,1,Rainy,22.7,89.13,232.44,9.86,663,1143.04,1213.18,24,199,80
2023-11-28,9,1165,Toys,East,1,1,Rainy,37.8,100.57,199.81,6.84,326,908.03,995.82,31,261,111
2023-11-29,28,1014,Grocery,East,1,1,Sunny,31.4,96.23,231.24,6.29,84,323.0,336.19,34,438,184
2023-11-30,22,1143,Clothing,West,1,0,Rainy,17.2,114.98,275.5,9.52,585,1504.29,1461.53,22,368,68
2023-12-01,2,1188,Beauty,South,1,1,Cloudy,24.8,89.43,287.39,8.07,251,1002.76,1018.0,43,123,43
2023-12-02,33,1021,Grocery,West,1,1,Rainy,26.1,113.26,213.94,3.48,697,650.38,659.17,26,90,34
2023-12-03,43,1024,Toys,West,0,0,Cloudy,22.3,104.44,191.39,3.23,86,1206.84,1184.1,17,366,59
2023-12-04,40,1068,Clothing,North,0,0,Rainy,14.6,91.08,209.17,11.39,585,1100.32,1193.36,21,35,6
2023-12-05,35,1033,Grocery,West,1,1,Sunny,37.4,92.54,275.56,3.73,678,1906.8,1966.49,41,149,61
2023-12-06,27,1135,Toys,North,1,0,Rainy,35.6,90.89,201.32,3.82,945,1076.14,1155.69,11,487,95
2023-12-07,32,1005,Sports,South,1,1,Cloudy,20.0,113.14,184.3,3.63,317,1019.0,1017.26,26,325,139
2023-12-08,8,1084,Toys,North,0,0,Sunny,33.3,94.8,206.26,9.93,541,1123.47,1152.41,47,316,20
2023-12-09,7,1062,Beauty,West,0,0,Rainy,32.3,107.03,202.11,7.84,916,1592.91,1443.78,6,362,66
2023-12-10,36,1050,Furniture,South,0,1,Rainy,16.6,113.91,242.5,6.65,997,1619.63,1746.95,50,34,0
2023-12-11,12,1127,Clothing,North,0,0,Rainy,18.4,113.12,257.81,5.17,306,262.25,257.57,25,271,39
2023-12-12,33,1152,Grocery,West,0,0,Cloudy,34.8,119.39,286.86,4.22,213,1651.01,1712.13,13,83,10
2023-12-13,34,1078,Sports,South,1,0,Rainy,22.2,105.62,189.87,10.48,425,320.07,304.56,34,97,0
2023-12-14,35,1108,Beauty,East,1,0,Sunny,28.6,98.3,275.45,11.49,846,1447.94,1399.13,11,170,41
2023-12-15,14,1166,Grocery,East,0,0,Sunny,11.7,90.55,286.43,4.82,141,1475.59,1608.63,3,288,29
2023-12-16,38,1148,Grocery,South,1,0,Rainy,16.6,100.07,195.0,7.15,155,704.87,740.69,24,201,39
2023-12-17,50,1180,Grocery,South,0,1,Rainy,33.2,93.85,224.69,8.58,853,1198.96,1080.12,11,184,71
2023-12-18,21,1124,Clothing,East,0,0,Cloudy,30.5,117.32,224.52,5.95,808,1398.53,1423.98,30,404,62
2023-12-19,38,1038,Beauty,East,1,1,Cloudy,13.1,110.47,197.01,5.42,470,170.17,187.06,39,135,37
2023-12-20,9,1160,Electronics,South,1,1,Sunny,32.9,82.0,261.12,10.51,508,423.5,395.87,29,423,205
2023-12-21,21,1052,Sports,North,1,1,Rainy,27.5,113.08,249.76,9.09,209,190.87,181.89,5,349,167
2023-12-22,31,1126,Sports,West,0,1,Cloudy,26.9,116.92,195.67,11.79,223,1785.36,1781.86,34,407,171
2023-12-23,44,1037,Grocery,East,1,0,Rainy,25.5,108.92,184.09,10.33,92,793.47,823.75,38,431,76
2023-12-24,21,1123,Grocery,West,0,0,Sunny,14.7,102.43,196.07,11.38,757,182.6,181.38,38,358,44
2023-12-25,24,1060,Grocery,South,0,0,Rainy,30.4,93.84,279.91,8.84,284,557.06,604.02,6,421,70
2023-12-26,3,1007,Furniture,North,1,0,Rainy,12.5,117.04,253.86,8.04,398,959.09,969.68,0,275,48
2023-12-27,7,1036,Clothing,North,0,0,Sunny,16.3,93.66,182.34,9.44,508,591.75,553.99,14,207,35
2023-12-28,32,1077,Toys,East,1,0,Rainy,36.8,105.64,233.45,7.78,450,276.01,250.62,21,460,82
2023-12-29,49,1041,Electronics,West,1,1,Rainy,29.3,112.72,297.14,3.22,999,535.0,561.07,7,267,124
2023-12-30,28,1074,Sports,East,0,0,Rainy,36.1,116.93,295.4,9.83,857,912.92,991.46,48,243,21
2023-12-31,9,1143,Electronics,East,1,0,Rainy,32.3,95.72,221.26,11.22,664,271.45,245.57,40,493,83
2024-01-01,23,1197,Furniture,West,0,0,Sunny,12.4,105.51,181.41,10.04,802,1257.14,1208.49,31,74,0
2024-01-02,50,1043,Toys,South,0,1,Rainy,23.8,80.08,242.49,3.23,652,898.28,894.34,44,95,35
2024-01-03,43,1189,Electronics,West,1,0,Cloudy,38.1,81.21,293.86,8.19,679,123.29,113.97,12,388,78
2024-01-04,19,1115,Beauty,West,0,1,Sunny,27.3,84.86,223.24,10.25,427,1501.3,1526.24,13,306,131
2024-01-05,24,1008,Beauty,East,0,1,Cloudy,38.1,102.68,201.11,5.23,45,116.8,105.74,25,384,146
2024-01-06,2,1140,Clothing,East,1,0,Sunny,26.1,90.75,217.52,6.9,25,1298.67,1289.45,23,120,29
2024-01-07,2,1155,Sports,East,1,0,Rainy,38.1,109.79,208.5,5.25,978,1742.22,1583.44,32,354,62
2024-01-08,20,1125,Furniture,South,0,0,Cloudy,26.3,113.11,269.44,10.69,554,1797.01,1813.17,7,385,48
2024-01-09,26,1195,Furniture,North,0,0,Rainy,36.1,115.59,209.7,10.08,300,1155.49,1249.05,18,484,57
2024-01-10,40,1046,Sports,West,1,1,Sunny,17.9,99.79,199.02,9.82,366,1141.44,1250.27,2,499,229
2024-01-11,6,1142,Grocery,North,1,1,Cloudy,21.4,108.66,229.46,8.76,654,116.37,107.58,29,122,47
2024-01-12,30,1136,Toys,East,1,0,Sunny,24.9,82.66,186.02,3.78,605,1897.91,2034.39,43,106,26
2024-01-13,23,1102,Sports,West,0,1,Sunny,24.9,96.02,245.9,9.26,606,307.46,322.22,48,399,130
2024-01-14,44,1036,Toys,North,0,0,Cloudy,34.0,112.47,184.69,5.47,152,1231.36,1259.08,11,292,52
2024-01-15,21,1054,Clothing,North,0,0,Rainy,16.5,83.88,232.97,3.33,744,1319.7,1292.65,47,347,36
2024-01-16,7,1152,Electronics,East,0,0,Rainy,10.2,87.09,296.88,11.5,932,561.23,558.71,23,108,8
2024-01-17,18,1125,Furniture,South,0,0,Cloudy,32.3,84.35,288.1,6.24,317,1600.15,1636.12,13,238,27
2024-01-18,4,1066,Sports,South,1,0,Cloudy,14.5,84.36,203.09,7.44,985,648.0,640.17,46,330,63
2024-01-19,29,1144,Electronics,North,1,0,Cloudy,30.9,112.33,250.38,9.03,387,713.24,781.02,21,141,11
2024-01-20,16,1154,Sports,East,1,1,Cloudy,18.4,103.62,199.7,7.85,297,969.62,966.52,3,143,70
2024-01-21,4,1060,Furniture,East,0,0,Cloudy,25.0,106.42,272.14,9.63,689,1182.8,1093.02,34,332,37
2024-01-22,6,1059,Sports,East,1,0,Rainy,30.7,96.19,269.95,10.77,245,855.02,918.35,45,159,27
2024-01-23,23,1120,Toys,South,1,0,Rainy,38.3,110.06,276.1,7.19,117,1323.17,1330.84,27,179,15
2024-01-24,35,1066,Beauty,South,1,0,Cloudy,25.6,107.8,296.18,8.18,597,780.63,708.36,13,352,71
2024-01-25,6,1075,Furniture,North,1,1,Cloudy,30.0,96.93,187.72,11.92,984,1267.82,1242.55,43,336,155
2024-01-26,31,1067,Furniture,North,1,1,Cloudy,19.8,89.36,280.45,8.18,534,1183.51,1294.71,32,405,183
2024-01-27,5,1189,Electronics,East,1,0,Cloudy,16.8,91.27,211.11,7.65,563,789.26,740.26,13,419,72
2024-01-28,39,1081,Sports,West,1,1,Sunny,36.7,114.72,217.24,7.27,965,1839.99,1825.61,3,245,105
2024-01-29,1,1199,Beauty,North,1,0,Rainy,25.3,83.26,211.67,11.21,230,195.66,202.62,18,64,0
2024-01-30,15,1123,Beauty,South,0,1,Sunny,29.4,86.86,252.98,5.98,757,60.49,64.24,24,114,42
2024-01-31,8,1035,Grocery,East,1,0,Cloudy,38.7,93.16,297.16,3.62,242,1083.6,1087.61,22,433,101
2024-02-01,36,1084,Beauty,East,0,0,Sunny,30.8,114.98,294.06,11.29,868,1029.28,1073.75,9,447,63
2024-02-02,19,1023,Beauty,West,0,1,Rainy,18.2,119.42,236.23,4.59,766,287.11,311.37,23,205,67
2024-02-03,25,1029,Toys,East,1,1,Rainy,32.8,100.9,287.86,9.42,701,699.13,728.94,48,280,100
2024-02-04,33,1190,Toys,South,0,0,Cloudy,24.8,87.74,237.0,11.14,174,1768.06,1848.42,31,152,21
2024-02-05,48,1015,Grocery,North,1,0,Rainy,14.5,115.29,193.68,6.18,512,768.0,725.9,21,245,46
2024-02-06,12,1176,Sports,North,1,1,Rainy,29.1,116.36,213.41,3.02,842,184.3,196.62,49,437,180
2024-02-07,3,1099,Grocery,West,1,1,Rainy,21.9,97.8,189.43,4.82,338,1363.22,1246.84,11,424,189
2024-02-08,14,1150,Grocery,West,0,1,Sunny,32.6,113.92,295.76,6.8,968,1103.26,1069.23,5,290,117
2024-02-09,19,1067,Beauty,North,0,1,Rainy,21.6,91.15,204.69,3.41,768,355.79,362.85,45,134,38
2024-02-10,37,1067,Furniture,North,1,0,Sunny,38.3,85.32,235.17,10.41,961,1040.96,1112.57,39,47,0
2024-02-11,49,1010,Sports,West,1,1,Sunny,32.5,107.78,272.7,10.25,818,994.34,1003.38,6,169,66
2024-02-12,28,1098,Beauty,North,1,1,Sunny,26.2,94.09,260.53,9.74,618,1622.28,1774.69,23,439,185
2024-02-13,43,1168,Grocery,South,0,0,Rainy,32.2,88.79,191.66,3.15,516,1811.15,1734.21,43,442,54
2024-02-14,41,1154,Beauty,East,0,1,Cloudy,14.1,99.55,182.07,10.09,862,1310.14,1344.94,11,226,100
2024-02-15,37,1144,Grocery,North,0,1,Rainy,18.4,85.07,209.19,9.2,964,1058.79,1084.79,48,317,118
2024-02-16,46,1103,Beauty,West,1,1,Rainy,33.9,93.41,208.84,10.92,245,1792.27,1669.69,8,459,209
2024-02-17,49,1093,Sports,East,1,1,Cloudy,39.4,103.91,223.8,9.89,778,1695.61,1550.91,26,386,160
2024-02-18,48,1170,Sports,North,1,0,Rainy,27.3,105.93,187.53,10.18,234,1912.68,1934.43,1,335,43
2024-02-19,34,1159,Toys,North,1,1,Sunny,12.8,114.01,242.24,10.91,373,1038.04,945.48,32,356,143
2024-02-20,43,1112,Grocery,South,1,0,Rainy,27.0,93.32,210.41,10.28,799,485.85,479.05,50,290,48
2024-02-21,44,1160,Electronics,South,1,0,Rainy,24.6,108.3,188.99,10.41,582,859.16,804.98,44,397,42
2024-02-22,38,1162,Toys,North,1,0,Rainy,29.1,89.88,245.93,10.61,449,735.44,732.25,42,107,0
2024-02-23,19,1175,Toys,North,1,0,Rainy,38.2,92.6,182.21,11.5,638,429.16,446.67,44,25,2
2024-02-24,7,1146,Electronics,West,0,0,Sunny,25.7,87.73,297.53,9.11,249,1674.3,1807.94,26,463,55
2024-02-25,39,1106,Sports,North,1,1,Cloudy,19.2,113.58,224.2,6.19,227,307.92,306.19,45,119,49
2024-02-26,16,1192,Toys,West,0,0,Cloudy,11.4,87.73,271.44,11.36,897,271.67,297.38,18,133,4
2024-02-27,28,1040,Sports,South,1,1,Rainy,12.9,90.48,224.7,10.56,586,1287.39,1262.65,17,346,159
2024-02-28,6,1052,Toys,North,1,1,Rainy,29.3,100.72,231.72,7.54,428,1815.56,1953.27,28,164,61
2024-02-29,50,1190,Clothing,West,1,1,Sunny,39.6,109.09,255.83,9.78,54,72.09,71.9,47,94,49
2024-03-01,16,1195,Clothing,East,1,1,Rainy,16.0,97.33,235.68,5.04,844,362.61,380.38,8,167,50
2024-03-02,37,1169,Beauty,East,1,0,Rainy,15.2,86.18,290.97,4.11,926,721.49,726.14,21,157,40
2024-03-03,6,1189,Beauty,West,1,1,Cloudy,12.4,104.08,274.92,8.72,470,612.21,656.7,41,411,174
2024-03-04,35,1162,Clothing,South,0,1,Cloudy,26.0,101.49,275.93,9.97,574,754.94,822.43,21,469,181
2024-03-05,32,1189,Furniture,North,0,1,Sunny,26.1,114.06,287.29,11.69,95,128.65,125.44,39,258,112
2024-03-06,46,1056,Toys,East,1,0,Sunny,37.7,111.79,233.18,7.22,579,697.34,702.23,25,46,8
2024-03-07,50,1189,Electronics,East,0,0,Cloudy,25.9,115.04,269.66,3.29,760,256.67,240.26,5,228,37
2024-03-08,48,1026,Beauty,North,1,0,Rainy,34.0,88.15,284.75,8.5,467,1224.85,1173.4,40,289,42
2024-03-09,29,1137,Furniture,East,1,1,Sunny,21.0,94.16,185.46,6.4,898,946.53,853.42,42,331,134
2024-03-10,8,1036,Grocery,North,1,0,Rainy,34.5,96.57,236.66,10.31,465,556.97,555.12,28,457,77
2024-03-11,4,1163,Furniture,South,1,1,Cloudy,39.2,100.42,180.85,4.35,65,1116.66,1093.41,43,281,129
2024-03-12,30,1028,Toys,South,0,0,Cloudy,38.0,112.55,203.75,11.09,882,1877.94,1771.53,45,270,13
2024-03-13,11,1044,Toys,South,1,0,Cloudy,19.5,89.27,215.6,4.99,571,772.86,804.44,47,324,57
2024-03-14,39,1097,Toys,West,0,1,Rainy,12.7,93.62,262.37,11.2,997,523.15,548.84,22,269,83
2024-03-15,29,1074,Grocery,East,1,0,Rainy,27.3,83.0,291.52,8.43,126,394.85,390.27,14,80,16
2024-03-16,34,1116,Electronics,North,0,1,Rainy,25.9,83.3,293.22,4.36,856,923.17,919.39,33,56,27
2024-03-17,37,1192,Toys,North,1,0,Sunny,30.4,106.16,250.24,8.36,598,1253.56,1270.28,22,356,64
2024-03-18,16,1130,Grocery,East,0,0,Sunny,32.8,90.61,232.7,6.93,875,1976.96,1808.97,1,482,61
2024-03-19,13,1159,Grocery,South,1,0,Cloudy,10.6,95.07,279.76,5.3,849,1661.81,1728.81,22,145,16
2024-03-20,15,1174,Electronics,South,0,1,Rainy,37.3,95.96,193.98,9.86,783,1971.06,2114.43,43,204,72
2024-03-21,27,1041,Furniture,East,1,0,Cloudy,10.1,83.13,259.48,3.21,230,1580.57,1493.04,16,61,8
2024-03-22,35,1102,Electronics,West,1,1,Sunny,30.1,96.66,236.02,4.22,64,493.41,466.29,8,110,38
2024-03-23,9,1178,Grocery,North,0,1,Sunny,14.8,82.29,204.9,5.56,400,396.08,376.57,10,492,206
2024-03-24,4,1006,Beauty,South,1,0,Rainy,32.0,93.63,294.46,6.35,930,715.12,710.79,11,101,2
2024-03-25,30,1025,Grocery,East,1,1,Sunny,34.7,107.03,199.4,9.58,756,1400.18,1352.17,5,428,183
2024-03-26,34,1128,Clothing,North,1,0,Rainy,29.1,114.44,245.43,10.03,627,589.7,574.97,43,394,73
2024-03-27,19,1146,Sports,East,1,0,Rainy,33.2,110.72,298.51,5.64,79,1646.98,1589.61,41,116,8
2024-03-28,14,1079,Grocery,East,1,0,Sunny,20.4,119.41,287.97,9.04,457,1917.97,1971.53,1,230,46
2024-03-29,2,1199,Beauty,East,0,1,Cloudy,33.4,113.98,225.45,5.98,196,784.38,720.03,49,483,180
2024-03-30,42,1151,Sports,West,1,0,Rainy,34.9,97.58,224.3,3.53,78,773.01,829.26,10,490,89
2024-03-31,38,1147,Furniture,East,0,1,Sunny,10.1,106.77,215.86,6.45,592,1374.67,1303.66,13,150,50
2024-04-01,30,1166,Beauty,West,1,1,Rainy,35.1,100.04,194.42,6.26,436,1578.34,1648.36,22,374,165
2024-04-02,45,1066,Sports,North,0,0,Sunny,35.2,116.37,216.06,3.13,777,1455.61,1318.91,0,341,52
2024-04-03,41,1179,Clothing,West,1,0,Rainy,36.4,105.38,285.5,4.48,259,203.06,208.37,1,74,8
2024-04-04,33,1009,Beauty,North,0,0,Sunny,31.5,95.52,274.34,6.43,799,746.78,810.25,38,127,10
2024-04-05,39,1094,Furniture,West,1,0,Cloudy,18.0,115.5,274.69,5.07,701,176.59,168.19,5,355,82
2024-04-06,28,1050,Beauty,West,1,0,Rainy,21.1,82.37,230.87,6.86,699,83.47,84.83,31,360,71
2024-04-07,33,1167,Electronics,West,0,0,Rainy,31.2,87.34,258.31,6.78,735,531.43,541.47,17,383,47
2024-04-08,40,1155,Sports,East,0,0,Cloudy,29.4,89.79,291.16,3.96,683,838.86,865.65,43,187,18
2024-04-09,30,1130,Electronics,East,0,1,Sunny,35.6,84.33,202.41,11.66,761,1369.63,1450.87,29,495,189
2024-04-10,4,1152,Furniture,West,0,1,Cloudy,11.1,113.7,276.3,11.72,44,770.83,790.16,2,433,178
2024-04-11,29,1137,Electronics,North,0,1,Sunny,16.5,80.91,222.89,9.3,933,1973.78,1855.5,46,360,137
2024-04-12,50,1173,Furniture,South,1,0,Rainy,18.5,104.29,236.97,11.55,868,402.07,415.81,30,213,39
2024-04-13,14,1152,Sports,East,0,0,Sunny,33.6,95.97,285.02,11.19,394,413.09,410.52,48,431,68
2024-04-14,32,1190,Clothing,North,1,0,Sunny,11.2,116.13,262.61,10.38,194,574.21,533.2,42,27,0
2024-04-15,5,1084,Electronics,East,1,1,Cloudy,22.6,97.44,265.12,3.48,341,1143.6,1197.11,38,182,74
2024-04-16,12,1195,Clothing,North,0,1,Sunny,19.0,117.22,231.28,6.26,968,1874.43,1960.21,9,473,183
2024-04-17,3,1144,Furniture,West,1,0,Sunny,33.4,80.11,232.03,11.94,514,718.27,767.84,24,391,72
2024-04-18,22,1057,Beauty,North,0,1,Rainy,38.9,110.51,209.42,5.56,614,1071.63,1134.48,47,498,203
2024-04-19,28,1065,Sports,South,1,1,Rainy,16.3,114.02,241.04,8.46,763,753.77,699.29,47,311,111
2024-04-20,48,1117,Furniture,East,0,0,Rainy,16.5,83.43,214.05,4.22,194,299.94,327.22,3,338,46
2024-04-21,1,1144,Clothing,West,1,0,Sunny,14.3,97.52,196.82,4.63,767,1194.91,1120.01,24,202,40
2024-04-22,49,1047,Beauty,South,0,0,Rainy,22.4,94.46,199.96,10.13,372,596.67,595.03,24,34,9
2024-04-23,32,1124,Toys,East,1,0,Rainy,19.5,92.25,275.29,10.8,457,74.95,72.52,7,306,64
2024-04-24,19,1047,Clothing,North,0,1,Sunny,11.4,91.06,197.85,11.14,423,1267.82,1235.81,29,348,140
2024-04-25,3,1077,Electronics,East,1,1,Sunny,12.1,107.59,294.52,7.33,443,1295.13,1403.11,30,265,116
2024-04-26,8,1085,Clothing,West,1,1,Cloudy,13.5,100.78,192.26,9.94,544,95.21,91.93,46,102,43
2024-04-27,27,1134,Beauty,East,1,0,Rainy,28.6,112.33,212.82,7.46,280,1448.05,1498.98,22,340,52
2024-04-28,46,1129,Toys,North,1,0,Rainy,16.4,80.88,271.98,11.21,824,354.04,368.47,43,443,65
2024-04-29,43,1158,Furniture,West,0,1,Sunny,28.4,104.61,189.71,9.67,507,1608.49,1544.71,50,353,122
2024-04-30,20,1001,Clothing,East,1,0,Cloudy,31.4,100.7,237.31,3.06,126,1003.26,1082.04,7,152,21
2024-05-01,7,1066,Electronics,West,0,1,Sunny,17.5,110.38,278.21,6.22,329,1411.38,1420.03,41,253,93
2024-05-02,41,1042,Beauty,East,0,1,Cloudy,23.9,88.13,180.32,8.5,483,469.16,474.41,16,185,75
2024-05-03,49,1020,Sports,East,0,1,Cloudy,17.3,107.56,186.39,10.64,217,1763.05,1835.57,16,484,186
2024-05-04,28,1017,Sports,South,1,1,Rainy,24.4,93.99,205.37,3.04,298,1234.49,1122.38,48,399,174
2024-05-05,9,1058,Beauty,South,0,1,Sunny,31.2,104.98,258.05,7.03,488,499.17,524.96,11,75,19
2024-05-06,1,1058,Beauty,East,1,0,Sunny,28.5,109.55,233.82,11.95,576,531.41,563.32,38,190,43
2024-05-07,32,1007,Clothing,South,1,0,Cloudy,16.2,119.5,204.36,7.36,458,1733.36,1673.27,24,417,93
2024-05-08,21,1023,Grocery,North,1,1,Rainy,23.9,117.66,191.8,3.08,153,1800.24,1890.51,45,247,101
2024-05-09,43,1082,Electronics,North,1,0,Rainy,36.5,102.22,186.13,10.24,719,471.33,425.85,29,100,20
2024-05-10,8,1023,Electronics,East,0,1,Rainy,30.2,99.26,251.32,11.09,926,1516.53,1371.75,28,76,22
2024-05-11,22,1167,Grocery,North,0,1,Cloudy,16.3,119.35,218.32,3.89,981,960.8,866.97,40,206,63
2024-05-12,41,1157,Grocery,East,0,0,Sunny,23.9,97.91,252.93,6.31,510,1273.58,1367.79,12,22,3
2024-05-13,5,1073,Sports,South,0,0,Cloudy,15.9,103.52,286.43,3.46,846,795.69,765.89,0,427,71
2024-05-14,8,1121,Sports,South,0,1,Cloudy,36.4,100.65,272.02,8.73,959,1130.52,1121.45,48,313,120
2024-05-15,1,1195,Sports,West,0,0,Cloudy,12.2,97.71,233.25,6.75,77,897.46,884.14,18,197,28
2024-05-16,35,1006,Furniture,East,0,0,Rainy,19.8,81.88,253.11,10.99,454,789.0,858.59,19,353,42
2024-05-17,22,1185,Grocery,North,1,1,Sunny,38.8,111.75,263.57,4.89,723,202.2,210.15,46,188,90
2024-05-18,49,1039,Sports,North,1,0,Cloudy,17.0,95.76,237.84,8.11,400,1786.33,1798.78,7,202,56
2024-05-19,37,1146,Furniture,West,0,1,Sunny,28.3,102.17,212.33,6.96,346,499.38,524.69,26,64,16
2024-05-20,47,1192,Beauty,South,0,1,Cloudy,24.5,119.44,212.77,3.99,340,1446.1,1418.06,30,482,183
2024-05-21,23,1034,Beauty,East,0,0,Sunny,39.3,87.93,263.52,8.74,269,1937.29,1799.71,23,45,14
2024-05-22,31,1038,Clothing,West,1,0,Rainy,25.6,85.42,279.72,3.16,84,1508.82,1477.39,8,45,0
2024-05-23,43,1120,Clothing,East,0,0,Cloudy,29.8,98.08,230.84,6.71,815,1395.13,1375.21,25,357,54
2024-05-24,25,1103,Grocery,South,0,0,Rainy,19.8,99.02,230.72,3.98,628,459.98,448.18,37,338,36
2024-05-25,32,1044,Clothing,South,0,1,Cloudy,38.1,97.5,273.97,10.62,132,700.97,663.55,7,478,189
2024-05-26,22,1103,Sports,West,1,1,Rainy,13.6,115.63,207.71,4.54,964,1590.53,1675.47,39,454,193
2024-05-27,3,1010,Sports,North,0,1,Rainy,12.7,107.21,242.2,7.78,59,1067.35,1130.42,36,299,122
2024-05-28,25,1003,Beauty,West,1,0,Rainy,18.4,86.7,248.73,5.95,765,545.43,579.48,44,410,83
2024-05-29,28,1016,Toys,North,1,0,Cloudy,22.1,92.78,221.08,7.35,687,1066.39,1047.58,37,87,19
2024-05-30,9,1166,Clothing,West,0,1,Rainy,38.3,113.17,299.37,7.15,43,1636.71,1755.64,20,339,114
2024-05-31,19,1154,Furniture,North,0,1,Rainy,10.4,111.54,263.31,3.21,759,876.67,845.9,41,136,52
2024-06-01,23,1075,Furniture,South,0,0,Cloudy,38.4,118.78,278.95,9.74,327,110.04,110.87,28,493,56
2024-06-02,8,1183,Grocery,East,0,1,Sunny,34.8,88.69,204.97,3.24,294,1975.14,2086.78,11,227,90
2024-06-03,30,1101,Toys,South,1,1,Cloudy,34.4,110.34,257.2,10.75,173,299.11,319.64,20,104,45
2024-06-04,12,1064,Clothing,North,1,1,Cloudy,39.9,106.26,223.33,5.78,222,1212.53,1313.07,11,61,16
2024-06-05,19,1141,Clothing,East,1,1,Cloudy,28.8,101.84,249.89,4.9,847,318.45,343.51,48,277,114
2024-06-06,43,1069,Furniture,South,0,0,Rainy,36.5,112.27,276.67,10.45,331,1133.2,1074.28,48,69,0
2024-06-07,17,1164,Electronics,West,0,0,Sunny,15.6,118.83,191.0,3.63,506,501.71,519.5,22,27,0
2024-06-08,45,1092,Grocery,South,0,0,Sunny,37.4,117.18,258.52,10.36,255,127.93,121.48,33,117,3
2024-06-09,20,1166,Sports,North,1,0,Rainy,34.3,112.2,218.55,8.16,829,585.04,586.57,18,99,16
2024-06-10,16,1090,Grocery,South,1,0,Sunny,37.5,111.13,286.35,7.86,65,1463.95,1556.57,47,310,34
2024-06-11,14,1112,Sports,South,1,1,Sunny,38.9,104.09,218.01,3.2,547,1049.77,983.93,44,422,191
2024-06-12,36,1111,Grocery,East,1,0,Rainy,20.7,111.91,206.72,5.05,146,1275.72,1194.71,1,294,54
2024-06-13,31,1016,Furniture,East,0,0,Sunny,22.9,80.49,241.35,9.74,275,152.12,161.41,7,348,35
2024-06-14,21,1139,Clothing,West,0,1,Sunny,39.9,115.93,230.49,11.0,181,1942.47,1751.35,37,240,79
2024-06-15,42,1087,Grocery,North,1,0,Sunny,35.1,82.79,193.46,4.51,348,675.74,681.56,8,452,92
2024-06-16,46,1041,Toys,West,1,1,Cloudy,19.9,90.53,208.34,3.51,557,1290.16,1198.95,25,385,166
2024-06-17,26,1198,Sports,South,1,0,Rainy,25.3,115.3,243.86,4.49,377,1380.48,1391.37,0,369,58
2024-06-18,34,1063,Electronics,East,1,0,Cloudy,13.6,89.85,246.54,4.54,997,1523.24,1440.51,9,379,52
2024-06-19,12,1121,Electronics,North,0,0,Sunny,19.5,87.95,264.51,11.96,639,1639.36,1739.25,32,303,27
2024-06-20,7,1098,Beauty,North,0,0,Sunny,39.5,80.51,184.56,4.12,904,1250.84,1184.72,9,430,49
2024-06-21,1,1046,Beauty,South,0,1,Cloudy,37.4,82.12,281.84,9.35,676,414.52,441.93,28,169,54
2024-06-22,5,1099,Sports,East,1,0,Cloudy,19.2,108.76,215.92,7.52,75,1100.6,1010.81,40,389,67
2024-06-23,43,1126,Toys,East,1,1,Cloudy,15.6,83.86,223.56,8.74,120,1977.35,2173.73,33,397,169
2024-06-24,40,1106,Sports,North,0,1,Sunny,35.5,102.89,263.71,10.31,694,1668.53,1659.66,17,29,16
2024-06-25,16,1107,Clothing,North,0,1,Rainy,35.0,106.63,198.7,5.81,310,484.32,505.31,30,487,190
2024-06-26,1,1025,Sports,North,1,0,Rainy,21.1,96.57,229.07,7.2,698,318.24,324.9,37,170,28
2024-06-27,22,1125,Toys,South,1,1,Sunny,18.8,91.79,252.65,11.59,900,988.36,919.29,17,254,118
2024-06-28,41,1043,Beauty,North,0,0,Sunny,20.0,88.22,235.86,6.35,133,1184.4,1090.14,12,69,13
2024-06-29,27,1087,Electronics,South,0,1,Cloudy,32.4,89.87,230.83,6.8,235,1160.76,1214.07,24,212,74
2024-06-30,2,1068,Toys,South,0,1,Sunny,39.0,100.83,265.76,8.31,88,1261.19,1332.18,1,446,163
2024-07-01,36,1075,Grocery,North,1,0,Cloudy,35.6,108.76,267.89,4.56,650,1097.86,1129.14,0,371,45
2024-07-02,4,1066,Beauty,West,0,0,Rainy,10.2,88.64,299.53,4.87,389,1617.88,1573.3,6,213,22
2024-07-03,1,1175,Beauty,West,0,1,Rainy,23.5,94.18,246.79,3.68,525,213.74,214.9,11,60,19
2024-07-04,38,1133,Beauty,North,0,0,Cloudy,34.2,97.1,242.07,10.66,868,682.21,728.2,18,185,21
2024-07-05,27,1089,Furniture,East,1,1,Sunny,30.9,116.58,255.21,5.3,37,970.38,981.03,11,341,144
2024-07-06,1,1086,Sports,North,1,1,Sunny,39.3,81.15,221.24,8.93,740,332.74,345.95,27,192,74
2024-07-07,49,1042,Furniture,South,1,0,Sunny,39.6,101.42,182.77,9.32,887,414.52,445.76,4,294,66
2024-07-08,23,1044,Grocery,North,0,0,Rainy,34.8,106.22,225.64,10.11,533,1668.19,1562.29,48,448,52
2024-07-09,44,1056,Sports,North,1,0,Cloudy,28.9,119.31,296.56,9.85,486,875.9,951.04,41,259,38
2024-07-10,44,1192,Beauty,South,1,0,Sunny,32.8,113.99,245.59,10.11,476,479.34,457.52,18,410,78
2024-07-11,48,1119,Beauty,South,1,0,Cloudy,25.8,84.62,282.54,5.81,137,492.07,480.46,36,148,24
2024-07-12,34,1046,Toys,North,0,1,Sunny,26.4,113.92,242.06,11.02,554,1767.4,1680.13,44,283,94
2024-07-13,33,1045,Toys,West,1,1,Cloudy,20.7,112.11,251.4,3.7,25,1560.37,1613.46,11,399,171
2024-07-14,2,1190,Electronics,South,1,0,Rainy,20.7,87.65,249.21,10.72,556,1812.78,1780.97,26,464,98
2024-07-15,50,1006,Clothing,South,1,1,Sunny,18.0,105.73,248.28,4.51,892,1014.79,1086.88,6,109,36
2024-07-16,37,1140,Clothing,South,0,1,Cloudy,36.1,106.45,224.64,8.22,1000,438.18,421.17,29,264,107
2024-07-17,31,1069,Beauty,North,1,0,Sunny,24.4,99.55,271.35,8.32,921,1339.64,1238.1,33,246,33
2024-07-18,25,1098,Furniture,North,0,0,Rainy,35.2,112.75,210.1,11.64,499,103.45,96.32,7,209,13
2024-07-19,48,1140,Beauty,South,1,1,Cloudy,31.3,102.06,281.37,4.27,62,1370.75,1379.66,1,162,91
2024-07-20,20,1058,Electronics,West,0,0,Sunny,34.7,113.49,227.47,7.71,177,1045.87,1076.11,1,436,59
2024-07-21,9,1053,Clothing,East,1,0,Cloudy,26.5,101.66,206.01,7.08,126,645.55,706.48,48,338,36
2024-07-22,19,1091,Electronics,South,1,0,Sunny,11.9,85.78,214.16,5.51,906,122.54,119.23,0,173,30
2024-07-23,20,1072,Beauty,North,1,0,Rainy,39.1,88.95,290.91,10.33,797,378.2,395.26,4,218,44
2024-07-24,31,1135,Grocery,South,0,0,Cloudy,38.1,105.71,204.83,4.08,52,1925.15,1919.74,29,257,41
2024-07-25,23,1173,Beauty,West,1,0,Rainy,17.0,95.68,223.44,8.44,838,576.42,585.78,40,416,81
2024-07-26,23,1122,Toys,North,0,0,Cloudy,26.7,90.94,274.8,6.68,438,1618.06,1457.53,4,170,33
2024-07-27,43,1038,Beauty,North,1,0,Rainy,15.2,92.46,181.71,5.02,118,1244.4,1270.55,36,157,33
2024-07-28,34,1158,Sports,West,0,1,Rainy,14.3,105.53,233.46,11.74,573,783.65,735.81,29,465,161
2024-07-29,21,1177,Electronics,South,0,1,Sunny,31.8,106.46,217.32,9.0,849,1796.13,1777.69,13,343,116
2024-07-30,40,1132,Sports,East,1,1,Cloudy,18.0,86.1,235.33,8.22,911,1012.08,1040.11,10,119,47
2024-07-31,1,1083,Sports,East,1,1,Sunny,30.9,101.83,182.97,6.15,648,238.15,226.4,43,108,33
2024-08-01,14,1106,Beauty,West,0,1,Sunny,13.2,85.79,267.63,8.19,806,190.88,198.03,2,203,73
2024-08-02,20,1015,Clothing,North,1,0,Rainy,23.1,97.46,284.49,5.72,52,1047.59,1106.26,50,38,0
2024-08-03,45,1156,Beauty,West,1,1,Rainy,14.3,109.76,292.04,4.57,648,1588.78,1493.61,39,103,45
2024-08-04,39,1094,Grocery,West,1,1,Rainy,24.7,81.02,191.11,8.06,131,1380.08,1488.68,16,468,196
2024-08-05,33,1108,Toys,North,1,1,Cloudy,22.8,114.61,195.06,10.97,543,323.25,292.51,3,95,47
2024-08-06,3,1140,Grocery,North,1,1,Rainy,24.7,99.52,290.32,5.19,802,365.44,384.91,5,398,188
2024-08-07,25,1116,Toys,East,0,1,Rainy,38.3,112.87,196.36,8.47,286,1919.38,2009.03,8,178,92
2024-08-08,24,1001,Electronics,North,1,1,Cloudy,37.6,109.46,248.18,3.63,226,1535.05,1610.0,32,431,182
2024-08-09,1,1198,Furniture,South,1,1,Cloudy,31.0,85.03,262.26,6.85,551,1069.42,1138.45,29,23,6
2024-08-10,21,1013,Furniture,South,1,0,Cloudy,36.0,93.67,202.01,10.82,423,1813.39,1852.56,12,130,26
2024-08-11,45,1073,Electronics,North,0,0,Sunny,37.7,85.23,216.11,5.51,742,1760.05,1770.38,26,430,68
2024-08-12,13,1039,Clothing,East,1,1,Rainy,19.6,105.24,277.01,9.07,332,344.8,349.56,13,411,169
2024-08-13,1,1112,Toys,North,0,0,Rainy,20.1,87.25,193.42,3.73,278,1106.89,1112.49,10,419,65
2024-08-14,32,1072,Grocery,West,1,1,Sunny,37.9,97.02,274.15,6.63,892,1000.55,927.09,29,269,138
2024-08-15,20,1039,Sports,South,1,1,Sunny,36.9,88.79,258.0,10.89,490,1269.42,1393.81,49,294,116
2024-08-16,14,1001,Electronics,East,1,1,Cloudy,31.5,88.29,265.05,6.82,347,1550.45,1569.7,10,102,47
2024-08-17,45,1080,Grocery,North,1,1,Cloudy,20.3,87.49,283.76,6.69,455,1882.46,1790.99,2,240,124
2024-08-18,33,1037,Grocery,South,0,0,Sunny,38.1,91.79,274.83,11.09,157,112.31,106.88,16,113,12
2024-08-19,20,1027,Beauty,East,1,1,Cloudy,33.2,94.5,202.34,7.03,124,432.77,452.42,7,456,220
2024-08-20,16,1016,Furniture,West,1,1,Rainy,35.3,81.84,299.08,9.23,194,522.8,533.58,6,410,179
2024-08-21,7,1199,Toys,East,1,0,Rainy,39.7,99.92,261.51,7.45,933,1314.97,1197.93,45,113,0
2024-08-22,36,1097,Toys,North,0,1,Sunny,30.9,113.13,220.69,10.87,576,1612.61,1587.77,7,101,27
2024-08-23,42,1196,Grocery,West,0,0,Sunny,28.7,83.39,249.37,10.64,514,470.03,474.34,30,197,25
2024-08-24,39,1173,Electronics,West,1,1,Rainy,39.7,88.71,299.2,5.95,65,286.72,294.64,35,35,10
2024-08-25,19,1063,Grocery,West,0,1,Cloudy,18.4,119.12,231.47,8.94,622,549.06,588.22,15,326,127
2024-08-26,27,1005,Sports,South,0,0,Rainy,30.2,119.31,282.08,11.19,145,638.8,576.75,44,72,0
2024-08-27,18,1008,Furniture,East,0,0,Sunny,23.6,98.95,239.79,7.03,161,931.02,961.05,9,142,23
2024-08-28,31,1159,Beauty,West,0,0,Sunny,16.4,101.46,284.17,3.98,27,734.96,713.09,34,79,0
2024-08-29,2,1200,Clothing,East,0,1,Rainy,28.2,117.33,237.87,3.87,103,1936.08,1942.64,3,215,75
2024-08-30,29,1109,Electronics,North,0,0,Cloudy,33.5,108.38,209.72,5.72,489,319.49,305.18,31,54,0
2024-08-31,50,1065,Clothing,West,1,1,Cloudy,26.5,116.36,194.33,7.05,293,1125.86,1124.61,29,247,97
2024-09-01,14,1117,Grocery,South,0,1,Sunny,25.1,99.59,267.61,7.63,583,709.79,682.98,49,48,0
2024-09-02,49,1129,Furniture,West,0,0,Rainy,10.4,114.8,193.29,3.19,315,1227.15,1186.94,39,300,42
2024-09-03,8,1051,Electronics,South,1,0,Cloudy,35.4,96.23,271.59,6.39,339,145.8,155.41,39,261,39
2024-09-04,4,1024,Grocery,West,0,1,Rainy,18.3,108.65,258.97,9.46,278,1423.79,1418.09,30,228,82
2024-09-05,49,1196,Furniture,North,1,1,Rainy,33.4,100.9,219.83,3.39,395,1030.52,1017.93,49,410,181
2024-09-06,43,1008,Grocery,East,0,1,Rainy,11.6,110.26,221.29,8.66,782,226.67,241.7,0,480,189
2024-09-07,37,1063,Toys,East,0,0,Sunny,29.3,91.49,255.08,7.26,303,1348.82,1460.95,29,285,32
2024-09-08,37,1092,Grocery,West,0,0,Cloudy,20.7,98.54,264.34,6.42,386,1667.85,1707.37,32,372,44
2024-09-09,40,1180,Furniture,North,1,0,Rainy,13.5,108.67,258.83,8.71,29,426.75,431.01,44,163,21
2024-09-10,42,1096,Toys,South,0,1,Sunny,36.3,116.09,291.84,10.05,934,1656.85,1513.33,43,371,128
2024-09-11,23,1049,Sports,East,0,1,Cloudy,24.5,101.91,279.55,8.85,40,155.61,166.94,28,118,31
2024-09-12,2,1143,Grocery,East,0,1,Cloudy,26.4,115.4,187.09,4.27,105,1916.76,1935.65,23,112,25
2024-09-13,5,1069,Clothing,North,1,0,Sunny,20.5,101.8,265.26,8.95,416,1219.41,1136.09,16,112,6
2024-09-14,34,1168,Toys,South,0,0,Rainy,13.5,85.83,249.82,3.49,586,1948.0,1878.49,15,344,40
2024-09-15,25,1124,Furniture,South,0,0,Cloudy,25.3,111.33,239.6,8.74,642,1995.5,2029.09,44,212,22
2024-09-16,3,1124,Electronics,West,0,0,Sunny,24.6,97.75,276.56,7.85,297,1208.23,1316.51,47,415,40
2024-09-17,38,1090,Grocery,South,1,0,Sunny,21.2,100.82,234.52,8.39,505,1467.81,1603.97,49,297,43
2024-09-18,45,1059,Toys,West,1,1,Cloudy,30.7,92.35,227.05,7.21,54,1950.14,1979.85,2,379,172
2024-09-19,44,1122,Electronics,North,1,0,Sunny,26.3,95.74,238.42,7.92,693,141.93,145.63,25,128,22
2024-09-20,20,1088,Beauty,West,0,0,Rainy,17.4,115.71,245.83,9.66,568,1351.7,1317.53,43,187,0
2024-09-21,34,1044,Clothing,North,1,1,Cloudy,39.8,94.32,297.38,4.48,576,905.65,843.25,5,97,55
2024-09-22,9,1117,Beauty,East,1,0,Sunny,17.2,101.08,273.57,8.08,327,53.87,54.02,5,192,24
2024-09-23,21,1121,Grocery,West,1,1,Cloudy,10.9,95.12,181.64,3.91,363,909.79,912.78,29,171,81
2024-09-24,14,1110,Electronics,West,0,1,Sunny,17.1,115.46,222.01,6.0,123,1458.38,1545.08,34,73,13
2024-09-25,41,1041,Sports,North,0,0,Cloudy,11.6,117.54,192.3,6.5,426,1771.56,1717.16,17,289,31
2024-09-26,20,1010,Grocery,East,0,0,Sunny,26.1,87.38,205.2,9.94,665,1020.32,940.3,13,159,27
2024-09-27,38,1185,Toys,North,1,1,Cloudy,14.9,91.73,202.3,4.09,416,434.43,424.93,45,81,12
2024-09-28,4,1037,Beauty,North,0,1,Cloudy,29.6,102.32,275.77,6.7,66,1396.75,1365.66,6,88,21
2024-09-29,48,1196,Clothing,North,0,0,Sunny,22.4,104.37,280.46,3.84,304,1581.41,1596.7,7,91,18
2024-09-30,44,1074,Clothing,South,1,0,Cloudy,37.1,114.79,292.16,3.57,318,547.52,560.22,19,155,16
2024-10-01,13,1081,Sports,North,1,1,Rainy,27.4,95.18,219.15,7.3,994,1417.94,1382.26,1,154,66
2024-10-02,24,1188,Beauty,East,0,1,Sunny,32.0,82.93,273.18,11.53,828,1422.09,1539.14,14,351,134
2024-10-03,30,1160,Beauty,South,0,1,Sunny,19.7,86.66,252.96,3.98,402,61.68,63.76,39,383,146
2024-10-04,37,1158,Clothing,East,1,1,Sunny,39.6,86.0,247.18,3.7,301,779.08,731.38,12,424,177
2024-10-05,12,1035,Toys,South,1,0,Rainy,30.3,114.74,207.41,9.74,136,928.8,985.77,12,397,79
2024-10-06,42,1021,Toys,South,1,1,Rainy,39.1,98.33,275.3,5.3,572,241.48,259.67,15,136,55
2024-10-07,31,1009,Sports,South,1,0,Cloudy,36.7,87.31,256.66,10.1,390,1603.59,1577.54,41,484,91
2024-10-08,5,1020,Beauty,East,0,0,Sunny,31.9,117.44,209.72,9.85,236,123.63,132.25,44,262,30
2024-10-09,44,1172,Toys,North,1,1,Cloudy,20.1,94.91,239.36,7.41,355,142.41,130.64,25,426,196
2024-10-10,4,1169,Sports,East,0,1,Rainy,11.3,99.16,263.2,8.9,758,822.69,763.49,9,496,214
2024-10-11,15,1081,Clothing,South,0,0,Sunny,12.6,84.16,275.95,4.72,414,1268.99,1386.39,47,403,53
2024-10-12,4,1010,Sports,West,1,0,Cloudy,23.4,113.9,250.39,8.45,203,302.02,331.58,31,241,21
2024-10-13,3,1066,Furniture,South,0,0,Sunny,39.3,110.52,272.66,4.76,864,459.28,422.98,42,32,0
2024-10-14,26,1170,Beauty,East,1,1,Rainy,14.1,98.43,237.31,8.2,143,834.46,839.39,27,109,52
2024-10-15,24,1005,Furniture,East,1,1,Cloudy,36.0,96.94,194.33,6.63,307,1642.6,1797.47,44,45,4
2024-10-16,2,1138,Furniture,South,0,0,Rainy,19.3,105.47,272.38,7.13,910,601.83,632.71,36,481,77
2024-10-17,42,1092,Grocery,East,1,0,Cloudy,20.0,90.17,216.96,3.25,856,1066.15,1087.25,5,438,96
2024-10-18,24,1095,Furniture,South,1,1,Rainy,12.1,112.42,209.92,9.66,695,351.89,352.67,9,86,30
2024-10-19,41,1188,Furniture,West,1,1,Rainy,28.1,115.55,228.94,5.39,893,850.96,870.68,3,279,124
2024-10-20,30,1190,Sports,North,0,0,Sunny,15.7,108.95,281.05,6.84,203,138.42,126.17,30,86,5
2024-10-21,37,1124,Toys,East,0,1,Cloudy,21.6,116.95,228.79,6.18,31,1845.5,1778.25,21,455,172
2024-10-22,7,1060,Clothing,East,1,1,Rainy,22.5,108.22,289.66,8.08,890,78.9,73.92,3,224,92
2024-10-23,47,1032,Grocery,North,1,1,Cloudy,34.4,89.24,286.59,8.53,347,1702.94,1807.61,9,213,135
2024-10-24,27,1010,Toys,West,0,1,Sunny,22.5,103.31,259.63,4.0,202,308.67,292.19,16,178,67
2024-10-25,40,1005,Clothing,South,0,1,Rainy,13.0,104.5,297.37,11.14,392,1786.89,1654.71,36,169,40
2024-10-26,3,1046,Toys,South,1,1,Rainy,15.2,112.21,245.74,3.8,993,897.73,948.23,6,251,87
2024-10-27,33,1117,Grocery,West,0,1,Cloudy,39.7,113.01,207.17,6.07,409,1676.21,1621.25,36,241,76
2024-10-28,11,1129,Clothing,East,1,1,Rainy,19.9,119.01,252.53,5.57,745,946.01,971.3,21,27,0
2024-10-29,7,1080,Beauty,North,1,1,Cloudy,32.2,109.64,199.13,9.64,343,1784.15,1725.78,14,42,13
2024-10-30,36,1152,Grocery,South,0,0,Cloudy,28.6,84.03,271.18,11.31,971,1484.07,1339.27,34,239,24
2024-10-31,15,1029,Sports,East,1,1,Cloudy,35.0,112.99,244.08,11.09,146,1303.38,1351.31,21,150,59
2024-11-01,17,1165,Clothing,West,0,1,Sunny,18.1,113.44,198.21,9.48,701,823.25,749.3,1,45,3
2024-11-02,16,1165,Furniture,South,1,1,Cloudy,18.4,108.34,296.06,8.04,105,505.92,515.68,30,229,87
2024-11-03,3,1046,Sports,East,1,1,Sunny,18.4,81.29,193.06,10.52,798,912.34,937.66,28,343,129
2024-11-04,39,1102,Sports,South,1,0,Rainy,39.7,102.9,249.66,8.43,203,614.26,610.2,40,452,80
2024-11-05,22,1171,Electronics,East,0,1,Rainy,13.8,96.68,273.07,4.02,929,1845.86,1849.88,24,487,198
2024-11-06,43,1054,Clothing,West,1,0,Sunny,32.8,86.56,242.44,9.36,701,1341.01,1378.58,23,419,80
2024-11-07,38,1102,Toys,North,0,0,Cloudy,18.3,80.92,236.58,3.7,976,1731.53,1748.25,27,37,0
2024-11-08,42,1060,Furniture,North,1,0,Sunny,19.0,119.81,286.89,6.45,536,1788.27,1918.92,34,235,5
2024-11-09,12,1147,Toys,West,0,0,Sunny,23.3,97.43,206.07,3.57,110,1968.67,2080.16,46,327,52
2024-11-10,47,1078,Clothing,West,0,1,Rainy,21.6,114.96,239.56,10.28,120,1240.61,1297.05,4,351,126
2024-11-11,1,1189,Electronics,South,1,1,Cloudy,18.9,98.68,206.52,11.09,615,1575.61,1553.24,1,60,28
2024-11-12,12,1134,Beauty,North,0,0,Cloudy,33.2,98.83,234.89,9.82,51,1655.37,1560.2,40,111,0
2024-11-13,15,1106,Grocery,North,0,1,Cloudy,32.1,91.67,250.15,8.22,254,1052.41,1004.23,34,125,45
2024-11-14,6,1044,Beauty,East,1,1,Sunny,30.6,116.72,182.61,9.62,489,1237.39,1141.8,32,289,118
2024-11-15,49,1062,Grocery,East,0,0,Cloudy,33.1,107.0,188.44,8.78,165,929.79,883.21,44,101,0
2024-11-16,16,1127,Sports,West,1,1,Rainy,31.2,110.19,216.27,6.73,917,546.9,495.84,6,428,185
2024-11-17,26,1141,Furniture,West,1,1,Rainy,28.8,106.97,265.83,10.66,600,1467.44,1420.8,48,262,91
2024-11-18,22,1042,Furniture,South,0,1,Sunny,18.6,113.32,286.12,8.14,153,156.11,168.56,32,357,113
2024-11-19,50,1087,Grocery,West,1,0,Sunny,20.6,110.36,241.5,6.05,283,399.79,375.44,9,451,86
2024-11-20,45,1047,Sports,South,1,1,Sunny,36.8,108.57,272.95,6.12,663,886.55,805.64,23,478,197
2024-11-21,15,1166,Electronics,West,0,0,Cloudy,28.3,84.67,262.07,10.21,978,1827.59,1875.46,45,118,0
2024-11-22,50,1194,Beauty,East,1,0,Sunny,33.5,84.96,239.65,9.91,722,1542.81,1598.89,23,254,42
2024-11-23,28,1091,Grocery,North,1,1,Rainy,39.4,114.72,253.37,8.58,588,1665.74,1656.04,34,195,95
2024-11-24,40,1181,Grocery,South,0,0,Rainy,31.2,86.03,254.94,5.11,669,1731.62,1797.84,20,449,53
2024-11-25,48,1171,Beauty,East,0,0,Rainy,39.0,106.27,295.64,10.72,855,1279.74,1348.99,22,485,84
2024-11-26,50,1188,Sports,South,1,0,Cloudy,19.8,83.55,293.95,7.83,26,1670.8,1642.2,2,395,80
2024-11-27,46,1167,Electronics,East,0,0,Rainy,36.0,119.09,281.72,9.22,704,1368.0,1395.33,25,465,55
2024-11-28,18,1160,Electronics,West,0,0,Rainy,39.1,89.97,194.98,9.23,304,349.47,357.49,21,368,43
2024-11-29,47,1095,Clothing,West,1,1,Cloudy,30.2,95.53,294.18,3.04,335,1455.16,1327.49,16,366,152
2024-11-30,13,1059,Furniture,West,1,1,Cloudy,27.1,95.73,203.02,9.74,619,603.91,582.46,11,435,206
2024-12-01,50,1190,Electronics,West,0,1,Sunny,13.2,99.31,207.89,8.22,38,289.46,304.46,17,35,17
2024-12-02,11,1016,Sports,North,1,1,Rainy,12.8,90.03,259.78,7.5,893,245.97,268.21,3,228,105
2024-12-03,18,1012,Beauty,West,1,0,Rainy,19.3,91.43,268.86,8.08,379,1695.59,1850.46,21,437,70
2024-12-04,2,1017,Furniture,North,0,0,Sunny,15.5,85.78,257.15,4.98,725,160.31,166.25,42,441,33
2024-12-05,24,1111,Toys,South,1,1,Rainy,11.5,81.72,273.93,4.89,21,671.28,721.03,37,206,77
2024-12-06,2,1108,Clothing,South,1,0,Rainy,28.3,81.78,208.68,11.27,258,104.41,114.62,40,145,17
2024-12-07,14,1173,Furniture,East,0,1,Cloudy,21.2,119.81,200.02,9.26,587,497.33,500.24,26,458,189
2024-12-08,16,1092,Grocery,South,1,1,Rainy,24.0,113.74,215.14,4.89,500,1884.73,2019.7,11,404,182
2024-12-09,50,1159,Grocery,West,0,0,Cloudy,28.5,114.77,214.67,10.31,756,95.56,90.05,20,25,1
2024-12-10,22,1147,Electronics,South,1,1,Cloudy,18.1,91.31,260.82,7.08,427,1047.68,948.46,39,171,45
2024-12-11,37,1195,Grocery,East,0,1,Cloudy,24.5,113.06,251.63,5.75,334,1458.4,1583.52,28,118,32
2024-12-12,20,1144,Furniture,East,0,1,Sunny,33.1,111.45,246.7,5.55,941,342.56,350.97,19,207,66
2024-12-13,43,1080,Sports,East,1,1,Cloudy,38.9,117.52,224.58,6.77,408,225.58,206.92,14,145,54
2024-12-14,30,1071,Furniture,East,0,0,Rainy,33.1,90.52,296.33,5.12,383,944.93,899.94,23,146,5
2024-12-15,38,1181,Furniture,West,1,1,Cloudy,33.0,115.63,198.55,8.31,624,1400.48,1333.1,15,187,89
2024-12-16,13,1103,Clothing,West,0,0,Rainy,10.9,96.66,191.75,5.75,520,1241.15,1142.46,50,253,14
2024-12-17,37,1020,Clothing,North,0,1,Cloudy,35.0,88.41,191.15,3.88,201,1474.05,1461.76,28,368,141
2024-12-18,22,1120,Furniture,East,0,0,Cloudy,18.7,101.75,273.29,8.95,613,1663.61,1652.51,32,197,15
2024-12-19,10,1142,Beauty,West,0,1,Rainy,22.1,84.98,225.28,11.79,428,370.07,354.44,46,156,48
2024-12-20,26,1139,Grocery,West,0,0,Cloudy,23.5,94.57,185.16,11.79,593,572.0,561.78,6,217,45
2024-12-21,38,1027,Beauty,North,1,0,Rainy,33.4,85.02,220.41,8.71,151,357.77,368.3,30,117,7
2024-12-22,8,1021,Electronics,West,1,1,Rainy,39.0,114.75,185.74,3.27,28,811.82,813.88,46,32,10
2024-12-23,18,1039,Electronics,South,0,1,Rainy,21.4,80.33,237.8,5.96,991,136.39,130.24,25,361,130
2024-12-24,15,1034,Furniture,North,0,1,Cloudy,27.7,116.16,183.03,7.36,439,1300.75,1235.18,24,437,171
2024-12-25,15,1041,Clothing,East,1,0,Cloudy,37.2,89.96,281.6,6.98,409,522.31,484.67,0,332,64
2024-12-26,6,1134,Sports,West,1,1,Sunny,13.2,90.31,292.79,9.75,302,1225.1,1332.91,9,176,82
2024-12-27,17,1164,Toys,West,0,1,Rainy,39.5,95.96,220.09,8.15,438,449.99,445.76,21,253,84
2024-12-28,36,1176,Furniture,East,0,1,Cloudy,35.3,92.99,187.78,8.29,880,724.42,732.14,33,421,163
2024-12-29,26,1010,Grocery,South,0,0,Sunny,34.7,102.94,235.86,8.18,948,189.91,192.57,50,297,21
2024-12-30,1,1020,Grocery,West,0,1,Sunny,20.7,118.92,184.85,6.12,110,1883.32,1872.14,46,352,129
2023-01-01,25,1009,Electronics,East,1,1,Sunny,30.9,101.37,195.52,10.63,602,1877.28,1911.07,32,74,26
2023-01-02,1,1030,Electronics,South,0,1,Rainy,24.2,91.03,259.23,10.6,836,1893.75,1788.62,48,346,136
2023-01-03,25,1059,Electronics,North,1,1,Rainy,20.6,92.91,225.43,5.58,27,1731.2,1729.24,34,61,26
2023-01-04,1,1193,Beauty,East,0,0,Rainy,33.5,84.03,184.87,7.87,802,213.73,196.81,41,310,33
2023-01-05,19,1164,Grocery,South,0,0,Cloudy,38.7,86.6,267.1,11.54,874,1141.37,1127.46,24,360,30
2023-01-06,30,1008,Electronics,East,1,1,Sunny,31.0,96.89,191.5,9.12,765,1524.76,1477.12,38,204,91
2023-01-07,15,1001,Electronics,South,0,1,Rainy,38.6,96.5,258.2,11.54,905,829.73,781.78,26,189,74
2023-01-08,23,1181,Toys,East,1,0,Rainy,15.7,85.93,288.58,3.93,485,1764.48,1931.57,19,181,26
2023-01-09,38,1110,Electronics,West,1,0,Rainy,38.1,100.78,203.28,9.59,888,458.74,460.69,27,309,61
2023-01-10,38,1163,Clothing,West,0,1,Sunny,26.1,116.16,227.76,7.81,369,515.11,526.12,3,141,62
2023-01-11,35,1101,Sports,North,0,1,Rainy,11.6,110.66,225.49,4.24,370,840.79,803.16,48,99,20
2023-01-12,5,1100,Electronics,West,0,0,Sunny,18.5,95.43,277.12,8.4,64,84.29,90.06,7,308,48
2023-01-13,6,1115,Toys,East,0,0,Cloudy,33.0,80.36,228.39,9.09,686,935.23,881.47,49,238,21
2023-01-14,12,1067,Beauty,South,0,1,Sunny,35.5,86.05,251.24,8.89,691,903.6,948.79,28,64,14
2023-01-15,33,1145,Sports,West,0,0,Cloudy,18.5,93.4,258.34,8.88,534,1974.01,1873.97,48,174,19
2023-01-16,26,1162,Furniture,East,1,1,Cloudy,16.2,119.47,265.15,3.12,632,1932.81,1771.29,15,389,173
2023-01-17,34,1182,Beauty,East,0,0,Cloudy,36.9,86.92,295.49,11.91,652,1106.96,1137.74,41,55,0
2023-01-18,45,1165,Furniture,East,1,0,Sunny,35.5,113.29,208.22,11.8,760,1194.45,1123.82,15,195,28
2023-01-19,17,1192,Toys,East,1,1,Sunny,14.2,97.46,262.67,11.47,502,1895.77,2055.86,49,308,116
2023-01-20,14,1067,Clothing,East,1,0,Sunny,18.8,113.64,278.0,7.73,732,1179.38,1235.71,36,163,15
2023-01-21,5,1026,Grocery,South,0,1,Rainy,16.5,93.47,244.33,8.96,466,1790.9,1849.01,4,498,190
2023-01-22,39,1128,Beauty,South,1,0,Cloudy,32.5,112.44,197.88,11.65,967,978.3,1023.74,14,148,20
2023-01-23,17,1016,Toys,South,0,1,Sunny,33.9,105.51,233.06,9.58,981,435.47,442.15,6,361,135
2023-01-24,15,1031,Toys,East,0,1,Cloudy,20.6,83.68,234.43,11.15,253,1003.08,1017.78,39,490,195
2023-01-25,26,1070,Grocery,North,1,0,Cloudy,20.0,105.32,240.73,9.48,176,1467.13,1384.17,0,100,33
2023-01-26,38,1187,Toys,South,0,1,Rainy,33.1,106.12,241.8,6.79,40,1452.77,1347.99,38,253,86
2023-01-27,39,1175,Grocery,East,1,1,Rainy,29.8,82.73,262.45,6.11,145,999.56,1000.21,21,456,202
2023-01-28,36,1154,Electronics,East,1,0,Sunny,17.4,89.81,287.02,4.64,170,98.05,98.58,32,30,7
2023-01-29,50,1046,Toys,West,1,1,Rainy,10.3,98.73,228.5,7.37,212,1847.1,1826.4,12,123,40
2023-01-30,22,1190,Toys,North,0,0,Rainy,16.6,104.39,183.54,7.1,200,1454.88,1420.11,47,117,1
2023-01-31,23,1172,Beauty,West,0,1,Sunny,32.8,96.39,291.81,3.77,642,1225.38,1202.22,20,276,110
2023-02-01,13,1005,Sports,West,0,1,Cloudy,16.9,97.63,278.6,3.94,601,826.77,903.85,19,115,38
2023-02-02,9,1022,Electronics,North,1,0,Cloudy,22.8,81.38,203.4,6.88,868,1490.18,1437.66,38,36,0
2023-02-03,19,1115,Electronics,East,1,1,Sunny,19.1,112.03,288.61,8.76,846,569.61,615.31,1,131,74
2023-02-04,10,1137,Beauty,West,0,1,Cloudy,10.4,90.05,291.16,3.34,155,1795.82,1847.09,49,192,46
2023-02-05,9,1055,Toys,North,1,1,Cloudy,19.5,94.89,191.68,7.14,666,1984.95,1893.49,0,248,108
2023-02-06,11,1097,Sports,North,0,1,Rainy,37.5,95.85,225.23,11.32,662,643.39,682.58,28,270,103
2023-02-07,28,1193,Clothing,East,0,1,Rainy,31.4,96.3,195.1,8.34,631,1898.52,1838.41,23,316,118
2023-02-08,46,1096,Furniture,East,1,0,Rainy,23.1,99.07,256.6,4.62,927,199.8,200.82,49,436,70
2023-02-09,42,1142,Clothing,North,0,1,Sunny,10.2,110.96,202.76,3.86,176,266.63,259.52,37,429,159
2023-02-10,33,1028,Toys,West,1,0,Rainy,35.6,83.73,225.24,4.23,557,1363.65,1432.86,41,106,0
2023-02-11,45,1081,Electronics,North,0,0,Sunny,19.0,110.17,269.69,4.1,658,766.54,762.68,7,144,14
2023-02-12,44,1106,Toys,West,1,0,Sunny,16.2,87.0,189.07,7.29,288,1284.09,1283.97,32,250,35
2023-02-13,16,1007,Toys,West,0,0,Cloudy,31.0,114.68,206.68,7.0,598,1294.21,1301.87,37,78,0
2023-02-14,25,1033,Grocery,South,1,1,Sunny,26.5,93.09,266.09,4.88,279,860.13,807.0,3,138,65
2023-02-15,16,1107,Grocery,East,1,1,Rainy,24.5,119.56,287.78,10.7,567,1171.47,1084.19,4,250,115
2023-02-16,1,1180,Toys,North,0,0,Cloudy,23.7,95.38,194.06,10.28,23,1917.09,1761.46,26,317,54
2023-02-17,38,1183,Toys,South,1,0,Sunny,14.9,82.69,211.96,9.57,754,1752.24,1657.72,47,151,29
2023-02-18,42,1039,Electronics,North,0,0,Cloudy,34.9,94.98,217.05,7.07,273,340.15,315.99,10,396,60
2023-02-19,50,1006,Beauty,East,0,1,Rainy,37.8,113.98,207.97,11.05,774,854.75,806.99,12,203,68
2023-02-20,28,1049,Sports,East,0,1,Rainy,30.8,83.73,289.95,10.77,381,54.8,52.74,18,213,90
2023-02-21,11,1116,Beauty,North,0,1,Cloudy,37.7,85.95,260.45,5.96,397,1363.66,1441.31,13,328,123
2023-02-22,50,1059,Clothing,West,0,0,Cloudy,31.6,80.56,231.49,5.05,375,1029.35,1107.38,2,129,10
2023-02-23,21,1081,Electronics,West,1,0,Sunny,37.4,111.67,262.25,4.1,711,128.26,117.74,27,353,76
2023-02-24,3,1145,Clothing,East,1,0,Cloudy,33.1,99.11,270.3,7.47,514,110.77,101.17,13,84,6
2023-02-25,23,1160,Furniture,North,1,0,Rainy,17.9,103.2,258.93,8.54,204,788.86,833.32,20,436,84
2023-02-26,40,1116,Electronics,East,0,1,Cloudy,23.2,107.49,221.0,6.18,363,1213.69,1114.79,12,115,58
2023-02-27,39,1152,Toys,East,0,1,Sunny,38.8,109.94,224.42,3.9,81,1832.15,1860.28,48,280,99
2023-02-28,26,1067,Clothing,North,1,0,Sunny,12.0,88.85,254.11,8.89,72,1834.82,1969.31,16,452,91
2023-03-01,37,1129,Beauty,North,0,1,Cloudy,33.2,85.88,183.61,9.38,130,444.64,464.12,43,25,0
2023-03-02,12,1068,Beauty,East,0,0,Cloudy,29.2,103.6,205.26,9.28,664,66.31,68.27,10,198,29
2023-03-03,50,1191,Grocery,North,0,0,Rainy,28.0,80.08,279.12,7.54,131,1015.13,1045.72,18,288,31
2023-03-04,21,1105,Grocery,South,1,0,Cloudy,29.9,102.18,219.74,9.06,124,353.64,370.76,0,355,79
2023-03-05,13,1065,Grocery,West,1,1,Rainy,21.0,115.36,187.94,6.39,570,1426.89,1476.65,17,388,170
2023-03-06,49,1189,Beauty,North,0,0,Sunny,25.6,110.11,198.24,11.75,775,99.21,106.87,48,122,14
2023-03-07,29,1119,Sports,South,1,1,Rainy,13.5,116.4,264.61,6.99,752,1930.48,1873.93,35,389,174
2023-03-08,12,1186,Furniture,East,0,1,Cloudy,31.9,88.64,234.63,6.0,267,1790.53,1677.79,28,327,121
2023-03-09,34,1005,Sports,North,1,1,Rainy,20.5,95.11,224.87,3.83,906,91.29,95.8,18,263,126
2023-03-10,14,1144,Beauty,West,0,1,Cloudy,16.4,92.68,212.2,4.54,581,592.48,603.55,32,54,23
2023-03-11,19,1072,Clothing,West,0,0,Cloudy,33.0,86.65,225.03,5.31,892,1054.57,989.33,0,59,0
2023-03-12,41,1053,Toys,South,1,0,Sunny,14.2,97.98,298.71,4.78,950,1507.89,1375.61,32,95,13
2023-03-13,20,1009,Toys,West,1,1,Cloudy,20.3,91.31,257.06,10.36,109,1989.09,2112.58,15,397,174
2023-03-14,35,1015,Beauty,West,0,1,Sunny,15.0,98.97,240.0,5.3,385,1472.34,1426.31,29,216,66
2023-03-15,29,1049,Grocery,South,1,1,Rainy,26.1,91.48,232.06,8.09,424,1598.71,1510.26,1,479,219
2023-03-16,43,1162,Sports,South,0,0,Cloudy,31.1,87.59,282.42,6.7,311,1833.75,1973.75,18,87,0
2023-03-17,46,1169,Grocery,South,1,1,Cloudy,22.6,109.66,284.44,6.64,46,688.73,725.13,3,441,199
2023-03-18,33,1076,Clothing,South,1,1,Rainy,20.6,104.7,236.67,5.0,667,1008.35,1045.83,4,442,192
2023-03-19,13,1187,Toys,North,0,1,Sunny,29.8,85.51,246.02,7.65,26,491.48,516.9,30,363,144
2023-03-20,18,1186,Grocery,North,0,0,Cloudy,11.0,116.99,183.39,4.77,826,217.43,236.34,21,469,73
2023-03-21,31,1117,Toys,North,0,1,Cloudy,27.9,103.15,299.87,5.08,930,407.5,386.55,41,143,55
2023-03-22,4,1105,Sports,East,1,0,Cloudy,12.9,82.87,212.76,7.26,816,818.4,832.39,12,23,0
2023-03-23,9,1040,Furniture,South,1,0,Sunny,36.7,96.47,267.99,10.83,570,1465.84,1473.9,31,227,39
2023-03-24,44,1034,Electronics,South,1,1,Sunny,24.1,116.42,276.42,8.24,205,1962.52,1811.8,5,127,57
2023-03-25,36,1177,Clothing,East,0,0,Sunny,17.3,104.15,201.11,9.56,562,1558.29,1518.97,33,91,0
2023-03-26,47,1113,Beauty,South,1,1,Cloudy,34.3,95.8,197.18,7.5,955,485.26,444.14,4,302,135
2023-03-27,6,1128,Furniture,East,1,0,Sunny,21.2,117.0,220.54,3.69,851,1470.0,1517.61,45,24,0
2023-03-28,4,1155,Grocery,North,1,1,Sunny,23.6,102.73,184.43,8.28,388,980.96,1062.72,18,436,208
2023-03-29,34,1142,Toys,North,0,0,Cloudy,17.4,110.73,219.03,7.4,193,1891.42,2030.21,46,410,47
2023-03-30,32,1137,Grocery,North,1,1,Cloudy,26.8,114.0,226.05,5.36,824,1925.2,2110.11,32,277,103
2023-03-31,3,1038,Grocery,West,0,1,Sunny,31.2,114.96,246.26,7.44,494,833.7,780.71,29,401,138
2023-04-01,46,1061,Electronics,North,1,1,Cloudy,30.5,91.7,198.27,10.65,713,568.44,532.75,12,201,88
2023-04-02,11,1025,Toys,South,0,0,Rainy,17.9,115.91,205.99,3.11,316,1536.11,1670.35,2,408,59
2023-04-03,38,1183,Grocery,North,0,1,Rainy,26.8,98.82,256.18,4.94,677,654.38,640.61,7,433,151
2023-04-04,12,1146,Beauty,North,0,1,Sunny,27.5,85.16,244.63,6.65,884,1046.8,1081.91,8,345,146
2023-04-05,44,1037,Grocery,East,0,1,Sunny,32.4,109.83,283.21,8.44,982,292.14,288.23,34,193,79
2023-04-06,10,1174,Grocery,North,0,1,Rainy,23.8,91.06,247.25,9.15,245,1064.92,1169.03,50,231,83
2023-04-07,34,1127,Grocery,South,0,1,Rainy,36.7,99.79,239.37,7.5,284,530.05,574.18,33,43,13
2023-04-08,38,1038,Toys,South,0,0,Rainy,19.2,102.86,226.36,3.27,374,1640.99,1486.8,24,494,77
2023-04-09,32,1015,Electronics,North,0,0,Sunny,39.3,83.91,239.77,5.89,595,694.22,733.97,30,300,31
2023-04-10,26,1065,Furniture,South,0,0,Sunny,24.3,95.66,267.52,8.13,136,1956.58,2061.77,43,134,10
2023-04-11,27,1089,Electronics,South,1,0,Sunny,35.5,116.55,273.69,11.88,107,1038.8,986.45,38,42,0
2023-04-12,10,1074,Electronics,East,0,1,Rainy,16.1,116.33,219.55,7.88,948,485.44,484.91,40,111,28
2023-04-13,30,1020,Grocery,North,0,1,Sunny,11.5,88.68,213.35,9.69,880,374.77,380.83,8,230,90
2023-04-14,47,1115,Clothing,East,0,1,Rainy,12.6,97.78,206.58,11.05,333,365.43,390.34,0,457,202
2023-04-15,5,1175,Grocery,West,0,1,Rainy,12.2,90.56,201.41,7.14,948,147.27,137.92,32,209,77
2023-04-16,22,1199,Electronics,South,0,0,Sunny,24.0,85.92,224.55,7.96,427,1156.78,1167.4,26,388,58
2023-04-17,27,1144,Furniture,West,0,1,Rainy,18.2,93.03,272.1,10.1,924,1565.7,1506.55,23,228,95
2023-04-18,12,1093,Sports,South,1,0,Sunny,36.8,111.56,230.71,9.54,940,492.66,510.67,14,73,18
2023-04-19,20,1162,Electronics,North,1,0,Cloudy,25.2,90.84,214.36,10.63,1000,1507.06,1412.73,14,395,68
2023-04-20,42,1146,Electronics,West,1,0,Rainy,37.5,98.25,273.81,6.43,957,1450.32,1579.0,47,366,47
2023-04-21,15,1041,Clothing,South,0,0,Cloudy,25.3,95.98,258.45,4.03,610,275.68,261.78,50,82,13
2023-04-22,20,1141,Clothing,East,1,1,Rainy,28.9,85.21,260.79,6.17,741,1469.17,1486.55,38,415,187
2023-04-23,44,1165,Toys,North,1,1,Sunny,33.8,93.56,276.84,9.95,793,1182.38,1113.25,7,154,64
2023-04-24,28,1126,Grocery,West,0,0,Rainy,17.2,97.52,215.52,11.59,647,1644.06,1624.12,37,422,58
2023-04-25,18,1091,Furniture,South,1,1,Cloudy,16.6,86.12,228.93,3.63,540,834.93,802.76,46,408,161
2023-04-26,29,1182,Sports,East,0,1,Sunny,20.3,105.94,299.25,6.78,120,83.84,89.89,35,166,51
2023-04-27,1,1102,Furniture,East,1,1,Rainy,37.2,80.88,218.14,7.89,739,1812.54,1926.37,39,483,210
2023-04-28,33,1070,Beauty,East,0,0,Sunny,31.4,112.34,251.49,6.43,23,359.19,371.17,16,409,58
2023-04-29,49,1154,Beauty,North,1,0,Cloudy,37.1,111.46,229.62,11.34,61,810.51,863.57,24,356,72
2023-04-30,2,1023,Furniture,South,0,0,Rainy,32.7,85.59,211.34,4.49,709,724.9,666.11,27,202,30
2023-05-01,35,1200,Electronics,East,0,0,Sunny,14.0,113.22,222.49,4.14,901,1415.76,1340.06,36,184,1
2023-05-02,7,1152,Clothing,East,0,0,Sunny,38.7,82.54,259.31,4.51,437,484.26,524.59,1,295,40
2023-05-03,42,1002,Beauty,North,1,0,Cloudy,38.0,95.6,181.24,11.68,325,191.26,182.41,49,192,36
2023-05-04,8,1158,Beauty,South,0,0,Sunny,35.0,109.42,190.87,6.49,440,1231.01,1223.63,3,34,11
2023-05-05,44,1049,Toys,West,1,1,Sunny,12.7,104.89,189.57,9.84,874,1752.73,1767.23,4,450,212
2023-05-06,18,1087,Furniture,East,0,0,Cloudy,11.7,86.81,196.07,3.48,83,803.13,808.14,18,391,63
2023-05-07,37,1081,Sports,North,0,1,Sunny,32.8,106.4,237.52,6.71,262,150.51,149.63,23,201,59
2023-05-08,4,1073,Sports,West,1,1,Rainy,12.1,118.93,194.38,7.78,619,251.72,241.81,18,254,99
2023-05-09,5,1163,Electronics,East,1,1,Sunny,37.5,87.8,264.83,11.93,665,873.97,807.52,32,87,39
2023-05-10,26,1106,Sports,East,1,0,Sunny,26.5,119.76,258.95,9.96,464,691.64,689.16,42,473,78
2023-05-11,23,1121,Furniture,South,1,0,Cloudy,10.1,119.06,252.55,8.44,851,622.08,564.06,22,245,48
2023-05-12,10,1096,Beauty,East,0,1,Cloudy,27.4,101.32,189.26,3.08,68,1462.53,1552.78,28,254,89
2023-05-13,45,1103,Beauty,South,1,1,Rainy,17.3,84.97,289.84,7.96,990,491.61,502.41,24,136,63
2023-05-14,5,1070,Electronics,East,1,1,Cloudy,28.2,108.23,244.8,5.82,646,1693.03,1828.94,30,96,33
2023-05-15,1,1008,Clothing,South,1,0,Cloudy,17.3,114.35,297.9,11.57,595,135.39,126.85,21,361,70
2023-05-16,50,1158,Clothing,West,0,1,Sunny,11.2,96.4,263.96,6.58,612,1242.75,1187.59,23,119,35
2023-05-17,10,1200,Toys,West,1,1,Rainy,27.7,92.55,296.13,4.6,516,452.27,465.36,33,427,182
2023-05-18,5,1130,Electronics,South,1,1,Sunny,12.7,118.01,260.93,8.24,702,1304.51,1346.55,38,263,116
2023-05-19,44,1113,Grocery,West,0,1,Cloudy,16.8,107.54,217.72,10.18,912,1725.95,1679.18,2,356,147
2023-05-20,10,1160,Toys,West,1,1,Cloudy,12.9,116.52,266.91,3.87,943,409.31,398.76,7,178,80
2023-05-21,31,1200,Beauty,East,0,1,Cloudy,17.8,97.36,240.05,5.98,915,693.15,723.45,48,21,7
2023-05-22,33,1169,Electronics,South,0,0,Cloudy,34.7,103.22,188.75,5.79,785,1119.43,1058.41,11,419,58
2023-05-23,41,1192,Toys,South,0,1,Rainy,10.3,102.88,287.55,6.33,106,262.17,251.12,20,406,149
2023-05-24,24,1140,Furniture,North,1,1,Sunny,30.1,96.57,270.0,9.57,179,1226.12,1123.96,8,139,52
2023-05-25,22,1196,Sports,East,0,1,Sunny,12.6,86.59,286.54,10.86,440,385.06,399.29,28,312,122
2023-05-26,30,1186,Toys,East,0,0,Cloudy,25.4,86.31,216.28,6.73,240,1466.44,1460.07,28,453,45
2023-05-27,35,1029,Clothing,South,1,1,Cloudy,22.8,95.63,265.92,3.39,346,580.08,571.5,22,446,202
2023-05-28,23,1001,Sports,West,1,0,Sunny,38.8,109.92,209.65,4.04,872,299.28,293.02,41,25,0
2023-05-29,49,1058,Furniture,North,0,1,Sunny,38.7,103.79,279.21,7.07,126,365.46,348.84,17,276,108
2023-05-30,18,1174,Sports,West,0,1,Sunny,27.3,87.2,247.03,6.52,779,1228.82,1145.68,20,305,130
2023-05-31,4,1098,Electronics,West,0,1,Cloudy,38.5,99.19,268.15,7.08,489,1428.16,1390.35,9,28,0
2023-06-01,45,1172,Furniture,South,1,1,Cloudy,26.1,104.39,263.13,5.88,800,1311.54,1212.76,15,493,220
2023-06-02,1,1149,Clothing,East,0,1,Cloudy,24.1,108.75,288.05,6.21,152,1841.94,1888.71,47,355,140
2023-06-03,38,1128,Toys,North,1,1,Rainy,12.8,98.03,212.0,7.6,201,1528.86,1379.97,32,403,174
2023-06-04,23,1152,Clothing,North,0,0,Sunny,22.5,92.12,272.6,3.83,558,1824.57,1702.82,9,214,39
2023-06-05,15,1061,Sports,South,0,1,Sunny,26.3,105.87,278.55,10.51,353,1650.0,1797.05,16,490,211
2023-06-06,34,1026,Furniture,South,0,1,Sunny,22.3,98.54,273.52,10.56,631,411.5,394.7,17,278,98
2023-06-07,45,1172,Toys,North,1,0,Rainy,22.6,94.43,280.01,8.24,524,927.27,925.55,1,328,57
2023-06-08,10,1047,Beauty,East,0,0,Sunny,11.1,87.49,206.45,7.62,985,947.65,965.53,46,239,13
2023-06-09,32,1139,Sports,East,1,0,Rainy,34.2,84.38,188.58,5.8,871,828.43,900.59,8,60,19
2023-06-10,16,1049,Toys,East,0,1,Rainy,37.2,80.52,210.92,4.35,616,572.57,534.04,16,425,177
2023-06-11,11,1026,Toys,West,0,1,Sunny,30.8,82.42,251.33,8.67,104,1695.2,1854.63,45,359,145
2023-06-12,15,1083,Sports,East,1,1,Cloudy,14.0,94.84,271.11,9.0,531,247.79,261.69,34,238,90
2023-06-13,32,1072,Beauty,East,1,1,Rainy,20.5,110.05,242.84,11.49,353,1822.81,1795.88,2,86,47
2023-06-14,27,1175,Grocery,West,1,1,Sunny,12.0,81.01,276.36,6.39,430,320.83,317.74,22,32,4
2023-06-15,42,1089,Electronics,South,0,1,Rainy,33.7,83.6,216.96,7.03,640,1268.19,1180.34,17,486,191
2023-06-16,34,1042,Clothing,South,1,1,Cloudy,37.9,104.01,236.03,11.28,350,171.46,159.43,37,432,206
2023-06-17,28,1004,Beauty,West,0,0,Sunny,37.9,112.78,237.31,10.88,668,1192.41,1120.66,27,425,40
2023-06-18,32,1162,Furniture,West,0,0,Rainy,31.1,87.47,266.79,8.87,330,1042.41,1069.84,50,458,51
2023-06-19,18,1118,Toys,North,0,0,Sunny,17.4,108.54,291.57,11.9,815,489.46,508.04,50,194,16
2023-06-20,32,1028,Furniture,South,1,1,Cloudy,23.1,116.55,227.59,8.4,703,771.85,770.7,16,28,5
2023-06-21,14,1155,Grocery,South,1,1,Cloudy,16.2,117.28,216.69,5.43,683,683.36,715.35,17,390,174
2023-06-22,5,1100,Beauty,West,1,0,Sunny,36.1,113.79,182.14,4.03,569,74.24,66.94,33,199,31
2023-06-23,2,1072,Furniture,South,1,1,Rainy,15.1,116.87,248.79,11.21,471,1201.49,1150.08,33,232,112
2023-06-24,39,1190,Furniture,South,1,0,Rainy,33.0,86.41,197.16,3.84,996,668.42,707.65,33,175,25
2023-06-25,6,1009,Sports,East,1,0,Rainy,26.7,84.06,189.23,3.29,336,1463.26,1574.45,9,116,9
2023-06-26,41,1074,Grocery,North,0,1,Sunny,34.6,89.75,294.81,9.49,511,1537.23,1508.01,43,446,147
2023-06-27,48,1185,Grocery,East,0,0,Cloudy,34.3,114.72,197.49,3.28,892,1536.79,1674.11,29,281,35
2023-06-28,29,1080,Grocery,East,0,1,Sunny,18.3,100.24,267.26,10.29,608,1693.78,1627.72,25,424,160
2023-06-29,12,1132,Beauty,East,0,1,Sunny,33.3,107.06,254.92,10.15,937,1661.3,1589.01,24,478,170
2023-06-30,27,1109,Furniture,East,1,1,Rainy,31.6,106.83,289.73,3.39,910,127.44,139.94,25,474,219
2023-07-01,44,1194,Sports,East,1,1,Rainy,38.6,116.94,243.91,11.95,252,1001.34,1043.74,5,58,27
2023-07-02,13,1087,Furniture,West,1,0,Rainy,33.1,98.96,251.58,8.52,600,1390.93,1313.01,47,196,19
2023-07-03,18,1168,Clothing,West,0,0,Cloudy,13.9,115.07,217.01,3.5,252,457.89,441.59,46,460,42
2023-07-04,45,1108,Toys,South,0,0,Sunny,35.4,119.73,292.17,10.59,187,200.28,192.93,10,256,37
2023-07-05,6,1095,Beauty,East,1,1,Sunny,19.0,110.42,217.45,5.59,325,1484.34,1384.06,26,80,28
2023-07-06,3,1056,Clothing,North,0,1,Sunny,30.5,83.87,180.44,7.87,1000,1859.25,1969.76,47,128,27
2023-07-07,21,1027,Grocery,North,1,0,Cloudy,19.7,95.91,296.05,8.01,617,244.97,225.46,42,390,73
2023-07-08,48,1068,Grocery,West,0,1,Sunny,20.4,115.44,257.11,7.41,988,1243.22,1344.92,32,321,121
2023-07-09,16,1194,Sports,West,1,0,Rainy,14.9,113.16,278.28,6.62,76,1275.59,1284.07,36,285,44
2023-07-10,33,1122,Clothing,West,1,0,Rainy,33.6,91.52,285.37,9.15,173,720.57,790.16,25,61,6
2023-07-11,1,1188,Electronics,South,1,0,Sunny,13.6,108.77,244.1,8.52,22,168.26,179.62,1,226,53
2023-07-12,4,1048,Toys,South,1,0,Rainy,11.1,118.04,225.49,11.51,333,1941.69,1957.45,39,53,0
2023-07-13,45,1092,Toys,East,0,1,Rainy,10.6,89.25,190.29,10.61,113,1436.76,1297.37,11,322,125
2023-07-14,3,1127,Toys,North,0,1,Rainy,11.1,81.3,267.23,10.14,98,1525.68,1526.69,35,96,45
2023-07-15,48,1047,Clothing,West,0,1,Sunny,18.1,80.25,249.58,8.89,807,129.1,124.99,6,250,91
2023-07-16,3,1039,Toys,West,0,1,Cloudy,14.0,118.85,237.74,9.89,575,1916.14,1804.77,31,278,121
2023-07-17,41,1044,Electronics,East,0,0,Rainy,28.9,114.45,297.32,6.19,559,1306.99,1232.32,35,95,20
2023-07-18,4,1155,Sports,West,1,0,Cloudy,21.4,115.49,253.13,4.36,36,465.87,433.87,44,137,6
2023-07-19,25,1033,Sports,East,0,0,Sunny,14.8,91.52,272.37,7.3,375,1568.3,1621.41,16,61,8
2023-07-20,47,1122,Beauty,North,1,0,Cloudy,25.4,93.84,221.34,7.05,446,402.95,427.6,3,295,50
2023-07-21,40,1131,Furniture,East,1,1,Sunny,33.5,86.49,295.95,7.43,520,1056.25,1133.36,15,93,29
2023-07-22,47,1005,Toys,West,0,1,Sunny,23.9,119.2,216.53,7.7,425,1104.22,996.95,34,113,32
2023-07-23,7,1113,Clothing,East,0,0,Sunny,31.4,86.68,254.74,5.43,883,1440.65,1477.27,21,422,59
2023-07-24,38,1112,Furniture,South,1,0,Sunny,14.3,101.77,294.67,6.1,587,1654.98,1673.39,4,488,107
2023-07-25,41,1100,Clothing,East,1,1,Cloudy,38.6,86.15,276.87,10.66,995,418.54,385.42,7,294,140
2023-07-26,38,1189,Electronics,East,1,1,Cloudy,30.6,85.91,209.75,5.01,166,383.53,419.78,29,155,61
2023-07-27,16,1001,Furniture,West,0,0,Sunny,39.0,87.11,190.23,5.94,735,252.95,276.02,19,434,55
2023-07-28,25,1054,Clothing,West,0,0,Sunny,38.7,118.31,224.49,5.11,177,1861.43,1924.09,44,262,40
2023-07-29,26,1097,Grocery,South,1,1,Rainy,14.0,108.36,235.5,3.9,765,449.18,475.82,8,256,122
2023-07-30,1,1174,Toys,East,0,0,Sunny,21.1,116.98,284.99,9.0,637,1707.22,1771.13,7,240,17
2023-07-31,36,1188,Furniture,South,0,0,Rainy,28.6,119.27,186.42,6.47,521,1340.2,1304.29,47,438,50
2023-08-01,42,1054,Toys,South,0,1,Cloudy,19.0,85.94,263.39,6.42,801,1601.11,1689.74,41,453,171
2023-08-02,3,1117,Beauty,North,1,1,Rainy,37.4,82.26,190.39,5.62,671,156.98,148.29,31,36,8
2023-08-03,47,1110,Toys,South,0,1,Sunny,29.2,89.46,204.43,11.55,526,1065.63,991.76,31,335,120
2023-08-04,15,1060,Sports,South,1,1,Sunny,16.9,96.11,257.05,3.62,547,1359.03,1289.7,18,105,39
2023-08-05,31,1015,Toys,North,1,1,Rainy,25.8,118.01,190.11,4.22,181,1112.18,1113.91,7,206,96
2023-08-06,32,1143,Sports,West,0,1,Sunny,39.3,116.99,191.72,11.05,32,1946.83,1833.85,6,325,132
2023-08-07,17,1044,Sports,West,1,1,Rainy,23.8,112.48,241.85,9.27,445,1806.45,1918.6,19,364,157
2023-08-08,38,1118,Toys,West,0,1,Rainy,13.6,118.14,256.95,8.45,974,644.98,639.61,39,492,183
2023-08-09,22,1086,Furniture,North,1,0,Rainy,10.4,104.5,289.27,11.18,414,812.3,787.97,16,85,23
2023-08-10,39,1134,Furniture,West,1,1,Cloudy,21.0,85.98,210.22,11.81,127,110.62,119.45,18,94,25
2023-08-11,20,1145,Sports,North,0,0,Rainy,23.9,100.27,291.06,9.63,778,166.43,165.85,9,386,41
2023-08-12,49,1166,Toys,East,1,0,Sunny,20.4,116.17,262.01,4.33,766,1585.24,1444.06,14,292,74
2023-08-13,24,1134,Furniture,North,0,1,Cloudy,27.1,89.65,275.67,9.38,78,1136.32,1132.34,33,260,92
2023-08-14,44,1100,Clothing,South,0,1,Sunny,33.3,81.9,252.92,3.67,731,667.4,666.22,23,93,27
2023-08-15,19,1114,Sports,East,0,1,Sunny,22.1,94.11,214.29,10.0,194,1481.17,1333.67,5,44,25
2023-08-16,41,1151,Beauty,West,1,0,Sunny,31.7,118.74,202.78,9.88,794,1968.32,2007.44,41,123,13
2023-08-17,26,1100,Sports,North,0,0,Rainy,39.6,87.22,230.06,9.91,694,1133.33,1207.93,17,478,66
2023-08-18,3,1117,Sports,South,1,0,Cloudy,20.2,98.1,191.51,6.89,224,1171.74,1080.93,17,265,48
2023-08-19,35,1147,Sports,South,0,0,Rainy,20.9,114.35,211.23,4.2,175,1084.68,1189.71,7,315,62
2023-08-20,35,1016,Toys,East,0,1,Sunny,30.2,111.01,247.62,8.04,186,1699.17,1745.93,4,361,129
2023-08-21,28,1036,Grocery,North,0,0,Sunny,34.8,80.13,180.01,11.44,575,1262.96,1216.94,46,447,58
2023-08-22,36,1174,Furniture,East,0,0,Sunny,14.7,83.52,255.14,10.67,589,1026.71,1122.95,33,309,34
2023-08-23,38,1140,Toys,South,0,0,Sunny,34.3,97.39,205.08,5.33,894,87.33,82.63,13,77,0
2023-08-24,39,1191,Beauty,East,1,1,Sunny,19.7,83.46,269.84,6.98,251,977.26,1037.87,33,300,107
2023-08-25,34,1165,Furniture,South,0,0,Cloudy,24.2,80.38,257.04,4.91,755,847.26,919.54,13,85,5
2023-08-26,9,1154,Toys,West,1,1,Rainy,39.4,107.14,290.03,11.7,725,1106.58,1051.86,29,90,22
2023-08-27,28,1111,Grocery,East,1,1,Rainy,37.9,80.74,197.23,8.7,129,816.43,836.73,43,79,10
2023-08-28,38,1070,Electronics,North,1,1,Cloudy,39.9,111.23,285.98,10.29,752,1328.12,1411.52,29,142,66
2023-08-29,35,1061,Grocery,South,0,0,Sunny,10.4,98.02,273.3,5.37,964,1399.96,1294.33,12,292,43
2023-08-30,35,1044,Beauty,North,1,0,Cloudy,30.1,96.82,268.92,11.84,138,616.56,667.13,37,284,37
2023-08-31,27,1116,Furniture,West,1,0,Cloudy,17.7,101.71,278.58,6.21,918,312.74,285.15,27,92,10
2023-09-01,29,1115,Sports,South,1,1,Sunny,24.7,96.61,181.68,7.56,340,1109.0,1075.4,28,428,175
2023-09-02,6,1091,Furniture,East,1,1,Rainy,13.5,105.19,235.29,10.68,852,153.46,163.49,1,78,47
2023-09-03,15,1106,Beauty,South,1,0,Cloudy,15.4,89.79,284.76,6.22,354,1508.23,1629.63,13,304,51
2023-09-04,30,1036,Furniture,West,1,1,Rainy,38.9,89.89,244.13,5.52,803,1535.37,1586.93,50,448,190
2023-09-05,5,1057,Furniture,South,0,0,Rainy,23.7,90.35,235.41,8.71,21,932.94,942.26,24,394,51
2023-09-06,50,1099,Furniture,East,1,1,Sunny,38.7,103.71,276.94,4.65,87,1733.17,1721.17,34,84,22
2023-09-07,41,1153,Toys,South,1,0,Cloudy,28.9,84.82,241.5,4.28,191,432.38,437.35,21,61,3
2023-09-08,48,1177,Furniture,North,0,1,Cloudy,37.6,89.45,268.19,9.5,807,578.94,527.46,25,377,147
2023-09-09,6,1195,Sports,West,1,1,Rainy,28.8,81.13,245.46,11.72,101,119.01,127.47,46,328,125
2023-09-10,26,1042,Clothing,North,0,1,Cloudy,18.8,84.25,287.7,3.02,334,1591.24,1517.44,3,496,191
2023-09-11,13,1092,Sports,East,0,0,Rainy,24.8,110.66,221.75,10.64,589,1945.68,1928.71,44,219,7
2023-09-12,1,1069,Toys,West,0,1,Rainy,15.6,82.59,215.63,4.47,751,1201.66,1310.53,4,353,150
2023-09-13,2,1069,Beauty,West,0,1,Rainy,10.3,95.98,229.71,10.65,339,1319.68,1280.47,47,386,155
2023-09-14,16,1079,Beauty,South,0,0,Sunny,23.8,92.11,231.36,8.92,515,1952.08,1965.1,50,279,30
2023-09-15,15,1126,Electronics,South,1,1,Sunny,36.8,111.6,263.67,7.7,107,936.62,918.69,42,456,195
2023-09-16,21,1111,Furniture,North,0,0,Rainy,34.0,98.94,184.42,10.07,255,1835.37,1932.93,24,20,0
2023-09-17,40,1025,Furniture,West,1,1,Cloudy,38.0,111.48,182.2,10.72,248,1944.79,1798.89,12,163,75
2023-09-18,20,1158,Clothing,East,0,1,Cloudy,37.2,86.28,283.3,9.37,440,765.41,754.82,21,171,68
2023-09-19,31,1125,Electronics,East,1,1,Sunny,28.0,113.7,288.85,9.38,160,440.28,409.47,35,350,143
2023-09-20,21,1064,Clothing,West,1,1,Cloudy,15.9,83.2,200.82,10.47,97,875.02,936.52,19,83,23
2023-09-21,16,1129,Beauty,South,0,1,Sunny,23.4,96.48,278.1,11.44,837,430.17,448.03,23,24,2
2023-09-22,33,1167,Beauty,South,0,0,Sunny,18.5,115.27,201.71,8.52,361,573.99,610.16,9,28,9
2023-09-23,32,1010,Beauty,West,0,1,Cloudy,22.6,92.9,212.59,7.38,230,1766.35,1878.47,34,193,63
2023-09-24,46,1107,Toys,West,1,0,Rainy,26.6,89.07,223.72,9.38,916,494.49,522.94,50,23,0
2023-09-25,15,1085,Electronics,South,0,1,Cloudy,15.2,92.3,224.75,7.75,28,379.26,400.03,5,66,31
2023-09-26,16,1068,Grocery,West,0,0,Sunny,38.3,96.64,187.15,4.51,775,863.95,779.76,16,340,41
2023-09-27,9,1041,Grocery,West,1,1,Sunny,32.3,88.7,245.11,10.14,513,998.34,1084.25,24,473,195
2023-09-28,20,1187,Beauty,North,1,1,Cloudy,27.1,109.5,224.19,8.53,489,249.79,244.65,13,283,122
2023-09-29,36,1056,Beauty,North,1,1,Rainy,38.7,100.81,229.7,11.26,509,1123.29,1119.34,14,373,178
2023-09-30,22,1111,Grocery,South,1,0,Cloudy,37.1,105.72,265.22,11.7,529,1348.24,1293.61,6,391,68
2023-10-01,33,1158,Electronics,East,0,0,Rainy,27.5,82.99,206.38,11.66,859,806.33,795.52,4,404,65
2023-10-02,11,1150,Furniture,East,1,0,Rainy,14.0,115.42,206.96,6.61,847,455.87,482.79,21,406,73
2023-10-03,9,1186,Clothing,North,1,0,Cloudy,22.3,108.8,280.77,10.46,890,326.66,335.12,6,94,38
2023-10-04,7,1043,Beauty,South,0,0,Cloudy,33.4,106.8,252.87,8.11,725,1865.51,1944.33,5,122,39
2023-10-05,41,1111,Furniture,East,0,0,Cloudy,16.9,109.32,267.63,9.95,605,838.11,862.26,42,379,20
2023-10-06,41,1171,Beauty,West,0,0,Cloudy,27.6,84.08,230.56,7.86,740,1396.73,1293.6,42,227,28
2023-10-07,14,1058,Grocery,West,1,1,Sunny,35.7,119.0,236.33,11.07,190,915.28,836.28,18,24,0
2023-10-08,6,1100,Toys,North,0,0,Cloudy,10.5,118.11,261.44,6.55,512,1423.56,1530.03,7,236,31
2023-10-09,48,1123,Electronics,East,1,0,Cloudy,33.7,86.48,285.79,8.27,317,1706.52,1825.14,11,383,73
2023-10-10,12,1191,Furniture,North,1,1,Cloudy,23.1,116.89,210.68,8.7,380,659.41,695.81,44,163,72
2023-10-11,8,1094,Sports,West,1,0,Cloudy,27.4,101.27,229.58,6.51,784,298.74,285.67,29,47,0
2023-10-12,13,1197,Toys,East,1,0,Sunny,26.5,86.03,190.97,4.18,789,1088.38,1184.39,38,213,28
2023-10-13,30,1185,Toys,South,1,0,Sunny,19.2,107.43,184.84,3.46,543,1778.85,1828.1,1,189,24
2023-10-14,24,1188,Toys,South,1,1,Cloudy,32.7,92.97,287.85,3.44,151,1978.59,2126.54,49,44,0
2023-10-15,11,1010,Beauty,South,0,1,Cloudy,14.0,80.59,257.09,6.06,507,490.91,497.9,10,184,65
2023-10-16,28,1040,Toys,West,0,1,Cloudy,22.4,89.94,246.09,3.62,30,1230.22,1173.14,43,310,102
2023-10-17,39,1066,Clothing,East,0,1,Rainy,27.5,81.33,204.33,7.3,206,1145.57,1093.71,1,413,159
2023-10-18,43,1105,Beauty,North,0,1,Cloudy,25.2,87.83,239.56,8.29,506,1350.1,1310.53,0,215,84
2023-10-19,48,1137,Furniture,East,1,0,Rainy,21.8,93.97,217.84,7.64,115,1623.05,1553.69,16,489,102
2023-10-20,45,1093,Sports,North,0,0,Sunny,19.0,103.94,192.78,3.61,942,958.88,944.97,10,465,56
2023-10-21,18,1057,Clothing,North,1,0,Cloudy,18.7,97.63,197.98,3.65,934,1325.8,1297.69,3,445,84
2023-10-22,27,1093,Clothing,East,1,0,Cloudy,11.0,96.47,212.39,3.7,605,1288.23,1265.26,27,184,27
2023-10-23,43,1158,Furniture,West,0,0,Sunny,25.5,112.79,183.95,10.88,628,510.04,492.16,27,119,16
2023-10-24,21,1033,Furniture,West,0,1,Cloudy,21.7,110.56,251.49,6.02,333,884.39,893.99,48,128,38
2023-10-25,36,1181,Toys,East,0,0,Cloudy,24.5,115.16,233.16,11.22,284,1935.2,2064.5,32,480,59
2023-10-26,27,1120,Sports,North,1,1,Sunny,32.4,107.09,206.13,8.93,768,1650.51,1577.16,16,28,4
2023-10-27,12,1001,Grocery,East,1,1,Rainy,15.6,108.43,234.58,4.57,432,211.66,202.01,3,403,177
2023-10-28,22,1119,Beauty,East,0,0,Sunny,31.6,107.91,245.25,7.7,771,1955.45,1979.67,9,124,21
2023-10-29,8,1064,Beauty,East,1,1,Rainy,27.5,117.65,279.52,5.12,86,1569.99,1554.76,48,391,143
2023-10-30,29,1190,Beauty,South,1,0,Cloudy,32.4,94.08,205.3,3.36,864,294.07,307.22,29,293,54
2023-10-31,40,1054,Furniture,North,1,0,Cloudy,32.9,108.57,278.15,3.4,768,1657.91,1540.04,6,299,56
2023-11-01,35,1045,Furniture,North,0,0,Cloudy,36.8,85.52,284.65,7.8,807,910.47,938.19,20,143,23
2023-11-02,22,1158,Electronics,South,1,1,Cloudy,19.6,84.26,254.81,10.29,719,118.84,117.1,48,265,103
2023-11-03,34,1044,Furniture,South,0,0,Sunny,10.5,94.75,218.84,7.95,504,1939.68,1847.78,27,35,0
2023-11-04,40,1129,Electronics,North,1,1,Sunny,23.8,113.42,217.23,6.57,535,1856.51,1678.01,30,415,175
2023-11-05,44,1067,Sports,South,1,1,Cloudy,25.6,86.77,185.78,8.61,239,1075.69,1037.37,30,218,81
2023-11-06,40,1190,Toys,North,1,1,Rainy,36.9,114.03,223.53,5.67,149,1926.24,2083.33,1,362,156
2023-11-07,50,1160,Beauty,East,1,1,Sunny,28.4,90.84,279.62,7.3,702,963.08,961.29,33,182,71
2023-11-08,17,1193,Sports,East,1,1,Cloudy,17.4,114.52,232.33,4.69,163,230.6,232.29,40,495,201
2023-11-09,3,1048,Clothing,South,0,1,Sunny,15.9,104.11,210.01,5.7,103,962.44,940.26,12,265,87
2023-11-10,41,1155,Furniture,East,1,0,Rainy,10.5,80.76,187.11,11.65,951,362.19,373.27,48,214,31
2023-11-11,4,1004,Electronics,West,1,1,Rainy,20.6,86.55,261.16,10.79,644,1438.49,1515.34,49,344,145
2023-11-12,5,1064,Furniture,North,1,1,Sunny,25.4,83.44,196.39,3.62,45,762.24,810.16,42,35,2
2023-11-13,34,1058,Grocery,North,0,1,Cloudy,17.6,97.43,281.87,6.04,948,1945.37,2067.34,41,374,145
2023-11-14,48,1067,Electronics,North,1,1,Rainy,29.7,106.27,184.11,9.12,995,1070.58,1059.26,27,449,194
2023-11-15,36,1135,Electronics,North,0,1,Cloudy,15.2,99.81,205.36,6.93,947,488.36,483.43,29,67,25
2023-11-16,43,1169,Toys,South,1,1,Sunny,12.6,99.16,243.47,6.49,72,909.59,875.69,28,45,15
2023-11-17,38,1036,Beauty,West,1,0,Sunny,22.5,113.82,262.87,11.58,435,487.69,464.67,43,191,10
2023-11-18,7,1123,Sports,West,1,0,Cloudy,16.8,82.0,238.69,7.31,971,566.22,616.88,29,96,12
2023-11-19,20,1110,Beauty,East,0,1,Cloudy,19.1,93.64,224.68,6.85,491,702.2,726.83,43,356,132
2023-11-20,16,1158,Grocery,East,1,0,Cloudy,36.8,112.93,229.58,11.42,945,1088.8,1157.46,4,394,69
2023-11-21,36,1041,Furniture,East,1,1,Rainy,21.8,99.12,299.42,8.32,653,1145.24,1033.32,21,279,129
2023-11-22,4,1169,Grocery,North,0,1,Sunny,22.8,82.12,198.06,7.57,319,1135.85,1102.51,14,127,39
2023-11-23,38,1091,Furniture,West,0,1,Rainy,27.6,92.88,278.12,3.55,256,1525.3,1546.94,28,161,49
2023-11-24,37,1190,Grocery,North,1,0,Rainy,23.2,115.34,257.12,7.44,177,120.75,111.14,7,200,28
2023-11-25,15,1103,Electronics,North,0,0,Sunny,27.5,106.94,231.81,11.98,560,854.19,851.5,5,196,35
2023-11-26,10,1130,Furniture,East,1,1,Sunny,38.3,118.7,223.78,4.84,246,1813.9,1793.72,11,102,31
2023-11-27,27,1057,Electronics,South,0,1,Sunny,24.0,99.44,260.82,7.57,906,1991.81,2188.97,35,452,177
2023-11-28,24,1047,Sports,East,0,1,Sunny,17.9,116.29,217.27,10.4,53,879.91,818.01,42,198,53
2023-11-29,24,1180,Grocery,East,1,0,Cloudy,39.4,116.12,253.48,11.71,70,1064.03,1032.64,12,185,11
2023-11-30,2,1010,Toys,West,1,1,Rainy,16.9,90.78,233.9,4.96,485,1754.66,1623.17,23,68,24
2023-12-01,15,1081,Clothing,West,1,1,Cloudy,20.9,116.65,236.99,8.64,601,460.66,462.59,24,110,33
2023-12-02,31,1010,Furniture,North,0,1,Cloudy,39.6,113.79,198.99,6.64,647,51.27,52.79,32,107,49
2023-12-03,14,1119,Grocery,South,1,1,Rainy,32.3,93.79,214.27,6.63,601,616.14,575.95,7,37,6
2023-12-04,50,1160,Toys,North,0,0,Rainy,10.0,112.62,220.39,5.1,980,1820.32,1990.1,3,232,41
2023-12-05,3,1033,Sports,North,1,1,Sunny,38.1,83.17,187.64,8.74,173,1024.94,1050.93,26,30,15
2023-12-06,5,1132,Grocery,North,0,1,Rainy,39.3,107.14,285.24,6.78,763,1677.26,1841.79,29,445,160
2023-12-07,49,1080,Electronics,East,0,1,Sunny,15.5,92.65,235.2,11.79,525,560.0,591.06,17,221,101
2023-12-08,40,1180,Furniture,South,1,0,Sunny,39.7,103.2,198.24,4.82,836,1453.37,1515.63,33,326,66
2023-12-09,11,1181,Beauty,South,1,0,Sunny,12.8,110.07,263.24,7.66,330,1165.99,1100.73,24,420,85
2023-12-10,12,1027,Grocery,East,0,0,Rainy,24.2,112.79,269.12,7.77,687,1909.28,2023.32,46,410,45
2023-12-11,43,1127,Toys,East,0,0,Rainy,32.7,98.49,210.55,10.1,113,592.35,571.8,45,474,44
2023-12-12,14,1081,Clothing,North,0,0,Sunny,31.7,85.53,212.95,11.55,228,1883.54,1974.96,29,200,25
2023-12-13,45,1067,Furniture,East,0,1,Sunny,38.3,101.65,188.82,9.35,770,1857.48,1853.98,1,51,23
2023-12-14,48,1088,Grocery,South,0,0,Sunny,17.7,97.96,203.31,7.15,768,1709.41,1846.9,34,491,72
2023-12-15,5,1084,Sports,East,1,0,Rainy,37.6,82.21,234.72,5.52,639,696.27,669.77,2,249,45
2023-12-16,29,1004,Clothing,West,1,0,Cloudy,30.4,80.45,231.15,6.57,1000,1650.17,1738.48,32,367,61
2023-12-17,37,1014,Grocery,East,0,1,Cloudy,15.7,84.25,236.49,10.2,734,671.54,738.61,33,114,30
2023-12-18,46,1085,Furniture,West,0,0,Cloudy,10.1,92.77,206.87,11.32,579,849.25,926.58,44,51,0
2023-12-19,10,1196,Sports,West,1,0,Cloudy,19.9,82.68,198.98,3.52,391,1094.06,1162.68,25,480,81
2023-12-20,21,1058,Electronics,South,0,1,Cloudy,18.1,80.84,240.56,9.47,917,86.64,79.58,12,180,72
2023-12-21,34,1119,Furniture,East,1,1,Cloudy,25.7,93.12,224.58,8.39,305,650.78,629.95,0,473,200
2023-12-22,32,1195,Clothing,East,0,0,Rainy,20.2,120.0,218.63,7.61,393,1738.89,1835.69,47,352,32
2023-12-23,10,1168,Toys,South,1,0,Rainy,35.3,117.6,204.04,6.15,273,1640.79,1533.77,40,399,40
2023-12-24,42,1196,Electronics,West,1,1,Sunny,17.7,97.37,264.35,3.95,237,240.19,227.63,44,65,25
2023-12-25,37,1001,Sports,North,0,1,Rainy,26.6,88.15,256.36,3.44,862,1082.23,1050.35,45,31,0
2023-12-26,20,1061,Beauty,East,0,1,Rainy,36.6,104.83,208.75,10.13,90,1190.26,1265.96,20,432,168
2023-12-27,9,1096,Beauty,North,0,1,Rainy,38.4,85.41,265.48,11.94,212,792.49,764.3,34,89,31
2023-12-28,8,1135,Furniture,West,1,1,Cloudy,15.9,115.46,214.41,3.11,617,1423.25,1436.96,20,88,16
2023-12-29,10,1053,Electronics,North,1,0,Sunny,36.4,115.27,268.22,8.92,972,1103.3,1019.04,13,441,84
2023-12-30,26,1132,Toys,East,1,1,Cloudy,30.4,118.36,217.49,7.11,919,1598.93,1662.22,32,73,14
2023-12-31,43,1041,Clothing,South,0,0,Cloudy,32.6,83.95,184.2,9.53,966,553.58,589.24,13,182,23
2024-01-01,12,1141,Toys,East,0,1,Rainy,23.0,91.09,280.86,9.28,450,80.43,72.72,25,359,140
2024-01-02,6,1198,Toys,North,1,0,Cloudy,17.7,110.73,247.51,10.81,636,1139.06,1172.56,17,153,39
2024-01-03,6,1127,Beauty,West,1,0,Cloudy,32.4,102.63,206.89,4.37,596,1441.43,1337.33,39,118,0
2024-01-04,4,1017,Grocery,South,1,0,Rainy,39.5,86.08,233.23,8.89,364,1938.37,2107.75,48,145,9
2024-01-05,25,1198,Sports,North,1,0,Sunny,37.2,111.52,231.24,3.98,698,1455.71,1321.67,32,406,58
2024-01-06,1,1036,Toys,West,0,1,Rainy,32.2,107.81,287.2,9.12,896,1509.27,1638.29,6,79,38
2024-01-07,12,1190,Grocery,South,0,1,Sunny,12.9,84.94,277.71,8.96,859,481.78,456.73,15,416,143
2024-01-08,43,1004,Beauty,East,1,0,Sunny,13.0,95.33,214.72,10.18,836,491.76,482.56,18,380,77
2024-01-09,8,1042,Furniture,East,1,0,Rainy,36.9,112.87,270.33,8.98,312,702.48,728.47,42,252,27
2024-01-10,3,1001,Sports,South,1,0,Cloudy,35.2,109.46,219.48,5.03,220,640.87,579.16,40,158,4
2024-01-11,45,1065,Electronics,South,0,0,Sunny,16.8,81.17,180.44,9.45,853,1197.6,1116.46,6,28,0
2024-01-12,12,1026,Beauty,North,0,0,Sunny,34.0,82.62,244.1,6.11,245,960.53,1007.34,23,316,32
2024-01-13,38,1033,Grocery,North,1,0,Sunny,10.7,94.04,244.83,11.21,603,1630.0,1637.36,30,423,83
2024-01-14,35,1079,Grocery,West,0,1,Rainy,21.5,81.55,204.63,5.9,247,1033.72,1041.13,18,98,39
2024-01-15,49,1176,Furniture,East,1,1,Cloudy,24.7,102.35,289.43,5.41,202,1437.02,1526.04,28,377,164
2024-01-16,37,1148,Toys,West,1,0,Sunny,33.3,81.99,261.64,8.22,553,1082.22,1019.6,43,20,0
2024-01-17,35,1064,Electronics,North,0,0,Sunny,26.8,84.86,203.16,8.81,676,1821.26,1706.27,5,414,76
2024-01-18,27,1058,Sports,South,0,0,Sunny,29.5,89.92,295.26,3.71,594,1145.77,1034.88,47,299,34
2024-01-19,44,1034,Toys,West,1,0,Cloudy,18.4,98.32,256.73,5.03,620,480.53,455.16,33,364,66
2024-01-20,11,1101,Clothing,South,1,0,Cloudy,14.8,97.24,256.54,4.73,478,1999.24,2174.23,13,274,42
2024-01-21,26,1017,Beauty,East,0,0,Sunny,22.5,99.01,246.21,9.21,794,1890.23,1708.04,40,494,67
2024-01-22,20,1023,Beauty,South,0,1,Rainy,14.2,106.72,296.2,11.08,316,1272.94,1383.76,7,30,4
2024-01-23,4,1155,Sports,West,0,1,Rainy,28.8,100.81,234.48,11.39,789,332.54,346.2,8,160,62
2024-01-24,5,1136,Clothing,South,0,1,Cloudy,28.2,100.89,197.45,7.9,975,517.95,484.47,46,43,6
2024-01-25,33,1086,Grocery,West,0,0,Rainy,22.7,100.1,205.81,10.59,919,1139.88,1078.66,2,121,38
2024-01-26,22,1096,Electronics,East,1,1,Cloudy,25.7,110.39,265.81,11.25,606,509.28,538.12,11,34,30
2024-01-27,16,1020,Furniture,East,1,0,Cloudy,13.9,87.73,185.55,7.06,967,1595.33,1649.55,42,469,91
2024-01-28,15,1112,Beauty,South,0,0,Cloudy,15.3,92.08,294.56,11.71,796,217.92,226.82,23,223,40
2024-01-29,40,1133,Toys,North,1,1,Sunny,27.9,102.34,190.15,4.81,216,166.29,155.53,6,225,92
2024-01-30,3,1087,Electronics,West,0,1,Rainy,11.9,92.6,279.49,5.09,945,1377.76,1260.03,18,261,97
2024-01-31,2,1050,Grocery,East,1,1,Sunny,28.1,83.22,216.28,10.62,864,232.18,218.48,9,213,93
2024-02-01,27,1045,Toys,West,1,0,Cloudy,20.5,93.15,259.4,5.39,118,1944.0,1839.94,1,282,43
2024-02-02,23,1188,Sports,North,0,1,Rainy,25.5,90.59,269.26,11.07,430,900.47,919.16,3,280,110
2024-02-03,20,1128,Electronics,North,1,0,Rainy,34.0,88.51,297.12,3.34,208,1194.76,1275.35,21,350,63
2024-02-04,46,1016,Clothing,North,0,0,Rainy,36.1,92.34,276.31,11.59,999,187.06,202.43,18,283,15
2024-02-05,14,1158,Beauty,West,0,0,Cloudy,16.4,115.1,202.06,11.87,883,72.67,74.04,12,139,9
2024-02-06,10,1004,Beauty,West,0,0,Sunny,36.3,114.25,183.19,3.18,861,1817.32,1870.22,50,498,36
2024-02-07,43,1056,Sports,East,0,0,Rainy,22.2,119.7,213.99,4.49,207,1777.29,1619.89,14,78,0
2024-02-08,16,1124,Clothing,East,0,1,Cloudy,37.1,89.72,193.96,3.44,316,763.82,711.03,7,320,133
2024-02-09,37,1182,Sports,North,1,1,Rainy,29.3,96.44,204.12,6.31,234,1995.95,1951.67,48,217,93
2024-02-10,10,1112,Furniture,South,0,1,Cloudy,34.4,80.57,193.48,4.19,545,262.38,245.74,18,398,137
2024-02-11,24,1069,Toys,West,0,1,Sunny,36.8,100.93,192.14,9.41,938,1766.89,1849.35,0,119,47
2024-02-12,9,1156,Clothing,East,1,0,Rainy,33.5,93.01,295.44,10.19,559,1018.59,1031.54,30,86,18
2024-02-13,12,1076,Grocery,South,0,1,Cloudy,25.6,86.86,185.38,10.36,819,1563.4,1684.7,37,201,71
2024-02-14,33,1137,Toys,West,0,1,Sunny,38.2,100.88,242.2,6.78,665,1670.82,1662.27,13,318,124
2024-02-15,45,1007,Clothing,East,0,1,Cloudy,28.2,99.25,284.53,3.58,239,1505.68,1492.53,15,380,152
2024-02-16,33,1094,Toys,South,1,1,Rainy,13.0,110.22,219.55,7.82,203,1730.72,1627.39,26,160,63
2024-02-17,46,1072,Electronics,South,1,1,Cloudy,25.3,107.41,202.32,9.06,809,1069.01,1054.24,7,81,32
2024-02-18,48,1198,Clothing,North,0,1,Sunny,13.3,100.09,224.42,11.93,720,205.1,196.62,50,168,57
2024-02-19,4,1001,Electronics,East,0,0,Sunny,23.9,87.93,183.04,3.99,636,1683.73,1730.77,9,320,50
2024-02-20,13,1140,Toys,North,0,1,Sunny,18.7,89.86,195.05,10.57,234,1058.25,1003.88,24,193,79
2024-02-21,21,1184,Grocery,South,1,0,Cloudy,19.6,108.85,223.39,8.88,418,1190.94,1306.55,26,195,36
2024-02-22,31,1088,Grocery,South,0,0,Sunny,21.3,103.06,193.82,10.97,131,1213.95,1271.52,48,275,36
2024-02-23,8,1139,Electronics,East,0,1,Rainy,36.0,117.69,204.43,7.86,308,1163.75,1060.83,40,303,123
2024-02-24,10,1036,Beauty,East,0,0,Sunny,21.8,103.48,262.38,5.91,203,163.91,169.17,50,217,2
2024-02-25,1,1145,Beauty,East,1,0,Sunny,38.9,107.18,243.95,9.9,163,281.98,293.77,37,360,59
2024-02-26,20,1138,Clothing,East,0,1,Rainy,21.8,109.12,233.35,9.77,190,847.84,831.62,24,58,3
2024-02-27,35,1111,Furniture,East,0,0,Sunny,15.6,93.01,274.57,10.71,501,1620.59,1543.01,3,344,48
2024-02-28,12,1156,Clothing,North,0,1,Rainy,22.3,94.51,255.07,4.11,176,1268.0,1199.15,29,126,53
2024-02-29,14,1137,Electronics,West,0,0,Sunny,31.4,84.24,239.78,10.02,166,1865.41,1803.29,31,211,8
2024-03-01,11,1155,Grocery,East,0,1,Sunny,33.3,109.4,244.99,8.72,734,883.91,943.27,1,298,109
2024-03-02,26,1191,Grocery,West,1,1,Rainy,11.8,109.73,278.84,10.42,850,939.54,952.9,42,311,127
2024-03-03,40,1073,Electronics,West,1,0,Sunny,26.2,81.11,288.57,4.74,551,1686.58,1691.89,30,310,49
2024-03-04,11,1030,Grocery,North,1,1,Rainy,16.9,90.23,186.92,9.86,295,1799.76,1814.6,42,255,96
2024-03-05,18,1188,Furniture,West,0,1,Rainy,21.0,101.07,220.06,6.87,906,1930.75,1760.65,12,233,96
2024-03-06,21,1092,Furniture,South,1,1,Cloudy,16.7,116.14,268.26,7.06,120,1890.59,1826.96,4,496,218
2024-03-07,10,1012,Beauty,West,1,0,Sunny,29.3,99.37,231.16,6.56,822,1163.23,1088.56,11,306,52
2024-03-08,50,1062,Electronics,North,1,0,Sunny,37.4,83.36,282.74,7.67,724,174.54,167.37,11,41,0
2024-03-09,14,1043,Toys,East,1,0,Rainy,14.2,80.06,246.98,11.03,943,1059.09,980.1,20,408,80
2024-03-10,17,1190,Furniture,East,0,1,Cloudy,22.4,87.74,188.59,10.36,325,619.64,634.83,5,50,25
2024-03-11,19,1046,Clothing,West,0,1,Rainy,34.1,118.69,234.05,9.43,611,273.78,297.37,22,373,134
2024-03-12,41,1026,Grocery,North,0,1,Cloudy,13.9,94.09,197.91,7.89,369,456.93,500.22,44,173,67
2024-03-13,27,1029,Sports,West,0,1,Cloudy,23.1,116.96,240.42,4.21,382,318.79,340.79,28,52,9
2024-03-14,15,1159,Furniture,East,1,1,Cloudy,26.2,92.39,241.98,10.76,397,586.51,543.87,40,282,133
2024-03-15,47,1149,Furniture,East,0,0,Rainy,17.2,101.51,203.44,7.84,725,561.47,518.78,8,210,37
2024-03-16,22,1023,Sports,West,1,1,Cloudy,17.9,88.9,237.06,8.74,444,159.73,161.09,10,500,227
2024-03-17,50,1018,Toys,East,0,0,Rainy,38.6,102.62,202.76,6.22,921,772.39,752.72,5,63,10
2024-03-18,18,1064,Electronics,South,1,1,Sunny,39.2,97.19,219.05,7.13,903,261.9,240.59,17,335,145
2024-03-19,49,1088,Sports,West,0,1,Rainy,37.5,94.5,222.61,8.35,582,50.65,52.05,16,99,40
2024-03-20,17,1157,Grocery,East,0,0,Sunny,33.9,100.08,237.85,10.65,976,1813.55,1872.21,38,492,44
2024-03-21,7,1088,Toys,South,1,1,Rainy,27.5,85.44,228.96,9.74,169,1675.87,1813.64,21,400,155
2024-03-22,25,1169,Electronics,East,0,1,Sunny,10.6,95.3,183.46,5.54,868,279.31,258.78,2,288,106
2024-03-23,2,1057,Toys,South,1,1,Rainy,28.4,92.18,188.24,9.88,218,84.15,90.71,20,490,233
2024-03-24,4,1037,Beauty,South,1,1,Cloudy,18.6,80.02,246.81,4.76,342,1115.48,1016.48,30,488,208
2024-03-25,40,1010,Electronics,West,1,0,Rainy,10.2,94.7,251.4,6.29,32,564.57,597.72,39,82,0
2024-03-26,13,1015,Toys,West,0,0,Sunny,19.1,116.05,254.33,10.09,975,1541.51,1565.07,14,205,13
2024-03-27,38,1102,Grocery,West,0,0,Sunny,34.4,111.66,281.44,7.11,816,385.96,402.64,18,484,67
2024-03-28,10,1167,Clothing,West,1,0,Rainy,31.4,85.56,228.45,6.9,551,1471.19,1339.31,31,304,41
2024-03-29,25,1056,Toys,North,1,1,Sunny,37.6,92.75,199.97,5.27,487,693.69,761.26,42,420,167
2024-03-30,37,1150,Sports,East,0,0,Sunny,25.5,102.9,198.26,9.11,600,431.34,419.06,21,360,35
2024-03-31,48,1120,Sports,East,1,0,Cloudy,30.2,91.24,227.05,7.22,867,1316.11,1416.33,12,109,7
2024-04-01,40,1177,Electronics,North,0,1,Cloudy,11.4,110.38,274.06,9.09,31,1316.3,1322.2,26,392,171
2024-04-02,8,1132,Beauty,South,1,0,Sunny,18.1,119.51,247.74,4.77,741,344.17,371.24,47,98,13
2024-04-03,30,1036,Furniture,North,1,1,Rainy,23.3,85.89,212.72,4.18,928,490.39,478.63,38,171,68
2024-04-04,37,1105,Grocery,North,0,0,Rainy,26.6,88.31,270.2,6.88,505,798.94,757.79,49,28,0
2024-04-05,40,1070,Sports,West,1,1,Rainy,13.6,80.07,258.38,11.49,769,1056.95,1025.95,9,443,199
2024-04-06,8,1095,Electronics,East,0,1,Cloudy,33.7,101.55,206.57,10.32,833,503.73,524.27,41,134,47
2024-04-07,15,1074,Beauty,East,1,1,Rainy,34.3,108.45,249.38,6.3,205,384.84,362.6,31,62,20
2024-04-08,12,1170,Toys,West,1,1,Cloudy,10.7,99.97,203.31,11.4,811,949.87,958.12,12,404,176
2024-04-09,39,1193,Furniture,West,1,1,Cloudy,24.9,118.43,212.22,6.21,78,1592.38,1436.19,17,164,76
2024-04-10,50,1018,Sports,North,1,0,Rainy,25.1,118.57,183.2,10.7,273,549.44,599.45,11,320,62
2024-04-11,38,1182,Electronics,East,0,1,Cloudy,31.1,90.68,219.81,9.8,804,615.32,652.68,39,326,115
2024-04-12,35,1125,Grocery,North,0,1,Sunny,34.9,104.57,291.51,4.12,190,1979.71,1901.01,30,223,63
2024-04-13,36,1016,Furniture,South,1,1,Cloudy,27.8,94.42,217.06,6.55,819,1715.99,1851.92,10,65,28
2024-04-14,15,1160,Clothing,East,0,0,Cloudy,24.5,93.46,273.99,10.69,675,842.79,778.65,33,54,5
2024-04-15,26,1027,Electronics,East,1,0,Cloudy,35.1,108.17,252.34,7.74,136,1372.09,1302.66,36,68,3
2024-04-16,44,1174,Sports,West,1,1,Rainy,33.2,86.78,200.46,4.12,916,1914.05,1973.66,35,495,203
2024-04-17,37,1033,Grocery,South,0,1,Cloudy,32.0,85.06,182.29,5.63,587,640.78,686.82,42,86,19
2024-04-18,24,1025,Furniture,East,0,1,Rainy,30.9,97.45,238.21,3.97,949,287.85,293.92,25,251,99
2024-04-19,11,1138,Sports,South,1,1,Sunny,17.9,98.41,279.26,7.41,836,1412.06,1377.11,33,447,197
2024-04-20,11,1046,Toys,South,1,0,Sunny,19.5,103.54,193.32,3.35,496,1159.35,1162.38,14,446,75
2024-04-21,20,1189,Sports,North,0,0,Rainy,23.1,85.98,294.17,5.47,869,105.71,102.39,11,348,66
2024-04-22,38,1133,Grocery,West,0,1,Rainy,21.0,113.7,209.34,9.61,726,1128.79,1183.96,33,366,126
2024-04-23,25,1130,Beauty,South,0,0,Cloudy,19.1,95.97,250.87,5.82,237,1358.78,1278.24,28,353,31
2024-04-24,29,1189,Electronics,North,0,1,Rainy,34.5,113.6,294.09,8.15,545,491.83,490.9,18,27,7
2024-04-25,49,1065,Grocery,West,1,1,Sunny,36.0,108.41,271.64,5.28,624,1083.25,1089.17,45,395,140
2024-04-26,38,1106,Toys,North,1,0,Cloudy,35.8,110.2,299.19,3.8,304,924.8,888.91,38,316,51
2024-04-27,18,1094,Electronics,West,1,1,Cloudy,38.6,114.67,241.33,4.07,38,559.77,593.98,2,68,24
2024-04-28,50,1057,Toys,West,0,1,Cloudy,26.4,116.16,218.51,8.1,418,890.71,804.9,22,25,0
2024-04-29,16,1084,Sports,South,0,1,Cloudy,17.6,81.48,276.3,7.71,957,863.97,827.34,7,353,130
2024-04-30,40,1040,Toys,South,1,1,Cloudy,15.2,97.5,275.07,10.69,962,1910.48,1761.97,15,255,92
2024-05-01,14,1042,Beauty,West,0,0,Cloudy,36.6,104.68,291.5,10.92,499,1420.5,1300.2,32,144,14
2024-05-02,28,1060,Furniture,West,1,0,Rainy,36.5,112.44,194.05,5.82,77,108.72,109.59,9,370,58
2024-05-03,44,1025,Beauty,North,1,1,Rainy,27.4,100.45,235.65,6.28,166,656.46,693.62,46,303,116
2024-05-04,12,1160,Electronics,South,0,0,Rainy,16.9,117.59,186.41,4.96,351,1961.8,1793.34,26,23,4
2024-05-05,10,1052,Beauty,North,1,1,Sunny,11.5,110.42,254.23,11.67,599,852.75,912.17,42,397,170
2024-05-06,39,1019,Grocery,South,0,1,Cloudy,33.8,86.26,203.29,9.94,391,871.95,790.8,29,100,52
2024-05-07,5,1148,Furniture,North,1,1,Rainy,38.9,90.52,182.79,11.81,338,569.73,528.36,26,360,153
2024-05-08,50,1052,Furniture,East,1,0,Cloudy,24.1,116.71,195.5,8.88,47,804.62,733.15,0,372,69
2024-05-09,25,1194,Sports,West,1,0,Sunny,38.2,109.23,185.24,6.74,799,1010.82,958.8,6,215,47
2024-05-10,20,1129,Clothing,South,0,1,Rainy,24.6,82.24,256.97,10.89,458,301.71,273.09,44,135,31
2024-05-11,27,1118,Toys,West,1,0,Rainy,22.7,115.07,213.5,9.12,273,1631.62,1492.33,18,236,42
2024-05-12,17,1120,Grocery,East,1,1,Sunny,32.3,119.79,290.31,7.4,168,1181.9,1172.22,17,90,49
2024-05-13,20,1009,Toys,West,0,1,Cloudy,37.5,86.46,198.59,3.89,115,418.31,440.11,35,486,169
2024-05-14,38,1012,Clothing,West,1,0,Sunny,10.5,118.45,263.18,4.71,996,456.17,458.59,39,215,28
2024-05-15,27,1107,Furniture,South,0,0,Rainy,34.0,103.74,260.99,7.58,248,1716.02,1734.96,42,163,12
2024-05-16,4,1129,Furniture,South,0,0,Sunny,37.9,101.89,218.21,5.86,830,1171.47,1159.53,44,431,37
2024-05-17,34,1147,Beauty,East,0,0,Sunny,32.8,113.58,260.6,9.0,135,1731.86,1622.13,10,412,68
2024-05-18,28,1025,Beauty,West,0,0,Cloudy,16.4,87.18,284.85,6.63,799,1151.22,1171.89,33,299,31
2024-05-19,40,1001,Grocery,South,1,0,Cloudy,20.4,99.84,186.61,7.26,851,991.75,996.1,48,500,88
2024-05-20,22,1006,Sports,South,0,1,Cloudy,31.6,114.27,295.34,8.98,426,383.82,420.18,2,119,48
2024-05-21,35,1177,Electronics,East,0,0,Cloudy,21.4,115.54,263.0,4.79,989,1590.48,1480.56,4,418,57
2024-05-22,41,1063,Grocery,East,1,0,Cloudy,21.4,88.18,244.49,8.26,150,1601.22,1645.62,50,77,0
2024-05-23,41,1137,Grocery,North,1,0,Cloudy,17.5,91.01,250.85,10.81,66,243.18,246.78,24,230,40
2024-05-24,16,1102,Clothing,West,1,1,Sunny,13.7,119.43,270.46,8.5,190,1140.42,1207.26,6,436,199
