Actual,Predicted,Error,Residual
6,9.018219392126355,-3.0182193921263547,-3.0182193921263547
91,94.7642666051311,-3.7642666051310982,-3.7642666051310982
49,41.25833387470674,7.741666125293257,7.741666125293257
90,88.20033638084594,1.7996636191540603,1.7996636191540603
15,21.18303466797809,-6.183034667978092,-6.183034667978092
127,110.85965742168491,16.140342578315085,16.140342578315085
59,48.97569048316815,10.024309516831849,10.024309516831849
53,65.38245783563788,-12.38245783563788,-12.38245783563788
63,65.05489473328952,-2.0548947332895153,-2.0548947332895153
53,59.19042957671556,-6.190429576715559,-6.190429576715559
202,199.62793246939924,2.3720675306007593,2.3720675306007593
158,160.41358356190324,-2.4135835619032378,-2.4135835619032378
88,91.4484261125624,-3.4484261125624016,-3.4484261125624016
120,122.27511033804929,-2.275110338049288,-2.275110338049288
133,128.8444633553081,4.155536644691892,4.155536644691892
3,15.395048701357155,-12.395048701357155,-12.395048701357155
58,48.64813846207656,9.35186153792344,9.35186153792344
53,47.06521359487894,5.934786405121059,5.934786405121059
160,150.52234739686418,9.477652603135823,9.477652603135823
55,72.43561096978581,-17.435610969785813,-17.435610969785813
50,47.600930044915216,2.3990699550847836,2.3990699550847836
97,101.09235269798579,-4.092352697985788,-4.092352697985788
80,74.71427580849644,5.2857241915035615,5.2857241915035615
83,77.83075957805228,5.16924042194772,5.16924042194772
69,74.73763932782097,-5.737639327820972,-5.737639327820972
176,161.7315491675662,14.268450832433814,14.268450832433814
10,18.169484572656557,-8.169484572656557,-8.169484572656557
122,114.08092412271486,7.919075877285138,7.919075877285138
80,72.79048182032365,7.209518179676351,7.209518179676351
37,34.33224282386592,2.6677571761340815,2.6677571761340815
42,38.053127943310926,3.946872056689074,3.946872056689074
73,83.20736247176531,-10.207362471765308,-10.207362471765308
19,10.05807798980446,8.94192201019554,8.94192201019554
67,63.93354189725654,3.0664581027434608,3.0664581027434608
54,59.05705992268855,-5.057059922688552,-5.057059922688552
0,7.706724463650119,-7.706724463650119,-7.706724463650119
82,65.69557524946272,16.30442475053728,16.30442475053728
51,49.40288375847808,1.597116241521917,1.597116241521917
45,45.76987235737492,-0.769872357374922,-0.769872357374922
48,48.40550363192882,-0.40550363192882344,-0.40550363192882344
8,7.328695311364186,0.6713046886358143,0.6713046886358143
52,50.286288100564775,1.713711899435225,1.713711899435225
43,40.30592622323986,2.694073776760142,2.694073776760142
44,40.11431170795431,3.8856882920456925,3.8856882920456925
72,51.33167982442941,20.668320175570592,20.668320175570592
18,37.27008403424697,-19.27008403424697,-19.27008403424697
55,31.885719459993688,23.114280540006312,23.114280540006312
49,53.72398463391659,-4.7239846339165865,-4.7239846339165865
61,57.20222057382803,3.797779426171971,3.797779426171971
32,33.01625004890626,-1.016250048906258,-1.016250048906258
46,38.723660950074716,7.276339049925284,7.276339049925284
168,171.3742107150715,-3.374210715071513,-3.374210715071513
55,58.60234052228105,-3.6023405222810467,-3.6023405222810467
71,59.945955045553475,11.054044954446525,11.054044954446525
13,5.611274333431254,7.388725666568746,7.388725666568746
189,195.4505452332548,-6.450545233254786,-6.450545233254786
16,35.21298340359016,-19.212983403590158,-19.212983403590158
176,157.37954927661985,18.620450723380145,18.620450723380145
44,42.786519958913225,1.2134800410867754,1.2134800410867754
160,154.19434790226563,5.805652097734367,5.805652097734367
174,161.0344053276634,12.965594672336607,12.965594672336607
27,25.68807028496532,1.3119297150346796,1.3119297150346796
95,73.26561820738677,21.734381792613235,21.734381792613235
55,60.106691903487445,-5.1066919034874445,-5.1066919034874445
4,10.087518444718697,-6.087518444718697,-6.087518444718697
186,172.46007540620604,13.539924593793955,13.539924593793955
61,63.25155593898319,-2.251555938983188,-2.251555938983188
56,53.39953647468904,2.600463525310957,2.600463525310957
175,177.95626874901205,-2.956268749012054,-2.956268749012054
67,58.91224283990868,8.087757160091321,8.087757160091321
72,62.15232610764106,9.84767389235894,9.84767389235894
54,40.97792962149159,13.02207037850841,13.02207037850841
68,89.69438845487616,-21.69438845487616,-21.69438845487616
35,33.714396629953015,1.285603370046985,1.285603370046985
15,20.825556808721984,-5.825556808721984,-5.825556808721984
24,23.103723877572406,0.8962761224275937,0.8962761224275937
68,58.630309162247144,9.369690837752856,9.369690837752856
10,22.544280344838548,-12.544280344838548,-12.544280344838548
65,49.14866239313594,15.851337606864057,15.851337606864057
28,39.02216117624992,-11.022161176249917,-11.022161176249917
129,109.98063902899722,19.019360971002783,19.019360971002783
48,57.40772789339739,-9.407727893397393,-9.407727893397393
29,23.415381489928023,5.5846185100719765,5.5846185100719765
165,159.5917646553047,5.408235344695299,5.408235344695299
28,30.356298318749687,-2.356298318749687,-2.356298318749687
39,15.488829359490374,23.511170640509626,23.511170640509626
45,38.36030338012402,6.639696619875977,6.639696619875977
4,12.099143743642443,-8.099143743642443,-8.099143743642443
47,60.70443924660084,-13.704439246600842,-13.704439246600842
53,58.03778180558075,-5.0377818055807495,-5.0377818055807495
16,24.08255015673265,-8.082550156732651,-8.082550156732651
175,173.3744522999956,1.6255477000044039,1.6255477000044039
130,125.20767707499277,4.792322925007227,4.792322925007227
21,26.93519696599865,-5.935196965998649,-5.935196965998649
77,61.607325738303686,15.392674261696314,15.392674261696314
11,25.814441515650444,-14.814441515650444,-14.814441515650444
67,64.20328282234118,2.79671717765882,2.79671717765882
139,138.66982133667543,0.330178663324574,0.330178663324574
9,15.513890924012074,-6.513890924012074,-6.513890924012074
57,54.84607328892797,2.1539267110720317,2.1539267110720317
124,141.1660098765351,-17.1660098765351,-17.1660098765351
78,73.95829573380126,4.041704266198735,4.041704266198735
147,142.8372734804426,4.1627265195573955,4.1627265195573955
30,29.095729344648163,0.9042706553518371,0.9042706553518371
23,20.028678714054927,2.9713212859450735,2.9713212859450735
83,53.64671486659414,29.353285133405862,29.353285133405862
42,29.337489285106138,12.662510714893862,12.662510714893862
33,44.05963780477444,-11.05963780477444,-11.05963780477444
82,77.12770621584552,4.872293784154479,4.872293784154479
6,13.701649931317412,-7.701649931317412,-7.701649931317412
136,119.47915227503776,16.520847724962238,16.520847724962238
135,128.2935632367629,6.706436763237093,6.706436763237093
77,78.16244553342553,-1.162445533425526,-1.162445533425526
68,63.86689836976359,4.1331016302364105,4.1331016302364105
50,56.543396799490225,-6.543396799490225,-6.543396799490225
13,39.97359391529508,-26.973593915295083,-26.973593915295083
58,42.307435941246844,15.692564058753156,15.692564058753156
20,29.48803916568062,-9.488039165680618,-9.488039165680618
202,199.83295023844593,2.1670497615540683,2.1670497615540683
79,83.54104935253996,-4.541049352539957,-4.541049352539957
45,61.982622998245496,-16.982622998245496,-16.982622998245496
53,44.80898470923437,8.191015290765627,8.191015290765627
41,16.515895366973368,24.484104633026632,24.484104633026632
1,13.995843955756413,-12.995843955756413,-12.995843955756413
38,30.285069638855283,7.714930361144717,7.714930361144717
121,115.25643707551359,5.743562924486412,5.743562924486412
84,78.91425211723856,5.085747882761439,5.085747882761439
18,7.877033571599966,10.122966428400034,10.122966428400034
76,57.568138396212696,18.431861603787304,18.431861603787304
78,82.18683198460855,-4.1868319846085456,-4.1868319846085456
49,53.59913815747173,-4.599138157471728,-4.599138157471728
63,77.2128543595907,-14.212854359590693,-14.212854359590693
192,184.04103257213671,7.958967427863286,7.958967427863286
186,186.10913915936507,-0.10913915936507124,-0.10913915936507124
26,39.575873830745934,-13.575873830745934,-13.575873830745934
78,83.70899102728013,-5.708991027280135,-5.708991027280135
46,36.950906619314466,9.049093380685534,9.049093380685534
64,54.30685052664691,9.693149473353088,9.693149473353088
59,60.70747148331177,-1.707471483311771,-1.707471483311771
77,61.1685520718123,15.8314479281877,15.8314479281877
51,48.240288880455026,2.759711119544974,2.759711119544974
50,50.78201041970914,-0.7820104197091382,-0.7820104197091382
57,54.2746480024122,2.7253519975878007,2.7253519975878007
6,12.988236695314448,-6.988236695314448,-6.988236695314448
44,46.3926614815385,-2.3926614815384966,-2.3926614815384966
174,170.41976763769281,3.5802323623071857,3.5802323623071857
167,183.7190794814847,-16.719079481484698,-16.719079481484698
46,31.540543208027998,14.459456791972002,14.459456791972002
56,39.22392251421834,16.776077485781663,16.776077485781663
14,12.952264397245422,1.047735602754578,1.047735602754578
50,51.32656689447443,-1.326566894474432,-1.326566894474432
61,55.433445664255075,5.566554335744925,5.566554335744925
55,54.705673633265924,0.29432636673407586,0.29432636673407586
67,75.8551122675949,-8.855112267594905,-8.855112267594905
8,8.118530045605965,-0.11853004560596503,-0.11853004560596503
75,84.62634075795788,-9.626340757957877,-9.626340757957877
181,179.02822589291068,1.9717741070893169,1.9717741070893169
141,155.96884578892832,-14.96884578892832,-14.96884578892832
122,125.66729656308337,-3.6672965630833687,-3.6672965630833687
39,42.56564002261175,-3.5656400226117526,-3.5656400226117526
150,142.74984202563942,7.250157974360576,7.250157974360576
15,6.9391631299857295,8.06083687001427,8.06083687001427
187,185.65104029318775,1.348959706812252,1.348959706812252
62,60.98683603774809,1.0131639622519089,1.0131639622519089
186,190.30462012240486,-4.304620122404856,-4.304620122404856
40,37.59494240338398,2.405057596616018,2.405057596616018
137,146.47359735497264,-9.47359735497264,-9.47359735497264
91,100.67465150537868,-9.674651505378677,-9.674651505378677
11,35.12503807727236,-24.125038077272357,-24.125038077272357
77,69.07392225409565,7.926077745904351,7.926077745904351
10,17.212518923402996,-7.212518923402996,-7.212518923402996
6,18.032146690181854,-12.032146690181854,-12.032146690181854
37,45.550914749131934,-8.550914749131934,-8.550914749131934
46,39.34847931592691,6.651520684073091,6.651520684073091
50,60.55023264990091,-10.550232649900913,-10.550232649900913
211,186.6501094618908,24.349890538109207,24.349890538109207
28,37.24796948461387,-9.247969484613868,-9.247969484613868
158,141.74517575681585,16.254824243184146,16.254824243184146
84,79.29353158483377,4.706468415166228,4.706468415166228
97,91.65385191377229,5.346148086227714,5.346148086227714
69,58.04586745586154,10.95413254413846,10.95413254413846
43,53.94686684178808,-10.94686684178808,-10.94686684178808
121,111.66494236248147,9.335057637518531,9.335057637518531
44,22.510910151614794,21.489089848385206,21.489089848385206
137,138.5345945886363,-1.5345945886363097,-1.5345945886363097
62,65.7288050675268,-3.7288050675268067,-3.7288050675268067
72,69.18634197041048,2.8136580295895186,2.8136580295895186
3,2.3844100493365943,0.6155899506634057,0.6155899506634057
91,82.30603244208503,8.693967557914974,8.693967557914974
195,184.40715733815136,10.592842661848636,10.592842661848636
54,53.70519371567209,0.2948062843279118,0.2948062843279118
180,189.77778182666515,-9.777781826665148,-9.777781826665148
3,7.063132899197228,-4.063132899197228,-4.063132899197228
51,41.16386369529925,9.836136304700752,9.836136304700752
45,58.99746387932775,-13.997463879327753,-13.997463879327753
51,30.714556904093612,20.285443095906388,20.285443095906388
55,60.75719009724183,-5.757190097241832,-5.757190097241832
0,5.9015602061656836,-5.9015602061656836,-5.9015602061656836
63,65.00529650631373,-2.0052965063137265,-2.0052965063137265
168,153.85566810357386,14.144331896426138,14.144331896426138
22,29.143899667156653,-7.143899667156653,-7.143899667156653
162,164.85133036378932,-2.851330363789316,-2.851330363789316
75,75.41480857392561,-0.41480857392561177,-0.41480857392561177
159,152.91630748987077,6.083692510129225,6.083692510129225
16,16.992685317779248,-0.9926853177792481,-0.9926853177792481
208,202.07386790014857,5.926132099851429,5.926132099851429
68,43.5584712575676,24.441528742432403,24.441528742432403
82,84.1474345151934,-2.147434515193396,-2.147434515193396
46,51.09069326955385,-5.090693269553853,-5.090693269553853
39,29.02244111880671,9.97755888119329,9.97755888119329
83,95.91981831490313,-12.919818314903125,-12.919818314903125
19,31.971680584398577,-12.971680584398577,-12.971680584398577
42,43.81054676894634,-1.8105467689463381,-1.8105467689463381
36,51.32008272364145,-15.320082723641448,-15.320082723641448
81,63.92450098782535,17.075499012174653,17.075499012174653
103,102.59380943100663,0.4061905689933667,0.4061905689933667
41,40.577933799138926,0.4220662008610745,0.4220662008610745
121,140.02938482858798,-19.02938482858798,-19.02938482858798
135,131.9678690075358,3.0321309924642037,3.0321309924642037
173,155.03391763250846,17.966082367491538,17.966082367491538
68,61.41072555619743,6.589274443802573,6.589274443802573
69,74.15717709842748,-5.157177098427482,-5.157177098427482
171,164.1665856813323,6.833414318667707,6.833414318667707
43,63.851518588886904,-20.851518588886904,-20.851518588886904
43,38.237816230443435,4.7621837695565645,4.7621837695565645
90,93.11899142621314,-3.1189914262131424,-3.1189914262131424
146,139.9421141411476,6.057885858852387,6.057885858852387
78,65.88658912792239,12.113410872077608,12.113410872077608
31,45.911292477490235,-14.911292477490235,-14.911292477490235
56,61.05552148485795,-5.055521484857948,-5.055521484857948
193,179.6823818700198,13.31761812998019,13.31761812998019
171,166.4129098156539,4.587090184346096,4.587090184346096
37,48.35151845827628,-11.351518458276281,-11.351518458276281
1,13.44484362802585,-12.44484362802585,-12.44484362802585
12,12.910749153979545,-0.9107491539795447,-0.9107491539795447
44,52.896064435807745,-8.896064435807745,-8.896064435807745
40,42.89297494845107,-2.8929749484510694,-2.8929749484510694
199,193.48397693083965,5.5160230691603545,5.5160230691603545
64,54.83531193042408,9.164688069575917,9.164688069575917
179,178.98301855312678,0.01698144687321701,0.01698144687321701
86,89.89314830398463,-3.8931483039846313,-3.8931483039846313
143,138.6411236758474,4.35887632415259,4.35887632415259
52,47.27884590888975,4.72115409111025,4.72115409111025
69,72.97886853792731,-3.978868537927312,-3.978868537927312
32,40.83131824592935,-8.831318245929353,-8.831318245929353
0,8.002950046382935,-8.002950046382935,-8.002950046382935
8,9.358465197896365,-1.3584651978963649,-1.3584651978963649
40,58.42613188965798,-18.42613188965798,-18.42613188965798
43,55.489241095427595,-12.489241095427595,-12.489241095427595
163,185.1614291182152,-22.16142911821521,-22.16142911821521
37,53.21451469399783,-16.214514693997828,-16.214514693997828
73,66.44422011619649,6.55577988380351,6.55577988380351
28,31.049526999376553,-3.0495269993765532,-3.0495269993765532
55,54.2089555565641,0.7910444434359007,0.7910444434359007
49,51.5185884585885,-2.5185884585885034,-2.5185884585885034
151,144.96776335683649,6.032236643163515,6.032236643163515
12,6.464412253922532,5.535587746077468,5.535587746077468
42,36.5483118955792,5.451688104420803,5.451688104420803
12,16.140726250635765,-4.140726250635765,-4.140726250635765
79,83.29526438483413,-4.295264384834127,-4.295264384834127
42,19.137426894426092,22.862573105573908,22.862573105573908
20,29.778403568211786,-9.778403568211786,-9.778403568211786
122,124.36068152688712,-2.36068152688712,-2.36068152688712
121,125.19376869346593,-4.193768693465927,-4.193768693465927
161,156.05366304681485,4.946336953185153,4.946336953185153
94,87.65594212356575,6.344057876434249,6.344057876434249
0,10.78847449719359,-10.78847449719359,-10.78847449719359
48,56.4883426345016,-8.488342634501599,-8.488342634501599
193,198.23164784465598,-5.231647844655981,-5.231647844655981
96,90.99082816083477,5.009171839165234,5.009171839165234
27,25.224577616838033,1.7754223831619669,1.7754223831619669
29,28.100691857327732,0.8993081426722682,0.8993081426722682
2,14.417733518469696,-12.417733518469696,-12.417733518469696
60,37.59974288891675,22.40025711108325,22.40025711108325
103,85.6034872689104,17.3965127310896,17.3965127310896
129,158.16219748984093,-29.162197489840935,-29.162197489840935
153,154.90544802930592,-1.9054480293059157,-1.9054480293059157
96,76.98944060188657,19.01055939811343,19.01055939811343
110,105.90273171686005,4.097268283139954,4.097268283139954
112,122.99841370149,-10.998413701489994,-10.998413701489994
167,184.30406520917387,-17.30406520917387,-17.30406520917387
157,154.62616744418074,2.373832555819263,2.373832555819263
11,12.749941637215855,-1.749941637215855,-1.749941637215855
134,132.30582704519622,1.6941729548037756,1.6941729548037756
0,1.2473321801932968,-1.2473321801932968,-1.2473321801932968
67,63.33646202943609,3.663537970563908,3.663537970563908
65,68.96438972114966,-3.964389721149658,-3.964389721149658
33,32.836649557423456,0.16335044257654374,0.16335044257654374
6,24.22873734691978,-18.22873734691978,-18.22873734691978
60,69.76096728100727,-9.760967281007268,-9.760967281007268
7,14.971663546417517,-7.971663546417517,-7.971663546417517
69,59.66085621318204,9.339143786817957,9.339143786817957
75,78.41359977150022,-3.413599771500216,-3.413599771500216
184,185.69223855717638,-1.6922385571763812,-1.6922385571763812
131,143.77757558834202,-12.777575588342017,-12.777575588342017
129,132.61026193403993,-3.610261934039926,-3.610261934039926
52,68.09963110728691,-16.09963110728691,-16.09963110728691
7,15.40308056563915,-8.40308056563915,-8.40308056563915
52,45.126144847436024,6.873855152563976,6.873855152563976
87,68.23503624026178,18.764963759738222,18.764963759738222
28,36.63179815158468,-8.631798151584682,-8.631798151584682
90,82.88821543745969,7.111784562540308,7.111784562540308
142,141.1082807718264,0.8917192281735993,0.8917192281735993
161,168.9340983301716,-7.934098330171594,-7.934098330171594
8,14.332493544967065,-6.332493544967065,-6.332493544967065
159,176.8661786323297,-17.866178632329706,-17.866178632329706
100,88.86603507829734,11.133964921702656,11.133964921702656
23,35.95468128292443,-12.954681282924433,-12.954681282924433
30,47.8270517120274,-17.827051712027398,-17.827051712027398
54,53.40790075671731,0.5920992432826893,0.5920992432826893
92,111.5199507601661,-19.519950760166097,-19.519950760166097
90,78.90369504747198,11.096304952528016,11.096304952528016
130,126.43882718713064,3.5611728128693585,3.5611728128693585
172,170.8101613640613,1.1898386359387132,1.1898386359387132
76,67.58416222067339,8.415837779326608,8.415837779326608
174,166.32727965198632,7.672720348013684,7.672720348013684
57,53.92504489860024,3.074955101399759,3.074955101399759
65,64.4266799447824,0.573320055217593,0.573320055217593
66,74.8273255788244,-8.8273255788244,-8.8273255788244
21,27.80298895756784,-6.802988957567841,-6.802988957567841
15,21.889795761971747,-6.889795761971747,-6.889795761971747
32,27.37388353010227,4.626116469897731,4.626116469897731
108,102.11224065309533,5.887759346904673,5.887759346904673
43,39.64516120077342,3.3548387992265774,3.3548387992265774
46,30.07512057903228,15.92487942096772,15.92487942096772
94,110.01351757437075,-16.013517574370752,-16.013517574370752
103,91.39983339829425,11.600166601705752,11.600166601705752
6,8.365028594918854,-2.3650285949188543,-2.3650285949188543
60,57.34182138846353,2.6581786115364707,2.6581786115364707
53,71.79590511869311,-18.795905118693113,-18.795905118693113
119,115.89835391028649,3.101646089713512,3.101646089713512
138,122.68007958006493,15.319920419935073,15.319920419935073
48,46.289761761605305,1.7102382383946946,1.7102382383946946
44,45.0153320968716,-1.015332096871603,-1.015332096871603
63,74.35807651062169,-11.358076510621686,-11.358076510621686
171,152.28912185066505,18.710878149334945,18.710878149334945
63,79.24937646537316,-16.24937646537316,-16.24937646537316
87,75.82890634736667,11.171093652633331,11.171093652633331
79,67.75053068774082,11.24946931225918,11.24946931225918
55,80.56807404256332,-25.568074042563325,-25.568074042563325
200,206.44718401085288,-6.4471840108528795,-6.4471840108528795
128,123.02921948344945,4.970780516550548,4.970780516550548
22,39.43266987186811,-17.432669871868107,-17.432669871868107
96,95.70836666374471,0.29163333625528765,0.29163333625528765
30,54.35269502229663,-24.35269502229663,-24.35269502229663
21,31.838135310861,-10.838135310860999,-10.838135310860999
44,50.16257674496484,-6.162576744964838,-6.162576744964838
18,41.78116084244719,-23.781160842447193,-23.781160842447193
181,168.47093990334218,12.529060096657815,12.529060096657815
117,111.01867720179646,5.981322798203536,5.981322798203536
146,139.56823486750844,6.431765132491563,6.431765132491563
43,46.38107882444096,-3.381078824440962,-3.381078824440962
63,74.5027091624309,-11.502709162430904,-11.502709162430904
16,12.170141239537855,3.8298587604621446,3.8298587604621446
68,56.93023360797339,11.069766392026608,11.069766392026608
66,62.07200791013573,3.9279920898642686,3.9279920898642686
22,37.897563438211925,-15.897563438211925,-15.897563438211925
153,178.3611163538864,-25.361116353886388,-25.361116353886388
59,59.190239070232835,-0.1902390702328347,-0.1902390702328347
85,98.23744662385567,-13.237446623855675,-13.237446623855675
14,12.51813060995461,1.4818693900453894,1.4818693900453894
43,32.49354211975197,10.506457880248028,10.506457880248028
103,92.23459181176199,10.765408188238013,10.765408188238013
84,81.61796538131752,2.382034618682482,2.382034618682482
42,63.12172024138641,-21.121720241386413,-21.121720241386413
0,14.340285009607406,-14.340285009607406,-14.340285009607406
62,64.3944493528271,-2.3944493528270954,-2.3944493528270954
27,26.270824924381827,0.7291750756181727,0.7291750756181727
47,45.580334481818994,1.4196655181810058,1.4196655181810058
94,91.75335330847864,2.246646691521363,2.246646691521363
45,56.15975709177438,-11.159757091774381,-11.159757091774381
149,149.2015093593642,-0.201509359364195,-0.201509359364195
28,37.86321844548396,-9.863218445483959,-9.863218445483959
109,117.50693552355335,-8.506935523553352,-8.506935523553352
31,21.808947297281087,9.191052702718913,9.191052702718913
108,103.58992579269027,4.410074207309734,4.410074207309734
197,184.5692906204963,12.430709379503696,12.430709379503696
161,178.7565339862677,-17.756533986267698,-17.756533986267698
83,75.87418461705006,7.125815382949938,7.125815382949938
17,44.54688760040847,-27.546887600408468,-27.546887600408468
130,96.72147723707877,33.27852276292123,33.27852276292123
43,32.56527888316112,10.43472111683888,10.43472111683888
97,86.87817746946016,10.121822530539845,10.121822530539845
76,74.56144073812375,1.4385592618762502,1.4385592618762502
1,4.802275862237082,-3.8022758622370816,-3.8022758622370816
42,47.51094397024198,-5.510943970241982,-5.510943970241982
188,188.30030900098507,-0.30030900098506663,-0.30030900098506663
145,151.97550522947992,-6.975505229479921,-6.975505229479921
94,98.21098910642087,-4.210989106420868,-4.210989106420868
24,34.97496489104341,-10.974964891043413,-10.974964891043413
114,99.76338955261319,14.23661044738681,14.23661044738681
60,56.05671512870685,3.9432848712931516,3.9432848712931516
61,66.7332121500535,-5.733212150053504,-5.733212150053504
3,10.985531273744385,-7.985531273744385,-7.985531273744385
68,70.9108302070012,-2.9108302070011973,-2.9108302070011973
53,54.01389247348933,-1.013892473489328,-1.013892473489328
57,77.92273504442898,-20.922735044428975,-20.922735044428975
85,67.96777082790446,17.03222917209554,17.03222917209554
108,96.47403424949894,11.525965750501058,11.525965750501058
43,40.10761260245874,2.8923873975412633,2.8923873975412633
135,152.78358564772998,-17.78358564772998,-17.78358564772998
16,23.814336623843516,-7.814336623843516,-7.814336623843516
42,58.48254552706183,-16.48254552706183,-16.48254552706183
90,85.39485210060924,4.605147899390758,4.605147899390758
51,54.501126442010374,-3.5011264420103743,-3.5011264420103743
75,76.56014946966954,-1.5601494696695397,-1.5601494696695397
155,148.05381556410032,6.946184435899681,6.946184435899681
166,170.02017513033348,-4.0201751303334845,-4.0201751303334845
47,46.526747775863846,0.47325222413615364,0.47325222413615364
48,47.872866279975746,0.12713372002425416,0.12713372002425416
126,126.52013771666904,-0.5201377166690406,-0.5201377166690406
111,107.39888910775903,3.6011108922409676,3.6011108922409676
69,72.63229899389103,-3.632298993891027,-3.632298993891027
39,36.383411045523495,2.616588954476505,2.616588954476505
0,8.5321708796792,-8.5321708796792,-8.5321708796792
92,89.79146609714849,2.2085339028515136,2.2085339028515136
71,78.9320596503219,-7.932059650321904,-7.932059650321904
2,22.559419977766375,-20.559419977766375,-20.559419977766375
32,40.483786485957324,-8.483786485957324,-8.483786485957324
83,77.91075994419279,5.08924005580721,5.08924005580721
69,83.65910699216947,-14.65910699216947,-14.65910699216947
65,63.054283519659016,1.9457164803409839,1.9457164803409839
112,88.18912879707042,23.810871202929576,23.810871202929576
28,35.28732371771352,-7.2873237177135195,-7.2873237177135195
105,103.54180546739332,1.458194532606683,1.458194532606683
14,14.263904261730708,-0.26390426173070836,-0.26390426173070836
37,38.06202104502999,-1.0620210450299865,-1.0620210450299865
140,140.89621438414588,-0.8962143841458783,-0.8962143841458783
21,12.246036644723972,8.753963355276028,8.753963355276028
56,59.5455607182281,-3.545560718228103,-3.545560718228103
20,16.224694862515378,3.7753051374846223,3.7753051374846223
86,80.02096822634968,5.97903177365032,5.97903177365032
52,51.27452063914653,0.7254793608534698,0.7254793608534698
91,96.0652249835396,-5.0652249835395935,-5.0652249835395935
0,7.842407927672937,-7.842407927672937,-7.842407927672937
77,52.255266933621854,24.744733066378146,24.744733066378146
40,30.989470762199616,9.010529237800384,9.010529237800384
89,73.94018925278036,15.059810747219643,15.059810747219643
68,66.42608150135277,1.573918498647231,1.573918498647231
43,32.19227349192027,10.807726508079732,10.807726508079732
60,51.63067121142362,8.369328788576382,8.369328788576382
157,160.05834874198018,-3.0583487419801827,-3.0583487419801827
65,65.27373072529424,-0.2737307252942429,-0.2737307252942429
23,26.631788251665498,-3.6317882516654976,-3.6317882516654976
39,41.30188281799016,-2.301882817990162,-2.301882817990162
109,106.1569985744958,2.843001425504198,2.843001425504198
36,37.13479888096708,-1.1347988809670824,-1.1347988809670824
26,23.00646140292349,2.9935385970765083,2.9935385970765083
13,19.21299696143231,-6.21299696143231,-6.21299696143231
214,198.80390878893724,15.196091211062765,15.196091211062765
202,184.65552996795657,17.344470032043432,17.344470032043432
215,200.8849046725386,14.115095327461404,14.115095327461404
78,78.84019044702613,-0.8401904470261314,-0.8401904470261314
56,51.89847150803493,4.10152849196507,4.10152849196507
15,30.478735825658752,-15.478735825658752,-15.478735825658752
53,42.0973052821913,10.9026947178087,10.9026947178087
174,177.06316451773802,-3.0631645177380165,-3.0631645177380165
85,91.2336137966459,-6.233613796645898,-6.233613796645898
120,128.20205277777245,-8.202052777772451,-8.202052777772451
43,59.75921823551817,-16.75921823551817,-16.75921823551817
88,83.70567832656327,4.294321673436727,4.294321673436727
95,75.11819790987836,19.88180209012164,19.88180209012164
131,149.3701678288629,-18.37016782886289,-18.37016782886289
60,60.02221325029516,-0.022213250295159526,-0.022213250295159526
68,82.83208619501814,-14.832086195018135,-14.832086195018135
91,88.08520740156963,2.914792598430367,2.914792598430367
87,91.00326412725333,-4.003264127253331,-4.003264127253331
98,101.69744645752876,-3.6974464575287556,-3.6974464575287556
157,157.50934553016424,-0.5093455301642393,-0.5093455301642393
31,35.82477840435897,-4.824778404358973,-4.824778404358973
83,80.7699303044329,2.2300696955670958,2.2300696955670958
33,40.6760424292386,-7.676042429238599,-7.676042429238599
176,161.56229441167721,14.437705588322785,14.437705588322785
136,146.70358946661835,-10.703589466618354,-10.703589466618354
132,131.8826557159676,0.11734428403241282,0.11734428403241282
0,1.5772191231177004,-1.5772191231177004,-1.5772191231177004
12,14.588695789513075,-2.588695789513075,-2.588695789513075
197,191.3580262096019,5.6419737903981115,5.6419737903981115
11,23.72658506196003,-12.72658506196003,-12.72658506196003
24,18.87874834295617,5.121251657043828,5.121251657043828
42,38.24907217871412,3.7509278212858774,3.7509278212858774
36,36.59036580130443,-0.5903658013044293,-0.5903658013044293
16,17.289522368499796,-1.2895223684997958,-1.2895223684997958
2,19.444301321426067,-17.444301321426067,-17.444301321426067
47,35.16444287227002,11.835557127729977,11.835557127729977
27,26.10358834399006,0.8964116560099384,0.8964116560099384
54,58.75507835023406,-4.755078350234058,-4.755078350234058
25,11.806773969821897,13.193226030178103,13.193226030178103
37,20.109235021800167,16.890764978199833,16.890764978199833
73,88.84090304467591,-15.840903044675912,-15.840903044675912
148,146.4003028727747,1.599697127225312,1.599697127225312
18,18.39567787572016,-0.39567787572016044,-0.39567787572016044
54,44.08090381118615,9.919096188813853,9.919096188813853
26,30.95017322681346,-4.950173226813462,-4.950173226813462
184,191.6971089628416,-7.697108962841611,-7.697108962841611
67,74.09196916449774,-7.0919691644977405,-7.0919691644977405
24,11.003788170771017,12.996211829228983,12.996211829228983
6,14.326071123932707,-8.326071123932707,-8.326071123932707
70,64.00329767100459,5.996702328995411,5.996702328995411
56,43.910235181573164,12.089764818426836,12.089764818426836
35,17.091609800061278,17.908390199938722,17.908390199938722
75,71.3363198755712,3.6636801244287938,3.6636801244287938
32,28.39992853790922,3.6000714620907814,3.6000714620907814
174,196.0076902530405,-22.007690253040494,-22.007690253040494
61,64.0967283480609,-3.096728348060907,-3.096728348060907
173,175.7283055672753,-2.7283055672752994,-2.7283055672752994
17,15.834713207010424,1.1652867929895763,1.1652867929895763
146,128.82854410029455,17.17145589970545,17.17145589970545
67,49.38090388207716,17.619096117922837,17.619096117922837
73,66.03180922871685,6.9681907712831475,6.9681907712831475
41,37.94483022899504,3.0551697710049623,3.0551697710049623
169,166.3841587262129,2.6158412737871117,2.6158412737871117
44,39.09863008872172,4.90136991127828,4.90136991127828
76,90.69509999197409,-14.69509999197409,-14.69509999197409
61,63.41192580238443,-2.411925802384431,-2.411925802384431
36,28.644423052134933,7.355576947865067,7.355576947865067
52,39.225584550661004,12.774415449338996,12.774415449338996
73,84.58525125871587,-11.585251258715871,-11.585251258715871
32,33.242024550489155,-1.2420245504891554,-1.2420245504891554
2,1.3523912625435486,0.6476087374564514,0.6476087374564514
52,44.67356514907185,7.326434850928152,7.326434850928152
29,30.917432319280884,-1.9174323192808842,-1.9174323192808842
72,73.84547932538675,-1.8454793253867479,-1.8454793253867479
91,81.85447571485375,9.145524285146251,9.145524285146251
20,17.99232145326171,2.0076785467382905,2.0076785467382905
48,53.823675835597506,-5.823675835597506,-5.823675835597506
74,49.960341087459106,24.039658912540894,24.039658912540894
72,69.89835507634766,2.1016449236523442,2.1016449236523442
48,58.171998398675775,-10.171998398675775,-10.171998398675775
98,96.81995910452703,1.1800408954729704,1.1800408954729704
100,103.76469505908803,-3.7646950590880266,-3.7646950590880266
14,18.45509752797456,-4.455097527974559,-4.455097527974559
74,79.87926200864534,-5.879262008645341,-5.879262008645341
49,46.534749570825895,2.4652504291741053,2.4652504291741053
70,80.57151338682299,-10.571513386822986,-10.571513386822986
191,197.25172984554777,-6.2517298455477714,-6.2517298455477714
51,46.55499050252163,4.445009497478367,4.445009497478367
43,34.635676007583335,8.364323992416665,8.364323992416665
149,150.84234814958364,-1.8423481495836427,-1.8423481495836427
154,142.2421615532985,11.757838446701498,11.757838446701498
60,61.13276669673525,-1.1327666967352528,-1.1327666967352528
52,46.02435120844635,5.9756487915536525,5.9756487915536525
40,36.78341098029226,3.2165890197077402,3.2165890197077402
18,9.076794790014901,8.923205209985099,8.923205209985099
103,113.3094269806333,-10.309426980633305,-10.309426980633305
19,23.071095230015317,-4.071095230015317,-4.071095230015317
39,33.00299536699555,5.997004633004451,5.997004633004451
31,30.780045557336308,0.2199544426636919,0.2199544426636919
56,60.8113377153675,-4.8113377153675,-4.8113377153675
58,61.76781938877822,-3.7678193887782214,-3.7678193887782214
127,115.65246434043931,11.347535659560691,11.347535659560691
77,86.51461352250729,-9.51461352250729,-9.51461352250729
87,64.21298913493379,22.787010865066208,22.787010865066208
181,198.11477868783396,-17.11477868783396,-17.11477868783396
13,11.447403347112058,1.5525966528879422,1.5525966528879422
26,26.52975210780066,-0.5297521078006611,-0.5297521078006611
0,14.005924078669821,-14.005924078669821,-14.005924078669821
124,130.78383863041077,-6.78383863041077,-6.78383863041077
115,130.91834248173058,-15.918342481730576,-15.918342481730576
52,39.280784631153594,12.719215368846406,12.719215368846406
37,39.95534567181841,-2.9553456718184066,-2.9553456718184066
27,31.591231571188395,-4.591231571188395,-4.591231571188395
71,72.9708379913505,-1.970837991350507,-1.970837991350507
53,70.15313123993081,-17.153131239930815,-17.153131239930815
36,37.70776714259776,-1.7077671425977599,-1.7077671425977599
60,56.75088663195572,3.249113368044277,3.249113368044277
34,45.7790857703182,-11.779085770318197,-11.779085770318197
25,47.75461072521265,-22.75461072521265,-22.75461072521265
52,59.552731066298215,-7.552731066298215,-7.552731066298215
11,20.225942924104565,-9.225942924104565,-9.225942924104565
58,42.335396840164506,15.664603159835494,15.664603159835494
30,33.20676864141656,-3.2067686414165593,-3.2067686414165593
21,25.148133164652293,-4.148133164652293,-4.148133164652293
112,100.77787147333996,11.222128526660043,11.222128526660043
3,8.832752361581782,-5.8327523615817825,-5.8327523615817825
110,112.70755437863366,-2.7075543786336596,-2.7075543786336596
9,17.90554657022689,-8.905546570226889,-8.905546570226889
22,16.462557491355064,5.537442508644936,5.537442508644936
204,202.1247256813308,1.8752743186691987,1.8752743186691987
43,52.01834663627356,-9.018346636273563,-9.018346636273563
186,187.5183869026265,-1.5183869026265029,-1.5183869026265029
75,74.25610509501558,0.7438949049844155,0.7438949049844155
80,71.72895677342119,8.271043226578811,8.271043226578811
174,179.77648372909158,-5.776483729091581,-5.776483729091581
14,22.275362286534055,-8.275362286534055,-8.275362286534055
93,88.60823221128027,4.391767788719733,4.391767788719733
28,36.29921014959943,-8.299210149599432,-8.299210149599432
123,106.62513710716996,16.374862892830038,16.374862892830038
30,44.210145478477656,-14.210145478477656,-14.210145478477656
28,28.261504581915844,-0.2615045819158439,-0.2615045819158439
208,208.16128994943153,-0.1612899494315343,-0.1612899494315343
99,118.18182493428891,-19.181824934288912,-19.181824934288912
95,92.8541711105977,2.1458288894022957,2.1458288894022957
76,92.94992315372266,-16.949923153722665,-16.949923153722665
61,51.36158607521265,9.63841392478735,9.63841392478735
150,135.38528954989062,14.614710450109385,14.614710450109385
27,26.748424571291153,0.25157542870884697,0.25157542870884697
88,69.00917601968156,18.99082398031844,18.99082398031844
145,167.88549666987296,-22.885496669872964,-22.885496669872964
70,74.62424161087164,-4.6242416108716355,-4.6242416108716355
55,55.34342550702788,-0.3434255070278809,-0.3434255070278809
155,139.90852973109588,15.091470268904118,15.091470268904118
134,143.29474093602965,-9.294740936029655,-9.294740936029655
2,10.474506005485154,-8.474506005485154,-8.474506005485154
46,52.97370426429539,-6.973704264295392,-6.973704264295392
59,79.94234882292542,-20.942348822925425,-20.942348822925425
104,93.41025414773631,10.58974585226369,10.58974585226369
41,51.162599301318835,-10.162599301318835,-10.162599301318835
180,181.95464023676317,-1.9546402367631686,-1.9546402367631686
140,137.68151812417256,2.3184818758274446,2.3184818758274446
87,86.78249906229067,0.21750093770933177,0.21750093770933177
0,7.267245016767916,-7.267245016767916,-7.267245016767916
81,102.1917516849449,-21.191751684944904,-21.191751684944904
116,106.7266522211796,9.273347778820394,9.273347778820394
1,4.428605087928915,-3.428605087928915,-3.428605087928915
9,15.7660662751248,-6.7660662751248,-6.7660662751248
73,57.70185365134084,15.29814634865916,15.29814634865916
16,12.62116946176559,3.3788305382344106,3.3788305382344106
30,21.26533940789229,8.734660592107709,8.734660592107709
147,149.3743675887551,-2.374367588755092,-2.374367588755092
67,86.8523812620269,-19.852381262026896,-19.852381262026896
99,100.51226266557629,-1.5122626655762872,-1.5122626655762872
87,67.02948777055114,19.970512229448858,19.970512229448858
125,121.72908135807815,3.2709186419218526,3.2709186419218526
18,36.4746406974694,-18.474640697469397,-18.474640697469397
145,145.0772420216981,-0.07724202169811178,-0.07724202169811178
66,54.994698039470386,11.005301960529614,11.005301960529614
68,68.0975374070087,-0.0975374070087014,-0.0975374070087014
13,19.295033330722347,-6.295033330722347,-6.295033330722347
110,101.09913089533968,8.900869104660316,8.900869104660316
69,58.44853633776694,10.551463662233061,10.551463662233061
33,17.98404448140643,15.015955518593572,15.015955518593572
87,111.58464275016846,-24.584642750168456,-24.584642750168456
3,16.29112001419766,-13.29112001419766,-13.29112001419766
190,181.27486624630728,8.725133753692717,8.725133753692717
48,41.96004358491527,6.039956415084731,6.039956415084731
38,40.57799476887113,-2.577994768871129,-2.577994768871129
93,98.3405379097075,-5.340537909707507,-5.340537909707507
198,190.44995101473503,7.550048985264965,7.550048985264965
79,62.40222099413867,16.597779005861327,16.597779005861327
51,53.47421248858193,-2.4742124885819266,-2.4742124885819266
79,70.73178501990456,8.268214980095436,8.268214980095436
56,51.71507732211269,4.284922677887309,4.284922677887309
76,82.5983745869429,-6.598374586942896,-6.598374586942896
44,42.85741053760923,1.1425894623907666,1.1425894623907666
76,84.4772516305822,-8.477251630582202,-8.477251630582202
8,9.367582233807596,-1.367582233807596,-1.367582233807596
189,180.38043200259287,8.619567997407131,8.619567997407131
65,77.93824065731248,-12.938240657312477,-12.938240657312477
29,39.91372864026973,-10.913728640269731,-10.913728640269731
182,187.23512063060656,-5.235120630606559,-5.235120630606559
126,138.56450032885672,-12.564500328856724,-12.564500328856724
172,181.10408686559572,-9.104086865595718,-9.104086865595718
31,23.84048809020542,7.159511909794581,7.159511909794581
39,34.77300046296275,4.226999537037251,4.226999537037251
44,54.16071321167094,-10.160713211670938,-10.160713211670938
80,75.3558417659838,4.644158234016203,4.644158234016203
15,17.492645865030326,-2.492645865030326,-2.492645865030326
10,9.674914612332046,0.32508538766795425,0.32508538766795425
113,114.18045405206189,-1.18045405206189,-1.18045405206189
82,65.11212971599487,16.887870284005132,16.887870284005132
64,58.70288354743107,5.297116452568929,5.297116452568929
103,91.30238181437178,11.697618185628215,11.697618185628215
24,34.214415828175426,-10.214415828175426,-10.214415828175426
48,21.26466358374615,26.73533641625385,26.73533641625385
39,34.88140572608016,4.11859427391984,4.11859427391984
138,115.09699642473544,22.903003575264563,22.903003575264563
88,85.26525204088702,2.7347479591129797,2.7347479591129797
35,29.0964187731513,5.903581226848701,5.903581226848701
122,124.30937250773282,-2.3093725077328173,-2.3093725077328173
18,36.89632303342437,-18.896323033424373,-18.896323033424373
29,16.82667221107623,12.173327788923771,12.173327788923771
83,60.015324085434116,22.984675914565884,22.984675914565884
35,39.676641784915525,-4.676641784915525,-4.676641784915525
46,67.82120721066451,-21.82120721066451,-21.82120721066451
211,197.54891025365254,13.451089746347463,13.451089746347463
75,81.27687622218295,-6.276876222182949,-6.276876222182949
65,60.3327656702769,4.667234329723101,4.667234329723101
48,46.26693219665695,1.7330678033430473,1.7330678033430473
158,160.02422137755528,-2.0242213775552784,-2.0242213775552784
55,64.30001872116874,-9.30001872116874,-9.30001872116874
196,195.7701438891143,0.22985611088569158,0.22985611088569158
3,4.152583285282432,-1.1525832852824323,-1.1525832852824323
69,69.53993763929212,-0.5399376392921198,-0.5399376392921198
37,29.27434471267165,7.725655287328351,7.725655287328351
79,88.60618531155569,-9.606185311555691,-9.606185311555691
19,40.106865905557264,-21.106865905557264,-21.106865905557264
82,71.88047964879337,10.119520351206631,10.119520351206631
89,79.87120607475755,9.128793925242448,9.128793925242448
162,162.8874423393137,-0.8874423393137079,-0.8874423393137079
95,98.70528511349349,-3.7052851134934883,-3.7052851134934883
51,65.25032923759602,-14.25032923759602,-14.25032923759602
77,90.4746149840419,-13.474614984041906,-13.474614984041906
103,116.07134059883077,-13.071340598830773,-13.071340598830773
31,29.79510295143252,1.2048970485674815,1.2048970485674815
47,54.695859972475915,-7.695859972475915,-7.695859972475915
40,33.39482462349685,6.605175376503148,6.605175376503148
78,68.13105001768157,9.868949982318426,9.868949982318426
31,48.14578097025905,-17.145780970259047,-17.145780970259047
25,17.697864592906434,7.302135407093566,7.302135407093566
84,83.12965203595239,0.8703479640476104,0.8703479640476104
57,50.73229047899339,6.2677095210066085,6.2677095210066085
82,71.3514848760303,10.648515123969702,10.648515123969702
45,47.79981607246719,-2.7998160724671877,-2.7998160724671877
99,116.0331519056535,-17.033151905653497,-17.033151905653497
156,157.4829011565164,-1.482901156516391,-1.482901156516391
35,23.548321170814866,11.451678829185134,11.451678829185134
0,12.00324562299381,-12.00324562299381,-12.00324562299381
74,74.36384032830534,-0.3638403283053435,-0.3638403283053435
58,61.980029860679224,-3.980029860679224,-3.980029860679224
61,55.159911268067646,5.8400887319323544,5.8400887319323544
163,164.38740570760504,-1.3874057076050406,-1.3874057076050406
64,74.77455452186186,-10.774554521861859,-10.774554521861859
184,184.65056877411615,-0.6505687741161523,-0.6505687741161523
131,143.83129092714313,-12.83129092714313,-12.83129092714313
51,59.54265765148311,-8.542657651483111,-8.542657651483111
20,10.83359196498185,9.16640803501815,9.16640803501815
35,21.471433473961653,13.528566526038347,13.528566526038347
103,91.60424844653184,11.395751553468159,11.395751553468159
164,185.57111357657365,-21.57111357657365,-21.57111357657365
84,79.40781604894988,4.592183951050117,4.592183951050117
35,43.13602770148983,-8.13602770148983,-8.13602770148983
62,54.1435602529785,7.856439747021497,7.856439747021497
133,139.79688636516283,-6.796886365162834,-6.796886365162834
31,50.252640052035886,-19.252640052035886,-19.252640052035886
22,30.165531746056224,-8.165531746056224,-8.165531746056224
166,149.53779600895086,16.462203991049137,16.462203991049137
147,134.76952406471412,12.230475935285881,12.230475935285881
79,85.16774577042546,-6.167745770425455,-6.167745770425455
6,20.48992641097454,-14.48992641097454,-14.48992641097454
37,19.078380271817387,17.921619728182613,17.921619728182613
49,56.26276298183935,-7.2627629818393515,-7.2627629818393515
163,153.62196757893707,9.378032421062926,9.378032421062926
79,88.49043066916062,-9.490430669160617,-9.490430669160617
147,142.9873515632409,4.012648436759093,4.012648436759093
53,57.74944278551344,-4.749442785513438,-4.749442785513438
177,167.35782287251936,9.642177127480636,9.642177127480636
160,139.09936591415266,20.900634085847344,20.900634085847344
95,79.16659937689964,15.83340062310036,15.83340062310036
200,195.1065761008988,4.893423899101208,4.893423899101208
46,44.702268212423874,1.2977317875761258,1.2977317875761258
2,13.45411986201605,-11.45411986201605,-11.45411986201605
112,119.41344768053773,-7.413447680537729,-7.413447680537729
6,13.419383769445595,-7.419383769445595,-7.419383769445595
65,86.45106608932181,-21.451066089321813,-21.451066089321813
60,64.56996701486774,-4.569967014867743,-4.569967014867743
20,16.714742782158133,3.285257217841867,3.285257217841867
78,58.790094913549,19.209905086451002,19.209905086451002
31,29.757767945914978,1.2422320540850222,1.2422320540850222
0,3.164608376720537,-3.164608376720537,-3.164608376720537
15,32.70922002641946,-17.70922002641946,-17.70922002641946
13,10.739649489882623,2.2603505101173766,2.2603505101173766
21,36.552066153959466,-15.552066153959466,-15.552066153959466
37,26.231716382407036,10.768283617592964,10.768283617592964
70,86.92405402856035,-16.92405402856035,-16.92405402856035
184,177.8303246351947,6.1696753648053,6.1696753648053
99,95.7133359934773,3.286664006522699,3.286664006522699
78,82.25196297327145,-4.251962973271446,-4.251962973271446
101,81.84893861934874,19.151061380651257,19.151061380651257
48,32.48495027219397,15.51504972780603,15.51504972780603
23,18.733356162585963,4.266643837414037,4.266643837414037
91,81.88814960174153,9.111850398258468,9.111850398258468
91,81.49544534011117,9.504554659888825,9.504554659888825
2,4.953254189821465,-2.9532541898214646,-2.9532541898214646
82,73.95987550519766,8.040124494802342,8.040124494802342
69,63.11341368790857,5.886586312091431,5.886586312091431
5,23.055764254600767,-18.055764254600767,-18.055764254600767
98,105.99019970929604,-7.990199709296036,-7.990199709296036
46,66.03761873514588,-20.037618735145884,-20.037618735145884
113,112.18676099049415,0.8132390095058497,0.8132390095058497
37,49.93325693470846,-12.93325693470846,-12.93325693470846
168,170.68919446673593,-2.689194466735927,-2.689194466735927
48,49.505594516194435,-1.505594516194435,-1.505594516194435
66,59.05552712645573,6.944472873544271,6.944472873544271
71,89.57513884845807,-18.575138848458067,-18.575138848458067
95,103.88810273985666,-8.888102739856663,-8.888102739856663
119,110.62930567216674,8.370694327833263,8.370694327833263
10,25.810379017717715,-15.810379017717715,-15.810379017717715
40,44.56839888490328,-4.5683988849032815,-4.5683988849032815
185,190.0598490196861,-5.059849019686112,-5.059849019686112
26,24.983653987229935,1.0163460127700645,1.0163460127700645
29,24.57669048132763,4.423309518672369,4.423309518672369
111,107.87271295750797,3.1272870424920285,3.1272870424920285
10,29.358435406795856,-19.358435406795856,-19.358435406795856
124,119.75003934953885,4.249960650461148,4.249960650461148
27,27.67893152696677,-0.6789315269667711,-0.6789315269667711
66,53.85249460184956,12.147505398150443,12.147505398150443
18,35.23135847900073,-17.231358479000733,-17.231358479000733
45,46.95414033122299,-1.9541403312229875,-1.9541403312229875
107,89.78388715150935,17.216112848490653,17.216112848490653
67,78.36386765692993,-11.363867656929926,-11.363867656929926
55,59.03073517079613,-4.030735170796127,-4.030735170796127
73,86.41381014876988,-13.413810148769883,-13.413810148769883
47,38.84091186700071,8.159088132999287,8.159088132999287
55,47.45909259699077,7.5409074030092285,7.5409074030092285
96,85.25637309923562,10.743626900764383,10.743626900764383
193,182.81581933873935,10.184180661260655,10.184180661260655
47,47.92246577987258,-0.9224657798725815,-0.9224657798725815
65,60.00687777179066,4.993122228209337,4.993122228209337
46,48.73292001923108,-2.7329200192310807,-2.7329200192310807
120,124.7156435867197,-4.715643586719693,-4.715643586719693
67,63.24592524016876,3.7540747598312407,3.7540747598312407
139,136.7197652526192,2.2802347473808027,2.2802347473808027
41,29.608083719246586,11.391916280753414,11.391916280753414
72,79.55875013512022,-7.558750135120221,-7.558750135120221
142,118.45428928372684,23.545710716273163,23.545710716273163
72,65.17880748005228,6.821192519947715,6.821192519947715
56,62.659037697734405,-6.659037697734405,-6.659037697734405
99,100.10614151375708,-1.1061415137570805,-1.1061415137570805
204,197.6507366821267,6.3492633178732945,6.3492633178732945
99,79.02660675263283,19.97339324736717,19.97339324736717
74,94.21031869451878,-20.210318694518776,-20.210318694518776
114,103.22943494242642,10.770565057573577,10.770565057573577
69,79.79286419477812,-10.792864194778119,-10.792864194778119
115,108.65274063066002,6.34725936933998,6.34725936933998
182,185.4261514177499,-3.4261514177499066,-3.4261514177499066
24,21.35901261564389,2.6409873843561087,2.6409873843561087
123,104.7470205733679,18.252979426632095,18.252979426632095
29,22.39538020657602,6.6046197934239785,6.6046197934239785
154,146.49404806200118,7.505951937998816,7.505951937998816
22,10.75130107676489,11.24869892323511,11.24869892323511
26,35.935756202491575,-9.935756202491575,-9.935756202491575
47,42.577191045258246,4.422808954741754,4.422808954741754
38,53.06729029999523,-15.067290299995229,-15.067290299995229
94,120.68044716132874,-26.680447161328743,-26.680447161328743
155,156.273405725025,-1.2734057250249862,-1.2734057250249862
27,25.31899403445736,1.6810059655426386,1.6810059655426386
59,64.76213249582102,-5.762132495821021,-5.762132495821021
33,19.525166123545254,13.474833876454746,13.474833876454746
74,65.8723169923055,8.1276830076945,8.1276830076945
194,191.5300703539539,2.469929646046097,2.469929646046097
20,29.909695159071724,-9.909695159071724,-9.909695159071724
55,43.680996664556446,11.319003335443554,11.319003335443554
139,137.82289444656263,1.1771055534373716,1.1771055534373716
26,12.995021327037101,13.004978672962899,13.004978672962899
46,47.10777105544928,-1.1077710554492768,-1.1077710554492768
100,103.95483539554586,-3.9548353955458566,-3.9548353955458566
6,11.513838205159743,-5.513838205159743,-5.513838205159743
123,131.30543122750723,-8.305431227507228,-8.305431227507228
41,48.1462161165468,-7.146216116546803,-7.146216116546803
81,80.72099915369614,0.2790008463038589,0.2790008463038589
0,11.2622006199433,-11.2622006199433,-11.2622006199433
9,11.373341155281622,-2.373341155281622,-2.373341155281622
76,71.62024433604016,4.379755663959841,4.379755663959841
47,48.1891977394024,-1.1891977394024025,-1.1891977394024025
67,56.25471650294618,10.74528349705382,10.74528349705382
150,133.84932766173245,16.150672338267555,16.150672338267555
6,9.440919252258496,-3.440919252258496,-3.440919252258496
49,47.54233113252123,1.4576688674787732,1.4576688674787732
144,138.83745140602142,5.162548593978585,5.162548593978585
100,94.60725764812231,5.392742351877686,5.392742351877686
67,52.320308898476355,14.679691101523645,14.679691101523645
75,75.39541662691981,-0.39541662691981116,-0.39541662691981116
55,59.35067517395595,-4.350675173955949,-4.350675173955949
55,63.31344184231328,-8.313441842313281,-8.313441842313281
12,36.545692409124776,-24.545692409124776,-24.545692409124776
100,96.45188667209233,3.5481133279076715,3.5481133279076715
99,90.46977713788077,8.530222862119231,8.530222862119231
4,17.78238731839477,-13.782387318394768,-13.782387318394768
42,46.917988087548736,-4.917988087548736,-4.917988087548736
92,105.21507945473891,-13.215079454738913,-13.215079454738913
74,63.062831840086986,10.937168159913014,10.937168159913014
21,19.419895037637488,1.5801049623625119,1.5801049623625119
43,16.443156376151848,26.556843623848152,26.556843623848152
72,60.08183886920381,11.918161130796193,11.918161130796193
54,53.77081413855501,0.22918586144498931,0.22918586144498931
20,16.75393864702405,3.24606135297595,3.24606135297595
41,48.16719448182765,-7.16719448182765,-7.16719448182765
121,120.02634766244545,0.9736523375545545,0.9736523375545545
50,46.506796463744976,3.4932035362550238,3.4932035362550238
150,149.94848897358725,0.05151102641275429,0.05151102641275429
133,140.1353569570956,-7.13535695709561,-7.13535695709561
125,109.7531910946471,15.246808905352907,15.246808905352907
113,109.04397612925334,3.9560238707466624,3.9560238707466624
59,58.167595815218625,0.8324041847813746,0.8324041847813746
45,66.80070703423532,-21.800707034235316,-21.800707034235316
69,70.71959360967739,-1.7195936096773892,-1.7195936096773892
51,53.10941790744713,-2.1094179074471313,-2.1094179074471313
85,72.3789989994542,12.621001000545803,12.621001000545803
99,80.80828222851757,18.19171777148243,18.19171777148243
156,146.12673581199238,9.873264188007624,9.873264188007624
168,169.05321282272558,-1.053212822725584,-1.053212822725584
31,41.6089824268731,-10.608982426873098,-10.608982426873098
53,41.816068179260405,11.183931820739595,11.183931820739595
68,61.24281734282917,6.75718265717083,6.75718265717083
18,21.86784426458739,-3.86784426458739,-3.86784426458739
91,88.98572652557286,2.014273474427142,2.014273474427142
23,21.202347086172587,1.797652913827413,1.797652913827413
37,28.6891964983827,8.3108035016173,8.3108035016173
86,81.66495962392132,4.33504037607868,4.33504037607868
166,168.55369916523318,-2.5536991652331835,-2.5536991652331835
178,160.5388940694473,17.46110593055269,17.46110593055269
62,65.55961656129932,-3.559616561299322,-3.559616561299322
196,189.2245466929765,6.775453307023497,6.775453307023497
49,43.36172584053999,5.6382741594600105,5.6382741594600105
88,88.45156135714413,-0.45156135714412926,-0.45156135714412926
20,23.457489343418494,-3.4574893434184943,-3.4574893434184943
114,113.2321176636093,0.7678823363906986,0.7678823363906986
204,204.51811068099485,-0.5181106809948517,-0.5181106809948517
158,180.18132719338718,-22.181327193387176,-22.181327193387176
70,84.0129633673926,-14.0129633673926,-14.0129633673926
16,11.814401839261329,4.185598160738671,4.185598160738671
138,147.58071707623253,-9.580717076232531,-9.580717076232531
166,174.33441108243161,-8.334411082431615,-8.334411082431615
28,33.30445641860638,-5.304456418606378,-5.304456418606378
94,89.29421740267321,4.705782597326788,4.705782597326788
39,47.528204416760516,-8.528204416760516,-8.528204416760516
10,10.324789284377005,-0.3247892843770046,-0.3247892843770046
57,51.52395182516045,5.476048174839548,5.476048174839548
40,47.15433024448244,-7.154330244482438,-7.154330244482438
40,30.787474694689642,9.212525305310358,9.212525305310358
66,68.71307674185128,-2.713076741851282,-2.713076741851282
13,18.365255933630635,-5.365255933630635,-5.365255933630635
129,128.5442174490481,0.4557825509519091,0.4557825509519091
124,115.87693456547828,8.12306543452172,8.12306543452172
86,70.81383941157164,15.186160588428365,15.186160588428365
45,32.53587965420226,12.464120345797738,12.464120345797738
164,151.60667952276367,12.39332047723633,12.39332047723633
161,159.31621498367326,1.6837850163267376,1.6837850163267376
157,169.34097025403253,-12.340970254032527,-12.340970254032527
88,91.6318138769768,-3.631813876976807,-3.631813876976807
4,18.13573526123721,-14.135735261237208,-14.135735261237208
61,82.57568618457512,-21.57568618457512,-21.57568618457512
69,67.0397323548457,1.9602676451543033,1.9602676451543033
30,41.084353338061284,-11.084353338061284,-11.084353338061284
208,201.77471984403294,6.225280155967056,6.225280155967056
62,52.851922802515915,9.148077197484085,9.148077197484085
48,45.37140989379455,2.6285901062054506,2.6285901062054506
0,2.8525156780528818,-2.8525156780528818,-2.8525156780528818
22,21.939099760896866,0.06090023910313391,0.06090023910313391
7,20.030941104419504,-13.030941104419504,-13.030941104419504
205,199.20216609410568,5.797833905894322,5.797833905894322
42,38.859626099267935,3.1403739007320652,3.1403739007320652
28,29.32166885632782,-1.3216688563278183,-1.3216688563278183
34,36.61612795529974,-2.6161279552997385,-2.6161279552997385
123,121.68425052609444,1.315749473905555,1.315749473905555
85,69.4330666492155,15.566933350784495,15.566933350784495
30,22.300229884457146,7.699770115542854,7.699770115542854
50,60.96087110040895,-10.960871100408951,-10.960871100408951
101,107.09029107239233,-6.090291072392333,-6.090291072392333
8,11.88892342419011,-3.8889234241901107,-3.8889234241901107
49,57.09700711969289,-8.09700711969289,-8.09700711969289
133,114.06149207730206,18.938507922697937,18.938507922697937
55,57.955587390769566,-2.9555873907695656,-2.9555873907695656
17,24.18704081511477,-7.18704081511477,-7.18704081511477
15,24.303313241491892,-9.303313241491892,-9.303313241491892
130,146.91444689304512,-16.914446893045124,-16.914446893045124
35,36.17782450988298,-1.1778245098829814,-1.1778245098829814
38,29.681403423773112,8.318596576226888,8.318596576226888
4,20.957192532924203,-16.957192532924203,-16.957192532924203
32,33.71347415835837,-1.7134741583583732,-1.7134741583583732
23,24.668281945358338,-1.6682819453583377,-1.6682819453583377
49,37.62667914842888,11.373320851571123,11.373320851571123
13,24.891852093649014,-11.891852093649014,-11.891852093649014
171,163.24917301451174,7.75082698548826,7.75082698548826
51,53.3136960011111,-2.313696001111097,-2.313696001111097
137,147.69583721272107,-10.695837212721074,-10.695837212721074
17,27.378700554631713,-10.378700554631713,-10.378700554631713
98,100.58911526945951,-2.589115269459512,-2.589115269459512
90,82.25287794326765,7.747122056732351,7.747122056732351
83,74.31522449099579,8.684775509004211,8.684775509004211
60,68.57729983099598,-8.577299830995983,-8.577299830995983
46,52.18337065044134,-6.18337065044134,-6.18337065044134
41,51.49688005048371,-10.49688005048371,-10.49688005048371
62,35.420761145951225,26.579238854048775,26.579238854048775
103,100.53271059502855,2.467289404971453,2.467289404971453
91,68.44775249963988,22.552247500360124,22.552247500360124
35,41.11798691419432,-6.117986914194319,-6.117986914194319
209,204.15876041034824,4.841239589651764,4.841239589651764
100,85.33499870485632,14.665001295143682,14.665001295143682
42,44.62845612547979,-2.6284561254797865,-2.6284561254797865
11,14.752143354599824,-3.7521433545998235,-3.7521433545998235
41,65.42487515422381,-24.424875154223813,-24.424875154223813
27,23.482471442748697,3.5175285572513033,3.5175285572513033
26,41.195968231307106,-15.195968231307106,-15.195968231307106
12,10.355283206066403,1.644716793933597,1.644716793933597
45,59.84564368170417,-14.845643681704168,-14.845643681704168
85,86.09459280979257,-1.094592809792573,-1.094592809792573
50,43.516478571766314,6.483521428233686,6.483521428233686
92,81.91715339112535,10.082846608874647,10.082846608874647
84,81.50709754368151,2.4929024563184896,2.4929024563184896
47,39.76680474805502,7.233195251944977,7.233195251944977
83,87.58094284548226,-4.580942845482255,-4.580942845482255
45,55.9219047349439,-10.921904734943901,-10.921904734943901
39,48.64045402349909,-9.640454023499089,-9.640454023499089
188,186.12409412928687,1.875905870713126,1.875905870713126
58,51.16629971816068,6.83370028183932,6.83370028183932
29,23.018790909613358,5.981209090386642,5.981209090386642
116,102.72838808429805,13.271611915701953,13.271611915701953
88,86.93627739869358,1.0637226013064236,1.0637226013064236
193,180.49162734143255,12.508372658567453,12.508372658567453
47,49.92809315409949,-2.928093154099493,-2.928093154099493
52,40.5634955202977,11.4365044797023,11.4365044797023
109,117.41909694134247,-8.419096941342474,-8.419096941342474
182,191.76824950210295,-9.768249502102947,-9.768249502102947
191,196.76826156930088,-5.768261569300876,-5.768261569300876
145,156.92908567667365,-11.929085676673651,-11.929085676673651
134,136.78219316555305,-2.7821931655530534,-2.7821931655530534
116,132.37631495072276,-16.376314950722758,-16.376314950722758
41,28.747157185837935,12.252842814162065,12.252842814162065
19,33.43719837868704,-14.437198378687043,-14.437198378687043
61,78.4928139719529,-17.4928139719529,-17.4928139719529
50,55.341173215603725,-5.341173215603725,-5.341173215603725
11,5.374109668154659,5.625890331845341,5.625890331845341
45,30.322870775384303,14.677129224615697,14.677129224615697
22,26.505466883370026,-4.505466883370026,-4.505466883370026
211,197.59389392036798,13.406106079632025,13.406106079632025
57,63.82040876940955,-6.820408769409553,-6.820408769409553
0,10.04244920385402,-10.04244920385402,-10.04244920385402
183,170.6113260197676,12.388673980232397,12.388673980232397
62,60.69843982234512,1.3015601776548777,1.3015601776548777
93,104.38696203609564,-11.386962036095639,-11.386962036095639
131,117.6844551913502,13.315544808649804,13.315544808649804
76,64.92549164827096,11.074508351729037,11.074508351729037
119,124.42554707488017,-5.425547074880171,-5.425547074880171
107,106.1260972906812,0.8739027093187985,0.8739027093187985
48,43.55651353290342,4.443486467096577,4.443486467096577
190,187.02391854866622,2.9760814513337834,2.9760814513337834
43,41.8182983582344,1.1817016417655992,1.1817016417655992
27,15.61788260113245,11.38211739886755,11.38211739886755
44,43.595508073834026,0.4044919261659743,0.4044919261659743
69,67.1308602654369,1.869139734563106,1.869139734563106
75,85.07061567113807,-10.070615671138071,-10.070615671138071
22,20.0609793089627,1.9390206910372996,1.9390206910372996
67,65.34498486900708,1.655015130992922,1.655015130992922
0,10.132398995737375,-10.132398995737375,-10.132398995737375
75,79.02941078537637,-4.0294107853763705,-4.0294107853763705
58,67.806902818288,-9.806902818287995,-9.806902818287995
73,69.63791583090635,3.3620841690936487,3.3620841690936487
0,0.8400869210729809,-0.8400869210729809,-0.8400869210729809
31,37.890628076807296,-6.890628076807296,-6.890628076807296
80,85.22080138225425,-5.220801382254251,-5.220801382254251
56,56.40838767290411,-0.40838767290411226,-0.40838767290411226
138,142.32212077440596,-4.32212077440596,-4.32212077440596
82,63.32112739770737,18.67887260229263,18.67887260229263
74,59.57070936024023,14.42929063975977,14.42929063975977
176,190.55635903535608,-14.556359035356081,-14.556359035356081
200,202.84252156412998,-2.8425215641299815,-2.8425215641299815
35,44.127102584246884,-9.127102584246884,-9.127102584246884
73,62.3910336204942,10.608966379505802,10.608966379505802
75,77.93778374229294,-2.937783742292936,-2.937783742292936
49,43.08936076741082,5.910639232589183,5.910639232589183
56,59.02910242830035,-3.029102428300348,-3.029102428300348
90,93.06026564437455,-3.060265644374553,-3.060265644374553
89,88.4227001305252,0.5772998694747997,0.5772998694747997
33,35.272698247571554,-2.2726982475715545,-2.2726982475715545
34,27.38889299430638,6.6111070056936185,6.6111070056936185
84,79.61952892915579,4.380471070844209,4.380471070844209
55,31.523301458229824,23.476698541770176,23.476698541770176
61,57.83370506850553,3.1662949314944697,3.1662949314944697
112,124.4906112536188,-12.490611253618795,-12.490611253618795
82,67.15048837317048,14.849511626829525,14.849511626829525
37,24.052975730226613,12.947024269773387,12.947024269773387
0,7.713151598626524,-7.713151598626524,-7.713151598626524
73,53.42686171339541,19.57313828660459,19.57313828660459
51,54.21604062303935,-3.2160406230393477,-3.2160406230393477
69,71.0955219679856,-2.0955219679856043,-2.0955219679856043
4,17.763912627291134,-13.763912627291134,-13.763912627291134
131,126.50721598929923,4.492784010700774,4.492784010700774
76,87.818775612948,-11.818775612948002,-11.818775612948002
40,34.41892838764579,5.581071612354208,5.581071612354208
52,56.30217206820754,-4.30217206820754,-4.30217206820754
59,72.15126528667058,-13.15126528667058,-13.15126528667058
68,55.774954545551424,12.225045454448576,12.225045454448576
56,62.687517631254345,-6.6875176312543445,-6.6875176312543445
139,144.3147308930594,-5.314730893059391,-5.314730893059391
75,79.5284093127475,-4.528409312747499,-4.528409312747499
127,132.7488099735034,-5.748809973503398,-5.748809973503398
2,8.954957750645775,-6.954957750645775,-6.954957750645775
131,136.5279649852943,-5.52796498529429,-5.52796498529429
72,88.29362247305593,-16.293622473055933,-16.293622473055933
144,149.77265841421672,-5.772658414216721,-5.772658414216721
49,31.36109455205588,17.63890544794412,17.63890544794412
39,64.63402788651715,-25.634027886517146,-25.634027886517146
196,187.3605153672049,8.639484632795103,8.639484632795103
112,110.32846319030338,1.6715368096966188,1.6715368096966188
6,1.2842716024753429,4.715728397524657,4.715728397524657
108,109.77193904375784,-1.7719390437578397,-1.7719390437578397
35,31.814390841696444,3.1856091583035564,3.1856091583035564
65,71.4671579590083,-6.467157959008304,-6.467157959008304
48,42.666139735927395,5.333860264072605,5.333860264072605
86,71.87896597381186,14.121034026188141,14.121034026188141
179,180.50347283328813,-1.5034728332881286,-1.5034728332881286
82,95.3583091751524,-13.3583091751524,-13.3583091751524
141,137.55183910148182,3.448160898518182,3.448160898518182
0,0.08437916824807701,-0.08437916824807701,-0.08437916824807701
74,78.55850750476853,-4.558507504768528,-4.558507504768528
123,121.02452016076435,1.9754798392356463,1.9754798392356463
101,96.0244389729584,4.975561027041607,4.975561027041607
145,146.4083171132234,-1.4083171132234042,-1.4083171132234042
23,16.28577362148564,6.714226378514361,6.714226378514361
61,59.34603752199946,1.6539624780005369,1.6539624780005369
161,167.7915809773417,-6.7915809773417095,-6.7915809773417095
44,29.047604616727938,14.952395383272062,14.952395383272062
165,182.54978625173152,-17.54978625173152,-17.54978625173152
9,22.181864978850363,-13.181864978850363,-13.181864978850363
40,54.42453411134714,-14.424534111347143,-14.424534111347143
53,53.6960781075326,-0.6960781075325997,-0.6960781075325997
170,171.82839578446516,-1.8283957844651582,-1.8283957844651582
30,36.82871628991326,-6.82871628991326,-6.82871628991326
9,37.356623472361605,-28.356623472361605,-28.356623472361605
31,40.0056536174231,-9.0056536174231,-9.0056536174231
205,186.49876031119382,18.50123968880618,18.50123968880618
62,47.140140541939914,14.859859458060086,14.859859458060086
61,69.82230926771176,-8.82230926771176,-8.82230926771176
62,92.61261782277698,-30.612617822776983,-30.612617822776983
152,142.20536686757129,9.794633132428714,9.794633132428714
84,91.09553978987915,-7.095539789879155,-7.095539789879155
51,56.90189334043126,-5.901893340431258,-5.901893340431258
187,175.22593650739776,11.774063492602238,11.774063492602238
183,191.10123100366806,-8.101231003668062,-8.101231003668062
80,87.30182450557609,-7.301824505576093,-7.301824505576093
142,134.11641121684937,7.883588783150628,7.883588783150628
13,20.020106603490127,-7.020106603490127,-7.020106603490127
137,139.59194779878547,-2.591947798785469,-2.591947798785469
30,18.72974566235765,11.27025433764235,11.27025433764235
13,20.64419519240368,-7.644195192403679,-7.644195192403679
53,68.06350597721841,-15.063505977218412,-15.063505977218412
81,77.84321568069973,3.1567843193002716,3.1567843193002716
11,8.285114190551624,2.7148858094483757,2.7148858094483757
63,62.15791852433499,0.8420814756650117,0.8420814756650117
118,113.7062070510272,4.2937929489727935,4.2937929489727935
83,70.4376026377154,12.5623973622846,12.5623973622846
22,27.628920736857665,-5.6289207368576655,-5.6289207368576655
152,163.34208515069224,-11.342085150692242,-11.342085150692242
66,82.30434186797447,-16.304341867974472,-16.304341867974472
135,110.44269183082591,24.557308169174092,24.557308169174092
63,49.81160548733719,13.18839451266281,13.18839451266281
174,171.0986900514298,2.9013099485702014,2.9013099485702014
77,84.06296319141958,-7.062963191419584,-7.062963191419584
52,35.81549331415403,16.184506685845967,16.184506685845967
33,38.6473134088462,-5.647313408846202,-5.647313408846202
48,52.31639471385235,-4.316394713852347,-4.316394713852347
169,168.89689868075504,0.10310131924495636,0.10310131924495636
2,21.352960207406788,-19.352960207406788,-19.352960207406788
42,36.4095595019245,5.590440498075502,5.590440498075502
103,76.96491181907902,26.03508818092098,26.03508818092098
29,31.482310187520916,-2.482310187520916,-2.482310187520916
135,138.49345875446676,-3.493458754466758,-3.493458754466758
182,190.88778793227203,-8.887787932272033,-8.887787932272033
31,37.7936086736729,-6.7936086736729,-6.7936086736729
54,57.54925446644928,-3.549254466449277,-3.549254466449277
44,38.788968790508605,5.211031209491395,5.211031209491395
53,64.05909829036146,-11.059098290361462,-11.059098290361462
44,54.17337267559898,-10.173372675598984,-10.173372675598984
102,100.4201419200562,1.5798580799438042,1.5798580799438042
62,37.88532170375592,24.11467829624408,24.11467829624408
43,63.41799539498616,-20.417995394986157,-20.417995394986157
124,104.92840125226653,19.071598747733475,19.071598747733475
40,47.959085302316865,-7.959085302316865,-7.959085302316865
210,210.09497575190107,-0.09497575190107455,-0.09497575190107455
55,54.79769650630925,0.2023034936907493,0.2023034936907493
61,52.97914319705325,8.020856802946753,8.020856802946753
5,21.923481108519624,-16.923481108519624,-16.923481108519624
118,111.60761565834315,6.39238434165685,6.39238434165685
29,30.086772126446775,-1.0867721264467747,-1.0867721264467747
44,67.06424594543464,-23.064245945434635,-23.064245945434635
168,174.39846830888945,-6.3984683088894485,-6.3984683088894485
63,55.91353941543959,7.086460584560413,7.086460584560413
143,149.07603122163516,-6.076031221635162,-6.076031221635162
67,58.36056401750204,8.639435982497957,8.639435982497957
71,58.04060893705103,12.959391062948967,12.959391062948967
34,23.509230916223927,10.490769083776073,10.490769083776073
175,169.52873321394048,5.471266786059516,5.471266786059516
24,25.99025197524108,-1.9902519752410797,-1.9902519752410797
107,124.00637681864546,-17.006376818645464,-17.006376818645464
28,21.628998424450714,6.371001575549286,6.371001575549286
30,43.474149087786515,-13.474149087786515,-13.474149087786515
66,63.697301106242826,2.3026988937571744,2.3026988937571744
79,74.56981264856864,4.430187351431357,4.430187351431357
179,178.8933614780736,0.10663852192641343,0.10663852192641343
47,57.604595905513335,-10.604595905513335,-10.604595905513335
73,79.11040903943967,-6.1104090394396735,-6.1104090394396735
134,140.24678177181664,-6.246781771816643,-6.246781771816643
56,58.185684318745274,-2.185684318745274,-2.185684318745274
173,161.20126518528178,11.798734814718216,11.798734814718216
67,55.096236218260245,11.903763781739755,11.903763781739755
205,190.40546488683535,14.594535113164653,14.594535113164653
110,113.56225346910406,-3.562253469104064,-3.562253469104064
17,11.361139916677388,5.638860083322612,5.638860083322612
18,9.472803619396004,8.527196380603996,8.527196380603996
100,109.74694400575144,-9.746944005751445,-9.746944005751445
54,50.739932139576794,3.260067860423206,3.260067860423206
160,136.9658029266374,23.034197073362606,23.034197073362606
58,77.7371482729195,-19.737148272919498,-19.737148272919498
18,10.967058084608396,7.0329419153916035,7.0329419153916035
59,54.5998222006914,4.400177799308601,4.400177799308601
181,182.99232684415523,-1.9923268441552295,-1.9923268441552295
73,76.18069267533402,-3.180692675334015,-3.180692675334015
54,56.69244096736047,-2.6924409673604686,-2.6924409673604686
11,31.464897074358035,-20.464897074358035,-20.464897074358035
29,20.87925840009516,8.12074159990484,8.12074159990484
24,26.226735587323212,-2.226735587323212,-2.226735587323212
0,13.277371354721716,-13.277371354721716,-13.277371354721716
113,127.62967067915758,-14.629670679157584,-14.629670679157584
0,12.67828223892532,-12.67828223892532,-12.67828223892532
127,142.89474285092277,-15.894742850922768,-15.894742850922768
21,24.24746602122677,-3.2474660212267707,-3.2474660212267707
116,112.50902881315231,3.4909711868476876,3.4909711868476876
32,32.92930111624752,-0.9293011162475224,-0.9293011162475224
0,3.3043691902201715,-3.3043691902201715,-3.3043691902201715
57,44.716992825337925,12.283007174662075,12.283007174662075
54,59.848152493172236,-5.848152493172236,-5.848152493172236
67,77.3559918634075,-10.355991863407496,-10.355991863407496
125,129.6197790190439,-4.619779019043904,-4.619779019043904
33,25.64363707656492,7.3563629234350785,7.3563629234350785
46,41.51127316466533,4.488726835334667,4.488726835334667
63,66.99038753884386,-3.990387538843862,-3.990387538843862
54,38.070937909642346,15.929062090357654,15.929062090357654
59,55.47663196041114,3.52336803958886,3.52336803958886
19,17.120239447995658,1.879760552004342,1.879760552004342
154,166.2027922118928,-12.202792211892813,-12.202792211892813
46,38.32276824151385,7.677231758486151,7.677231758486151
132,138.30630599572223,-6.3063059957222265,-6.3063059957222265
86,75.96865290003014,10.031347099969864,10.031347099969864
182,162.13955654621643,19.860443453783574,19.860443453783574
17,10.51650053143247,6.48349946856753,6.48349946856753
109,110.3794256342305,-1.3794256342305005,-1.3794256342305005
154,157.90461384297254,-3.9046138429725374,-3.9046138429725374
193,193.19519610180785,-0.19519610180785207,-0.19519610180785207
87,86.22334032595246,0.7766596740475364,0.7766596740475364
32,13.2416453081617,18.7583546918383,18.7583546918383
46,66.71950754973703,-20.71950754973703,-20.71950754973703
11,24.91120492873273,-13.91120492873273,-13.91120492873273
49,34.178964829000336,14.821035170999664,14.821035170999664
4,10.917454760360158,-6.917454760360158,-6.917454760360158
170,166.82845557433586,3.1715444256641376,3.1715444256641376
83,70.26627089969293,12.733729100307073,12.733729100307073
6,33.67656476115687,-27.676564761156868,-27.676564761156868
49,51.259113135768075,-2.259113135768075,-2.259113135768075
23,13.239327932585894,9.760672067414106,9.760672067414106
118,124.45094642547241,-6.450946425472409,-6.450946425472409
84,80.37735147972207,3.6226485202779344,3.6226485202779344
77,66.56008327944633,10.439916720553668,10.439916720553668
62,69.5578421651984,-7.5578421651983945,-7.5578421651983945
192,178.37082113908264,13.629178860917364,13.629178860917364
64,60.44373238325684,3.5562676167431633,3.5562676167431633
62,43.4407035061691,18.5592964938309,18.5592964938309
46,50.72724684363731,-4.72724684363731,-4.72724684363731
80,70.32676659718788,9.673233402812116,9.673233402812116
167,160.81935419438145,6.180645805618553,6.180645805618553
189,189.92709414533306,-0.9270941453330579,-0.9270941453330579
82,77.10539944049066,4.8946005595093425,4.8946005595093425
0,18.51062518373815,-18.51062518373815,-18.51062518373815
22,14.629330717029191,7.370669282970809,7.370669282970809
80,70.25047036885778,9.749529631142224,9.749529631142224
140,147.5910964399231,-7.591096439923092,-7.591096439923092
17,7.120304456193622,9.879695543806378,9.879695543806378
24,28.30046153468821,-4.3004615346882105,-4.3004615346882105
187,189.69776614767667,-2.697766147676674,-2.697766147676674
197,202.72246845969053,-5.722468459690532,-5.722468459690532
59,71.08168657232854,-12.081686572328536,-12.081686572328536
24,15.691544669726554,8.308455330273446,8.308455330273446
18,15.88299321132336,2.1170067886766404,2.1170067886766404
212,193.15934862146207,18.840651378537927,18.840651378537927
69,55.88400943958419,13.11599056041581,13.11599056041581
139,153.41329123076196,-14.413291230761956,-14.413291230761956
102,104.48585499544357,-2.4858549954435745,-2.4858549954435745
74,78.55135272877828,-4.551352728778284,-4.551352728778284
82,88.17054279245977,-6.17054279245977,-6.17054279245977
30,37.58917808797368,-7.5891780879736785,-7.5891780879736785
55,53.810245988562045,1.1897540114379552,1.1897540114379552
0,4.1031393113594135,-4.1031393113594135,-4.1031393113594135
187,192.29340607708838,-5.2934060770883775,-5.2934060770883775
21,22.962278451563577,-1.9622784515635772,-1.9622784515635772
129,129.7276818311589,-0.7276818311588897,-0.7276818311588897
38,46.73246130146492,-8.732461301464923,-8.732461301464923
79,63.537529168243736,15.462470831756264,15.462470831756264
43,50.02706373390967,-7.027063733909671,-7.027063733909671
69,75.26931798853175,-6.269317988531753,-6.269317988531753
5,10.429531875749134,-5.429531875749134,-5.429531875749134
0,19.50955783908927,-19.50955783908927,-19.50955783908927
66,74.8915424600471,-8.891542460047106,-8.891542460047106
6,16.79685546929766,-10.796855469297661,-10.796855469297661
8,9.65511104751343,-1.6551110475134294,-1.6551110475134294
49,53.982144543002704,-4.982144543002704,-4.982144543002704
30,49.949105650212786,-19.949105650212786,-19.949105650212786
87,75.49935305090612,11.500646949093877,11.500646949093877
211,205.11766685063736,5.882333149362637,5.882333149362637
30,36.256877257193985,-6.256877257193985,-6.256877257193985
138,125.29269841426166,12.707301585738335,12.707301585738335
0,11.530705252874839,-11.530705252874839,-11.530705252874839
123,114.4917195144366,8.508280485563404,8.508280485563404
36,44.18361856402521,-8.18361856402521,-8.18361856402521
42,47.98967546759668,-5.989675467596683,-5.989675467596683
21,16.356466218490972,4.643533781509028,4.643533781509028
52,64.8206692244414,-12.820669224441403,-12.820669224441403
63,63.48758084595888,-0.48758084595888107,-0.48758084595888107
0,15.377248026893518,-15.377248026893518,-15.377248026893518
46,57.24525765754302,-11.245257657543021,-11.245257657543021
0,8.982888363284502,-8.982888363284502,-8.982888363284502
61,66.77803193847298,-5.778031938472978,-5.778031938472978
20,28.108878690961014,-8.108878690961014,-8.108878690961014
172,175.01610038936352,-3.0161003893635154,-3.0161003893635154
50,43.491604693887886,6.508395306112114,6.508395306112114
30,26.120194423626202,3.8798055763737977,3.8798055763737977
48,49.25724765846712,-1.2572476584671222,-1.2572476584671222
46,56.7664111694286,-10.7664111694286,-10.7664111694286
31,29.51581895215707,1.484181047842931,1.484181047842931
5,22.428612280528576,-17.428612280528576,-17.428612280528576
120,129.67188331962836,-9.671883319628364,-9.671883319628364
56,55.073972965434294,0.9260270345657062,0.9260270345657062
185,193.56473178169892,-8.564731781698924,-8.564731781698924
194,197.67704781021644,-3.677047810216436,-3.677047810216436
118,139.151904365134,-21.151904365133987,-21.151904365133987
48,61.05907132989108,-13.059071329891083,-13.059071329891083
72,54.55554447099135,17.44445552900865,17.44445552900865
65,40.8703336459538,24.1296663540462,24.1296663540462
0,1.868385113730639,-1.868385113730639,-1.868385113730639
185,166.91675402680633,18.08324597319367,18.08324597319367
14,27.185155844100144,-13.185155844100144,-13.185155844100144
90,85.73159697405798,4.268403025942021,4.268403025942021
187,181.42132944720646,5.57867055279354,5.57867055279354
82,92.53928358817647,-10.539283588176474,-10.539283588176474
6,11.31612360156717,-5.3161236015671705,-5.3161236015671705
60,57.45864323654415,2.541356763455852,2.541356763455852
85,89.15654283342077,-4.156542833420772,-4.156542833420772
19,22.085867356955085,-3.0858673569550845,-3.0858673569550845
0,4.750912587057471,-4.750912587057471,-4.750912587057471
61,45.63568252956961,15.364317470430393,15.364317470430393
28,52.0363666513205,-24.0363666513205,-24.0363666513205
47,47.481589153506924,-0.4815891535069241,-0.4815891535069241
43,38.41759926051964,4.582400739480363,4.582400739480363
57,50.93098604936289,6.069013950637107,6.069013950637107
61,54.16382247030913,6.836177529690872,6.836177529690872
198,209.25031563823555,-11.250315638235548,-11.250315638235548
119,100.40965941492513,18.59034058507487,18.59034058507487
20,22.05183023896054,-2.051830238960541,-2.051830238960541
18,27.587738922689844,-9.587738922689844,-9.587738922689844
64,61.55927702801391,2.440722971986091,2.440722971986091
29,37.886689464347896,-8.886689464347896,-8.886689464347896
53,50.51409148627238,2.4859085137276224,2.4859085137276224
202,204.08187570397368,-2.0818757039736795,-2.0818757039736795
23,8.653627735404896,14.346372264595104,14.346372264595104
198,198.70539197037982,-0.7053919703798215,-0.7053919703798215
74,74.78405740403717,-0.7840574040371706,-0.7840574040371706
62,52.0586113947795,9.941388605220503,9.941388605220503
185,184.9865866798897,0.013413320110288396,0.013413320110288396
183,174.73437668675564,8.265623313244362,8.265623313244362
172,187.23746419272447,-15.237464192724474,-15.237464192724474
58,50.819358383193816,7.180641616806184,7.180641616806184
52,46.002144910795735,5.997855089204265,5.997855089204265
58,57.660285839385054,0.3397141606149461,0.3397141606149461
117,111.18348059607246,5.816519403927543,5.816519403927543
103,93.50143183527015,9.498568164729846,9.498568164729846
208,181.4952449182528,26.50475508174719,26.50475508174719
157,172.44452868876257,-15.444528688762574,-15.444528688762574
177,180.24546417753825,-3.2454641775382527,-3.2454641775382527
74,64.62070572926808,9.379294270731918,9.379294270731918
58,50.87792156156116,7.122078438438841,7.122078438438841
41,38.514543469406675,2.485456530593325,2.485456530593325
9,11.1364716880651,-2.1364716880651002,-2.1364716880651002
29,31.265326185345003,-2.2653261853450033,-2.2653261853450033
64,70.02207779673057,-6.022077796730571,-6.022077796730571
62,60.230087352505784,1.7699126474942162,1.7699126474942162
69,72.26004455466263,-3.2600445546626275,-3.2600445546626275
20,19.37949935272575,0.6205006472742483,0.6205006472742483
71,69.59964638137477,1.4003536186252319,1.4003536186252319
73,61.900216735297356,11.099783264702644,11.099783264702644
41,40.641389033476536,0.35861096652346447,0.35861096652346447
50,61.234639891041496,-11.234639891041496,-11.234639891041496
20,36.778989077818,-16.778989077817997,-16.778989077817997
134,134.4692048979099,-0.46920489790988995,-0.46920489790988995
67,65.2887010416342,1.711298958365802,1.711298958365802
112,113.64377050801981,-1.6437705080198128,-1.6437705080198128
191,189.67313921552986,1.326860784470142,1.326860784470142
40,52.28797639896585,-12.287976398965853,-12.287976398965853
171,168.2544843126738,2.74551568732619,2.74551568732619
44,49.159127488680255,-5.159127488680255,-5.159127488680255
24,23.39151170667047,0.608488293329529,0.608488293329529
44,66.18907062526463,-22.189070625264634,-22.189070625264634
53,42.04878190327101,10.951218096728986,10.951218096728986
112,116.61514319557264,-4.615143195572642,-4.615143195572642
53,53.995012095763045,-0.9950120957630446,-0.9950120957630446
63,55.91592599042133,7.084074009578671,7.084074009578671
119,118.02427584333346,0.9757241566665442,0.9757241566665442
25,13.086472540340893,11.913527459659107,11.913527459659107
73,83.03369670005372,-10.033696700053724,-10.033696700053724
46,47.91503806378381,-1.9150380637838111,-1.9150380637838111
21,21.782183052044658,-0.7821830520446582,-0.7821830520446582
8,21.047012986929282,-13.047012986929282,-13.047012986929282
49,45.09429265449031,3.90570734550969,3.90570734550969
58,63.35213407815258,-5.352134078152581,-5.352134078152581
133,124.43578490179908,8.564215098200918,8.564215098200918
92,97.65265077190533,-5.6526507719053285,-5.6526507719053285
134,132.45759282274486,1.5424071772551429,1.5424071772551429
40,39.950976734097104,0.049023265902896185,0.049023265902896185
189,178.606903830832,10.39309616916799,10.39309616916799
8,28.14205570319446,-20.14205570319446,-20.14205570319446
26,3.5150320810624294,22.48496791893757,22.48496791893757
66,60.22545385297568,5.774546147024317,5.774546147024317
20,10.474034673771456,9.525965326228544,9.525965326228544
153,150.6293783783017,2.370621621698291,2.370621621698291
83,75.79747608507202,7.20252391492798,7.20252391492798
23,14.0876912668895,8.9123087331105,8.9123087331105
21,43.98146331841163,-22.981463318411627,-22.981463318411627
209,207.28946389005728,1.7105361099427228,1.7105361099427228
37,39.20110109892112,-2.2011010989211215,-2.2011010989211215
200,191.67303554202743,8.326964457972565,8.326964457972565
17,10.873936850711885,6.126063149288115,6.126063149288115
93,86.19659207023615,6.80340792976385,6.80340792976385
168,176.00116167522012,-8.001161675220118,-8.001161675220118
39,36.8410219333291,2.1589780666708975,2.1589780666708975
83,88.23062189464105,-5.230621894641047,-5.230621894641047
36,34.968841706864495,1.0311582931355048,1.0311582931355048
57,67.09533369899457,-10.095333698994565,-10.095333698994565
123,113.44505861869305,9.554941381306946,9.554941381306946
21,18.089662399748455,2.9103376002515446,2.9103376002515446
34,36.03791214332591,-2.0379121433259115,-2.0379121433259115
38,47.06143185094518,-9.061431850945183,-9.061431850945183
116,133.54723803680167,-17.547238036801673,-17.547238036801673
66,66.30547731704176,-0.3054773170417633,-0.3054773170417633
137,141.70061984243966,-4.700619842439664,-4.700619842439664
47,51.37620608140014,-4.376206081400142,-4.376206081400142
42,49.557138883579256,-7.557138883579256,-7.557138883579256
21,23.2815557280205,-2.2815557280205,-2.2815557280205
61,54.32775020842401,6.672249791575993,6.672249791575993
26,33.63644509670642,-7.636445096706417,-7.636445096706417
52,65.34923576810228,-13.349235768102275,-13.349235768102275
80,65.37006000014685,14.62993999985315,14.62993999985315
53,38.36854921086529,14.63145078913471,14.63145078913471
44,53.51024097204386,-9.51024097204386,-9.51024097204386
43,39.78163719068903,3.2183628093109675,3.2183628093109675
212,201.73391963252146,10.266080367478537,10.266080367478537
65,57.678163591729785,7.321836408270215,7.321836408270215
183,175.27936940722617,7.72063059277383,7.72063059277383
45,54.43537520582886,-9.435375205828862,-9.435375205828862
31,43.40854069921032,-12.40854069921032,-12.40854069921032
9,17.1557997675729,-8.155799767572901,-8.155799767572901
0,8.086620762128163,-8.086620762128163,-8.086620762128163
1,9.246512202428605,-8.246512202428605,-8.246512202428605
82,75.08484874602115,6.9151512539788484,6.9151512539788484
54,47.73618473922104,6.263815260778962,6.263815260778962
6,15.043604509787919,-9.043604509787919,-9.043604509787919
16,26.343197091160043,-10.343197091160043,-10.343197091160043
81,66.60879004064402,14.391209959355976,14.391209959355976
50,44.91607091629357,5.08392908370643,5.08392908370643
64,54.622162711490645,9.377837288509355,9.377837288509355
99,109.5972727659529,-10.597272765952894,-10.597272765952894
95,85.41858436763762,9.58141563236238,9.58141563236238
20,16.823830993126954,3.176169006873046,3.176169006873046
36,27.387140439514212,8.612859560485788,8.612859560485788
115,105.73073347570582,9.269266524294181,9.269266524294181
28,35.666242081954394,-7.666242081954394,-7.666242081954394
54,57.79253699547152,-3.7925369954715222,-3.7925369954715222
38,28.596958973934612,9.403041026065388,9.403041026065388
119,122.76288455212207,-3.762884552122074,-3.762884552122074
76,81.71816420015774,-5.718164200157744,-5.718164200157744
8,19.5300548195802,-11.5300548195802,-11.5300548195802
156,154.98134504947865,1.018654950521352,1.018654950521352
15,24.021187382862564,-9.021187382862564,-9.021187382862564
7,12.003165525617682,-5.003165525617682,-5.003165525617682
126,124.97929619865273,1.020703801347267,1.020703801347267
20,14.945452790325923,5.054547209674077,5.054547209674077
114,125.45872502077668,-11.458725020776683,-11.458725020776683
0,10.537069431052018,-10.537069431052018,-10.537069431052018
177,169.9082658517163,7.091734148283706,7.091734148283706
13,36.29411890314474,-23.294118903144742,-23.294118903144742
30,45.88794400579317,-15.887944005793173,-15.887944005793173
11,21.966032569712596,-10.966032569712596,-10.966032569712596
177,160.47105172259623,16.52894827740377,16.52894827740377
48,37.9664613890991,10.033538610900898,10.033538610900898
31,32.10338021099095,-1.1033802109909487,-1.1033802109909487
32,27.39669020175031,4.60330979824969,4.60330979824969
15,13.878265747071879,1.1217342529281211,1.1217342529281211
35,51.0230204768194,-16.023020476819397,-16.023020476819397
24,32.64138037088806,-8.641380370888058,-8.641380370888058
35,36.848866601781985,-1.8488666017819853,-1.8488666017819853
54,68.94887844883473,-14.948878448834733,-14.948878448834733
49,45.64823265299357,3.3517673470064295,3.3517673470064295
47,50.23619718863507,-3.2361971886350673,-3.2361971886350673
78,86.73823139535645,-8.73823139535645,-8.73823139535645
175,181.6666677236575,-6.666667723657497,-6.666667723657497
8,24.206267592520746,-16.206267592520746,-16.206267592520746
86,82.40055492982994,3.599445070170063,3.599445070170063
37,42.695067939030636,-5.695067939030636,-5.695067939030636
130,129.80272263156365,0.19727736843634602,0.19727736843634602
37,37.95862167514857,-0.9586216751485708,-0.9586216751485708
87,84.53958888722254,2.4604111127774644,2.4604111127774644
100,102.73197975148888,-2.731979751488879,-2.731979751488879
108,124.41037237323548,-16.410372373235475,-16.410372373235475
89,68.7082227412891,20.291777258710894,20.291777258710894
32,42.078434515666316,-10.078434515666316,-10.078434515666316
109,103.20931306127522,5.790686938724775,5.790686938724775
82,80.964773998543,1.035226001457005,1.035226001457005
112,102.48361890449438,9.516381095505622,9.516381095505622
52,65.91378216647279,-13.913782166472785,-13.913782166472785
72,64.68335256905992,7.31664743094008,7.31664743094008
54,47.36915683659487,6.630843163405132,6.630843163405132
0,7.215068146632845,-7.215068146632845,-7.215068146632845
16,15.206427830184865,0.7935721698151355,0.7935721698151355
53,12.791398956196879,40.20860104380312,40.20860104380312
60,59.78009464973522,0.21990535026478142,0.21990535026478142
159,155.28240635744368,3.7175936425563236,3.7175936425563236
98,108.66215802218613,-10.662158022186134,-10.662158022186134
34,30.60981864741788,3.3901813525821183,3.3901813525821183
86,77.20478024298859,8.79521975701141,8.79521975701141
85,81.08337312674797,3.916626873252028,3.916626873252028
22,8.91260525573108,13.08739474426892,13.08739474426892
12,21.28715968633861,-9.287159686338612,-9.287159686338612
63,58.472281945755256,4.527718054244744,4.527718054244744
64,82.41006140003971,-18.41006140003971,-18.41006140003971
35,35.312418204101576,-0.3124182041015757,-0.3124182041015757
24,26.227598690043607,-2.2275986900436067,-2.2275986900436067
195,194.9424652749019,0.057534725098093986,0.057534725098093986
142,140.61521664478,1.3847833552200086,1.3847833552200086
20,11.760482215981398,8.239517784018602,8.239517784018602
165,166.00949293112734,-1.0094929311273404,-1.0094929311273404
79,96.01102686250485,-17.01102686250485,-17.01102686250485
18,12.266560795747061,5.733439204252939,5.733439204252939
119,104.41486801559446,14.585131984405535,14.585131984405535
72,70.48794860442696,1.5120513955730388,1.5120513955730388
13,12.66343248706049,0.33656751293951004,0.33656751293951004
146,146.20078381386244,-0.2007838138624436,-0.2007838138624436
105,113.58874511353997,-8.588745113539971,-8.588745113539971
43,45.40207871016172,-2.4020787101617174,-2.4020787101617174
27,30.663554512393354,-3.663554512393354,-3.663554512393354
157,170.94056718384567,-13.940567183845673,-13.940567183845673
72,66.54860406419212,5.451395935807881,5.451395935807881
116,126.62581558860346,-10.625815588603459,-10.625815588603459
107,99.23219031466553,7.76780968533447,7.76780968533447
20,17.594285352400988,2.4057146475990123,2.4057146475990123
44,49.9800756783972,-5.980075678397199,-5.980075678397199
73,86.46248735027807,-13.462487350278067,-13.462487350278067
48,33.900512490405106,14.099487509594894,14.099487509594894
6,20.909157306336176,-14.909157306336176,-14.909157306336176
67,52.699744604298765,14.300255395701235,14.300255395701235
63,58.298848096799034,4.701151903200966,4.701151903200966
13,25.464984940625328,-12.464984940625328,-12.464984940625328
75,82.13104615828418,-7.131046158284178,-7.131046158284178
138,161.31375170942243,-23.313751709422434,-23.313751709422434
74,76.48554338193716,-2.4855433819371626,-2.4855433819371626
33,41.678667256767824,-8.678667256767824,-8.678667256767824
132,135.19989584945063,-3.199895849450627,-3.199895849450627
18,26.67612341206995,-8.676123412069948,-8.676123412069948
43,47.168894145254164,-4.168894145254164,-4.168894145254164
82,90.6867517439466,-8.686751743946601,-8.686751743946601
134,137.48353855142082,-3.4835385514208212,-3.4835385514208212
85,63.07326431525529,21.926735684744713,21.926735684744713
39,32.55091515495313,6.449084845046869,6.449084845046869
162,162.45677107288418,-0.4567710728841803,-0.4567710728841803
89,79.41436680452436,9.585633195475637,9.585633195475637
26,16.86567858901376,9.134321410986239,9.134321410986239
95,93.45527493868191,1.5447250613180898,1.5447250613180898
33,32.67594439625029,0.3240556037497129,0.3240556037497129
41,49.42123347232172,-8.421233472321717,-8.421233472321717
13,1.833337892305778,11.166662107694222,11.166662107694222
66,55.29704879412895,10.702951205871052,10.702951205871052
65,63.134077100165804,1.865922899834196,1.865922899834196
83,77.96146784120594,5.038532158794055,5.038532158794055
40,33.53296950912891,6.467030490871089,6.467030490871089
16,19.852382949325076,-3.852382949325076,-3.852382949325076
146,139.8613314075186,6.138668592481395,6.138668592481395
67,67.11130400961333,-0.11130400961333464,-0.11130400961333464
59,61.854317144810004,-2.854317144810004,-2.854317144810004
67,65.5441942882286,1.4558057117714043,1.4558057117714043
58,58.152828563899334,-0.15282856389933386,-0.15282856389933386
155,156.33331167864515,-1.3333116786451455,-1.3333116786451455
167,155.6594679104579,11.340532089542108,11.340532089542108
33,35.96104428736251,-2.961044287362512,-2.961044287362512
55,55.40947928106918,-0.4094792810691814,-0.4094792810691814
51,54.66109070391233,-3.661090703912329,-3.661090703912329
109,104.31919325123735,4.680806748762649,4.680806748762649
58,71.58767128678105,-13.587671286781045,-13.587671286781045
78,86.5745546595908,-8.574554659590802,-8.574554659590802
13,29.39420330510181,-16.39420330510181,-16.39420330510181
0,5.467477279640491,-5.467477279640491,-5.467477279640491
42,59.98136674235162,-17.981366742351618,-17.981366742351618
0,4.859903750096336,-4.859903750096336,-4.859903750096336
118,110.57964057931865,7.420359420681351,7.420359420681351
119,117.20905636693558,1.7909436330644155,1.7909436330644155
71,69.72596581272738,1.274034187272619,1.274034187272619
151,163.5885064776032,-12.588506477603204,-12.588506477603204
35,46.1067061892783,-11.106706189278299,-11.106706189278299
9,12.37909756660708,-3.3790975666070793,-3.3790975666070793
193,180.3056620441132,12.694337955886795,12.694337955886795
18,15.080870858332382,2.919129141667618,2.919129141667618
28,27.153870406937592,0.8461295930624075,0.8461295930624075
106,105.04496640628945,0.955033593710553,0.955033593710553
0,13.87116403937997,-13.87116403937997,-13.87116403937997
17,18.65812379793875,-1.6581237979387495,-1.6581237979387495
65,75.91019652861668,-10.91019652861668,-10.91019652861668
184,187.54879501945575,-3.5487950194557527,-3.5487950194557527
48,36.34693718016408,11.653062819835917,11.653062819835917
92,96.78689160572324,-4.786891605723241,-4.786891605723241
40,38.39173283180171,1.6082671681982887,1.6082671681982887
48,52.73561260560804,-4.73561260560804,-4.73561260560804
142,117.8996898821385,24.100310117861497,24.100310117861497
82,97.90671355108866,-15.906713551088657,-15.906713551088657
120,125.08372719351829,-5.0837271935182855,-5.0837271935182855
98,83.78905331886867,14.210946681131333,14.210946681131333
102,85.11997424841859,16.880025751581414,16.880025751581414
100,83.19073403128154,16.809265968718464,16.809265968718464
78,71.17569302739794,6.824306972602059,6.824306972602059
131,135.55640457520173,-4.556404575201725,-4.556404575201725
80,75.55557352788652,4.444426472113477,4.444426472113477
98,103.77743282926689,-5.7774328292668855,-5.7774328292668855
108,96.86248110463949,11.137518895360515,11.137518895360515
146,154.65712019230602,-8.657120192306024,-8.657120192306024
73,85.55285452771808,-12.552854527718083,-12.552854527718083
27,24.37523866215232,2.62476133784768,2.62476133784768
41,63.07137276202366,-22.071372762023657,-22.071372762023657
36,27.061290475420833,8.938709524579167,8.938709524579167
156,163.24739821903358,-7.247398219033585,-7.247398219033585
158,169.38805369258847,-11.388053692588471,-11.388053692588471
103,94.19344606138111,8.80655393861889,8.80655393861889
198,199.9525029970377,-1.9525029970376977,-1.9525029970376977
43,39.41759387383767,3.582406126162333,3.582406126162333
0,8.26312783166776,-8.26312783166776,-8.26312783166776
195,196.65183168052312,-1.6518316805231166,-1.6518316805231166
59,62.66813956705481,-3.6681395670548085,-3.6681395670548085
65,52.561844074285474,12.438155925714526,12.438155925714526
29,14.789492579538965,14.210507420461035,14.210507420461035
10,11.592238384865567,-1.592238384865567,-1.592238384865567
140,135.93510108258778,4.064898917412222,4.064898917412222
69,80.08565373502702,-11.085653735027023,-11.085653735027023
40,32.91026573040928,7.089734269590721,7.089734269590721
79,70.21980614511405,8.780193854885951,8.780193854885951
18,15.81087131173662,2.1891286882633807,2.1891286882633807
40,49.543663817404706,-9.543663817404706,-9.543663817404706
59,63.89333009355177,-4.893330093551768,-4.893330093551768
167,174.87306215506604,-7.873062155066037,-7.873062155066037
95,90.43627893018446,4.563721069815543,4.563721069815543
109,113.51834914460036,-4.518349144600364,-4.518349144600364
53,41.83541668528882,11.16458331471118,11.16458331471118
88,89.42565631419804,-1.4256563141980365,-1.4256563141980365
2,3.8889705088813713,-1.8889705088813713,-1.8889705088813713
23,18.620317891739226,4.3796821082607735,4.3796821082607735
59,63.37832771264713,-4.378327712647128,-4.378327712647128
158,165.27419185654344,-7.274191856543439,-7.274191856543439
80,86.06425130804935,-6.06425130804935,-6.06425130804935
53,71.77667210988477,-18.77667210988477,-18.77667210988477
11,8.650155669184784,2.349844330815216,2.349844330815216
184,186.47806917666003,-2.4780691766600285,-2.4780691766600285
64,61.05249888226464,2.9475011177353565,2.9475011177353565
70,63.777362362659844,6.222637637340156,6.222637637340156
36,54.2771809023819,-18.2771809023819,-18.2771809023819
3,14.792229433693407,-11.792229433693407,-11.792229433693407
155,173.1549463993725,-18.154946399372506,-18.154946399372506
9,7.637289053710234,1.3627109462897664,1.3627109462897664
7,1.9641704048154054,5.035829595184595,5.035829595184595
32,23.1742553773365,8.8257446226635,8.8257446226635
0,2.165037667507505,-2.165037667507505,-2.165037667507505
177,184.30015030075887,-7.300150300758872,-7.300150300758872
148,143.66323312521808,4.336766874781915,4.336766874781915
8,14.786922296484008,-6.786922296484008,-6.786922296484008
111,109.27892540073269,1.721074599267311,1.721074599267311
13,21.80804323887132,-8.80804323887132,-8.80804323887132
147,163.18202019925155,-16.182020199251554,-16.182020199251554
77,65.75836445410626,11.241635545893743,11.241635545893743
176,178.24573050383492,-2.2457305038349205,-2.2457305038349205
153,144.4860625275192,8.51393747248079,8.51393747248079
96,101.45469197110913,-5.454691971109128,-5.454691971109128
164,157.6313825239655,6.368617476034501,6.368617476034501
183,173.7215818473137,9.2784181526863,9.2784181526863
191,180.5856901443488,10.414309855651197,10.414309855651197
81,83.82220601758559,-2.822206017585586,-2.822206017585586
134,134.23524773732547,-0.23524773732546578,-0.23524773732546578
6,13.474427981759774,-7.474427981759774,-7.474427981759774
7,26.67705392514513,-19.67705392514513,-19.67705392514513
157,154.42927588236478,2.5707241176352227,2.5707241176352227
148,125.88182636748576,22.118173632514242,22.118173632514242
154,146.8867609486834,7.1132390513166115,7.1132390513166115
33,23.743282770452936,9.256717229547064,9.256717229547064
16,25.404685494279356,-9.404685494279356,-9.404685494279356
27,27.864807041761672,-0.8648070417616722,-0.8648070417616722
79,67.87664899276527,11.123351007234731,11.123351007234731
142,163.6106921465618,-21.610692146561803,-21.610692146561803
146,163.8875143947904,-17.8875143947904,-17.8875143947904
33,40.234729571998535,-7.234729571998535,-7.234729571998535
24,33.74344705855668,-9.743447058556683,-9.743447058556683
48,38.48479455907383,9.515205440926167,9.515205440926167
20,27.112818169177935,-7.112818169177935,-7.112818169177935
67,66.76127369625232,0.23872630374768278,0.23872630374768278
29,32.316562648005785,-3.3165626480057853,-3.3165626480057853
119,109.58782102093497,9.412178979065033,9.412178979065033
10,8.671428761549336,1.3285712384506638,1.3285712384506638
90,95.15570911164033,-5.155709111640334,-5.155709111640334
68,67.2612437371903,0.7387562628097015,0.7387562628097015
156,134.3288101872123,21.671189812787702,21.671189812787702
172,170.45181823825283,1.5481817617471734,1.5481817617471734
63,68.39971766765979,-5.399717667659786,-5.399717667659786
48,51.90063572958445,-3.900635729584451,-3.900635729584451
76,82.29387754588703,-6.293877545887028,-6.293877545887028
37,49.938871066816716,-12.938871066816716,-12.938871066816716
163,166.60630061050853,-3.6063006105085265,-3.6063006105085265
146,140.57555047421786,5.424449525782137,5.424449525782137
142,156.1043537892259,-14.104353789225911,-14.104353789225911
81,71.43432481793882,9.565675182061185,9.565675182061185
174,169.5879657351597,4.412034264840287,4.412034264840287
47,59.93437452642044,-12.934374526420441,-12.934374526420441
69,69.46445675858169,-0.4644567585816901,-0.4644567585816901
20,21.761322689750592,-1.7613226897505925,-1.7613226897505925
15,3.032080664190019,11.967919335809981,11.967919335809981
148,137.4694767063774,10.530523293622593,10.530523293622593
156,164.57403975794202,-8.574039757942018,-8.574039757942018
172,155.78838673501352,16.211613264986482,16.211613264986482
70,83.98919370840993,-13.989193708409928,-13.989193708409928
17,25.891506637216402,-8.891506637216402,-8.891506637216402
69,57.31045181654938,11.689548183450619,11.689548183450619
0,15.417060460987415,-15.417060460987415,-15.417060460987415
166,181.08707238438856,-15.087072384388563,-15.087072384388563
59,57.829825019026664,1.1701749809733357,1.1701749809733357
102,100.45416956316393,1.54583043683607,1.54583043683607
29,32.99833799636605,-3.998337996366047,-3.998337996366047
87,111.63804704115653,-24.638047041156526,-24.638047041156526
67,70.29584138206162,-3.2958413820616244,-3.2958413820616244
36,39.23738509204043,-3.2373850920404266,-3.2373850920404266
136,156.363824146679,-20.363824146679008,-20.363824146679008
33,35.89807066800209,-2.8980706680020916,-2.8980706680020916
83,90.90225971260767,-7.902259712607673,-7.902259712607673
63,73.04431261253448,-10.044312612534483,-10.044312612534483
57,70.19371493204763,-13.193714932047627,-13.193714932047627
65,65.3563199724122,-0.3563199724121944,-0.3563199724121944
154,162.47842394283396,-8.478423942833956,-8.478423942833956
19,29.93628451595829,-10.936284515958292,-10.936284515958292
29,45.641138033069076,-16.641138033069076,-16.641138033069076
78,80.46382518107734,-2.4638251810773397,-2.4638251810773397
20,15.739242215944941,4.260757784055059,4.260757784055059
123,110.94719080207341,12.052809197926592,12.052809197926592
57,52.4340879053382,4.5659120946617975,4.5659120946617975
