Actual,Predicted,Error,Residual
6,25.838423681592687,-19.838423681592687,-19.838423681592687
91,130.66828575455784,-39.66828575455784,-39.66828575455784
49,39.42682541571268,9.573174584287322,9.573174584287322
90,105.46775467215255,-15.467754672152552,-15.467754672152552
15,56.24154517124222,-41.24154517124222,-41.24154517124222
127,64.53629780582544,62.46370219417456,62.46370219417456
59,61.03003223022792,-2.030032230227917,-2.030032230227917
53,82.27403239815426,-29.27403239815426,-29.27403239815426
63,76.45407280375854,-13.454072803758535,-13.454072803758535
53,58.579242177699484,-5.579242177699484,-5.579242177699484
202,152.90306846256522,49.096931537434784,49.096931537434784
158,145.75157022521194,12.248429774788065,12.248429774788065
88,79.23199495857489,8.768005041425113,8.768005041425113
120,118.80038598275117,1.1996140172488339,1.1996140172488339
133,117.81024066294934,15.18975933705066,15.18975933705066
3,40.59126113656618,-37.59126113656618,-37.59126113656618
58,36.75216094346704,21.24783905653296,21.24783905653296
53,65.99161389056994,-12.991613890569937,-12.991613890569937
160,124.47526987648055,35.52473012351945,35.52473012351945
55,68.87454687015678,-13.874546870156777,-13.874546870156777
50,56.65790069958938,-6.6579006995893835,-6.6579006995893835
97,112.11338192475475,-15.113381924754748,-15.113381924754748
80,50.394983409258664,29.605016590741336,29.605016590741336
83,64.51149417652013,18.48850582347987,18.48850582347987
69,67.13434237628765,1.8656576237123517,1.8656576237123517
176,148.83639462513247,27.16360537486753,27.16360537486753
10,15.562935545048498,-5.562935545048498,-5.562935545048498
122,134.0226666129979,-12.02266661299791,-12.02266661299791
80,95.04587582229384,-15.045875822293837,-15.045875822293837
37,52.98668747366173,-15.986687473661732,-15.986687473661732
42,76.74125838700118,-34.74125838700118,-34.74125838700118
73,63.45722958051014,9.542770419489862,9.542770419489862
19,27.797205363120625,-8.797205363120625,-8.797205363120625
67,68.26673897686041,-1.2667389768604096,-1.2667389768604096
54,57.09181989873872,-3.09181989873872,-3.09181989873872
0,14.274455300574523,-14.274455300574523,-14.274455300574523
82,86.45524411761998,-4.4552441176199835,-4.4552441176199835
51,49.96305945286561,1.0369405471343924,1.0369405471343924
45,43.87856007332742,1.1214399266725792,1.1214399266725792
48,77.53758894478709,-29.53758894478709,-29.53758894478709
8,42.69182193536954,-34.69182193536954,-34.69182193536954
52,46.641991706773524,5.358008293226476,5.358008293226476
43,43.67685680203807,-0.676856802038067,-0.676856802038067
44,41.710274856368656,2.289725143631344,2.289725143631344
72,53.41918508523219,18.580814914767807,18.580814914767807
18,52.95526505862488,-34.95526505862488,-34.95526505862488
55,49.21435989487661,5.785640105123392,5.785640105123392
49,83.50712721467053,-34.50712721467053,-34.50712721467053
61,41.363034441744055,19.636965558255945,19.636965558255945
32,35.831449307796056,-3.8314493077960563,-3.8314493077960563
46,50.69440509924266,-4.694405099242658,-4.694405099242658
168,139.21626080634744,28.783739193652565,28.783739193652565
55,93.34318877110667,-38.34318877110667,-38.34318877110667
71,82.0763606226765,-11.076360622676503,-11.076360622676503
13,39.28043393909237,-26.28043393909237,-26.28043393909237
189,173.63327781934387,15.366722180656126,15.366722180656126
16,75.94503649984787,-59.94503649984787,-59.94503649984787
176,120.6732372962218,55.3267627037782,55.3267627037782
44,63.60972823383331,-19.60972823383331,-19.60972823383331
160,83.61149200760319,76.38850799239681,76.38850799239681
174,161.99565554566811,12.004344454331886,12.004344454331886
27,31.86451275591802,-4.864512755918021,-4.864512755918021
95,45.30766804838406,49.69233195161594,49.69233195161594
55,55.56480863868811,-0.5648086386881133,-0.5648086386881133
4,32.8933574215667,-28.893357421566698,-28.893357421566698
186,132.6001858213402,53.399814178659796,53.399814178659796
61,62.925896076346596,-1.9258960763465964,-1.9258960763465964
56,54.21431034439344,1.7856896556065607,1.7856896556065607
175,146.88622754381174,28.113772456188258,28.113772456188258
67,86.99053228470638,-19.990532284706376,-19.990532284706376
72,44.61337749993953,27.38662250006047,27.38662250006047
54,51.94550568680987,2.0544943131901334,2.0544943131901334
68,66.30475889935862,1.6952411006413826,1.6952411006413826
35,33.54760955412795,1.452390445872048,1.452390445872048
15,39.071391128829376,-24.071391128829376,-24.071391128829376
24,24.222755403927536,-0.22275540392753612,-0.22275540392753612
68,58.838736067074294,9.161263932925706,9.161263932925706
10,60.1024876460881,-50.1024876460881,-50.1024876460881
65,80.27428089377304,-15.274280893773039,-15.274280893773039
28,37.73685221233696,-9.736852212336963,-9.736852212336963
129,133.23444014976496,-4.234440149764964,-4.234440149764964
48,59.243022938097155,-11.243022938097155,-11.243022938097155
29,41.48026734004166,-12.480267340041657,-12.480267340041657
165,123.68150935454732,41.318490645452684,41.318490645452684
28,55.79475276851393,-27.79475276851393,-27.79475276851393
39,30.20138952898013,8.79861047101987,8.79861047101987
45,40.93277669544589,4.067223304554112,4.067223304554112
4,15.593874793256646,-11.593874793256646,-11.593874793256646
47,73.9522642377101,-26.952264237710096,-26.952264237710096
53,78.14679935170965,-25.146799351709646,-25.146799351709646
16,46.00304166351888,-30.00304166351888,-30.00304166351888
175,132.0216195739754,42.978380426024586,42.978380426024586
130,119.54151657325059,10.45848342674941,10.45848342674941
21,40.406776869301474,-19.406776869301474,-19.406776869301474
77,84.08337409268658,-7.083374092686583,-7.083374092686583
11,24.161604408531414,-13.161604408531414,-13.161604408531414
67,100.8470709850871,-33.8470709850871,-33.8470709850871
139,162.8766732258368,-23.87667322583681,-23.87667322583681
9,21.604183307000202,-12.604183307000202,-12.604183307000202
57,34.97397983009676,22.02602016990324,22.02602016990324
124,108.44429902591473,15.55570097408527,15.55570097408527
78,95.06683224641024,-17.066832246410243,-17.066832246410243
147,132.01650402317142,14.983495976828578,14.983495976828578
30,42.66434763797548,-12.664347637975482,-12.664347637975482
23,18.576142972281236,4.423857027718764,4.423857027718764
83,57.3660686202849,25.6339313797151,25.6339313797151
42,70.01654176150385,-28.016541761503845,-28.016541761503845
33,46.486653680832774,-13.486653680832774,-13.486653680832774
82,63.841320626087466,18.158679373912534,18.158679373912534
6,24.07682612709776,-18.07682612709776,-18.07682612709776
136,90.74623618679678,45.25376381320322,45.25376381320322
135,158.21438303566728,-23.214383035667282,-23.214383035667282
77,62.82502873402802,14.174971265971983,14.174971265971983
68,73.70056819839746,-5.7005681983974625,-5.7005681983974625
50,49.11037505357913,0.8896249464208665,0.8896249464208665
13,46.589898985596164,-33.589898985596164,-33.589898985596164
58,74.9451384295406,-16.945138429540606,-16.945138429540606
20,33.41373237127993,-13.413732371279927,-13.413732371279927
202,188.375386195204,13.624613804796013,13.624613804796013
79,113.48775371287597,-34.48775371287597,-34.48775371287597
45,38.21276474330405,6.787235256695951,6.787235256695951
53,39.536264343424136,13.463735656575864,13.463735656575864
41,28.370623365208704,12.629376634791296,12.629376634791296
1,26.12021743421464,-25.12021743421464,-25.12021743421464
38,37.69857587577762,0.30142412422237896,0.30142412422237896
121,136.2295989536893,-15.229598953689305,-15.229598953689305
84,81.69299830152997,2.3070016984700317,2.3070016984700317
18,25.865236956485205,-7.865236956485205,-7.865236956485205
76,68.36681143138085,7.633188568619147,7.633188568619147
78,66.01297102180847,11.987028978191532,11.987028978191532
49,76.90595481801803,-27.90595481801803,-27.90595481801803
63,65.14989551362198,-2.149895513621985,-2.149895513621985
192,150.200312587034,41.799687412965994,41.799687412965994
186,137.67728769033465,48.32271230966535,48.32271230966535
26,66.09098934635531,-40.090989346355315,-40.090989346355315
78,74.4116758272448,3.5883241727551933,3.5883241727551933
46,40.63654455886339,5.363455441136608,5.363455441136608
64,58.827453872113026,5.172546127886974,5.172546127886974
59,69.99212345637724,-10.992123456377243,-10.992123456377243
77,35.25685862464559,41.74314137535441,41.74314137535441
51,42.023338384790186,8.976661615209814,8.976661615209814
50,51.465643143317386,-1.4656431433173864,-1.4656431433173864
57,92.40606827624282,-35.40606827624282,-35.40606827624282
6,12.868682730941536,-6.868682730941536,-6.868682730941536
44,41.92151388420096,2.0784861157990377,2.0784861157990377
174,137.49611318462908,36.50388681537092,36.50388681537092
167,132.89113026508204,34.10886973491796,34.10886973491796
46,32.84528558448385,13.154714415516153,13.154714415516153
56,93.62439707697301,-37.62439707697301,-37.62439707697301
14,25.286416597449932,-11.286416597449932,-11.286416597449932
50,71.02136042558271,-21.021360425582714,-21.021360425582714
61,47.1547112655625,13.845288734437503,13.845288734437503
55,33.87507726782742,21.12492273217258,21.12492273217258
67,94.18811447239938,-27.188114472399377,-27.188114472399377
8,20.936187727856666,-12.936187727856666,-12.936187727856666
75,54.542750723179836,20.457249276820164,20.457249276820164
181,145.59905972492444,35.400940275075556,35.400940275075556
141,123.12597787395866,17.87402212604134,17.87402212604134
122,113.78148306775674,8.218516932243261,8.218516932243261
39,68.81279321425414,-29.812793214254143,-29.812793214254143
150,134.70658555481918,15.293414445180815,15.293414445180815
15,18.992983524610995,-3.9929835246109953,-3.9929835246109953
187,136.55420630300623,50.445793696993775,50.445793696993775
62,50.326118781102394,11.673881218897606,11.673881218897606
186,150.09061211416517,35.90938788583483,35.90938788583483
40,49.24976306638035,-9.249763066380353,-9.249763066380353
137,100.8436434030885,36.15635659691149,36.15635659691149
91,150.45280712970842,-59.45280712970842,-59.45280712970842
11,33.8537711548218,-22.8537711548218,-22.8537711548218
77,53.07221672354373,23.927783276456267,23.927783276456267
10,75.29930107022818,-65.29930107022818,-65.29930107022818
6,23.83080319607559,-17.83080319607559,-17.83080319607559
37,38.68389857108375,-1.683898571083752,-1.683898571083752
46,65.96524940666023,-19.965249406660234,-19.965249406660234
50,60.17746333459787,-10.177463334597867,-10.177463334597867
211,138.7616661261243,72.23833387387569,72.23833387387569
28,60.85595457238405,-32.85595457238405,-32.85595457238405
158,97.67756421212708,60.32243578787292,60.32243578787292
84,85.26544061240075,-1.2654406124007522,-1.2654406124007522
97,72.43324250079944,24.566757499200563,24.566757499200563
69,62.76193621818984,6.238063781810162,6.238063781810162
43,48.95443656831775,-5.954436568317753,-5.954436568317753
121,110.08644869086217,10.91355130913783,10.91355130913783
44,80.77964704543275,-36.77964704543275,-36.77964704543275
137,152.34101501214377,-15.341015012143771,-15.341015012143771
62,60.30703161044127,1.6929683895587289,1.6929683895587289
72,66.36853418778156,5.631465812218437,5.631465812218437
3,16.967867378394228,-13.967867378394228,-13.967867378394228
91,154.84345178160018,-63.84345178160018,-63.84345178160018
195,145.58076125402587,49.41923874597413,49.41923874597413
54,69.65548255119174,-15.655482551191739,-15.655482551191739
180,166.08529407989127,13.91470592010873,13.91470592010873
3,40.676579999332205,-37.676579999332205,-37.676579999332205
51,56.828270324323725,-5.828270324323725,-5.828270324323725
45,56.437452318553675,-11.437452318553675,-11.437452318553675
51,45.41723469309446,5.582765306905543,5.582765306905543
55,60.491792850010114,-5.491792850010114,-5.491792850010114
0,21.03848268306857,-21.03848268306857,-21.03848268306857
63,45.30479727749076,17.695202722509237,17.695202722509237
168,159.55238417310798,8.447615826892019,8.447615826892019
22,26.31778392886202,-4.317783928862021,-4.317783928862021
162,107.83319385732085,54.16680614267915,54.16680614267915
75,81.59330297253416,-6.593302972534161,-6.593302972534161
159,128.64417857295493,30.355821427045072,30.355821427045072
16,22.99774576972103,-6.997745769721028,-6.997745769721028
208,140.59122629029198,67.40877370970802,67.40877370970802
68,66.11007890775498,1.889921092245018,1.889921092245018
82,72.91592029973224,9.084079700267765,9.084079700267765
46,38.51022116215699,7.489778837843012,7.489778837843012
39,26.45993849317706,12.54006150682294,12.54006150682294
83,88.29432280365245,-5.294322803652449,-5.294322803652449
19,48.26595043095096,-29.26595043095096,-29.26595043095096
42,79.48226593660468,-37.482265936604676,-37.482265936604676
36,49.12306157468007,-13.123061574680072,-13.123061574680072
81,54.63221307799405,26.367786922005948,26.367786922005948
103,107.2484365506668,-4.248436550666796,-4.248436550666796
41,58.14182008178867,-17.141820081788673,-17.141820081788673
121,93.49744310007439,27.502556899925608,27.502556899925608
135,133.0481563036134,1.9518436963865895,1.9518436963865895
173,105.47607358041803,67.52392641958197,67.52392641958197
68,49.51756260029087,18.482437399709127,18.482437399709127
69,64.11324177524543,4.886758224754573,4.886758224754573
171,169.31741298740434,1.6825870125956612,1.6825870125956612
43,45.12681707383979,-2.1268170738397885,-2.1268170738397885
43,61.18955786453937,-18.189557864539367,-18.189557864539367
90,135.78153412191196,-45.78153412191196,-45.78153412191196
146,129.20923595746538,16.79076404253462,16.79076404253462
78,41.80163599239405,36.19836400760595,36.19836400760595
31,54.064528382679974,-23.064528382679974,-23.064528382679974
56,49.04125333974392,6.958746660256082,6.958746660256082
193,186.65929092099304,6.340709079006956,6.340709079006956
171,106.45203335552776,64.54796664447224,64.54796664447224
37,58.67961557288926,-21.67961557288926,-21.67961557288926
1,28.634503489249923,-27.634503489249923,-27.634503489249923
12,33.66137239571168,-21.66137239571168,-21.66137239571168
44,57.424195804727226,-13.424195804727226,-13.424195804727226
40,74.8970445212579,-34.8970445212579,-34.8970445212579
199,170.32917571762795,28.670824282372052,28.670824282372052
64,38.253956909640465,25.746043090359535,25.746043090359535
179,129.0231846103089,49.9768153896911,49.9768153896911
86,99.08698678394616,-13.086986783946159,-13.086986783946159
143,79.86890391815925,63.13109608184075,63.13109608184075
52,36.81127427108888,15.188725728911123,15.188725728911123
69,83.02633184907027,-14.026331849070274,-14.026331849070274
32,56.86747516708955,-24.86747516708955,-24.86747516708955
0,12.95909133081632,-12.95909133081632,-12.95909133081632
8,46.603139245840325,-38.603139245840325,-38.603139245840325
40,64.87438774153057,-24.87438774153057,-24.87438774153057
43,57.673415638739336,-14.673415638739336,-14.673415638739336
163,148.87802040677434,14.12197959322566,14.12197959322566
37,46.60304636458962,-9.603046364589623,-9.603046364589623
73,60.74064144161327,12.25935855838673,12.25935855838673
28,67.25368697034337,-39.25368697034337,-39.25368697034337
55,51.33882419411036,3.6611758058896413,3.6611758058896413
49,26.44584209923227,22.55415790076773,22.55415790076773
151,129.76309243794267,21.236907562057326,21.236907562057326
12,15.219685367582091,-3.219685367582091,-3.219685367582091
42,46.057298904254246,-4.057298904254246,-4.057298904254246
12,21.33367840843359,-9.333678408433592,-9.333678408433592
79,78.25620509270603,0.7437949072939745,0.7437949072939745
42,43.5315968762391,-1.5315968762390995,-1.5315968762390995
20,25.204669209806017,-5.204669209806017,-5.204669209806017
122,138.55404689347174,-16.554046893471735,-16.554046893471735
121,134.84196816474469,-13.841968164744685,-13.841968164744685
161,147.71854807554735,13.281451924452654,13.281451924452654
94,142.69162518602758,-48.69162518602758,-48.69162518602758
0,17.61218471418668,-17.61218471418668,-17.61218471418668
48,92.59475520187279,-44.594755201872786,-44.594755201872786
193,164.90924614469438,28.09075385530562,28.09075385530562
96,126.00352780046377,-30.00352780046377,-30.00352780046377
27,40.44941561926401,-13.449415619264009,-13.449415619264009
29,27.791016129717402,1.208983870282598,1.208983870282598
2,14.593702366210515,-12.593702366210515,-12.593702366210515
60,34.64690271859339,25.353097281406612,25.353097281406612
103,69.42456423669178,33.57543576330822,33.57543576330822
129,152.4062028342745,-23.406202834274495,-23.406202834274495
153,127.98091349454008,25.019086505459924,25.019086505459924
96,103.59567322302995,-7.595673223029948,-7.595673223029948
110,113.96486298482482,-3.964862984824819,-3.964862984824819
112,75.49338414193255,36.50661585806745,36.50661585806745
167,136.61695637791533,30.38304362208467,30.38304362208467
157,137.63104821801085,19.368951781989153,19.368951781989153
11,28.798344779660184,-17.798344779660184,-17.798344779660184
134,101.84838283068318,32.15161716931682,32.15161716931682
0,4.6004462705876925,-4.6004462705876925,-4.6004462705876925
67,67.1471014426476,-0.14710144264759606,-0.14710144264759606
65,44.232571276835706,20.767428723164294,20.767428723164294
33,43.98963644401939,-10.98963644401939,-10.98963644401939
6,46.78407090531667,-40.78407090531667,-40.78407090531667
60,39.35259516089143,20.647404839108567,20.647404839108567
7,29.437020678031434,-22.437020678031434,-22.437020678031434
69,62.07857209046567,6.92142790953433,6.92142790953433
75,98.65846388047302,-23.658463880473022,-23.658463880473022
184,106.94548179214435,77.05451820785565,77.05451820785565
131,121.49783091894425,9.502169081055754,9.502169081055754
129,128.85936654479622,0.14063345520378334,0.14063345520378334
52,52.04910298821728,-0.04910298821727821,-0.04910298821727821
7,28.179230291919243,-21.179230291919243,-21.179230291919243
52,58.92758460828218,-6.9275846082821815,-6.9275846082821815
87,51.363147220121974,35.636852779878026,35.636852779878026
28,73.9061068953725,-45.9061068953725,-45.9061068953725
90,99.23862571816736,-9.238625718167356,-9.238625718167356
142,113.11870292587687,28.881297074123125,28.881297074123125
161,154.84414111361644,6.155858886383555,6.155858886383555
8,30.645451183331883,-22.645451183331883,-22.645451183331883
159,149.10039629623745,9.899603703762551,9.899603703762551
100,135.7528046904025,-35.75280469040251,-35.75280469040251
23,45.5771172348419,-22.5771172348419,-22.5771172348419
30,39.30388403146553,-9.303884031465529,-9.303884031465529
54,47.091374115099654,6.908625884900346,6.908625884900346
92,103.73508695340594,-11.73508695340594,-11.73508695340594
90,92.22542877432753,-2.2254287743275256,-2.2254287743275256
130,121.52447064637717,8.475529353622832,8.475529353622832
172,168.41351615169776,3.5864838483022368,3.5864838483022368
76,56.92346641379173,19.07653358620827,19.07653358620827
174,168.94861333056795,5.051386669432048,5.051386669432048
57,68.87377459172271,-11.873774591722707,-11.873774591722707
65,55.15734281599573,9.842657184004267,9.842657184004267
66,107.28618812828306,-41.28618812828306,-41.28618812828306
21,33.89529628066988,-12.895296280669882,-12.895296280669882
15,22.671740779371373,-7.6717407793713726,-7.6717407793713726
32,66.16303815246283,-34.16303815246283,-34.16303815246283
108,103.67121295239802,4.328787047601978,4.328787047601978
43,39.01753359082591,3.982466409174087,3.982466409174087
46,61.217057924604575,-15.217057924604575,-15.217057924604575
94,82.93153423581744,11.068465764182562,11.068465764182562
103,85.37349646595037,17.626503534049633,17.626503534049633
6,18.56441481425521,-12.564414814255208,-12.564414814255208
60,62.08624217204272,-2.0862421720427164,-2.0862421720427164
53,76.51916148512397,-23.519161485123973,-23.519161485123973
119,104.01225087104007,14.987749128959933,14.987749128959933
138,155.54705327212582,-17.547053272125822,-17.547053272125822
48,59.6867898375671,-11.686789837567098,-11.686789837567098
44,58.6706506893083,-14.670650689308303,-14.670650689308303
63,101.83267213744027,-38.83267213744027,-38.83267213744027
171,112.74911194691362,58.250888053086385,58.250888053086385
63,98.7395174932062,-35.73951749320619,-35.73951749320619
87,63.95481866770032,23.045181332299677,23.045181332299677
79,72.40373772181239,6.596262278187609,6.596262278187609
55,55.319869472533554,-0.31986947253355424,-0.31986947253355424
200,143.9830497973818,56.016950202618204,56.016950202618204
128,108.00375400152605,19.996245998473952,19.996245998473952
22,40.37309283456195,-18.37309283456195,-18.37309283456195
96,125.06714845903404,-29.067148459034044,-29.067148459034044
30,62.306534926428405,-32.306534926428405,-32.306534926428405
21,46.77203929197457,-25.772039291974572,-25.772039291974572
44,40.81923221479953,3.180767785200473,3.180767785200473
18,33.580288117028445,-15.580288117028445,-15.580288117028445
181,175.92893096884805,5.07106903115195,5.07106903115195
117,119.96300992334214,-2.963009923342142,-2.963009923342142
146,141.1005746158208,4.89942538417921,4.89942538417921
43,39.201481856527884,3.7985181434721156,3.7985181434721156
63,94.50374616207517,-31.503746162075174,-31.503746162075174
16,33.29679489503933,-17.296794895039334,-17.296794895039334
68,59.15921844117147,8.840781558828532,8.840781558828532
66,55.003999860457,10.996000139543,10.996000139543
22,44.73387329825452,-22.733873298254522,-22.733873298254522
153,112.19279630719211,40.80720369280789,40.80720369280789
59,55.767908792252655,3.232091207747345,3.232091207747345
85,106.4324230930427,-21.4324230930427,-21.4324230930427
14,23.60783820135485,-9.607838201354848,-9.607838201354848
43,74.96044834465928,-31.960448344659284,-31.960448344659284
103,82.12394687066342,20.876053129336583,20.876053129336583
84,93.83297552726944,-9.83297552726944,-9.83297552726944
42,48.40116851592917,-6.401168515929172,-6.401168515929172
0,17.9924066124867,-17.9924066124867,-17.9924066124867
62,59.99373297933804,2.0062670206619586,2.0062670206619586
27,45.32065252039542,-18.32065252039542,-18.32065252039542
47,45.60822523282913,1.3917747671708725,1.3917747671708725
94,101.52831490910253,-7.528314909102534,-7.528314909102534
45,62.293277180581846,-17.293277180581846,-17.293277180581846
149,102.88669577192486,46.11330422807514,46.11330422807514
28,70.88215199322438,-42.88215199322438,-42.88215199322438
109,109.28148561355913,-0.28148561355912705,-0.28148561355912705
31,35.03977511852958,-4.039775118529583,-4.039775118529583
108,76.45521381269788,31.544786187302122,31.544786187302122
197,166.9395970713474,30.060402928652593,30.060402928652593
161,155.3923065629047,5.607693437095293,5.607693437095293
83,102.74836438193394,-19.74836438193394,-19.74836438193394
17,35.874827005142976,-18.874827005142976,-18.874827005142976
130,106.82410896243528,23.175891037564725,23.175891037564725
43,47.17238183230977,-4.1723818323097674,-4.1723818323097674
97,55.993356928727756,41.006643071272244,41.006643071272244
76,64.2402066311394,11.7597933688606,11.7597933688606
1,26.037018371798766,-25.037018371798766,-25.037018371798766
42,40.157011575135975,1.842988424864025,1.842988424864025
188,127.42369949760744,60.576300502392556,60.576300502392556
145,139.6031610831624,5.396838916837595,5.396838916837595
94,106.40546105718886,-12.405461057188859,-12.405461057188859
24,64.59048124547246,-40.59048124547246,-40.59048124547246
114,64.63942801172581,49.36057198827419,49.36057198827419
60,57.61890965275731,2.38109034724269,2.38109034724269
61,101.49321400354357,-40.49321400354357,-40.49321400354357
3,28.308175903728998,-25.308175903728998,-25.308175903728998
68,55.78462064106343,12.215379358936573,12.215379358936573
53,50.503599922131116,2.496400077868884,2.496400077868884
57,147.55093135209833,-90.55093135209833,-90.55093135209833
85,56.64048453092697,28.35951546907303,28.35951546907303
108,109.09608363394759,-1.0960836339475861,-1.0960836339475861
43,70.56082687193076,-27.560826871930757,-27.560826871930757
135,153.09791185009155,-18.09791185009155,-18.09791185009155
16,30.52982659406812,-14.529826594068119,-14.529826594068119
42,84.11412730539969,-42.11412730539969,-42.11412730539969
90,79.10502454035432,10.894975459645678,10.894975459645678
51,27.600118144893358,23.399881855106642,23.399881855106642
75,65.23865838178898,9.76134161821102,9.76134161821102
155,138.56582857449519,16.434171425504815,16.434171425504815
166,130.6580316400764,35.34196835992361,35.34196835992361
47,49.458849855395975,-2.4588498553959752,-2.4588498553959752
48,81.4466887980997,-33.4466887980997,-33.4466887980997
126,101.52592859286007,24.47407140713993,24.47407140713993
111,106.20130096154891,4.79869903845109,4.79869903845109
69,82.33376742682205,-13.33376742682205,-13.33376742682205
39,26.63527032182037,12.364729678179629,12.364729678179629
0,22.941576199475715,-22.941576199475715,-22.941576199475715
92,112.23712961199584,-20.23712961199584,-20.23712961199584
71,111.62853521398637,-40.62853521398637,-40.62853521398637
2,33.861110676054,-31.861110676053997,-31.861110676053997
32,52.274878263748725,-20.274878263748725,-20.274878263748725
83,54.248856109739826,28.751143890260174,28.751143890260174
69,71.98989387299372,-2.9898938729937186,-2.9898938729937186
65,83.43190864174991,-18.431908641749914,-18.431908641749914
112,95.74071125522279,16.25928874477721,16.25928874477721
28,53.408686660449305,-25.408686660449305,-25.408686660449305
105,103.35443545041397,1.6455645495860267,1.6455645495860267
14,25.218535480743355,-11.218535480743355,-11.218535480743355
37,45.659559786245886,-8.659559786245886,-8.659559786245886
140,137.44195830206112,2.558041697938876,2.558041697938876
21,22.99636542008714,-1.996365420087141,-1.996365420087141
56,55.78071162849128,0.21928837150871772,0.21928837150871772
20,62.9503571113069,-42.9503571113069,-42.9503571113069
86,54.172510591604386,31.827489408395614,31.827489408395614
52,56.236509407614044,-4.236509407614044,-4.236509407614044
91,80.05091865884535,10.949081341154653,10.949081341154653
0,43.59998452132701,-43.59998452132701,-43.59998452132701
77,55.2959641509642,21.704035849035797,21.704035849035797
40,21.8082070212628,18.1917929787372,18.1917929787372
89,70.12726594271152,18.872734057288483,18.872734057288483
68,68.69969651671563,-0.6996965167156333,-0.6996965167156333
43,39.337150140335424,3.6628498596645755,3.6628498596645755
60,39.28961818115239,20.71038181884761,20.71038181884761
157,133.81019181502649,23.189808184973515,23.189808184973515
65,102.65075020619778,-37.650750206197785,-37.650750206197785
23,40.06449471538181,-17.064494715381812,-17.064494715381812
39,81.4165076420296,-42.4165076420296,-42.4165076420296
109,114.66563650833325,-5.66563650833325,-5.66563650833325
36,48.55185448316798,-12.551854483167979,-12.551854483167979
26,48.55299312601778,-22.552993126017782,-22.552993126017782
13,44.97805258946406,-31.978052589464063,-31.978052589464063
214,119.30251954751834,94.69748045248166,94.69748045248166
202,127.04375428753967,74.95624571246033,74.95624571246033
215,161.772807750753,53.227192249247,53.227192249247
78,67.92292421658074,10.07707578341926,10.07707578341926
56,70.93579060361859,-14.935790603618585,-14.935790603618585
15,53.51910918044957,-38.51910918044957,-38.51910918044957
53,55.780036654859956,-2.7800366548599555,-2.7800366548599555
174,116.36343599366147,57.63656400633853,57.63656400633853
85,76.33083259372533,8.669167406274667,8.669167406274667
120,130.05035064728997,-10.050350647289974,-10.050350647289974
43,49.13809150618345,-6.13809150618345,-6.13809150618345
88,72.517139063283,15.482860936717003,15.482860936717003
95,103.95846061966462,-8.95846061966462,-8.95846061966462
131,106.97121472312055,24.028785276879447,24.028785276879447
60,52.62304313453736,7.376956865462638,7.376956865462638
68,88.48096221311229,-20.480962213112292,-20.480962213112292
91,79.24572314211218,11.754276857887817,11.754276857887817
87,102.65973328757921,-15.659733287579215,-15.659733287579215
98,104.34237868041338,-6.3423786804133755,-6.3423786804133755
157,125.4293786602645,31.570621339735496,31.570621339735496
31,39.05144958877939,-8.051449588779391,-8.051449588779391
83,51.34510183016111,31.654898169838887,31.654898169838887
33,50.77851661087961,-17.778516610879613,-17.778516610879613
176,150.299430559217,25.700569440783,25.700569440783
136,154.30126149471855,-18.301261494718545,-18.301261494718545
132,126.22656060613026,5.773439393869737,5.773439393869737
0,10.737909930756553,-10.737909930756553,-10.737909930756553
12,39.242490115022214,-27.242490115022214,-27.242490115022214
197,160.93860251040587,36.06139748959413,36.06139748959413
11,28.68354109248477,-17.68354109248477,-17.68354109248477
24,23.873574479596705,0.1264255204032949,0.1264255204032949
42,31.094154700996278,10.905845299003722,10.905845299003722
36,55.70127140487429,-19.70127140487429,-19.70127140487429
16,24.456786542744076,-8.456786542744076,-8.456786542744076
2,27.158086591209194,-25.158086591209194,-25.158086591209194
47,95.63428993118006,-48.634289931180064,-48.634289931180064
27,37.528517667820445,-10.528517667820445,-10.528517667820445
54,75.02942872687801,-21.02942872687801,-21.02942872687801
25,15.054007677209576,9.945992322790424,9.945992322790424
37,36.492820587998594,0.5071794120014061,0.5071794120014061
73,74.0845475152165,-1.0845475152164994,-1.0845475152164994
148,130.47618093244054,17.523819067559458,17.523819067559458
18,18.8994320531336,-0.8994320531336015,-0.8994320531336015
54,39.60456052645925,14.395439473540748,14.395439473540748
26,38.096577012390114,-12.096577012390114,-12.096577012390114
184,164.73162181012682,19.268378189873175,19.268378189873175
67,96.2554124912995,-29.255412491299495,-29.255412491299495
24,42.170515191974204,-18.170515191974204,-18.170515191974204
6,59.7758355605813,-53.7758355605813,-53.7758355605813
70,49.05538905316661,20.944610946833393,20.944610946833393
56,76.48983503842305,-20.489835038423053,-20.489835038423053
35,27.65356673872694,7.346433261273059,7.346433261273059
75,74.34173069602204,0.6582693039779599,0.6582693039779599
32,39.14497911412713,-7.144979114127132,-7.144979114127132
174,148.58504493232857,25.41495506767143,25.41495506767143
61,79.67513949366948,-18.675139493669477,-18.675139493669477
173,149.50370239303425,23.496297606965754,23.496297606965754
17,17.547465545721334,-0.5474655457213338,-0.5474655457213338
146,109.32127455423893,36.678725445761074,36.678725445761074
67,50.98543316251513,16.01456683748487,16.01456683748487
73,80.09833259060662,-7.098332590606617,-7.098332590606617
41,46.87102716173517,-5.871027161735171,-5.871027161735171
169,104.0382068847834,64.9617931152166,64.9617931152166
44,48.039387509060596,-4.039387509060596,-4.039387509060596
76,123.78991152712577,-47.78991152712577,-47.78991152712577
61,101.09781326629061,-40.097813266290615,-40.097813266290615
36,41.99159691501964,-5.991596915019642,-5.991596915019642
52,49.145637616696185,2.8543623833038154,2.8543623833038154
73,70.6861160509571,2.3138839490429035,2.3138839490429035
32,37.89180956289518,-5.891809562895183,-5.891809562895183
2,23.977971889573418,-21.977971889573418,-21.977971889573418
52,47.16914133550976,4.830858664490243,4.830858664490243
29,44.52082603246148,-15.520826032461478,-15.520826032461478
72,115.60798108592307,-43.60798108592307,-43.60798108592307
91,77.69767169578485,13.302328304215152,13.302328304215152
20,53.171000216663494,-33.171000216663494,-33.171000216663494
48,69.01435179372724,-21.014351793727243,-21.014351793727243
74,60.029576966899185,13.970423033100815,13.970423033100815
72,55.01408114104209,16.98591885895791,16.98591885895791
48,60.18922816477529,-12.189228164775287,-12.189228164775287
98,99.66857837098073,-1.6685783709807254,-1.6685783709807254
100,123.53885555158755,-23.538855551587545,-23.538855551587545
14,21.000846800483266,-7.0008468004832665,-7.0008468004832665
74,95.63445252500247,-21.634452525002473,-21.634452525002473
49,51.1748971737842,-2.1748971737842027,-2.1748971737842027
70,93.37396533522453,-23.373965335224526,-23.373965335224526
191,184.4970890390671,6.502910960932894,6.502910960932894
51,26.858155653255203,24.141844346744797,24.141844346744797
43,89.78821099021616,-46.78821099021616,-46.78821099021616
149,111.06433331647732,37.93566668352268,37.93566668352268
154,143.74004412898265,10.259955871017354,10.259955871017354
60,55.797650103209634,4.202349896790366,4.202349896790366
52,65.33883077942293,-13.338830779422935,-13.338830779422935
40,31.222150791086566,8.777849208913434,8.777849208913434
18,30.587889019397718,-12.587889019397718,-12.587889019397718
103,127.76980662733129,-24.769806627331292,-24.769806627331292
19,33.15485844367175,-14.154858443671749,-14.154858443671749
39,38.44119561303524,0.5588043869647592,0.5588043869647592
31,46.21165810352912,-15.211658103529118,-15.211658103529118
56,56.34377591268839,-0.34377591268839325,-0.34377591268839325
58,60.934986305193576,-2.9349863051935756,-2.9349863051935756
127,127.94232487139173,-0.9423248713917332,-0.9423248713917332
77,82.73566945261928,-5.735669452619277,-5.735669452619277
87,49.034349525116305,37.965650474883695,37.965650474883695
181,153.20100527023965,27.798994729760352,27.798994729760352
13,59.74409224801026,-46.74409224801026,-46.74409224801026
26,62.712298264200385,-36.712298264200385,-36.712298264200385
0,30.855286510628936,-30.855286510628936,-30.855286510628936
124,116.67906529513576,7.320934704864243,7.320934704864243
115,128.95286477018175,-13.952864770181748,-13.952864770181748
52,57.47617973915429,-5.47617973915429,-5.47617973915429
37,31.773995508730696,5.226004491269304,5.226004491269304
27,48.26500846405146,-21.265008464051462,-21.265008464051462
71,49.29682671103939,21.703173288960613,21.703173288960613
53,81.75492439202041,-28.754924392020413,-28.754924392020413
36,35.33389896281276,0.6661010371872393,0.6661010371872393
60,80.15686980405195,-20.15686980405195,-20.15686980405195
34,31.859938438303946,2.1400615616960543,2.1400615616960543
25,42.5056704753077,-17.505670475307703,-17.505670475307703
52,72.30103598702601,-20.30103598702601,-20.30103598702601
11,21.06740834881584,-10.067408348815839,-10.067408348815839
58,41.03553296401006,16.96446703598994,16.96446703598994
30,80.03675549586985,-50.036755495869855,-50.036755495869855
21,68.0859594754957,-47.0859594754957,-47.0859594754957
112,121.6385244253582,-9.638524425358199,-9.638524425358199
3,27.853071306633165,-24.853071306633165,-24.853071306633165
110,100.53664075007958,9.463359249920416,9.463359249920416
9,71.63442603287395,-62.63442603287395,-62.63442603287395
22,27.31150056583048,-5.311500565830482,-5.311500565830482
204,147.88606574643052,56.11393425356948,56.11393425356948
43,82.19707241231278,-39.19707241231278,-39.19707241231278
186,153.5704421774593,32.42955782254069,32.42955782254069
75,95.29474792342208,-20.29474792342208,-20.29474792342208
80,92.85897075176241,-12.858970751762413,-12.858970751762413
174,155.44362380908711,18.556376190912886,18.556376190912886
14,31.487818244754,-17.487818244754,-17.487818244754
93,102.7459298761447,-9.7459298761447,-9.7459298761447
28,40.66207911855086,-12.662079118550857,-12.662079118550857
123,138.01376713407515,-15.013767134075152,-15.013767134075152
30,73.75242765701148,-43.75242765701148,-43.75242765701148
28,29.525885892736664,-1.5258858927366639,-1.5258858927366639
208,179.12752657068447,28.872473429315534,28.872473429315534
99,115.83549102310748,-16.83549102310748,-16.83549102310748
95,108.49029374676282,-13.490293746762816,-13.490293746762816
76,125.25805885861183,-49.25805885861183,-49.25805885861183
61,35.71167546738467,25.288324532615327,25.288324532615327
150,118.2676406468023,31.732359353197694,31.732359353197694
27,46.13978021869472,-19.139780218694717,-19.139780218694717
88,68.51647908857196,19.483520911428045,19.483520911428045
145,114.61026715055313,30.389732849446872,30.389732849446872
70,65.07073642328922,4.929263576710781,4.929263576710781
55,43.18610286640559,11.81389713359441,11.81389713359441
155,104.30582334292082,50.69417665707918,50.69417665707918
134,162.9207058595993,-28.92070585959931,-28.92070585959931
2,84.53666108712711,-82.53666108712711,-82.53666108712711
46,55.02806559798544,-9.028065597985439,-9.028065597985439
59,76.70432832109174,-17.704328321091737,-17.704328321091737
104,108.21220369924957,-4.212203699249571,-4.212203699249571
41,48.8943799713054,-7.894379971305398,-7.894379971305398
180,160.16912777164256,19.830872228357435,19.830872228357435
140,105.55599972163641,34.44400027836359,34.44400027836359
87,72.57811248595407,14.421887514045935,14.421887514045935
0,32.386292253682406,-32.386292253682406,-32.386292253682406
81,87.06490224478983,-6.064902244789835,-6.064902244789835
116,110.63794121454005,5.362058785459951,5.362058785459951
1,15.629295908648343,-14.629295908648343,-14.629295908648343
9,13.064793703233612,-4.064793703233612,-4.064793703233612
73,63.867466587508524,9.132533412491476,9.132533412491476
16,15.573970776414734,0.4260292235852656,0.4260292235852656
30,31.137079223304,-1.1370792233039992,-1.1370792233039992
147,139.12704832545234,7.872951674547664,7.872951674547664
67,75.09853114337015,-8.098531143370153,-8.098531143370153
99,121.2069382361906,-22.206938236190595,-22.206938236190595
87,77.77103238222544,9.228967617774558,9.228967617774558
125,147.80902500011703,-22.809025000117032,-22.809025000117032
18,33.29876785220394,-15.298767852203937,-15.298767852203937
145,115.56950387055335,29.430496129446652,29.430496129446652
66,54.135432700565104,11.864567299434896,11.864567299434896
68,47.924330794159346,20.075669205840654,20.075669205840654
13,46.54639796475151,-33.54639796475151,-33.54639796475151
110,124.97176497000778,-14.971764970007783,-14.971764970007783
69,43.81680904139411,25.18319095860589,25.18319095860589
33,16.289470742184808,16.710529257815192,16.710529257815192
87,118.37108575223186,-31.371085752231863,-31.371085752231863
3,21.069510403204273,-18.069510403204273,-18.069510403204273
190,142.44018384321464,47.55981615678536,47.55981615678536
48,47.253182829742535,0.7468171702574651,0.7468171702574651
38,49.16000034810215,-11.160000348102152,-11.160000348102152
93,117.59645200741285,-24.59645200741285,-24.59645200741285
198,120.08060600064589,77.91939399935411,77.91939399935411
79,84.3712503791558,-5.371250379155796,-5.371250379155796
51,49.053134311000356,1.9468656889996439,1.9468656889996439
79,98.32890202310563,-19.328902023105627,-19.328902023105627
56,48.99005524265939,7.009944757340612,7.009944757340612
76,87.04010883543165,-11.040108835431653,-11.040108835431653
44,45.08933509564861,-1.0893350956486074,-1.0893350956486074
76,151.3211398171731,-75.3211398171731,-75.3211398171731
8,38.39456767877023,-30.39456767877023,-30.39456767877023
189,167.27960669302252,21.720393306977485,21.720393306977485
65,59.82536256942866,5.174637430571337,5.174637430571337
29,98.30972952330967,-69.30972952330967,-69.30972952330967
182,128.92486578195184,53.07513421804816,53.07513421804816
126,159.5836801981608,-33.583680198160806,-33.583680198160806
172,118.98269092844022,53.01730907155978,53.01730907155978
31,50.97022416491129,-19.970224164911293,-19.970224164911293
39,58.12035949140828,-19.12035949140828,-19.12035949140828
44,74.6708601147509,-30.670860114750894,-30.670860114750894
80,76.71774658532064,3.28225341467936,3.28225341467936
15,42.23179684434554,-27.23179684434554,-27.23179684434554
10,32.139573606929694,-22.139573606929694,-22.139573606929694
113,121.48527334978202,-8.48527334978202,-8.48527334978202
82,40.79067332555992,41.20932667444008,41.20932667444008
64,75.63000586973017,-11.63000586973017,-11.63000586973017
103,88.91401160473339,14.085988395266611,14.085988395266611
24,63.743048179820796,-39.743048179820796,-39.743048179820796
48,77.08656406886038,-29.086564068860383,-29.086564068860383
39,33.736232395374984,5.263767604625016,5.263767604625016
138,115.55243146167902,22.44756853832098,22.44756853832098
88,78.29359451541325,9.706405484586753,9.706405484586753
35,29.267389040485572,5.732610959514428,5.732610959514428
122,113.91129608790433,8.088703912095667,8.088703912095667
18,42.570117360009505,-24.570117360009505,-24.570117360009505
29,40.853166585434934,-11.853166585434934,-11.853166585434934
83,48.446618764427605,34.553381235572395,34.553381235572395
35,60.01698743724059,-25.016987437240587,-25.016987437240587
46,51.40011228025992,-5.400112280259918,-5.400112280259918
211,131.85776513234592,79.14223486765408,79.14223486765408
75,103.19758166178296,-28.197581661782962,-28.197581661782962
65,87.29096743482215,-22.29096743482215,-22.29096743482215
48,52.16966999217233,-4.169669992172331,-4.169669992172331
158,140.756128186035,17.243871813965,17.243871813965
55,93.33509124356677,-38.335091243566765,-38.335091243566765
196,157.53403344600875,38.46596655399125,38.46596655399125
3,11.617205861655679,-8.617205861655679,-8.617205861655679
69,72.29908012609495,-3.2990801260949496,-3.2990801260949496
37,21.0063719965976,15.9936280034024,15.9936280034024
79,112.11371223916069,-33.11371223916069,-33.11371223916069
19,64.07210316484357,-45.07210316484357,-45.07210316484357
82,78.99566971924891,3.004330280751091,3.004330280751091
89,63.114797503804766,25.885202496195234,25.885202496195234
162,165.12918735816166,-3.1291873581616585,-3.1291873581616585
95,84.86011888892124,10.139881111078765,10.139881111078765
51,66.26734211564762,-15.267342115647622,-15.267342115647622
77,69.3398349580275,7.660165041972505,7.660165041972505
103,118.92844410228194,-15.928444102281944,-15.928444102281944
31,79.41255724421701,-48.41255724421701,-48.41255724421701
47,108.62334137669014,-61.623341376690135,-61.623341376690135
40,50.48616057519382,-10.486160575193821,-10.486160575193821
78,83.7560040515942,-5.7560040515942035,-5.7560040515942035
31,57.50129352616779,-26.501293526167792,-26.501293526167792
25,82.79426277153965,-57.79426277153965,-57.79426277153965
84,72.62029247242603,11.37970752757397,11.37970752757397
57,63.36055541956559,-6.360555419565593,-6.360555419565593
82,62.79823448779076,19.201765512209242,19.201765512209242
45,47.053309425133925,-2.053309425133925,-2.053309425133925
99,116.82190463476358,-17.821904634763584,-17.821904634763584
156,124.98099849481355,31.019001505186452,31.019001505186452
35,11.189313021316254,23.810686978683748,23.810686978683748
0,18.525705253357494,-18.525705253357494,-18.525705253357494
74,65.58527785550669,8.414722144493311,8.414722144493311
58,59.83584320358586,-1.8358432035858598,-1.8358432035858598
61,87.45522134228527,-26.45522134228527,-26.45522134228527
163,151.04801466299145,11.951985337008551,11.951985337008551
64,84.96691715850417,-20.966917158504174,-20.966917158504174
184,151.77049037742674,32.22950962257326,32.22950962257326
131,147.51719917034282,-16.51719917034282,-16.51719917034282
51,50.857938473206566,0.14206152679343376,0.14206152679343376
20,46.17633740922634,-26.176337409226342,-26.176337409226342
35,48.680731906509976,-13.680731906509976,-13.680731906509976
103,90.95975816160554,12.040241838394465,12.040241838394465
164,150.29845939114927,13.701540608850735,13.701540608850735
84,113.13117592748625,-29.131175927486254,-29.131175927486254
35,44.33978158394546,-9.33978158394546,-9.33978158394546
62,33.34793884057663,28.65206115942337,28.65206115942337
133,100.91652551942866,32.08347448057134,32.08347448057134
31,69.79647424345096,-38.79647424345096,-38.79647424345096
22,46.70560877860499,-24.70560877860499,-24.70560877860499
166,132.07492424305536,33.925075756944636,33.925075756944636
147,148.22974918599732,-1.2297491859973206,-1.2297491859973206
79,96.14661443539303,-17.146614435393033,-17.146614435393033
6,32.203103385455954,-26.203103385455954,-26.203103385455954
37,17.83914233703541,19.16085766296459,19.16085766296459
49,38.198069460316944,10.801930539683056,10.801930539683056
163,127.05609742303973,35.94390257696027,35.94390257696027
79,88.8668467499547,-9.866846749954703,-9.866846749954703
147,149.3894922959643,-2.3894922959642884,-2.3894922959642884
53,46.52447451205757,6.475525487942427,6.475525487942427
177,126.8793504047111,50.120649595288896,50.120649595288896
160,107.16400156598678,52.83599843401322,52.83599843401322
95,104.00186702461134,-9.001867024611343,-9.001867024611343
200,143.90595922941276,56.09404077058724,56.09404077058724
46,86.08836619692214,-40.08836619692214,-40.08836619692214
2,54.6393456157178,-52.6393456157178,-52.6393456157178
112,92.40444717154021,19.595552828459788,19.595552828459788
6,61.76505968163276,-55.76505968163276,-55.76505968163276
65,59.20476556604658,5.795234433953418,5.795234433953418
60,96.88222296542905,-36.88222296542905,-36.88222296542905
20,45.01581352944163,-25.01581352944163,-25.01581352944163
78,42.91997132933568,35.08002867066432,35.08002867066432
31,27.011299134478257,3.988700865521743,3.988700865521743
0,10.62547158237862,-10.62547158237862,-10.62547158237862
15,37.86387823448108,-22.863878234481078,-22.863878234481078
13,20.180191270149965,-7.180191270149965,-7.180191270149965
21,43.53395894939303,-22.533958949393032,-22.533958949393032
37,33.46171180113366,3.53828819886634,3.53828819886634
70,124.12407443132999,-54.12407443132999,-54.12407443132999
184,149.21972793168555,34.780272068314446,34.780272068314446
99,120.20300204377469,-21.20300204377469,-21.20300204377469
78,93.11986873513113,-15.119868735131135,-15.119868735131135
101,85.03285047047852,15.967149529521478,15.967149529521478
48,69.38159963753547,-21.381599637535473,-21.381599637535473
23,31.664671935937275,-8.664671935937275,-8.664671935937275
91,63.69571344095859,27.304286559041408,27.304286559041408
91,117.12520126240594,-26.125201262405938,-26.125201262405938
2,14.928455946098332,-12.928455946098332,-12.928455946098332
82,69.89696772559586,12.103032274404143,12.103032274404143
69,62.14559731617362,6.854402683826379,6.854402683826379
5,40.96402034988068,-35.96402034988068,-35.96402034988068
98,89.34064936299009,8.659350637009908,8.659350637009908
46,71.77998298201574,-25.77998298201574,-25.77998298201574
113,121.75185213743283,-8.751852137432834,-8.751852137432834
37,100.30362168382295,-63.30362168382295,-63.30362168382295
168,138.1417379090006,29.858262090999403,29.858262090999403
48,77.29809415453937,-29.29809415453937,-29.29809415453937
66,60.98845017945615,5.0115498205438485,5.0115498205438485
71,64.23831888936388,6.761681110636118,6.761681110636118
95,113.99205744184684,-18.99205744184684,-18.99205744184684
119,88.72604649905888,30.27395350094112,30.27395350094112
10,36.84513061688655,-26.84513061688655,-26.84513061688655
40,61.80797827419379,-21.807978274193793,-21.807978274193793
185,151.98653689808677,33.01346310191323,33.01346310191323
26,46.98464885250819,-20.984648852508187,-20.984648852508187
29,33.14054455801434,-4.140544558014341,-4.140544558014341
111,115.07188702515438,-4.071887025154382,-4.071887025154382
10,29.052147945768265,-19.052147945768265,-19.052147945768265
124,100.6935442426008,23.306455757399206,23.306455757399206
27,33.23895792612546,-6.238957926125458,-6.238957926125458
66,70.27815797895629,-4.278157978956287,-4.278157978956287
18,39.94504024310412,-21.945040243104117,-21.945040243104117
45,61.037631631753335,-16.037631631753335,-16.037631631753335
107,95.30820884692508,11.691791153074917,11.691791153074917
67,98.13853688871916,-31.13853688871916,-31.13853688871916
55,53.99112568320516,1.008874316794838,1.008874316794838
73,73.53990321746703,-0.5399032174670282,-0.5399032174670282
47,70.37582526753727,-23.375825267537266,-23.375825267537266
55,53.47711717142632,1.5228828285736782,1.5228828285736782
96,65.07782863897059,30.922171361029413,30.922171361029413
193,120.5971063942477,72.4028936057523,72.4028936057523
47,53.25074577972827,-6.25074577972827,-6.25074577972827
65,59.728030855088676,5.271969144911324,5.271969144911324
46,43.09477618927291,2.9052238107270867,2.9052238107270867
120,94.38928534933407,25.610714650665926,25.610714650665926
67,66.24233806714878,0.7576619328512209,0.7576619328512209
139,90.58140694594762,48.41859305405238,48.41859305405238
41,31.576527791875804,9.423472208124196,9.423472208124196
72,50.13812078266833,21.86187921733167,21.86187921733167
142,111.60086237601926,30.399137623980735,30.399137623980735
72,58.25005891458514,13.74994108541486,13.74994108541486
56,55.727154609067334,0.272845390932666,0.272845390932666
99,126.45176396541663,-27.45176396541663,-27.45176396541663
204,149.68998658159677,54.31001341840323,54.31001341840323
99,65.65127553040077,33.34872446959923,33.34872446959923
74,119.15960519689928,-45.15960519689928,-45.15960519689928
114,89.46181450167873,24.53818549832127,24.53818549832127
69,96.61221863825287,-27.61221863825287,-27.61221863825287
115,124.30421557629867,-9.304215576298674,-9.304215576298674
182,107.82383456155439,74.17616543844561,74.17616543844561
24,39.09417739095501,-15.09417739095501,-15.09417739095501
123,121.39125970651794,1.6087402934820574,1.6087402934820574
29,113.69750689255577,-84.69750689255577,-84.69750689255577
154,113.99117282128664,40.00882717871336,40.00882717871336
22,6.81769656817212,15.18230343182788,15.18230343182788
26,47.487974313751856,-21.487974313751856,-21.487974313751856
47,41.80667351702891,5.193326482971088,5.193326482971088
38,76.78308070170326,-38.783080701703255,-38.783080701703255
94,119.05495236347735,-25.054952363477355,-25.054952363477355
155,151.20366646513077,3.796333534869234,3.796333534869234
27,20.903366577146098,6.096633422853902,6.096633422853902
59,81.85921733586252,-22.859217335862525,-22.859217335862525
33,23.331195086911563,9.668804913088437,9.668804913088437
74,42.4888189096915,31.511181090308497,31.511181090308497
194,173.06385332595715,20.936146674042845,20.936146674042845
20,37.688578877519674,-17.688578877519674,-17.688578877519674
55,45.81100607880245,9.18899392119755,9.18899392119755
139,128.38275712548995,10.617242874510055,10.617242874510055
26,48.16899241197775,-22.168992411977747,-22.168992411977747
46,20.335899590154433,25.664100409845567,25.664100409845567
100,124.46720431606295,-24.467204316062947,-24.467204316062947
6,26.949519845052286,-20.949519845052286,-20.949519845052286
123,90.41195029398347,32.588049706016534,32.588049706016534
41,61.4845344488466,-20.484534448846603,-20.484534448846603
81,71.20331357482318,9.796686425176816,9.796686425176816
0,34.11813846528867,-34.11813846528867,-34.11813846528867
9,21.815760235555437,-12.815760235555437,-12.815760235555437
76,80.02345195003409,-4.023451950034087,-4.023451950034087
47,71.6763747853442,-24.676374785344194,-24.676374785344194
67,65.84918980586453,1.1508101941354738,1.1508101941354738
150,139.500873369391,10.499126630608998,10.499126630608998
6,27.41318425937948,-21.41318425937948,-21.41318425937948
49,44.08942678234373,4.910573217656271,4.910573217656271
144,108.71642947760928,35.28357052239072,35.28357052239072
100,120.81793946610317,-20.81793946610317,-20.81793946610317
67,47.3059342074935,19.6940657925065,19.6940657925065
75,77.26894622158981,-2.2689462215898146,-2.2689462215898146
55,41.653783554076405,13.346216445923595,13.346216445923595
55,53.54238505326105,1.4576149467389499,1.4576149467389499
12,56.73843985123586,-44.73843985123586,-44.73843985123586
100,77.77201066502357,22.227989334976428,22.227989334976428
99,125.11951730494243,-26.119517304942434,-26.119517304942434
4,70.28511118437248,-66.28511118437248,-66.28511118437248
42,47.006492558567615,-5.006492558567615,-5.006492558567615
92,112.86830573150745,-20.868305731507448,-20.868305731507448
74,65.02138720709267,8.978612792907327,8.978612792907327
21,28.20441572739283,-7.204415727392831,-7.204415727392831
43,23.224340525793167,19.775659474206833,19.775659474206833
72,50.39447128279786,21.60552871720214,21.60552871720214
54,79.87961189855531,-25.87961189855531,-25.87961189855531
20,21.00884941338756,-1.0088494133875585,-1.0088494133875585
41,48.946810451335494,-7.9468104513354945,-7.9468104513354945
121,86.6647274949918,34.335272505008206,34.335272505008206
50,75.19464374202492,-25.194643742024923,-25.194643742024923
150,168.3321324254484,-18.332132425448407,-18.332132425448407
133,135.50003885873025,-2.5000388587302496,-2.5000388587302496
125,106.6240706748521,18.375929325147894,18.375929325147894
113,98.40958066566353,14.590419334336474,14.590419334336474
59,50.812396220285756,8.187603779714244,8.187603779714244
45,53.42448064547272,-8.42448064547272,-8.42448064547272
69,74.53953625393758,-5.539536253937584,-5.539536253937584
51,42.679527343233815,8.320472656766185,8.320472656766185
85,66.43541795881447,18.56458204118553,18.56458204118553
99,80.28729936068503,18.712700639314974,18.712700639314974
156,113.51144124645919,42.488558753540815,42.488558753540815
168,151.38319512440862,16.616804875591384,16.616804875591384
31,82.89920580477558,-51.899205804775576,-51.899205804775576
53,49.40300792313828,3.596992076861717,3.596992076861717
68,68.1679656063843,-0.1679656063842998,-0.1679656063842998
18,46.28945070964254,-28.289450709642537,-28.289450709642537
91,86.29100346340314,4.708996536596857,4.708996536596857
23,25.22398570660974,-2.2239857066097386,-2.2239857066097386
37,83.26987294422798,-46.269872944227984,-46.269872944227984
86,70.5055530055537,15.494446994446307,15.494446994446307
166,123.13499762383928,42.86500237616072,42.86500237616072
178,132.32507176737124,45.67492823262876,45.67492823262876
62,59.37519063967216,2.6248093603278377,2.6248093603278377
196,148.15005047409588,47.84994952590412,47.84994952590412
49,47.641666412703316,1.3583335872966842,1.3583335872966842
88,125.61493827995761,-37.61493827995761,-37.61493827995761
20,35.28721526514728,-15.287215265147282,-15.287215265147282
114,117.06443395395027,-3.064433953950271,-3.064433953950271
204,179.99027227755374,24.009727722446257,24.009727722446257
158,123.94288201884014,34.05711798115986,34.05711798115986
70,130.06616208229647,-60.06616208229647,-60.06616208229647
16,16.190361743035773,-0.1903617430357727,-0.1903617430357727
138,153.4240695909308,-15.424069590930799,-15.424069590930799
166,121.88398940137225,44.11601059862775,44.11601059862775
28,42.1961116825148,-14.196111682514797,-14.196111682514797
94,68.9223997103472,25.077600289652807,25.077600289652807
39,58.824148662304545,-19.824148662304545,-19.824148662304545
10,22.117205883998494,-12.117205883998494,-12.117205883998494
57,45.924576830121254,11.075423169878746,11.075423169878746
40,44.367339774531,-4.367339774530997,-4.367339774530997
40,81.70775665323573,-41.707756653235734,-41.707756653235734
66,82.02375569958664,-16.023755699586644,-16.023755699586644
13,30.22899382470087,-17.22899382470087,-17.22899382470087
129,118.4426688121976,10.557331187802404,10.557331187802404
124,110.03758624324165,13.962413756758352,13.962413756758352
86,80.09141529552457,5.90858470447543,5.90858470447543
45,50.69988978306696,-5.699889783066958,-5.699889783066958
164,86.78467958225305,77.21532041774695,77.21532041774695
161,97.34413801909118,63.655861980908824,63.655861980908824
157,120.42569362771584,36.574306372284155,36.574306372284155
88,90.71737706900463,-2.717377069004627,-2.717377069004627
4,41.02084063536016,-37.02084063536016,-37.02084063536016
61,67.30342183067114,-6.303421830671141,-6.303421830671141
69,60.00072885154872,8.999271148451278,8.999271148451278
30,47.98698009624499,-17.98698009624499,-17.98698009624499
208,150.01518138493344,57.98481861506656,57.98481861506656
62,64.94865488238126,-2.9486548823812626,-2.9486548823812626
48,32.18373178036428,15.816268219635717,15.816268219635717
0,8.179274035361903,-8.179274035361903,-8.179274035361903
22,45.88390897734424,-23.88390897734424,-23.88390897734424
7,25.473204153240985,-18.473204153240985,-18.473204153240985
205,142.57699373309617,62.423006266903826,62.423006266903826
42,58.87856336580463,-16.87856336580463,-16.87856336580463
28,60.76135619223199,-32.76135619223199,-32.76135619223199
34,26.059667541260886,7.940332458739114,7.940332458739114
123,124.51378153219123,-1.5137815321912313,-1.5137815321912313
85,74.1612608506487,10.838739149351298,10.838739149351298
30,53.63543761981839,-23.63543761981839,-23.63543761981839
50,34.574956894784684,15.425043105215316,15.425043105215316
101,126.10357858586319,-25.10357858586319,-25.10357858586319
8,28.61391789941073,-20.61391789941073,-20.61391789941073
49,77.00137558102348,-28.00137558102348,-28.00137558102348
133,120.77284767016332,12.227152329836684,12.227152329836684
55,67.57495186245441,-12.574951862454412,-12.574951862454412
17,34.4817472444104,-17.4817472444104,-17.4817472444104
15,11.47911089288176,3.52088910711824,3.52088910711824
130,132.11311154196576,-2.1131115419657647,-2.1131115419657647
35,35.97661171532835,-0.9766117153283531,-0.9766117153283531
38,46.29513845093833,-8.295138450938332,-8.295138450938332
4,41.271633112184965,-37.271633112184965,-37.271633112184965
32,56.16147995859715,-24.16147995859715,-24.16147995859715
23,47.20329724045023,-24.203297240450233,-24.203297240450233
49,45.53215286565125,3.4678471343487516,3.4678471343487516
13,27.37486906754151,-14.37486906754151,-14.37486906754151
171,110.00730883093557,60.99269116906443,60.99269116906443
51,52.84552012440988,-1.8455201244098802,-1.8455201244098802
137,128.3132398828838,8.686760117116194,8.686760117116194
17,19.441982504973556,-2.4419825049735557,-2.4419825049735557
98,90.74351613651699,7.256483863483012,7.256483863483012
90,64.10122564184657,25.89877435815343,25.89877435815343
83,102.72580913030386,-19.72580913030386,-19.72580913030386
60,60.61328867947295,-0.6132886794729515,-0.6132886794729515
46,44.42820341080123,1.5717965891987689,1.5717965891987689
41,55.73215237945974,-14.732152379459741,-14.732152379459741
62,39.978434587450884,22.021565412549116,22.021565412549116
103,97.02972278387956,5.9702772161204365,5.9702772161204365
91,50.361933227850166,40.638066772149834,40.638066772149834
35,57.668837736187704,-22.668837736187704,-22.668837736187704
209,104.09943252840587,104.90056747159413,104.90056747159413
100,78.34636576119846,21.653634238801544,21.653634238801544
42,75.63107505120473,-33.63107505120473,-33.63107505120473
11,22.098067858340485,-11.098067858340485,-11.098067858340485
41,73.2281381802167,-32.2281381802167,-32.2281381802167
27,68.05079310656409,-41.050793106564086,-41.050793106564086
26,40.12258551204167,-14.122585512041667,-14.122585512041667
12,22.14733654930296,-10.14733654930296,-10.14733654930296
45,95.21030000448773,-50.210300004487735,-50.210300004487735
85,80.27710689413946,4.7228931058605355,4.7228931058605355
50,51.73680139465182,-1.7368013946518204,-1.7368013946518204
92,83.87398342234876,8.126016577651242,8.126016577651242
84,73.38909923425682,10.610900765743182,10.610900765743182
47,40.494771158745,6.505228841254997,6.505228841254997
83,63.83926338577809,19.16073661422191,19.16073661422191
45,113.88899020947522,-68.88899020947522,-68.88899020947522
39,37.80361096558092,1.1963890344190773,1.1963890344190773
188,170.6219116877751,17.37808831222489,17.37808831222489
58,63.2838630834112,-5.283863083411198,-5.283863083411198
29,45.517181542404266,-16.517181542404266,-16.517181542404266
116,103.61291551421525,12.387084485784754,12.387084485784754
88,99.24748144175152,-11.247481441751518,-11.247481441751518
193,139.80050207151638,53.19949792848362,53.19949792848362
47,54.224299832883396,-7.224299832883396,-7.224299832883396
52,39.56279010609927,12.437209893900729,12.437209893900729
109,79.40492813271403,29.595071867285967,29.595071867285967
182,134.22778848330304,47.772211516696956,47.772211516696956
191,125.0902979413712,65.9097020586288,65.9097020586288
145,138.37340725958322,6.626592740416783,6.626592740416783
134,135.46715795490653,-1.4671579549065257,-1.4671579549065257
116,109.70416358539042,6.295836414609582,6.295836414609582
41,41.586312629968845,-0.5863126299688446,-0.5863126299688446
19,65.00089396543798,-46.00089396543798,-46.00089396543798
61,55.681829245101056,5.318170754898944,5.318170754898944
50,55.869554303910746,-5.869554303910746,-5.869554303910746
11,37.8995804832606,-26.8995804832606,-26.8995804832606
45,25.84130947443414,19.15869052556586,19.15869052556586
22,30.289696825523592,-8.289696825523592,-8.289696825523592
211,135.60146570580324,75.39853429419676,75.39853429419676
57,63.28137553385857,-6.281375533858572,-6.281375533858572
0,43.015465389760195,-43.015465389760195,-43.015465389760195
183,168.82563835606038,14.17436164393962,14.17436164393962
62,80.56639858213926,-18.566398582139257,-18.566398582139257
93,146.4814852744853,-53.481485274485294,-53.481485274485294
131,107.32444943446743,23.675550565532575,23.675550565532575
76,84.32995971443631,-8.329959714436313,-8.329959714436313
119,139.97749185808343,-20.977491858083425,-20.977491858083425
107,135.74099450207822,-28.740994502078223,-28.740994502078223
48,59.388726719633844,-11.388726719633844,-11.388726719633844
190,126.09522639981188,63.90477360018812,63.90477360018812
43,48.985554145957906,-5.985554145957906,-5.985554145957906
27,13.016843660139862,13.983156339860138,13.983156339860138
44,52.65807216681072,-8.658072166810719,-8.658072166810719
69,49.241948908024064,19.758051091975936,19.758051091975936
75,80.06682786296447,-5.066827862964473,-5.066827862964473
22,34.084264248225445,-12.084264248225445,-12.084264248225445
67,45.84893735194304,21.151062648056957,21.151062648056957
0,17.961452758061593,-17.961452758061593,-17.961452758061593
75,67.37258613200727,7.627413867992729,7.627413867992729
58,57.43201825625102,0.5679817437489803,0.5679817437489803
73,68.78325194342334,4.216748056576662,4.216748056576662
0,26.70498703030003,-26.70498703030003,-26.70498703030003
31,78.09843823519815,-47.098438235198145,-47.098438235198145
80,75.91890438817886,4.081095611821141,4.081095611821141
56,61.72313842040774,-5.723138420407743,-5.723138420407743
138,155.29909507238852,-17.299095072388525,-17.299095072388525
82,97.38526529207434,-15.385265292074337,-15.385265292074337
74,40.74114977953525,33.25885022046475,33.25885022046475
176,87.3252043500704,88.6747956499296,88.6747956499296
200,142.73788306117905,57.26211693882095,57.26211693882095
35,36.08627950980314,-1.0862795098031413,-1.0862795098031413
73,51.168444344267826,21.831555655732174,21.831555655732174
75,94.17955356761411,-19.179553567614107,-19.179553567614107
49,55.132829614117504,-6.1328296141175045,-6.1328296141175045
56,92.67644261266703,-36.67644261266703,-36.67644261266703
90,106.40178654319281,-16.401786543192813,-16.401786543192813
89,76.39266536948085,12.607334630519148,12.607334630519148
33,47.97525615336902,-14.975256153369017,-14.975256153369017
34,47.30411494896046,-13.30411494896046,-13.30411494896046
84,97.23879175106252,-13.238791751062521,-13.238791751062521
55,46.62756937170335,8.372430628296648,8.372430628296648
61,59.766275280204034,1.2337247197959655,1.2337247197959655
112,171.3942388669951,-59.394238866995096,-59.394238866995096
82,67.07005585784339,14.929944142156614,14.929944142156614
37,55.94188055943881,-18.941880559438808,-18.941880559438808
0,18.09705585754274,-18.09705585754274,-18.09705585754274
73,52.52633665406962,20.473663345930383,20.473663345930383
51,47.18761608096221,3.812383919037792,3.812383919037792
69,52.8496260064251,16.150373993574902,16.150373993574902
4,42.67804900810309,-38.67804900810309,-38.67804900810309
131,123.84490196723459,7.155098032765409,7.155098032765409
76,104.84072348472473,-28.840723484724734,-28.840723484724734
40,73.3798176630214,-33.3798176630214,-33.3798176630214
52,32.58133825584228,19.418661744157717,19.418661744157717
59,96.26923831434267,-37.26923831434267,-37.26923831434267
68,51.602881528922914,16.397118471077086,16.397118471077086
56,82.42772323317298,-26.427723233172983,-26.427723233172983
139,134.39748435469096,4.60251564530904,4.60251564530904
75,93.28569733852969,-18.285697338529687,-18.285697338529687
127,126.1451691110193,0.8548308889807004,0.8548308889807004
2,28.410233677447668,-26.410233677447668,-26.410233677447668
131,115.66645594720428,15.333544052795716,15.333544052795716
72,77.38017183378282,-5.380171833782825,-5.380171833782825
144,136.49734051938066,7.502659480619343,7.502659480619343
49,52.1530232753635,-3.153023275363502,-3.153023275363502
39,68.85251944214058,-29.852519442140576,-29.852519442140576
196,130.94060163663983,65.05939836336017,65.05939836336017
112,86.86624226551872,25.13375773448128,25.13375773448128
6,20.098124820700814,-14.098124820700814,-14.098124820700814
108,135.0716463494173,-27.071646349417307,-27.071646349417307
35,63.56134388492597,-28.561343884925968,-28.561343884925968
65,83.35615258798647,-18.35615258798647,-18.35615258798647
48,38.86402264958193,9.135977350418067,9.135977350418067
86,85.86240580670946,0.13759419329053912,0.13759419329053912
179,153.564775571258,25.435224428742004,25.435224428742004
82,121.81159753258837,-39.811597532588365,-39.811597532588365
141,80.56742021480562,60.43257978519438,60.43257978519438
0,8.75253536704555,-8.75253536704555,-8.75253536704555
74,95.35539453526208,-21.35539453526208,-21.35539453526208
123,109.72147442178719,13.278525578212808,13.278525578212808
101,76.28687412759169,24.713125872408312,24.713125872408312
145,134.9981096797889,10.00189032021109,10.00189032021109
23,29.566990931347902,-6.5669909313479025,-6.5669909313479025
61,58.41829288403587,2.5817071159641287,2.5817071159641287
161,168.7778273443686,-7.777827344368603,-7.777827344368603
44,92.06991315214157,-48.06991315214157,-48.06991315214157
165,148.2665368336115,16.733463166388503,16.733463166388503
9,23.00378834121953,-14.00378834121953,-14.00378834121953
40,37.85489844838871,2.1451015516112903,2.1451015516112903
53,53.36213348920016,-0.3621334892001613,-0.3621334892001613
170,125.00108127992945,44.99891872007055,44.99891872007055
30,31.63501219428395,-1.6350121942839486,-1.6350121942839486
9,42.44240338062414,-33.44240338062414,-33.44240338062414
31,47.049890323534626,-16.049890323534626,-16.049890323534626
205,143.66909276454658,61.330907235453424,61.330907235453424
62,56.3777198755495,5.622280124450498,5.622280124450498
61,45.75090495202071,15.249095047979289,15.249095047979289
62,112.79062106083991,-50.79062106083991,-50.79062106083991
152,131.82060073750566,20.179399262494343,20.179399262494343
84,107.7445995123042,-23.744599512304205,-23.744599512304205
51,37.639308206601534,13.360691793398466,13.360691793398466
187,100.81399751093593,86.18600248906407,86.18600248906407
183,177.69429216670375,5.305707833296253,5.305707833296253
80,80.34427010680683,-0.3442701068068317,-0.3442701068068317
142,97.47766646925488,44.522333530745115,44.522333530745115
13,37.91587939922479,-24.915879399224792,-24.915879399224792
137,140.53382203957997,-3.5338220395799738,-3.5338220395799738
30,24.854316757398966,5.145683242601034,5.145683242601034
13,31.26409167665948,-18.26409167665948,-18.26409167665948
53,63.69259246598994,-10.69259246598994,-10.69259246598994
81,86.98100777618896,-5.98100777618896,-5.98100777618896
11,44.88153625851063,-33.88153625851063,-33.88153625851063
63,58.08933022619546,4.910669773804543,4.910669773804543
118,131.91606623582422,-13.916066235824218,-13.916066235824218
83,77.32687477062518,5.6731252293748184,5.6731252293748184
22,32.84962833411707,-10.849628334117071,-10.849628334117071
152,124.42385628159333,27.57614371840667,27.57614371840667
66,38.31696641651253,27.68303358348747,27.68303358348747
135,127.54646974151876,7.453530258481237,7.453530258481237
63,41.10382389037267,21.896176109627334,21.896176109627334
174,176.89920133264795,-2.899201332647948,-2.899201332647948
77,72.58122244623172,4.41877755376828,4.41877755376828
52,61.72517453194521,-9.725174531945207,-9.725174531945207
33,45.07718256865124,-12.077182568651239,-12.077182568651239
48,50.58278819020168,-2.5827881902016827,-2.5827881902016827
169,128.15644580876366,40.843554191236336,40.843554191236336
2,28.706393684211736,-26.706393684211736,-26.706393684211736
42,58.121080002375884,-16.121080002375884,-16.121080002375884
103,82.31646239169093,20.683537608309067,20.683537608309067
29,39.32289472612189,-10.322894726121888,-10.322894726121888
135,124.40266486157054,10.597335138429457,10.597335138429457
182,113.17672534293106,68.82327465706894,68.82327465706894
31,49.59495160476568,-18.594951604765683,-18.594951604765683
54,51.147863751223554,2.8521362487764463,2.8521362487764463
44,55.62724848657016,-11.62724848657016,-11.62724848657016
53,77.95772058045941,-24.95772058045941,-24.95772058045941
44,75.33883139868803,-31.33883139868803,-31.33883139868803
102,68.1544610165517,33.84553898344829,33.84553898344829
62,37.53083974584793,24.469160254152072,24.469160254152072
43,91.88699863661836,-48.88699863661836,-48.88699863661836
124,88.7448686958841,35.255131304115906,35.255131304115906
40,48.0069363277282,-8.006936327728198,-8.006936327728198
210,131.90351857143136,78.09648142856864,78.09648142856864
55,101.5282454464348,-46.528245446434795,-46.528245446434795
61,55.14932046765918,5.85067953234082,5.85067953234082
5,25.506880492311037,-20.506880492311037,-20.506880492311037
118,93.48801514909819,24.51198485090181,24.51198485090181
29,20.496872410229816,8.503127589770184,8.503127589770184
44,69.02147339210768,-25.02147339210768,-25.02147339210768
168,120.52592626273484,47.47407373726516,47.47407373726516
63,59.692873441646306,3.307126558353694,3.307126558353694
143,164.01521136275028,-21.01521136275028,-21.01521136275028
67,70.43064632388125,-3.4306463238812483,-3.4306463238812483
71,66.21201737929961,4.78798262070039,4.78798262070039
34,30.939077527809115,3.060922472190885,3.060922472190885
175,159.0260738379926,15.973926162007388,15.973926162007388
24,60.45641667579933,-36.45641667579933,-36.45641667579933
107,138.47450114778366,-31.474501147783656,-31.474501147783656
28,24.231678700531386,3.7683212994686137,3.7683212994686137
30,46.51711447420596,-16.51711447420596,-16.51711447420596
66,41.6236154878521,24.3763845121479,24.3763845121479
79,83.90850881081889,-4.908508810818887,-4.908508810818887
179,134.83569598739533,44.164304012604674,44.164304012604674
47,57.39854991439773,-10.398549914397726,-10.398549914397726
73,94.92959669792093,-21.92959669792093,-21.92959669792093
134,144.9834861035302,-10.983486103530197,-10.983486103530197
56,59.873639380467225,-3.8736393804672247,-3.8736393804672247
173,74.65806239067855,98.34193760932145,98.34193760932145
67,43.46890644653744,23.53109355346256,23.53109355346256
205,113.78793930055629,91.21206069944371,91.21206069944371
110,151.33125862613485,-41.331258626134854,-41.331258626134854
17,32.72070438389755,-15.720704383897548,-15.720704383897548
18,13.752728789679301,4.247271210320699,4.247271210320699
100,104.22264473825749,-4.222644738257486,-4.222644738257486
54,60.53694255049789,-6.536942550497891,-6.536942550497891
160,82.65668663003878,77.34331336996122,77.34331336996122
58,123.25246754859981,-65.25246754859981,-65.25246754859981
18,13.35450340229514,4.6454965977048595,4.6454965977048595
59,71.77989328132354,-12.779893281323538,-12.779893281323538
181,140.61502959883228,40.38497040116772,40.38497040116772
73,74.27311393041803,-1.2731139304180346,-1.2731139304180346
54,52.49862945645669,1.5013705435433096,1.5013705435433096
11,57.22891263247237,-46.22891263247237,-46.22891263247237
29,14.732130901812795,14.267869098187205,14.267869098187205
24,28.08309301057636,-4.083093010576359,-4.083093010576359
0,55.43774950778143,-55.43774950778143,-55.43774950778143
113,84.81504455492704,28.18495544507296,28.18495544507296
0,38.283905170141416,-38.283905170141416,-38.283905170141416
127,130.31740706517976,-3.317407065179765,-3.317407065179765
21,37.3438706941494,-16.343870694149402,-16.343870694149402
116,122.04163051979664,-6.041630519796641,-6.041630519796641
32,72.1922228071652,-40.192222807165194,-40.192222807165194
0,14.351346009633042,-14.351346009633042,-14.351346009633042
57,62.040304846232424,-5.040304846232424,-5.040304846232424
54,54.250908060930854,-0.25090806093085405,-0.25090806093085405
67,57.1462057787869,9.8537942212131,9.8537942212131
125,99.5782064981486,25.421793501851397,25.421793501851397
33,61.3912192492368,-28.391219249236798,-28.391219249236798
46,54.92772361963769,-8.927723619637689,-8.927723619637689
63,92.77878809189433,-29.778788091894327,-29.778788091894327
54,50.43135662512236,3.568643374877638,3.568643374877638
59,100.86875914954032,-41.868759149540324,-41.868759149540324
19,54.808270279478535,-35.808270279478535,-35.808270279478535
154,179.84587158074214,-25.84587158074214,-25.84587158074214
46,46.54018145904123,-0.5401814590412286,-0.5401814590412286
132,93.31550579609906,38.68449420390094,38.68449420390094
86,113.03367079643013,-27.03367079643013,-27.03367079643013
182,146.66622733274906,35.33377266725094,35.33377266725094
17,7.681037323079175,9.318962676920826,9.318962676920826
109,139.95875670666112,-30.95875670666112,-30.95875670666112
154,130.84238525666237,23.157614743337632,23.157614743337632
193,145.13671215252407,47.86328784747593,47.86328784747593
87,51.693520007939355,35.306479992060645,35.306479992060645
32,21.647738179730112,10.352261820269888,10.352261820269888
46,73.09289541438008,-27.09289541438008,-27.09289541438008
11,37.43985258465761,-26.439852584657608,-26.439852584657608
49,48.79310706265309,0.2068929373469075,0.2068929373469075
4,26.175572567062265,-22.175572567062265,-22.175572567062265
170,126.95883230971396,43.041167690286045,43.041167690286045
83,98.76552723508213,-15.765527235082132,-15.765527235082132
6,39.285513969634415,-33.285513969634415,-33.285513969634415
49,36.51450682351951,12.485493176480489,12.485493176480489
23,20.282032451198532,2.717967548801468,2.717967548801468
118,113.64683528655873,4.353164713441274,4.353164713441274
84,69.40509618380855,14.594903816191447,14.594903816191447
77,45.87850434109489,31.12149565890511,31.12149565890511
62,49.899678259676904,12.100321740323096,12.100321740323096
192,128.12633829995596,63.87366170004404,63.87366170004404
64,70.57262600158019,-6.57262600158019,-6.57262600158019
62,49.340491776920366,12.659508223079634,12.659508223079634
46,58.397318264133446,-12.397318264133446,-12.397318264133446
80,57.22793471974781,22.772065280252193,22.772065280252193
167,147.86271927802582,19.13728072197418,19.13728072197418
189,171.30750948406515,17.69249051593485,17.69249051593485
82,117.389945351163,-35.38994535116301,-35.38994535116301
0,30.176035663753698,-30.176035663753698,-30.176035663753698
22,43.49346304547009,-21.493463045470087,-21.493463045470087
80,77.12517854381072,2.874821456189281,2.874821456189281
140,160.9215619792416,-20.921561979241602,-20.921561979241602
17,24.417051234045008,-7.417051234045008,-7.417051234045008
24,23.318412616002604,0.681587383997396,0.681587383997396
187,159.92509579421775,27.074904205782246,27.074904205782246
197,140.10744735201112,56.89255264798888,56.89255264798888
59,45.81353565268773,13.186464347312267,13.186464347312267
24,22.311926375531858,1.6880736244681422,1.6880736244681422
18,29.54331899638391,-11.54331899638391,-11.54331899638391
212,103.56146266657997,108.43853733342003,108.43853733342003
69,49.27156543694032,19.72843456305968,19.72843456305968
139,121.75272494043318,17.247275059566817,17.247275059566817
102,154.94651996378812,-52.94651996378812,-52.94651996378812
74,58.795696151813516,15.204303848186484,15.204303848186484
82,99.37624973529228,-17.376249735292276,-17.376249735292276
30,46.69360821677528,-16.69360821677528,-16.69360821677528
55,63.425018795248626,-8.425018795248626,-8.425018795248626
0,5.172024388568536,-5.172024388568536,-5.172024388568536
187,134.46582446343996,52.53417553656004,52.53417553656004
21,24.605144042541163,-3.6051440425411627,-3.6051440425411627
129,118.03001128526199,10.969988714738008,10.969988714738008
38,65.3629746290766,-27.362974629076604,-27.362974629076604
79,82.49618703347349,-3.4961870334734897,-3.4961870334734897
43,45.98591750320957,-2.9859175032095706,-2.9859175032095706
69,98.19458753750068,-29.19458753750068,-29.19458753750068
5,31.789350044683488,-26.789350044683488,-26.789350044683488
0,24.06633744255298,-24.06633744255298,-24.06633744255298
66,87.55375843602492,-21.55375843602492,-21.55375843602492
6,52.70352661602438,-46.70352661602438,-46.70352661602438
8,17.667725145125758,-9.667725145125758,-9.667725145125758
49,66.53918584394212,-17.53918584394212,-17.53918584394212
30,48.5972756905483,-18.5972756905483,-18.5972756905483
87,105.99376252381461,-18.99376252381461,-18.99376252381461
211,176.45646541946206,34.54353458053794,34.54353458053794
30,62.644883865813455,-32.644883865813455,-32.644883865813455
138,147.46731808840772,-9.467318088407723,-9.467318088407723
0,23.648750520235485,-23.648750520235485,-23.648750520235485
123,109.64746399601347,13.352536003986529,13.352536003986529
36,49.029639658778564,-13.029639658778564,-13.029639658778564
42,37.76464187571742,4.235358124282577,4.235358124282577
21,24.12927889382806,-3.1292788938280616,-3.1292788938280616
52,106.9348724670957,-54.9348724670957,-54.9348724670957
63,51.23799100879389,11.762008991206109,11.762008991206109
0,26.55182378202079,-26.55182378202079,-26.55182378202079
46,38.067251794594114,7.932748205405886,7.932748205405886
0,18.149052835147916,-18.149052835147916,-18.149052835147916
61,73.87771451965762,-12.877714519657616,-12.877714519657616
20,32.2149985260933,-12.214998526093297,-12.214998526093297
172,152.04012723688692,19.959872763113083,19.959872763113083
50,74.27394639673442,-24.273946396734416,-24.273946396734416
30,82.77983207901092,-52.779832079010916,-52.779832079010916
48,55.40659349176056,-7.40659349176056,-7.40659349176056
46,63.280525940075286,-17.280525940075286,-17.280525940075286
31,35.34466700342209,-4.344667003422089,-4.344667003422089
5,29.76651327744752,-24.76651327744752,-24.76651327744752
120,115.92025512382699,4.0797448761730095,4.0797448761730095
56,50.12532317089489,5.874676829105113,5.874676829105113
185,170.90061530431225,14.099384695687746,14.099384695687746
194,160.78080846377858,33.219191536221416,33.219191536221416
118,103.96415190007208,14.035848099927918,14.035848099927918
48,49.4452737283773,-1.4452737283773018,-1.4452737283773018
72,77.69844204683909,-5.698442046839091,-5.698442046839091
65,44.09017438893993,20.90982561106007,20.90982561106007
0,15.994831335325568,-15.994831335325568,-15.994831335325568
185,116.52809044906098,68.47190955093902,68.47190955093902
14,37.7041576636607,-23.704157663660702,-23.704157663660702
90,62.166230039482606,27.833769960517394,27.833769960517394
187,124.21477882650646,62.78522117349354,62.78522117349354
82,106.79368573688005,-24.79368573688005,-24.79368573688005
6,25.312807912913026,-19.312807912913026,-19.312807912913026
60,83.11099270627032,-23.110992706270324,-23.110992706270324
85,88.98532647498962,-3.98532647498962,-3.98532647498962
19,41.90593349706653,-22.905933497066528,-22.905933497066528
0,25.400117931934147,-25.400117931934147,-25.400117931934147
61,49.9597620018671,11.040237998132902,11.040237998132902
28,34.96986387405571,-6.9698638740557115,-6.9698638740557115
47,90.35608408904524,-43.35608408904524,-43.35608408904524
43,46.09242484150902,-3.092424841509022,-3.092424841509022
57,43.56783441783583,13.432165582164167,13.432165582164167
61,107.85029053854694,-46.85029053854694,-46.85029053854694
198,102.98809927420221,95.01190072579779,95.01190072579779
119,90.03524225332508,28.96475774667492,28.96475774667492
20,51.783603967204826,-31.783603967204826,-31.783603967204826
18,23.703105804200913,-5.703105804200913,-5.703105804200913
64,72.64917271526035,-8.649172715260349,-8.649172715260349
29,31.309387996368503,-2.3093879963685033,-2.3093879963685033
53,57.156380609765066,-4.1563806097650655,-4.1563806097650655
202,176.3162635950206,25.683736404979413,25.683736404979413
23,29.530949742956967,-6.530949742956967,-6.530949742956967
198,102.05142669535049,95.94857330464951,95.94857330464951
74,56.00878162313394,17.99121837686606,17.99121837686606
62,57.122611714061684,4.877388285938316,4.877388285938316
185,109.31907704262699,75.68092295737301,75.68092295737301
183,167.6255710729036,15.374428927096403,15.374428927096403
172,145.50978955309523,26.49021044690477,26.49021044690477
58,45.90583995436493,12.094160045635071,12.094160045635071
52,59.545459502021025,-7.545459502021025,-7.545459502021025
58,53.38671699961956,4.6132830003804415,4.6132830003804415
117,142.47040074886357,-25.470400748863568,-25.470400748863568
103,122.39773235984424,-19.39773235984424,-19.39773235984424
208,138.62821999433447,69.37178000566553,69.37178000566553
157,133.51201692739795,23.48798307260205,23.48798307260205
177,102.5451372283871,74.4548627716129,74.4548627716129
74,59.69803038030604,14.301969619693963,14.301969619693963
58,48.89558382168126,9.104416178318743,9.104416178318743
41,57.34175048830001,-16.341750488300008,-16.341750488300008
9,35.647727764496274,-26.647727764496274,-26.647727764496274
29,29.693209138508518,-0.693209138508518,-0.693209138508518
64,104.8914962429273,-40.8914962429273,-40.8914962429273
62,49.349064807355845,12.650935192644155,12.650935192644155
69,80.9309248476051,-11.930924847605098,-11.930924847605098
20,18.577619479777137,1.4223805202228625,1.4223805202228625
71,86.07275854068752,-15.072758540687516,-15.072758540687516
73,46.34302913634422,26.65697086365578,26.65697086365578
41,51.08145454688694,-10.081454546886938,-10.081454546886938
50,62.16068416705207,-12.160684167052068,-12.160684167052068
20,52.38612726227853,-32.38612726227853,-32.38612726227853
134,136.5201885542978,-2.520188554297789,-2.520188554297789
67,102.73701190872838,-35.73701190872838,-35.73701190872838
112,105.42591270952511,6.574087290474893,6.574087290474893
191,154.9104481725631,36.08955182743691,36.08955182743691
40,77.53410646329482,-37.53410646329482,-37.53410646329482
171,151.3122977008835,19.687702299116495,19.687702299116495
44,91.98439634216936,-47.98439634216936,-47.98439634216936
24,65.84183198052547,-41.84183198052547,-41.84183198052547
44,53.88434008916132,-9.88434008916132,-9.88434008916132
53,36.36469904259122,16.63530095740878,16.63530095740878
112,108.51975237206919,3.480247627930808,3.480247627930808
53,88.38460621886247,-35.38460621886247,-35.38460621886247
63,65.13670724538716,-2.136707245387157,-2.136707245387157
119,145.44312297747615,-26.44312297747615,-26.44312297747615
25,27.74207852253,-2.742078522530001,-2.742078522530001
73,65.33781285947063,7.662187140529369,7.662187140529369
46,53.592804501035296,-7.592804501035296,-7.592804501035296
21,26.29202045627214,-5.292020456272141,-5.292020456272141
8,71.90674511267444,-63.90674511267444,-63.90674511267444
49,51.84075789711392,-2.8407578971139174,-2.8407578971139174
58,45.91327740907363,12.086722590926371,12.086722590926371
133,165.32521462906982,-32.32521462906982,-32.32521462906982
92,108.8088953220852,-16.808895322085206,-16.808895322085206
134,74.17341129828465,59.82658870171535,59.82658870171535
40,39.90437260696877,0.09562739303122925,0.09562739303122925
189,125.12218673528983,63.87781326471017,63.87781326471017
8,37.964400900738354,-29.964400900738354,-29.964400900738354
26,24.217611550360388,1.7823884496396118,1.7823884496396118
66,44.2273558292516,21.7726441707484,21.7726441707484
20,25.60929740882424,-5.60929740882424,-5.60929740882424
153,160.50553690503423,-7.5055369050342335,-7.5055369050342335
83,126.68359238584779,-43.68359238584779,-43.68359238584779
23,19.497221823900528,3.502778176099472,3.502778176099472
21,70.21206084090062,-49.21206084090062,-49.21206084090062
209,127.27130267254607,81.72869732745393,81.72869732745393
37,29.99051410841915,7.009485891580852,7.009485891580852
200,112.6165390242028,87.3834609757972,87.3834609757972
17,40.91943247097115,-23.919432470971152,-23.919432470971152
93,89.86172647417577,3.138273525824232,3.138273525824232
168,159.70542449636807,8.294575503631933,8.294575503631933
39,35.93551113272206,3.0644888672779373,3.0644888672779373
83,114.50395183077518,-31.50395183077518,-31.50395183077518
36,68.40415925219129,-32.40415925219129,-32.40415925219129
57,40.18886569167235,16.811134308327652,16.811134308327652
123,106.57686824376283,16.42313175623717,16.42313175623717
21,38.54505781723829,-17.545057817238288,-17.545057817238288
34,67.55453583305518,-33.55453583305518,-33.55453583305518
38,44.84503136012702,-6.845031360127017,-6.845031360127017
116,141.94449190947861,-25.944491909478614,-25.944491909478614
66,72.33908857076969,-6.33908857076969,-6.33908857076969
137,87.41366533133535,49.58633466866465,49.58633466866465
47,61.45686586130865,-14.45686586130865,-14.45686586130865
42,47.716052285401666,-5.716052285401666,-5.716052285401666
21,26.485680704559222,-5.485680704559222,-5.485680704559222
61,33.55508022038619,27.444919779613812,27.444919779613812
26,55.6379927294592,-29.6379927294592,-29.6379927294592
52,58.3564853353227,-6.356485335322702,-6.356485335322702
80,62.419117881779606,17.580882118220394,17.580882118220394
53,102.84021044403714,-49.84021044403714,-49.84021044403714
44,51.71942864369256,-7.719428643692559,-7.719428643692559
43,30.432029788802787,12.567970211197213,12.567970211197213
212,160.66277855648443,51.337221443515574,51.337221443515574
65,65.35300175297886,-0.35300175297885517,-0.35300175297885517
183,172.41650910131983,10.583490898680168,10.583490898680168
45,52.528102882333776,-7.528102882333776,-7.528102882333776
31,71.73575203023543,-40.73575203023543,-40.73575203023543
9,28.082158882313536,-19.082158882313536,-19.082158882313536
0,26.07654944528831,-26.07654944528831,-26.07654944528831
1,26.70114460372006,-25.70114460372006,-25.70114460372006
82,107.00411322327935,-25.004113223279347,-25.004113223279347
54,80.63393297767988,-26.633932977679876,-26.633932977679876
6,44.874699683675765,-38.874699683675765,-38.874699683675765
16,33.88514105447809,-17.88514105447809,-17.88514105447809
81,87.76929156252164,-6.769291562521644,-6.769291562521644
50,84.19831544059434,-34.19831544059434,-34.19831544059434
64,34.61489915421847,29.38510084578153,29.38510084578153
99,98.86856715976063,0.13143284023936985,0.13143284023936985
95,54.211886978552926,40.788113021447074,40.788113021447074
20,15.559999513561348,4.440000486438652,4.440000486438652
36,34.652636971383316,1.3473630286166838,1.3473630286166838
115,75.41004091113322,39.58995908886678,39.58995908886678
28,27.29047356052321,0.7095264394767895,0.7095264394767895
54,60.29543099176754,-6.295430991767539,-6.295430991767539
38,44.87337845638973,-6.87337845638973,-6.87337845638973
119,114.30157861276791,4.698421387232088,4.698421387232088
76,66.62431754310839,9.37568245689161,9.37568245689161
8,27.64240070935114,-19.64240070935114,-19.64240070935114
156,171.32635190381234,-15.326351903812338,-15.326351903812338
15,47.315563097074175,-32.315563097074175,-32.315563097074175
7,33.853865414005696,-26.853865414005696,-26.853865414005696
126,115.9830291325253,10.016970867474697,10.016970867474697
20,46.74837289006596,-26.74837289006596,-26.74837289006596
114,87.36727046341068,26.632729536589324,26.632729536589324
0,42.79136563535359,-42.79136563535359,-42.79136563535359
177,131.3387386374596,45.66126136254039,45.66126136254039
13,34.80483583526033,-21.804835835260327,-21.804835835260327
30,49.46445002132573,-19.46445002132573,-19.46445002132573
11,15.064349170035397,-4.064349170035397,-4.064349170035397
177,128.49888299978042,48.50111700021958,48.50111700021958
48,75.07227722746633,-27.07227722746633,-27.07227722746633
31,35.83447023706443,-4.83447023706443,-4.83447023706443
32,41.40647946217476,-9.406479462174758,-9.406479462174758
15,39.42121868932238,-24.42121868932238,-24.42121868932238
35,45.636890812303264,-10.636890812303264,-10.636890812303264
24,36.825415679426435,-12.825415679426435,-12.825415679426435
35,58.69986765969382,-23.699867659693822,-23.699867659693822
54,69.02653925507965,-15.026539255079655,-15.026539255079655
49,75.55052799024398,-26.550527990243978,-26.550527990243978
47,56.685964794458485,-9.685964794458485,-9.685964794458485
78,89.4815005240236,-11.481500524023602,-11.481500524023602
175,132.98627352932021,42.013726470679785,42.013726470679785
8,32.280787427480796,-24.280787427480796,-24.280787427480796
86,79.78098710030112,6.219012899698882,6.219012899698882
37,52.68137314988379,-15.68137314988379,-15.68137314988379
130,172.46360410217608,-42.46360410217608,-42.46360410217608
37,52.81523994409821,-15.81523994409821,-15.81523994409821
87,61.563809823459415,25.436190176540585,25.436190176540585
100,88.57686648555458,11.423133514445425,11.423133514445425
108,97.92329060802695,10.076709391973054,10.076709391973054
89,47.39474420338871,41.60525579661129,41.60525579661129
32,31.654417478088995,0.34558252191100536,0.34558252191100536
109,129.11257842982585,-20.112578429825845,-20.112578429825845
82,98.94537157820216,-16.945371578202156,-16.945371578202156
112,90.24516860977755,21.75483139022245,21.75483139022245
52,69.38866935213939,-17.388669352139388,-17.388669352139388
72,61.41677672303109,10.583223276968909,10.583223276968909
54,51.16457710570012,2.8354228942998816,2.8354228942998816
0,15.914633100721568,-15.914633100721568,-15.914633100721568
16,61.724370899236675,-45.724370899236675,-45.724370899236675
53,18.3607491901282,34.6392508098718,34.6392508098718
60,34.85625190834009,25.14374809165991,25.14374809165991
159,130.12620278558475,28.873797214415248,28.873797214415248
98,161.3782880628964,-63.37828806289639,-63.37828806289639
34,53.92710085436375,-19.92710085436375,-19.92710085436375
86,75.51853543085568,10.481464569144322,10.481464569144322
85,54.2022116364303,30.7977883635697,30.7977883635697
22,8.517076805400132,13.482923194599868,13.482923194599868
12,29.451707284842993,-17.451707284842993,-17.451707284842993
63,73.97178134080276,-10.971781340802764,-10.971781340802764
64,114.76643347008259,-50.76643347008259,-50.76643347008259
35,37.603244608781935,-2.603244608781935,-2.603244608781935
24,33.91181470325144,-9.911814703251437,-9.911814703251437
195,131.29918028932445,63.700819710675546,63.700819710675546
142,145.8404342514949,-3.840434251494912,-3.840434251494912
20,15.526702536983795,4.4732974630162055,4.4732974630162055
165,142.71398591505638,22.286014084943616,22.286014084943616
79,76.53469949517104,2.46530050482896,2.46530050482896
18,69.49524411027217,-51.49524411027217,-51.49524411027217
119,130.06099053329294,-11.060990533292937,-11.060990533292937
72,103.73474977474899,-31.73474977474899,-31.73474977474899
13,39.86509866673171,-26.86509866673171,-26.86509866673171
146,149.7408354435363,-3.740835443536298,-3.740835443536298
105,155.24108957195054,-50.24108957195054,-50.24108957195054
43,54.667749793005385,-11.667749793005385,-11.667749793005385
27,60.62674508079869,-33.62674508079869,-33.62674508079869
157,153.1241806463982,3.8758193536017984,3.8758193536017984
72,73.64842012284535,-1.6484201228453514,-1.6484201228453514
116,78.54583579606553,37.45416420393447,37.45416420393447
107,108.77874612308626,-1.7787461230862647,-1.7787461230862647
20,28.464317521661886,-8.464317521661886,-8.464317521661886
44,43.160563635750776,0.8394363642492237,0.8394363642492237
73,111.83852965471708,-38.83852965471708,-38.83852965471708
48,34.35656347112492,13.643436528875078,13.643436528875078
6,95.31734799923957,-89.31734799923957,-89.31734799923957
67,88.66605000052684,-21.666050000526837,-21.666050000526837
63,57.75482360468428,5.245176395315717,5.245176395315717
13,31.27368200566853,-18.27368200566853,-18.27368200566853
75,58.25414464656798,16.74585535343202,16.74585535343202
138,121.65922742039561,16.34077257960439,16.34077257960439
74,118.43687129248917,-44.43687129248917,-44.43687129248917
33,28.748887855849677,4.251112144150323,4.251112144150323
132,178.3215104391823,-46.321510439182305,-46.321510439182305
18,39.91643876215629,-21.91643876215629,-21.91643876215629
43,66.5279429912517,-23.527942991251706,-23.527942991251706
82,121.20611931798918,-39.20611931798918,-39.20611931798918
134,131.88134854323548,2.1186514567645247,2.1186514567645247
85,78.66319876294416,6.3368012370558375,6.3368012370558375
39,37.56507887820114,1.4349211217988582,1.4349211217988582
162,152.0093614381517,9.9906385618483,9.9906385618483
89,96.60846448830577,-7.608464488305771,-7.608464488305771
26,71.3825902133851,-45.3825902133851,-45.3825902133851
95,101.75045808750546,-6.750458087505464,-6.750458087505464
33,45.41391361123069,-12.41391361123069,-12.41391361123069
41,28.99680582250222,12.003194177497779,12.003194177497779
13,3.3333876809179386,9.666612319082061,9.666612319082061
66,47.06686557122367,18.933134428776327,18.933134428776327
65,77.19638746822046,-12.196387468220465,-12.196387468220465
83,85.78837367079603,-2.788373670796034,-2.788373670796034
40,44.005495591259915,-4.0054955912599155,-4.0054955912599155
16,20.727297371723136,-4.727297371723136,-4.727297371723136
146,137.40641584779848,8.593584152201515,8.593584152201515
67,56.78561728287337,10.214382717126632,10.214382717126632
59,59.48408566211525,-0.4840856621152483,-0.4840856621152483
67,87.92882919650317,-20.928829196503173,-20.928829196503173
58,37.867295648388726,20.132704351611274,20.132704351611274
155,103.60166218022204,51.398337819777964,51.398337819777964
167,109.71916585077443,57.28083414922557,57.28083414922557
33,38.42952556422133,-5.429525564221329,-5.429525564221329
55,45.648404689648345,9.351595310351655,9.351595310351655
51,66.65616830599224,-15.656168305992239,-15.656168305992239
109,107.32066908982216,1.679330910177839,1.679330910177839
58,86.86680046629145,-28.86680046629145,-28.86680046629145
78,71.4444099300399,6.555590069960104,6.555590069960104
13,30.770118589824776,-17.770118589824776,-17.770118589824776
0,21.540120792822904,-21.540120792822904,-21.540120792822904
42,68.87080607543429,-26.870806075434288,-26.870806075434288
0,14.168026379665989,-14.168026379665989,-14.168026379665989
118,97.45562674139313,20.544373258606868,20.544373258606868
119,104.49136399227697,14.508636007723027,14.508636007723027
71,51.78728942447256,19.21271057552744,19.21271057552744
151,151.88333540145203,-0.8833354014520296,-0.8833354014520296
35,52.84211759472175,-17.84211759472175,-17.84211759472175
9,45.45467707675144,-36.45467707675144,-36.45467707675144
193,148.67911286750953,44.32088713249047,44.32088713249047
18,40.30408355696242,-22.304083556962418,-22.304083556962418
28,42.08286553282939,-14.082865532829388,-14.082865532829388
106,112.75210765180891,-6.752107651808913,-6.752107651808913
0,84.04313553798791,-84.04313553798791,-84.04313553798791
17,23.77113888189558,-6.771138881895581,-6.771138881895581
65,65.00791701063639,-0.007917010636390387,-0.007917010636390387
184,155.63689627370943,28.363103726290575,28.363103726290575
48,69.02203012818454,-21.02203012818454,-21.02203012818454
92,89.9818355778578,2.018164422142206,2.018164422142206
40,49.083583545470454,-9.083583545470454,-9.083583545470454
48,57.312451027661325,-9.312451027661325,-9.312451027661325
142,156.95375851499008,-14.953758514990085,-14.953758514990085
82,107.65332769006545,-25.653327690065453,-25.653327690065453
120,124.65551635429645,-4.655516354296452,-4.655516354296452
98,61.8116012804,36.1883987196,36.1883987196
102,81.76736971571334,20.232630284286657,20.232630284286657
100,66.08714674524312,33.91285325475688,33.91285325475688
78,92.03254467423034,-14.032544674230337,-14.032544674230337
131,151.73305993208777,-20.73305993208777,-20.73305993208777
80,70.20492131841478,9.795078681585224,9.795078681585224
98,78.52943586417265,19.470564135827345,19.470564135827345
108,124.05272771982256,-16.052727719822556,-16.052727719822556
146,92.26533435350996,53.73466564649004,53.73466564649004
73,81.20340306153895,-8.20340306153895,-8.20340306153895
27,42.1666345934476,-15.166634593447597,-15.166634593447597
41,72.16373372249925,-31.163733722499245,-31.163733722499245
36,64.92627556021799,-28.926275560217988,-28.926275560217988
156,128.64025829004365,27.359741709956353,27.359741709956353
158,139.0248492445261,18.97515075547389,18.97515075547389
103,50.65798935817024,52.34201064182976,52.34201064182976
198,129.11294793648372,68.88705206351628,68.88705206351628
43,59.15245195571552,-16.15245195571552,-16.15245195571552
0,33.94097414888641,-33.94097414888641,-33.94097414888641
195,161.71657059437442,33.28342940562558,33.28342940562558
59,46.18696068730014,12.813039312699857,12.813039312699857
65,69.62064727265077,-4.620647272650771,-4.620647272650771
29,25.617738708929547,3.382261291070453,3.382261291070453
10,18.868499133210577,-8.868499133210577,-8.868499133210577
140,128.65457418939457,11.345425810605434,11.345425810605434
69,101.09158571187956,-32.09158571187956,-32.09158571187956
40,57.72519237952368,-17.725192379523683,-17.725192379523683
79,92.23601472918142,-13.23601472918142,-13.23601472918142
18,34.58553611843828,-16.585536118438277,-16.585536118438277
40,82.58162933770318,-42.58162933770318,-42.58162933770318
59,63.521441707010545,-4.5214417070105455,-4.5214417070105455
167,168.29060897585205,-1.2906089758520523,-1.2906089758520523
95,84.45992674236778,10.540073257632216,10.540073257632216
109,101.7166926922717,7.283307307728293,7.283307307728293
53,79.26184556377987,-26.261845563779872,-26.261845563779872
88,96.98801535131167,-8.988015351311674,-8.988015351311674
2,31.31596385188577,-29.31596385188577,-29.31596385188577
23,33.694290618781515,-10.694290618781515,-10.694290618781515
59,74.36450380973594,-15.364503809735936,-15.364503809735936
158,105.80721097105408,52.192789028945924,52.192789028945924
80,120.56929737974922,-40.569297379749216,-40.569297379749216
53,66.12307518223727,-13.123075182237272,-13.123075182237272
11,53.45921993675952,-42.45921993675952,-42.45921993675952
184,151.24280794181823,32.75719205818177,32.75719205818177
64,38.904452695864485,25.095547304135515,25.095547304135515
70,40.049991007232954,29.950008992767046,29.950008992767046
36,72.7052172100118,-36.705217210011796,-36.705217210011796
3,40.507742636607176,-37.507742636607176,-37.507742636607176
155,125.39759370703153,29.602406292968467,29.602406292968467
9,28.227966961950887,-19.227966961950887,-19.227966961950887
7,7.7585105108527905,-0.7585105108527905,-0.7585105108527905
32,17.495828499498778,14.504171500501222,14.504171500501222
0,3.745115002327067,-3.745115002327067,-3.745115002327067
177,175.87098152067324,1.12901847932676,1.12901847932676
148,145.36501708275964,2.6349829172403645,2.6349829172403645
8,24.901294463855766,-16.901294463855766,-16.901294463855766
111,117.89666580159926,-6.896665801599255,-6.896665801599255
13,44.76894016073152,-31.768940160731518,-31.768940160731518
147,141.61365108730152,5.38634891269848,5.38634891269848
77,53.633697653413954,23.366302346586046,23.366302346586046
176,153.4109514654958,22.5890485345042,22.5890485345042
153,117.85994924489138,35.14005075510862,35.14005075510862
96,119.16617076118199,-23.166170761181988,-23.166170761181988
164,95.50449736383776,68.49550263616224,68.49550263616224
183,165.96617192885958,17.03382807114042,17.03382807114042
191,147.04904057489347,43.95095942510653,43.95095942510653
81,45.842352723105385,35.157647276894615,35.157647276894615
134,103.61359301568531,30.38640698431469,30.38640698431469
6,32.111435809542066,-26.111435809542066,-26.111435809542066
7,48.11470958312836,-41.11470958312836,-41.11470958312836
157,92.29255267495971,64.70744732504029,64.70744732504029
148,114.27480031452667,33.72519968547333,33.72519968547333
154,172.34312393721942,-18.343123937219417,-18.343123937219417
33,58.399380141515145,-25.399380141515145,-25.399380141515145
16,36.860133790179866,-20.860133790179866,-20.860133790179866
27,49.81814279692849,-22.81814279692849,-22.81814279692849
79,70.43961956686681,8.56038043313319,8.56038043313319
142,149.9108238674791,-7.91082386747911,-7.91082386747911
146,125.34454997692235,20.65545002307765,20.65545002307765
33,84.48443813927241,-51.48443813927241,-51.48443813927241
24,26.995913368599673,-2.9959133685996733,-2.9959133685996733
48,47.194289226635355,0.8057107733646447,0.8057107733646447
20,40.52337042551824,-20.523370425518237,-20.523370425518237
67,71.98547995438456,-4.985479954384559,-4.985479954384559
29,49.78904867944198,-20.789048679441983,-20.789048679441983
119,105.66996320079325,13.330036799206752,13.330036799206752
10,100.61052531749212,-90.61052531749212,-90.61052531749212
90,98.50022547314191,-8.50022547314191,-8.50022547314191
68,60.901499463704006,7.098500536295994,7.098500536295994
156,144.25733831862115,11.742661681378848,11.742661681378848
172,114.51187517358812,57.48812482641188,57.48812482641188
63,105.34290506316854,-42.342905063168544,-42.342905063168544
48,58.16850023647531,-10.16850023647531,-10.16850023647531
76,81.31298752965309,-5.3129875296530855,-5.3129875296530855
37,63.69725136093505,-26.69725136093505,-26.69725136093505
163,91.72987979302869,71.27012020697131,71.27012020697131
146,126.01453297772383,19.98546702227617,19.98546702227617
142,114.60370849584469,27.396291504155315,27.396291504155315
81,94.19115693764353,-13.191156937643527,-13.191156937643527
174,125.30982860168109,48.69017139831891,48.69017139831891
47,59.51060877367364,-12.510608773673638,-12.510608773673638
69,49.93490201130087,19.06509798869913,19.06509798869913
20,59.43927488121776,-39.43927488121776,-39.43927488121776
15,16.562790904870518,-1.5627909048705177,-1.5627909048705177
148,136.42569150661865,11.574308493381352,11.574308493381352
156,187.7281913233019,-31.7281913233019,-31.7281913233019
172,136.2547308055774,35.745269194422605,35.745269194422605
70,81.25889917737469,-11.258899177374687,-11.258899177374687
17,78.36624592056965,-61.36624592056965,-61.36624592056965
69,84.26771275347548,-15.267712753475479,-15.267712753475479
0,32.10225795917056,-32.10225795917056,-32.10225795917056
166,117.175478790699,48.824521209301,48.824521209301
59,49.497961429676174,9.502038570323826,9.502038570323826
102,125.70364966860689,-23.703649668606886,-23.703649668606886
29,35.103575339051204,-6.103575339051204,-6.103575339051204
87,98.9664776470704,-11.966477647070406,-11.966477647070406
67,78.17598551867253,-11.175985518672533,-11.175985518672533
36,30.53739723183835,5.4626027681616485,5.4626027681616485
136,116.1165423823907,19.883457617609295,19.883457617609295
33,39.049379303765946,-6.049379303765946,-6.049379303765946
83,101.82598971947706,-18.825989719477064,-18.825989719477064
63,119.94369595090228,-56.94369595090228,-56.94369595090228
57,86.46093165052281,-29.46093165052281,-29.46093165052281
65,50.62472815351671,14.375271846483287,14.375271846483287
154,160.2060969599114,-6.206096959911406,-6.206096959911406
19,88.12887091795876,-69.12887091795876,-69.12887091795876
29,61.82786986116359,-32.82786986116359,-32.82786986116359
78,60.96618313370105,17.03381686629895,17.03381686629895
20,21.51219869724913,-1.5121986972491293,-1.5121986972491293
123,110.21560460694474,12.784395393055263,12.784395393055263
57,47.170871838191175,9.829128161808825,9.829128161808825
