Actual,Predicted,Error,Residual
6,11.129354777711542,-5.1293547777115425,-5.1293547777115425
91,92.59315454324563,-1.5931545432456318,-1.5931545432456318
49,41.84900962328796,7.150990376712038,7.150990376712038
90,90.78897875198889,-0.7889787519888927,-0.7889787519888927
15,24.447532054366743,-9.447532054366743,-9.447532054366743
127,112.5407793605753,14.4592206394247,14.4592206394247
59,53.10291161137642,5.89708838862358,5.89708838862358
53,65.86727035252288,-12.86727035252288,-12.86727035252288
63,64.63983541188007,-1.639835411880071,-1.639835411880071
53,57.54160134005289,-4.5416013400528925,-4.5416013400528925
202,203.0015802719555,-1.001580271955504,-1.001580271955504
158,170.1435506373394,-12.143550637339388,-12.143550637339388
88,89.15452358123302,-1.154523581233022,-1.154523581233022
120,121.69821043077451,-1.698210430774509,-1.698210430774509
133,129.23415383665233,3.7658461633476747,3.7658461633476747
3,19.20717571428154,-16.20717571428154,-16.20717571428154
58,51.65156584902428,6.34843415097572,6.34843415097572
53,49.3935850557396,3.6064149442604005,3.6064149442604005
160,149.43373863936782,10.566261360632183,10.566261360632183
55,72.46481031945044,-17.464810319450436,-17.464810319450436
50,43.61642254432888,6.383577455671123,6.383577455671123
97,100.73867710346963,-3.7386771034696267,-3.7386771034696267
80,75.50622325624376,4.493776743756243,4.493776743756243
83,72.9411856364246,10.058814363575394,10.058814363575394
69,73.23342352471994,-4.233423524719939,-4.233423524719939
176,164.6582629443991,11.341737055600902,11.341737055600902
10,18.592085078234458,-8.592085078234458,-8.592085078234458
122,112.24641818519763,9.753581814802374,9.753581814802374
80,72.90825745191954,7.091742548080461,7.091742548080461
37,31.84836509914526,5.1516349008547415,5.1516349008547415
42,38.27790144613644,3.7220985538635603,3.7220985538635603
73,86.88211639818871,-13.882116398188714,-13.882116398188714
19,10.52736564507778,8.47263435492222,8.47263435492222
67,64.52245323371092,2.4775467662890804,2.4775467662890804
54,53.768881547114155,0.23111845288584476,0.23111845288584476
0,7.124449504958533,-7.124449504958533,-7.124449504958533
82,68.40749208123846,13.592507918761541,13.592507918761541
51,51.15393559587353,-0.15393559587352712,-0.15393559587352712
45,44.91673572270912,0.08326427729087982,0.08326427729087982
48,47.693614062643015,0.3063859373569855,0.3063859373569855
8,10.926512355967295,-2.9265123559672954,-2.9265123559672954
52,51.612990292410345,0.38700970758965525,0.38700970758965525
43,37.628818729578555,5.371181270421445,5.371181270421445
44,38.285762555022664,5.714237444977336,5.714237444977336
72,51.62065535018263,20.37934464981737,20.37934464981737
18,37.09171620666896,-19.091716206668963,-19.091716206668963
55,33.45351379623707,21.54648620376293,21.54648620376293
49,58.23824270922829,-9.238242709228288,-9.238242709228288
61,54.68018054938978,6.319819450610218,6.319819450610218
32,32.88341004203988,-0.8834100420398769,-0.8834100420398769
46,40.084545826349874,5.915454173650126,5.915454173650126
168,171.64341282139802,-3.643412821398016,-3.643412821398016
55,54.886314172214576,0.11368582778542446,0.11368582778542446
71,62.85935574300059,8.140644256999408,8.140644256999408
13,6.703539026613475,6.296460973386525,6.296460973386525
189,200.13716784357183,-11.13716784357183,-11.13716784357183
16,38.63433484606251,-22.634334846062508,-22.634334846062508
176,155.04582255791064,20.95417744208936,20.95417744208936
44,46.07627522089974,-2.0762752208997384,-2.0762752208997384
160,155.3969747777703,4.6030252222296895,4.6030252222296895
174,162.40579258878716,11.594207411212835,11.594207411212835
27,24.60233503575902,2.397664964240981,2.397664964240981
95,71.72846896921122,23.27153103078878,23.27153103078878
55,60.79670735356849,-5.796707353568493,-5.796707353568493
4,12.007352300888106,-8.007352300888106,-8.007352300888106
186,171.89662029038757,14.103379709612426,14.103379709612426
61,63.674973484916784,-2.6749734849167837,-2.6749734849167837
56,52.93574765375392,3.0642523462460787,3.0642523462460787
175,179.48047473231918,-4.4804747323191805,-4.4804747323191805
67,61.119693672571294,5.8803063274287055,5.8803063274287055
72,64.38044980420125,7.619550195798752,7.619550195798752
54,41.445140779366135,12.554859220633865,12.554859220633865
68,89.20611509935001,-21.206115099350015,-21.206115099350015
35,29.342487072453903,5.657512927546097,5.657512927546097
15,22.14859819967105,-7.148598199671049,-7.148598199671049
24,23.554619243398452,0.44538075660154774,0.44538075660154774
68,57.58693845347973,10.413061546520268,10.413061546520268
10,24.019735854804228,-14.019735854804228,-14.019735854804228
65,54.45398139217063,10.546018607829367,10.546018607829367
28,37.80248975059822,-9.80248975059822,-9.80248975059822
129,110.98426758519112,18.01573241480888,18.01573241480888
48,56.21842078038701,-8.218420780387007,-8.218420780387007
29,18.50715323631882,10.492846763681179,10.492846763681179
165,156.57924127150523,8.420758728494775,8.420758728494775
28,32.158063606594425,-4.158063606594425,-4.158063606594425
39,14.563735141171698,24.436264858828302,24.436264858828302
45,35.31359316044254,9.686406839557463,9.686406839557463
4,13.83522744176728,-9.83522744176728,-9.83522744176728
47,61.117432103028165,-14.117432103028165,-14.117432103028165
53,59.61476260006096,-6.614762600060963,-6.614762600060963
16,23.416887219906528,-7.416887219906528,-7.416887219906528
175,169.55667708245736,5.443322917542645,5.443322917542645
130,121.55692381472578,8.443076185274222,8.443076185274222
21,24.873479565035716,-3.8734795650357157,-3.8734795650357157
77,60.019545859140095,16.980454140859905,16.980454140859905
11,24.69921188821822,-13.699211888218219,-13.699211888218219
67,70.88983130757101,-3.889831307571015,-3.889831307571015
139,139.3462950733441,-0.3462950733440948,-0.3462950733440948
9,15.900000255323363,-6.900000255323363,-6.900000255323363
57,52.69619889924735,4.303801100752651,4.303801100752651
124,141.4047506727111,-17.40475067271109,-17.40475067271109
78,74.79134624982291,3.208653750177092,3.208653750177092
147,144.80175219197656,2.1982478080234387,2.1982478080234387
30,34.00332499891241,-4.003324998912412,-4.003324998912412
23,19.495552371431774,3.504447628568226,3.504447628568226
83,54.37698722606917,28.62301277393083,28.62301277393083
42,26.43289091029928,15.567109089700718,15.567109089700718
33,46.2542707047631,-13.254270704763101,-13.254270704763101
82,78.12694373290616,3.873056267093844,3.873056267093844
6,11.930351313360363,-5.930351313360363,-5.930351313360363
136,117.51986321737654,18.48013678262346,18.48013678262346
135,126.33759948844734,8.662400511552661,8.662400511552661
77,82.26713939037975,-5.267139390379754,-5.267139390379754
68,64.27967771494045,3.7203222850595523,3.7203222850595523
50,55.61876148579,-5.618761485790003,-5.618761485790003
13,44.80657180897813,-31.806571808978127,-31.806571808978127
58,44.38612431341505,13.613875686584947,13.613875686584947
20,32.32823557660372,-12.328235576603717,-12.328235576603717
202,206.73454267688362,-4.7345426768836205,-4.7345426768836205
79,85.22622738205278,-6.226227382052784,-6.226227382052784
45,55.1758590397891,-10.175859039789103,-10.175859039789103
53,44.806718067341194,8.193281932658806,8.193281932658806
41,15.63531177641765,25.36468822358235,25.36468822358235
1,19.71335514832389,-18.71335514832389,-18.71335514832389
38,27.94205763328852,10.05794236671148,10.05794236671148
121,114.54328282786423,6.456717172135768,6.456717172135768
84,81.09336829230085,2.906631707699148,2.906631707699148
18,11.1604597237556,6.839540276244399,6.839540276244399
76,54.97071778626104,21.02928221373896,21.02928221373896
78,83.46295930994086,-5.462959309940857,-5.462959309940857
49,54.98530438350347,-5.985304383503468,-5.985304383503468
63,77.62579747556899,-14.625797475568987,-14.625797475568987
192,189.5462835495131,2.453716450486894,2.453716450486894
186,191.50633763003447,-5.506337630034466,-5.506337630034466
26,40.580302057764236,-14.580302057764236,-14.580302057764236
78,85.04002842143647,-7.040028421436475,-7.040028421436475
46,41.04127848840766,4.958721511592337,4.958721511592337
64,55.47955438826235,8.52044561173765,8.52044561173765
59,63.13559513860597,-4.1355951386059715,-4.1355951386059715
77,57.61512450748109,19.38487549251891,19.38487549251891
51,46.59481871235225,4.40518128764775,4.40518128764775
50,50.158707557295685,-0.15870755729568486,-0.15870755729568486
57,53.926001244196215,3.0739987558037853,3.0739987558037853
6,16.51840191833045,-10.51840191833045,-10.51840191833045
44,44.2485601784986,-0.24856017849860024,-0.24856017849860024
174,171.30264545262696,2.6973545473730383,2.6973545473730383
167,181.52886649353303,-14.52886649353303,-14.52886649353303
46,35.710900434958866,10.289099565041134,10.289099565041134
56,38.6114550939345,17.388544906065498,17.388544906065498
14,14.39352726888797,-0.3935272688879703,-0.3935272688879703
50,54.03365910872662,-4.033659108726617,-4.033659108726617
61,53.666182769670506,7.333817230329494,7.333817230329494
55,56.41313540832879,-1.4131354083287917,-1.4131354083287917
67,75.96285070608165,-8.962850706081653,-8.962850706081653
8,9.156401399972525,-1.1564013999725251,-1.1564013999725251
75,85.18856457203026,-10.18856457203026,-10.18856457203026
181,179.9381479948237,1.0618520051762914,1.0618520051762914
141,154.4743145155738,-13.474314515573809,-13.474314515573809
122,124.12424503214037,-2.124245032140365,-2.124245032140365
39,45.65934597802075,-6.6593459780207525,-6.6593459780207525
150,144.08392322518807,5.916076774811927,5.916076774811927
15,6.405776284028581,8.59422371597142,8.59422371597142
187,183.26210146335836,3.7378985366416373,3.7378985366416373
62,56.677666582060525,5.3223334179394755,5.3223334179394755
186,192.0957966468477,-6.0957966468477025,-6.0957966468477025
40,39.15826854392168,0.8417314560783211,0.8417314560783211
137,144.63476167310657,-7.634761673106567,-7.634761673106567
91,101.22912956179711,-10.229129561797109,-10.229129561797109
11,36.10486149256012,-25.10486149256012,-25.10486149256012
77,67.38224317647226,9.617756823527742,9.617756823527742
10,20.73230653339087,-10.732306533390869,-10.732306533390869
6,20.81175285596104,-14.81175285596104,-14.81175285596104
37,44.256839351798014,-7.256839351798014,-7.256839351798014
46,37.668870559239416,8.331129440760584,8.331129440760584
50,63.166617678003874,-13.166617678003874,-13.166617678003874
211,187.01688385008927,23.983116149910728,23.983116149910728
28,34.7355882984602,-6.7355882984602005,-6.7355882984602005
158,143.34988408726397,14.650115912736027,14.650115912736027
84,78.29730159517986,5.70269840482014,5.70269840482014
97,88.94421556062859,8.055784439371408,8.055784439371408
69,62.78684740766322,6.213152592336783,6.213152592336783
43,49.40047131921876,-6.4004713192187594,-6.4004713192187594
121,112.67808641243718,8.321913587562818,8.321913587562818
44,24.255421393186555,19.744578606813445,19.744578606813445
137,140.984527259426,-3.984527259425988,-3.984527259425988
62,64.79302456024259,-2.7930245602425856,-2.7930245602425856
72,63.9868793475311,8.0131206524689,8.0131206524689
3,5.385850491109174,-2.3858504911091742,-2.3858504911091742
91,81.45436699076542,9.545633009234578,9.545633009234578
195,186.59058098686094,8.409419013139058,8.409419013139058
54,49.97783173817579,4.022168261824213,4.022168261824213
180,192.53955422044,-12.53955422044001,-12.53955422044001
3,4.6522054146264935,-1.6522054146264935,-1.6522054146264935
51,40.55592196354118,10.44407803645882,10.44407803645882
45,57.67298377058784,-12.672983770587841,-12.672983770587841
51,33.72098582591572,17.27901417408428,17.27901417408428
55,61.52078636983323,-6.520786369833232,-6.520786369833232
0,6.641823783922801,-6.641823783922801,-6.641823783922801
63,67.47411283790642,-4.474112837906418,-4.474112837906418
168,156.30244029240586,11.697559707594138,11.697559707594138
22,27.56716863601512,-5.5671686360151185,-5.5671686360151185
162,167.3913706394715,-5.391370639471489,-5.391370639471489
75,77.69120046106453,-2.6912004610645255,-2.6912004610645255
159,155.47226713115438,3.527732868845618,3.527732868845618
16,14.093024653889536,1.906975346110464,1.906975346110464
208,206.3047341167947,1.695265883205309,1.695265883205309
68,44.29753181279316,23.70246818720684,23.70246818720684
82,88.6910383106818,-6.6910383106818045,-6.6910383106818045
46,49.71526538021934,-3.7152653802193427,-3.7152653802193427
39,28.984095214867967,10.015904785132033,10.015904785132033
83,97.2677994322333,-14.267799432233303,-14.267799432233303
19,29.377393880601723,-10.377393880601723,-10.377393880601723
42,42.69706001940605,-0.6970600194060523,-0.6970600194060523
36,50.20205624161906,-14.202056241619061,-14.202056241619061
81,61.508282623952056,19.491717376047944,19.491717376047944
103,106.66685511203328,-3.666855112033275,-3.666855112033275
41,40.096946571251664,0.9030534287483363,0.9030534287483363
121,141.03969101628974,-20.039691016289737,-20.039691016289737
135,132.97541578431282,2.0245842156871845,2.0245842156871845
173,157.65103575135186,15.348964248648144,15.348964248648144
68,59.613408449835596,8.386591550164404,8.386591550164404
69,71.30272610865168,-2.302726108651683,-2.302726108651683
171,163.47237307811776,7.527626921882245,7.527626921882245
43,61.03307749874276,-18.033077498742763,-18.033077498742763
43,42.66063049162939,0.3393695083706092,0.3393695083706092
90,95.46059054270975,-5.4605905427097525,-5.4605905427097525
146,138.53734111022925,7.462658889770751,7.462658889770751
78,67.19306456104917,10.80693543895083,10.80693543895083
31,49.62598920360863,-18.625989203608633,-18.625989203608633
56,63.378805548248245,-7.378805548248245,-7.378805548248245
193,178.2833758512548,14.716624148745211,14.716624148745211
171,169.94207786579176,1.0579221342082405,1.0579221342082405
37,51.820073193246095,-14.820073193246095,-14.820073193246095
1,12.730987844251944,-11.730987844251944,-11.730987844251944
12,13.746188724097554,-1.7461887240975535,-1.7461887240975535
44,54.42283298301227,-10.42283298301227,-10.42283298301227
40,41.64036511686309,-1.6403651168630873,-1.6403651168630873
199,190.23476887208912,8.76523112791088,8.76523112791088
64,54.46149972044895,9.538500279551052,9.538500279551052
179,179.49515434800315,-0.4951543480031546,-0.4951543480031546
86,95.59424771245747,-9.594247712457474,-9.594247712457474
143,141.07551157305733,1.9244884269426734,1.9244884269426734
52,46.866739095762966,5.133260904237034,5.133260904237034
69,73.61245865112079,-4.6124586511207895,-4.6124586511207895
32,42.249570161428814,-10.249570161428814,-10.249570161428814
0,5.31907755477939,-5.31907755477939,-5.31907755477939
8,6.044112483434667,1.9558875165653333,1.9558875165653333
40,50.474265834966005,-10.474265834966005,-10.474265834966005
43,56.36042754817862,-13.36042754817862,-13.36042754817862
163,188.03801094859824,-25.03801094859824,-25.03801094859824
37,53.42127676050868,-16.421276760508682,-16.421276760508682
73,65.25137434237367,7.748625657626334,7.748625657626334
28,32.39893236516505,-4.398932365165052,-4.398932365165052
55,52.48899592910388,2.5110040708961208,2.5110040708961208
49,51.794907934901204,-2.794907934901204,-2.794907934901204
151,147.1180446448448,3.8819553551552133,3.8819553551552133
12,3.8180916064432644,8.181908393556736,8.181908393556736
42,31.296981171835412,10.703018828164588,10.703018828164588
12,13.69145709699767,-1.69145709699767,-1.69145709699767
79,86.99890062437395,-7.998900624373945,-7.998900624373945
42,19.393481650315554,22.606518349684446,22.606518349684446
20,34.60765367263371,-14.60765367263371,-14.60765367263371
122,122.729412997793,-0.7294129977930055,-0.7294129977930055
121,123.01132482674886,-2.0113248267488615,-2.0113248267488615
161,154.04382256709542,6.956177432904582,6.956177432904582
94,85.79563906399946,8.20436093600054,8.20436093600054
0,12.429607919013511,-12.429607919013511,-12.429607919013511
48,54.700351348770276,-6.700351348770276,-6.700351348770276
193,195.86426438058902,-2.86426438058902,-2.86426438058902
96,92.70028695888264,3.299713041117357,3.299713041117357
27,23.846976003254216,3.153023996745784,3.153023996745784
29,27.94556601195033,1.05443398804967,1.05443398804967
2,14.058291573953557,-12.058291573953557,-12.058291573953557
60,36.43293579922547,23.56706420077453,23.56706420077453
103,91.5123207541281,11.487679245871902,11.487679245871902
129,159.06359332244097,-30.063593322440965,-30.063593322440965
153,158.26442277851248,-5.264422778512483,-5.264422778512483
96,77.12908524207408,18.870914757925917,18.870914757925917
110,107.1202198121728,2.879780187827194,2.879780187827194
112,123.3957295580448,-11.395729558044806,-11.395729558044806
167,182.74093522724323,-15.740935227243227,-15.740935227243227
157,157.79072905373042,-0.7907290537304164,-0.7907290537304164
11,8.7499927200394,2.2500072799606006,2.2500072799606006
134,129.48906647699874,4.510933523001256,4.510933523001256
0,1.64723748816711,-1.64723748816711,-1.64723748816711
67,63.556759349022954,3.443240650977046,3.443240650977046
65,65.99053882678692,-0.9905388267869171,-0.9905388267869171
33,36.34834765404374,-3.3483476540437422,-3.3483476540437422
6,21.53436615482869,-15.534366154828689,-15.534366154828689
60,68.34900733898724,-8.349007338987235,-8.349007338987235
7,16.175057640047967,-9.175057640047967,-9.175057640047967
69,62.3708205931975,6.6291794068025,6.6291794068025
75,80.89825296786712,-5.898252967867123,-5.898252967867123
184,186.0286468299818,-2.0286468299817955,-2.0286468299817955
131,140.22313653926275,-9.223136539262754,-9.223136539262754
129,128.8436266842175,0.1563733157825027,0.1563733157825027
52,65.8115421162659,-13.811542116265898,-13.811542116265898
7,14.84368538870103,-7.843685388701029,-7.843685388701029
52,46.174636333011335,5.825363666988665,5.825363666988665
87,68.76274708995379,18.23725291004621,18.23725291004621
28,36.78126419862704,-8.781264198627042,-8.781264198627042
90,82.4262040823473,7.573795917652703,7.573795917652703
142,139.50818528275218,2.49181471724782,2.49181471724782
161,171.7754800444592,-10.775480044459187,-10.775480044459187
8,14.789880219026807,-6.7898802190268075,-6.7898802190268075
159,179.43929254026256,-20.439292540262556,-20.439292540262556
100,91.24648093181906,8.753519068180935,8.753519068180935
23,32.421222683628685,-9.421222683628685,-9.421222683628685
30,48.38808327514231,-18.388083275142307,-18.388083275142307
54,49.998517839193504,4.001482160806496,4.001482160806496
92,111.48818972431113,-19.488189724311127,-19.488189724311127
90,74.98042861356082,15.019571386439182,15.019571386439182
130,125.03453125637286,4.965468743627142,4.965468743627142
172,170.42016706259523,1.579832937404774,1.579832937404774
76,64.81596423294928,11.184035767050716,11.184035767050716
174,159.67460586399417,14.325394136005826,14.325394136005826
57,54.07480736902369,2.925192630976312,2.925192630976312
65,63.92773016512383,1.0722698348761668,1.0722698348761668
66,77.52922740179547,-11.529227401795467,-11.529227401795467
21,23.63378246532571,-2.6337824653257087,-2.6337824653257087
15,17.45071704883836,-2.45071704883836,-2.45071704883836
32,26.514859218423172,5.485140781576828,5.485140781576828
108,102.12871765445232,5.871282345547684,5.871282345547684
43,42.99880797913088,0.0011920208691194034,0.0011920208691194034
46,28.595800994145897,17.404199005854103,17.404199005854103
94,108.90228605088006,-14.902286050880065,-14.902286050880065
103,89.72173461991436,13.278265380085642,13.278265380085642
6,9.264568710860585,-3.264568710860585,-3.264568710860585
60,55.97936812221542,4.020631877784581,4.020631877784581
53,64.39187014753519,-11.391870147535187,-11.391870147535187
119,117.06467516438423,1.9353248356157735,1.9353248356157735
138,122.3786115659061,15.621388434093902,15.621388434093902
48,45.734645071289385,2.2653549287106145,2.2653549287106145
44,46.66628651129346,-2.666286511293457,-2.666286511293457
63,75.62151923210418,-12.621519232104177,-12.621519232104177
171,148.70474241444913,22.29525758555087,22.29525758555087
63,78.64860887518863,-15.648608875188629,-15.648608875188629
87,74.85397059549543,12.146029404504574,12.146029404504574
79,65.93958293573385,13.060417064266147,13.060417064266147
55,80.7366582778191,-25.736658277819103,-25.736658277819103
200,206.8003310933794,-6.8003310933794126,-6.8003310933794126
128,122.07123121008769,5.928768789912311,5.928768789912311
22,40.34631072241183,-18.34631072241183,-18.34631072241183
96,100.34442807360155,-4.344428073601549,-4.344428073601549
30,54.46926795933408,-24.469267959334083,-24.469267959334083
21,30.560912839555563,-9.560912839555563,-9.560912839555563
44,50.04593673938447,-6.045936739384473,-6.045936739384473
18,40.41207498746266,-22.41207498746266,-22.41207498746266
181,168.7433059323516,12.256694067648397,12.256694067648397
117,105.43343256924638,11.566567430753622,11.566567430753622
146,139.3833799289545,6.616620071045503,6.616620071045503
43,44.95775514341289,-1.9577551434128893,-1.9577551434128893
63,72.09353342823508,-9.093533428235077,-9.093533428235077
16,12.970346778563954,3.029653221436046,3.029653221436046
68,58.76411053494091,9.235889465059088,9.235889465059088
66,61.06219406673744,4.93780593326256,4.93780593326256
22,36.682467753034906,-14.682467753034906,-14.682467753034906
153,179.12843021077745,-26.128430210777452,-26.128430210777452
59,65.22174149011359,-6.221741490113587,-6.221741490113587
85,99.88138352878586,-14.881383528785861,-14.881383528785861
14,11.416334290565201,2.583665709434799,2.583665709434799
43,32.49510865188323,10.504891348116772,10.504891348116772
103,93.08975676994969,9.910243230050312,9.910243230050312
84,82.48828384074284,1.511716159257162,1.511716159257162
42,57.71960813640549,-15.71960813640549,-15.71960813640549
0,16.228503057183996,-16.228503057183996,-16.228503057183996
62,65.14007603531599,-3.1400760353159853,-3.1400760353159853
27,26.315471834179355,0.6845281658206446,0.6845281658206446
47,45.318168112283935,1.681831887716065,1.681831887716065
94,92.06174981209038,1.9382501879096168,1.9382501879096168
45,55.8547016039631,-10.8547016039631,-10.8547016039631
149,153.45302305694787,-4.45302305694787,-4.45302305694787
28,39.57830484826861,-11.578304848268608,-11.578304848268608
109,117.54425476607292,-8.544254766072925,-8.544254766072925
31,25.120217821143665,5.879782178856335,5.879782178856335
108,100.98114747544012,7.018852524559875,7.018852524559875
197,183.16167316958683,13.838326830413166,13.838326830413166
161,177.11487615285287,-16.114876152852872,-16.114876152852872
83,72.65437978371133,10.345620216288665,10.345620216288665
17,46.1920806466078,-29.1920806466078,-29.1920806466078
130,95.65587057854593,34.34412942145407,34.34412942145407
43,32.936890390070126,10.063109609929874,10.063109609929874
97,86.44592232553389,10.554077674466114,10.554077674466114
76,70.72993326524696,5.270066734753044,5.270066734753044
1,3.891834285114405,-2.891834285114405,-2.891834285114405
42,47.59294424602128,-5.592944246021283,-5.592944246021283
188,189.41557978687,-1.415579786870012,-1.415579786870012
145,151.54731310286851,-6.5473131028685145,-6.5473131028685145
94,96.46157204415591,-2.461572044155915,-2.461572044155915
24,33.785185439744836,-9.785185439744836,-9.785185439744836
114,100.00117124996115,13.998828750038854,13.998828750038854
60,61.26232473157714,-1.262324731577138,-1.262324731577138
61,68.74659954315018,-7.746599543150182,-7.746599543150182
3,8.262067718510842,-5.262067718510842,-5.262067718510842
68,70.63083569057339,-2.6308356905733916,-2.6308356905733916
53,59.417080369129586,-6.417080369129586,-6.417080369129586
57,76.65123300012043,-19.651233000120428,-19.651233000120428
85,66.45132582270257,18.54867417729743,18.54867417729743
108,95.29320129616269,12.706798703837308,12.706798703837308
43,40.352727692089665,2.6472723079103346,2.6472723079103346
135,152.99796001190367,-17.997960011903672,-17.997960011903672
16,26.452262561180877,-10.452262561180877,-10.452262561180877
42,59.42388909273029,-17.423889092730292,-17.423889092730292
90,88.27689447567421,1.7231055243257885,1.7231055243257885
51,53.08093951525405,-2.0809395152540517,-2.0809395152540517
75,76.7031033548151,-1.7031033548150987,-1.7031033548150987
155,143.07630394374365,11.923696056256347,11.923696056256347
166,173.16998546563616,-7.1699854656361595,-7.1699854656361595
47,50.87084812617518,-3.870848126175183,-3.870848126175183
48,45.22295166369042,2.7770483363095835,2.7770483363095835
126,124.84952231579899,1.1504776842010074,1.1504776842010074
111,109.06102102201139,1.9389789779886115,1.9389789779886115
69,78.18357280335097,-9.18357280335097,-9.18357280335097
39,35.465433114105196,3.5345668858948045,3.5345668858948045
0,7.1620625928980335,-7.1620625928980335,-7.1620625928980335
92,87.36184003653412,4.638159963465881,4.638159963465881
71,82.31325038407272,-11.313250384072717,-11.313250384072717
2,17.64784348078497,-15.647843480784971,-15.647843480784971
32,45.125226376748635,-13.125226376748635,-13.125226376748635
83,78.63561287847207,4.364387121527926,4.364387121527926
69,83.34924680155773,-14.349246801557726,-14.349246801557726
65,59.34267112857135,5.657328871428653,5.657328871428653
112,90.48952436488304,21.51047563511696,21.51047563511696
28,33.8203659032224,-5.820365903222402,-5.820365903222402
105,101.57942327374285,3.4205767262571527,3.4205767262571527
14,12.125405549907601,1.874594450092399,1.874594450092399
37,41.7967383584969,-4.796738358496903,-4.796738358496903
140,140.20933475789025,-0.2093347578902467,-0.2093347578902467
21,13.708568967074905,7.291431032925095,7.291431032925095
56,58.84363585033709,-2.843635850337087,-2.843635850337087
20,21.084152265642583,-1.084152265642583,-1.084152265642583
86,78.05333740001997,7.94666259998003,7.94666259998003
52,51.914033400433425,0.08596659956657504,0.08596659956657504
91,94.84932608228884,-3.84932608228884,-3.84932608228884
0,5.053780055217134,-5.053780055217134,-5.053780055217134
77,48.99918121506046,28.00081878493954,28.00081878493954
40,30.453609371700455,9.546390628299545,9.546390628299545
89,71.23592656028397,17.76407343971603,17.76407343971603
68,65.81239509099392,2.187604909006083,2.187604909006083
43,32.07886821474974,10.92113178525026,10.92113178525026
60,52.87391910394928,7.126080896050723,7.126080896050723
157,160.02207888186726,-3.022078881867259,-3.022078881867259
65,64.79241468640232,0.20758531359767574,0.20758531359767574
23,25.631912196778615,-2.6319121967786145,-2.6319121967786145
39,39.94271579979593,-0.942715799795927,-0.942715799795927
109,105.35174978265415,3.648250217345847,3.648250217345847
36,36.91440723791616,-0.9144072379161585,-0.9144072379161585
26,25.237355962917505,0.7626440370824952,0.7626440370824952
13,23.493757616651873,-10.493757616651873,-10.493757616651873
214,197.22562975277341,16.774370247226585,16.774370247226585
202,189.18992525388006,12.810074746119938,12.810074746119938
215,196.31655084503248,18.68344915496752,18.68344915496752
78,81.66991894225947,-3.6699189422594714,-3.6699189422594714
56,56.30938630026863,-0.3093863002686277,-0.3093863002686277
15,29.98177984612873,-14.981779846128731,-14.981779846128731
53,37.55174135261165,15.44825864738835,15.44825864738835
174,175.95440740367908,-1.9544074036790846,-1.9544074036790846
85,90.72799187807014,-5.727991878070142,-5.727991878070142
120,125.17813265057396,-5.178132650573957,-5.178132650573957
43,64.17169041543356,-21.17169041543356,-21.17169041543356
88,84.68521459745676,3.3147854025432366,3.3147854025432366
95,72.50394569876663,22.49605430123337,22.49605430123337
131,151.67332493728043,-20.673324937280427,-20.673324937280427
60,62.77454534285967,-2.7745453428596676,-2.7745453428596676
68,84.21058017043826,-16.210580170438263,-16.210580170438263
91,88.96112511752723,2.0388748824727685,2.0388748824727685
87,91.69351507398336,-4.693515073983363,-4.693515073983363
98,107.20962456418432,-9.209624564184324,-9.209624564184324
157,157.80731955110397,-0.8073195511039728,-0.8073195511039728
31,38.54332990457419,-7.543329904574193,-7.543329904574193
83,81.1215546702887,1.8784453297112975,1.8784453297112975
33,38.851800610335346,-5.851800610335346,-5.851800610335346
176,159.4175745927054,16.582425407294608,16.582425407294608
136,145.1301344503246,-9.13013445032459,-9.13013445032459
132,130.89687826800088,1.1031217319991242,1.1031217319991242
0,1.3716557084933645,-1.3716557084933645,-1.3716557084933645
12,13.050862452853158,-1.050862452853158,-1.050862452853158
197,190.1167952308528,6.8832047691471985,6.8832047691471985
11,21.92406128681374,-10.924061286813739,-10.924061286813739
24,19.559006015359973,4.440993984640027,4.440993984640027
42,40.5282984881372,1.471701511862797,1.471701511862797
36,35.594960180757965,0.4050398192420346,0.4050398192420346
16,13.469242384224977,2.5307576157750233,2.5307576157750233
2,16.82446011232585,-14.824460112325848,-14.824460112325848
47,30.52170816807676,16.47829183192324,16.47829183192324
27,26.268376749581428,0.731623250418572,0.731623250418572
54,67.46149127835342,-13.46149127835342,-13.46149127835342
25,12.42073367869875,12.57926632130125,12.57926632130125
37,18.693187639157422,18.306812360842578,18.306812360842578
73,89.34326730565513,-16.343267305655132,-16.343267305655132
148,149.05945030362665,-1.0594503036266474,-1.0594503036266474
18,19.7053693393596,-1.7053693393595992,-1.7053693393595992
54,44.048308316208626,9.951691683791374,9.951691683791374
26,30.353745142569153,-4.353745142569153,-4.353745142569153
184,188.0686666723522,-4.068666672352208,-4.068666672352208
67,72.94257173554101,-5.942571735541009,-5.942571735541009
24,12.425813973281818,11.574186026718182,11.574186026718182
6,9.634459776630056,-3.634459776630056,-3.634459776630056
70,58.81294544628386,11.187054553716138,11.187054553716138
56,44.962419371375205,11.037580628624795,11.037580628624795
35,19.22059505970297,15.779404940297031,15.779404940297031
75,72.08471260499549,2.915287395004512,2.915287395004512
32,30.665800565319202,1.334199434680798,1.334199434680798
174,195.37277388406287,-21.372773884062866,-21.372773884062866
61,61.72843144096469,-0.728431440964691,-0.728431440964691
173,178.7622708788727,-5.762270878872698,-5.762270878872698
17,18.555901477182648,-1.5559014771826476,-1.5559014771826476
146,125.95946026651153,20.040539733488473,20.040539733488473
67,51.74343908024849,15.256560919751507,15.256560919751507
73,63.95390686932731,9.046093130672688,9.046093130672688
41,38.546982735310664,2.4530172646893362,2.4530172646893362
169,168.228395232331,0.7716047676690039,0.7716047676690039
44,42.6334408403412,1.3665591596587987,1.3665591596587987
76,95.71129072780897,-19.711290727808972,-19.711290727808972
61,62.836154752374554,-1.8361547523745543,-1.8361547523745543
36,27.304337525979474,8.695662474020526,8.695662474020526
52,38.61350005736614,13.386499942633861,13.386499942633861
73,84.25526436795013,-11.255264367950133,-11.255264367950133
32,33.818104087965445,-1.8181040879654446,-1.8181040879654446
2,2.577474949071943,-0.5774749490719429,-0.5774749490719429
52,41.727478785359814,10.272521214640186,10.272521214640186
29,26.155302804796342,2.8446971952036577,2.8446971952036577
72,79.93457387952756,-7.934573879527562,-7.934573879527562
91,82.85330157946711,8.146698420532886,8.146698420532886
20,18.90023322615445,1.0997667738455483,1.0997667738455483
48,57.0876293392563,-9.087629339256303,-9.087629339256303
74,45.821167714198154,28.178832285801846,28.178832285801846
72,72.95970472901676,-0.9597047290167637,-0.9597047290167637
48,58.73580054643225,-10.735800546432252,-10.735800546432252
98,101.32085412908536,-3.3208541290853617,-3.3208541290853617
100,108.86347607534606,-8.863476075346057,-8.863476075346057
14,17.079325584707455,-3.0793255847074548,-3.0793255847074548
74,74.65193412096787,-0.6519341209678657,-0.6519341209678657
49,48.42939713219117,0.5706028678088302,0.5706028678088302
70,83.37582226617721,-13.37582226617721,-13.37582226617721
191,197.8823063010493,-6.8823063010493115,-6.8823063010493115
51,46.40350355826857,4.596496441731432,4.596496441731432
43,38.93595598600518,4.064044013994817,4.064044013994817
149,158.10075414687643,-9.100754146876426,-9.100754146876426
154,144.26431040800597,9.735689591994031,9.735689591994031
60,62.914013270014834,-2.9140132700148342,-2.9140132700148342
52,45.24961041612228,6.75038958387772,6.75038958387772
40,35.97964710509035,4.020352894909649,4.020352894909649
18,10.82390722033709,7.176092779662911,7.176092779662911
103,106.68538491984596,-3.6853849198459585,-3.6853849198459585
19,19.198863095860602,-0.19886309586060236,-0.19886309586060236
39,29.12229342416232,9.877706575837681,9.877706575837681
31,30.039033522486672,0.9609664775133275,0.9609664775133275
56,60.58229562706399,-4.582295627063992,-4.582295627063992
58,59.12643944520456,-1.1264394452045607,-1.1264394452045607
127,114.9333435364436,12.066656463556399,12.066656463556399
77,83.83635395555366,-6.836353955553662,-6.836353955553662
87,61.61334973006694,25.386650269933057,25.386650269933057
181,197.9237183286647,-16.923718328664705,-16.923718328664705
13,8.492071573046719,4.507928426953281,4.507928426953281
26,26.747519584951462,-0.747519584951462,-0.747519584951462
0,7.548648052621234,-7.548648052621234,-7.548648052621234
124,129.8267395962687,-5.826739596268709,-5.826739596268709
115,131.1571007563988,-16.15710075639879,-16.15710075639879
52,47.329529203985786,4.670470796014214,4.670470796014214
37,40.20475264200376,-3.2047526420037613,-3.2047526420037613
27,29.786487573069433,-2.786487573069433,-2.786487573069433
71,72.98506714023863,-1.9850671402386268,-1.9850671402386268
53,69.33725982629329,-16.33725982629329,-16.33725982629329
36,42.28292694185033,-6.282926941850327,-6.282926941850327
60,57.29084484763423,2.709155152365767,2.709155152365767
34,45.25288783091957,-11.252887830919569,-11.252887830919569
25,49.46188951256112,-24.46188951256112,-24.46188951256112
52,63.8428184846051,-11.842818484605097,-11.842818484605097
11,19.72375058556783,-8.723750585567831,-8.723750585567831
58,42.36521053826112,15.634789461738883,15.634789461738883
30,33.04737380500957,-3.0473738050095704,-3.0473738050095704
21,25.258592996549854,-4.258592996549854,-4.258592996549854
112,102.38910708021633,9.610892919783666,9.610892919783666
3,11.623535525500026,-8.623535525500026,-8.623535525500026
110,116.35224039818182,-6.35224039818182,-6.35224039818182
9,11.65321920769208,-2.6532192076920804,-2.6532192076920804
22,19.44308151312871,2.5569184868712895,2.5569184868712895
204,203.65993915443812,0.34006084556187943,0.34006084556187943
43,50.60026069765546,-7.600260697655457,-7.600260697655457
186,189.11053770951898,-3.1105377095189795,-3.1105377095189795
75,73.65459362429604,1.3454063757039592,1.3454063757039592
80,68.9052250283038,11.094774971696197,11.094774971696197
174,181.82667022011407,-7.826670220114067,-7.826670220114067
14,21.156133595772747,-7.156133595772747,-7.156133595772747
93,91.94497845306832,1.055021546931684,1.055021546931684
28,32.79891306364093,-4.798913063640931,-4.798913063640931
123,107.10781595473918,15.89218404526082,15.89218404526082
30,48.13609828686374,-18.136098286863742,-18.136098286863742
28,30.867739989745356,-2.867739989745356,-2.867739989745356
208,206.15521884347964,1.8447811565203551,1.8447811565203551
99,121.70003251232129,-22.700032512321286,-22.700032512321286
95,95.2641024277114,-0.264102427711407,-0.264102427711407
76,93.95201329827937,-17.95201329827937,-17.95201329827937
61,46.23581053089101,14.764189469108992,14.764189469108992
150,137.97367343213006,12.026326567869944,12.026326567869944
27,27.991767685141024,-0.9917676851410242,-0.9917676851410242
88,65.58900864729682,22.410991352703178,22.410991352703178
145,168.97670266616342,-23.97670266616342,-23.97670266616342
70,73.14414603068775,-3.1441460306877502,-3.1441460306877502
55,58.24132155595026,-3.2413215559502575,-3.2413215559502575
155,141.19551299710494,13.804487002895058,13.804487002895058
134,140.34112980469914,-6.341129804699136,-6.341129804699136
2,8.30920682377682,-6.309206823776821,-6.309206823776821
46,53.56868274019071,-7.5686827401907095,-7.5686827401907095
59,84.65887762670125,-25.658877626701255,-25.658877626701255
104,91.94878746407366,12.05121253592634,12.05121253592634
41,50.26053111936585,-9.26053111936585,-9.26053111936585
180,184.21863536350767,-4.218635363507673,-4.218635363507673
140,135.96461225479476,4.035387745205242,4.035387745205242
87,84.63677546427645,2.363224535723546,2.363224535723546
0,5.509677712049222,-5.509677712049222,-5.509677712049222
81,104.50177015945461,-23.50177015945461,-23.50177015945461
116,106.52016030685287,9.479839693147127,9.479839693147127
1,3.8369936741680717,-2.8369936741680717,-2.8369936741680717
9,15.753307285401036,-6.753307285401036,-6.753307285401036
73,57.44107535011484,15.558924649885157,15.558924649885157
16,14.595486656705905,1.404513343294095,1.404513343294095
30,23.7403276486563,6.259672351343699,6.259672351343699
147,154.38383862814533,-7.383838628145327,-7.383838628145327
67,84.28042392528614,-17.280423925286144,-17.280423925286144
99,99.4439329093569,-0.4439329093569029,-0.4439329093569029
87,67.19600012401698,19.803999875983024,19.803999875983024
125,123.64681074689186,1.353189253108141,1.353189253108141
18,41.52533034909667,-23.52533034909667,-23.52533034909667
145,142.56713463839947,2.432865361600534,2.432865361600534
66,56.92884906153632,9.071150938463681,9.071150938463681
68,62.03460785861168,5.965392141388321,5.965392141388321
13,14.620825798149479,-1.620825798149479,-1.620825798149479
110,100.1294979286552,9.870502071344802,9.870502071344802
69,57.65336407427848,11.346635925721522,11.346635925721522
33,20.4395232661836,12.560476733816401,12.560476733816401
87,115.10208596805667,-28.10208596805667,-28.10208596805667
3,20.449224978733525,-17.449224978733525,-17.449224978733525
190,183.47023962259746,6.529760377402539,6.529760377402539
48,36.10668408418119,11.89331591581881,11.89331591581881
38,40.952663854919024,-2.952663854919024,-2.952663854919024
93,101.4459101560474,-8.445910156047404,-8.445910156047404
198,191.10165590654225,6.898344093457752,6.898344093457752
79,64.32841929509374,14.671580704906262,14.671580704906262
51,51.88585254965625,-0.8858525496562493,-0.8858525496562493
79,69.32983764331708,9.670162356682923,9.670162356682923
56,51.358827868130035,4.641172131869965,4.641172131869965
76,84.02803208050157,-8.028032080501575,-8.028032080501575
44,46.02221521729847,-2.0222152172984735,-2.0222152172984735
76,83.67263569946081,-7.6726356994608125,-7.6726356994608125
8,12.097893451191132,-4.097893451191132,-4.097893451191132
189,181.11672821738162,7.88327178261838,7.88327178261838
65,82.92198373248469,-17.92198373248469,-17.92198373248469
29,37.8652855949776,-8.8652855949776,-8.8652855949776
182,185.38764133538314,-3.3876413353831367,-3.3876413353831367
126,135.57288034967803,-9.57288034967803,-9.57288034967803
172,180.55036992020723,-8.550369920207231,-8.550369920207231
31,15.30706590549211,15.69293409450789,15.69293409450789
39,31.617107334946137,7.382892665053863,7.382892665053863
44,54.97827301355213,-10.978273013552133,-10.978273013552133
80,72.38708631046362,7.612913689536384,7.612913689536384
15,19.223242685336597,-4.223242685336597,-4.223242685336597
10,12.670364737112514,-2.6703647371125143,-2.6703647371125143
113,118.94041991591463,-5.940419915914632,-5.940419915914632
82,68.46249955816504,13.537500441834965,13.537500441834965
64,59.53101939346579,4.46898060653421,4.46898060653421
103,87.34206027754688,15.657939722453122,15.657939722453122
24,31.220262115742198,-7.220262115742198,-7.220262115742198
48,19.854404397856673,28.145595602143327,28.145595602143327
39,38.28804595335174,0.711954046648259,0.711954046648259
138,114.57855705337778,23.42144294662222,23.42144294662222
88,89.35165172415101,-1.3516517241510115,-1.3516517241510115
35,28.369143610512783,6.630856389487217,6.630856389487217
122,121.41555012112283,0.5844498788771659,0.5844498788771659
18,39.972892349587426,-21.972892349587426,-21.972892349587426
29,12.256353318155856,16.743646681844144,16.743646681844144
83,58.46721736968505,24.532782630314948,24.532782630314948
35,39.8078184813302,-4.807818481330202,-4.807818481330202
46,69.19716073982927,-23.197160739829272,-23.197160739829272
211,198.4333836563874,12.566616343612594,12.566616343612594
75,84.91919901281032,-9.919199012810324,-9.919199012810324
65,60.85986378354797,4.140136216452028,4.140136216452028
48,44.57735355698658,3.42264644301342,3.42264644301342
158,159.7096010023146,-1.7096010023145993,-1.7096010023145993
55,66.39978320680213,-11.399783206802127,-11.399783206802127
196,205.09434368952822,-9.094343689528216,-9.094343689528216
3,4.570529584556669,-1.5705295845566694,-1.5705295845566694
69,66.70605140719572,2.293948592804284,2.293948592804284
37,30.30247035744436,6.69752964255564,6.69752964255564
79,88.81449594486737,-9.814495944867375,-9.814495944867375
19,40.823929213606064,-21.823929213606064,-21.823929213606064
82,70.9181047011711,11.081895298828897,11.081895298828897
89,78.05147523015859,10.948524769841413,10.948524769841413
162,167.20762934773,-5.2076293477300055,-5.2076293477300055
95,97.58226496990868,-2.582264969908678,-2.582264969908678
51,66.68380922872213,-15.683809228722126,-15.683809228722126
77,91.67788847981379,-14.677888479813788,-14.677888479813788
103,118.3115092523087,-15.311509252308696,-15.311509252308696
31,27.050459591395988,3.949540408604012,3.949540408604012
47,51.28593624746812,-4.285936247468122,-4.285936247468122
40,35.57144183524648,4.428558164753518,4.428558164753518
78,72.31845445399058,5.681545546009417,5.681545546009417
31,44.33106993722212,-13.331069937222118,-13.331069937222118
25,24.035649735665164,0.9643502643348363,0.9643502643348363
84,84.93712427317946,-0.9371242731794638,-0.9371242731794638
57,51.970518743733805,5.029481256266195,5.029481256266195
82,70.85763214020847,11.142367859791534,11.142367859791534
45,48.66651266151564,-3.6665126615156396,-3.6665126615156396
99,112.94029345116651,-13.94029345116651,-13.94029345116651
156,153.13213142870208,2.867868571297919,2.867868571297919
35,24.69099222527277,10.309007774727231,10.309007774727231
0,11.309129759171581,-11.309129759171581,-11.309129759171581
74,75.6704045906233,-1.6704045906233063,-1.6704045906233063
58,63.467506934117445,-5.467506934117445,-5.467506934117445
61,50.97778780053648,10.022212199463517,10.022212199463517
163,156.0238860358745,6.976113964125489,6.976113964125489
64,75.85095750494143,-11.850957504941434,-11.850957504941434
184,191.45629558390004,-7.456295583900044,-7.456295583900044
131,141.75832339598517,-10.758323395985173,-10.758323395985173
51,63.09413743055418,-12.094137430554177,-12.094137430554177
20,10.084556228833822,9.915443771166178,9.915443771166178
35,19.763717636581163,15.236282363418837,15.236282363418837
103,91.62672018635534,11.373279813644658,11.373279813644658
164,186.2127917461318,-22.212791746131813,-22.212791746131813
84,80.65173553269189,3.3482644673081126,3.3482644673081126
35,38.70509056723198,-3.705090567231977,-3.705090567231977
62,51.19651625235045,10.803483747649551,10.803483747649551
133,137.7527318448167,-4.752731844816708,-4.752731844816708
31,47.0520741130002,-16.052074113000202,-16.052074113000202
22,32.72737016073389,-10.72737016073389,-10.72737016073389
166,152.49254641374424,13.507453586255764,13.507453586255764
147,134.81034192729973,12.189658072700269,12.189658072700269
79,86.01956525119455,-7.01956525119455,-7.01956525119455
6,22.96200469872064,-16.96200469872064,-16.96200469872064
37,20.882873626383752,16.117126373616248,16.117126373616248
49,58.18248119232787,-9.18248119232787,-9.18248119232787
163,152.30782145806867,10.692178541931327,10.692178541931327
79,87.47742258609917,-8.477422586099166,-8.477422586099166
147,142.68998919727622,4.310010802723781,4.310010802723781
53,60.28113423619455,-7.2811342361945535,-7.2811342361945535
177,171.14494487092608,5.855055129073918,5.855055129073918
160,136.04963339973608,23.95036660026392,23.95036660026392
95,84.04447374435627,10.955526255643733,10.955526255643733
200,193.5804926825149,6.419507317485113,6.419507317485113
46,42.74543180039975,3.25456819960025,3.25456819960025
2,13.563565912391228,-11.563565912391228,-11.563565912391228
112,118.53047799466559,-6.530477994665588,-6.530477994665588
6,12.33763014729449,-6.33763014729449,-6.33763014729449
65,89.32118744728629,-24.32118744728629,-24.32118744728629
60,66.33856011371472,-6.3385601137147205,-6.3385601137147205
20,14.47545519209462,5.5245448079053805,5.5245448079053805
78,55.09803046356636,22.90196953643364,22.90196953643364
31,29.33466128785485,1.6653387121451502,1.6653387121451502
0,3.5743307664705455,-3.5743307664705455,-3.5743307664705455
15,30.346897064545246,-15.346897064545246,-15.346897064545246
13,10.30119136564286,2.6988086343571407,2.6988086343571407
21,37.88655558265733,-16.88655558265733,-16.88655558265733
37,24.753606000828064,12.246393999171936,12.246393999171936
70,86.37258471456511,-16.372584714565107,-16.372584714565107
184,176.96399932643737,7.036000673562626,7.036000673562626
99,95.92491607964503,3.0750839203549702,3.0750839203549702
78,77.57062577003761,0.4293742299623915,0.4293742299623915
101,78.35810086376421,22.641899136235793,22.641899136235793
48,31.871761590917735,16.128238409082265,16.128238409082265
23,18.63528294196308,4.36471705803692,4.36471705803692
91,79.91498460071399,11.085015399286007,11.085015399286007
91,78.19154941033459,12.808450589665412,12.808450589665412
2,4.754405041310405,-2.754405041310405,-2.754405041310405
82,67.07156065729589,14.92843934270411,14.92843934270411
69,65.62314493862107,3.376855061378933,3.376855061378933
5,18.70066626464601,-13.70066626464601,-13.70066626464601
98,107.65308151412731,-9.653081514127308,-9.653081514127308
46,66.85872253849966,-20.858722538499663,-20.858722538499663
113,106.92056137680771,6.079438623192289,6.079438623192289
37,50.15061127844611,-13.150611278446107,-13.150611278446107
168,177.07387731997142,-9.073877319971416,-9.073877319971416
48,51.26014705543428,-3.260147055434281,-3.260147055434281
66,63.47519206293005,2.5248079370699514,2.5248079370699514
71,90.98919480694516,-19.989194806945164,-19.989194806945164
95,103.19126297118737,-8.19126297118737,-8.19126297118737
119,113.49182087985808,5.508179120141918,5.508179120141918
10,23.440796869361343,-13.440796869361343,-13.440796869361343
40,47.83573036063173,-7.835730360631729,-7.835730360631729
185,192.35941563480043,-7.359415634800428,-7.359415634800428
26,21.971983990895705,4.028016009104295,4.028016009104295
29,20.82027265097976,8.17972734902024,8.17972734902024
111,106.05533446754367,4.944665532456327,4.944665532456327
10,31.325838328505114,-21.325838328505114,-21.325838328505114
124,118.5427374113318,5.4572625886682005,5.4572625886682005
27,27.728060839806822,-0.7280608398068225,-0.7280608398068225
66,54.620297319780676,11.379702680219324,11.379702680219324
18,31.144173380452095,-13.144173380452095,-13.144173380452095
45,45.018742763044074,-0.01874276304407374,-0.01874276304407374
107,88.92358712160704,18.076412878392958,18.076412878392958
67,78.57769873008876,-11.577698730088755,-11.577698730088755
55,61.68211447815891,-6.682114478158908,-6.682114478158908
73,80.11205579328154,-7.112055793281542,-7.112055793281542
47,35.59862828662513,11.401371713374871,11.401371713374871
55,45.94700399058839,9.052996009411608,9.052996009411608
96,86.203738247481,9.796261752519001,9.796261752519001
193,185.8785289896928,7.121471010307204,7.121471010307204
47,54.52432215253018,-7.524322152530182,-7.524322152530182
65,58.191057057932774,6.808942942067226,6.808942942067226
46,47.82822800528531,-1.828228005285311,-1.828228005285311
120,122.14392782953772,-2.1439278295377164,-2.1439278295377164
67,61.50159404055003,5.498405959449968,5.498405959449968
139,133.3810494896157,5.618950510384309,5.618950510384309
41,31.69434621272219,9.305653787277809,9.305653787277809
72,83.64493166484516,-11.64493166484516,-11.64493166484516
142,118.51641116122684,23.48358883877316,23.48358883877316
72,62.229317526104964,9.770682473895036,9.770682473895036
56,62.01576588010819,-6.015765880108191,-6.015765880108191
99,99.59329104079953,-0.593291040799528,-0.593291040799528
204,200.02669627032455,3.9733037296754503,3.9733037296754503
99,79.97830123120313,19.021698768796867,19.021698768796867
74,97.24821759974513,-23.248217599745132,-23.248217599745132
114,103.14938713119476,10.850612868805243,10.850612868805243
69,78.60802105882533,-9.60802105882533,-9.60802105882533
115,109.9463407362302,5.053659263769802,5.053659263769802
182,185.42192803814203,-3.4219280381420276,-3.4219280381420276
24,23.68585376983113,0.3141462301688698,0.3141462301688698
123,108.320402426999,14.679597573001004,14.679597573001004
29,22.14968717235641,6.850312827643592,6.850312827643592
154,145.7321170957069,8.267882904293089,8.267882904293089
22,13.525055667621107,8.474944332378893,8.474944332378893
26,33.372018619922194,-7.372018619922194,-7.372018619922194
47,40.49388282985396,6.506117170146041,6.506117170146041
38,54.534629443043,-16.534629443043002,-16.534629443043002
94,114.61822363657946,-20.618223636579458,-20.618223636579458
155,158.5091538317541,-3.509153831754105,-3.509153831754105
27,25.297025835525734,1.7029741644742664,1.7029741644742664
59,69.73931459748634,-10.739314597486342,-10.739314597486342
33,19.218851169027367,13.781148830972633,13.781148830972633
74,65.48210787603976,8.517892123960237,8.517892123960237
194,191.49846210449223,2.5015378955077665,2.5015378955077665
20,27.954409184941237,-7.9544091849412375,-7.9544091849412375
55,43.12532555754972,11.874674442450278,11.874674442450278
139,136.8551627155019,2.144837284498095,2.144837284498095
26,12.817770870571945,13.182229129428055,13.182229129428055
46,47.72984126905627,-1.7298412690562728,-1.7298412690562728
100,107.34104576593246,-7.3410457659324635,-7.3410457659324635
6,10.792451561847567,-4.792451561847567,-4.792451561847567
123,131.65712464213777,-8.657124642137774,-8.657124642137774
41,47.14524256765558,-6.145242567655579,-6.145242567655579
81,79.04266336526062,1.9573366347393772,1.9573366347393772
0,10.330040323106827,-10.330040323106827,-10.330040323106827
9,11.344558461197584,-2.3445584611975843,-2.3445584611975843
76,77.56435451183742,-1.564354511837422,-1.564354511837422
47,48.09995368562879,-1.0999536856287904,-1.0999536856287904
67,58.37284810215965,8.62715189784035,8.62715189784035
150,136.5139173354674,13.486082664532603,13.486082664532603
6,7.719620668254086,-1.7196206682540858,-1.7196206682540858
49,49.443334450521206,-0.44333445052120624,-0.44333445052120624
144,138.1274749281934,5.872525071806592,5.872525071806592
100,97.34122092499918,2.6587790750008224,2.6587790750008224
67,54.33241721942704,12.667582780572957,12.667582780572957
75,76.4949292749311,-1.4949292749310956,-1.4949292749310956
55,54.29559551870719,0.7044044812928121,0.7044044812928121
55,68.06481366632956,-13.064813666329556,-13.064813666329556
12,40.71861435987721,-28.718614359877208,-28.718614359877208
100,97.201005030648,2.7989949693519947,2.7989949693519947
99,88.85399966253034,10.146000337469658,10.146000337469658
4,11.295891974388885,-7.295891974388885,-7.295891974388885
42,47.448757164255206,-5.4487571642552055,-5.4487571642552055
92,102.16497982845016,-10.164979828450157,-10.164979828450157
74,62.12637969155176,11.873620308448238,11.873620308448238
21,15.330760667235165,5.669239332764835,5.669239332764835
43,14.843381791635844,28.156618208364158,28.156618208364158
72,60.37352925813821,11.626470741861787,11.626470741861787
54,58.30874300207605,-4.308743002076049,-4.308743002076049
20,16.848006979193727,3.151993020806273,3.151993020806273
41,51.22196886257105,-10.221968862571053,-10.221968862571053
121,122.10622116943055,-1.1062211694305546,-1.1062211694305546
50,42.63408422356511,7.365915776434889,7.365915776434889
150,148.53912512918515,1.4608748708148482,1.4608748708148482
133,142.39273767025588,-9.392737670255883,-9.392737670255883
125,112.6879396103405,12.312060389659493,12.312060389659493
113,111.2892098510371,1.7107901489629,1.7107901489629
59,61.666583261603975,-2.666583261603975,-2.666583261603975
45,65.35838311833687,-20.358383118336874,-20.358383118336874
69,75.76161009384211,-6.761610093842108,-6.761610093842108
51,49.531019146572405,1.4689808534275954,1.4689808534275954
85,76.68991160095226,8.310088399047743,8.310088399047743
99,77.19713434134444,21.802865658655563,21.802865658655563
156,152.4261575564464,3.5738424435535876,3.5738424435535876
168,169.78327798261606,-1.783277982616056,-1.783277982616056
31,37.62019899013881,-6.62019899013881,-6.62019899013881
53,41.40077091845834,11.599229081541658,11.599229081541658
68,59.991830635940495,8.008169364059505,8.008169364059505
18,22.13415804886518,-4.1341580488651815,-4.1341580488651815
91,88.45128242323108,2.5487175767689223,2.5487175767689223
23,24.932344062135076,-1.9323440621350763,-1.9323440621350763
37,30.057541717737564,6.942458282262436,6.942458282262436
86,82.40660694961049,3.5933930503895084,3.5933930503895084
166,169.3014127211478,-3.3014127211478126,-3.3014127211478126
178,162.85978777754264,15.140212222457365,15.140212222457365
62,60.831129497672116,1.1688705023278843,1.1688705023278843
196,190.94764862636887,5.052351373631126,5.052351373631126
49,44.93803477549002,4.061965224509983,4.061965224509983
88,88.44208526103647,-0.4420852610364676,-0.4420852610364676
20,22.891616974638346,-2.891616974638346,-2.891616974638346
114,108.01812836065025,5.981871639349748,5.981871639349748
204,207.44951624161257,-3.449516241612571,-3.449516241612571
158,180.867295910042,-22.867295910042003,-22.867295910042003
70,81.50602082201354,-11.50602082201354,-11.50602082201354
16,13.684615318572947,2.3153846814270533,2.3153846814270533
138,143.45504730348483,-5.455047303484832,-5.455047303484832
166,182.6798877096811,-16.67988770968111,-16.67988770968111
28,34.66250223905164,-6.662502239051641,-6.662502239051641
94,89.3799438743053,4.620056125694703,4.620056125694703
39,49.21976442325914,-10.219764423259143,-10.219764423259143
10,7.2762481283672775,2.7237518716327225,2.7237518716327225
57,56.997968888827316,0.0020311111726840636,0.0020311111726840636
40,47.599986555740436,-7.599986555740436,-7.599986555740436
40,31.10031187866561,8.899688121334389,8.899688121334389
66,68.65225411838932,-2.6522541183893225,-2.6522541183893225
13,21.117666111026292,-8.117666111026292,-8.117666111026292
129,130.7129758139937,-1.712975813993694,-1.712975813993694
124,114.08369244656208,9.916307553437917,9.916307553437917
86,70.33514613254077,15.664853867459229,15.664853867459229
45,29.78867832440451,15.211321675595489,15.211321675595489
164,154.4329083226485,9.567091677351499,9.567091677351499
161,158.08547273549115,2.9145272645088482,2.9145272645088482
157,169.24633789479975,-12.246337894799751,-12.246337894799751
88,93.45402468487525,-5.45402468487525,-5.45402468487525
4,18.711643526182552,-14.711643526182552,-14.711643526182552
61,81.22829666165397,-20.22829666165397,-20.22829666165397
69,72.83425146598505,-3.834251465985048,-3.834251465985048
30,43.12406155908479,-13.124061559084787,-13.124061559084787
208,201.7830731603583,6.216926839641701,6.216926839641701
62,53.12382824205262,8.876171757947382,8.876171757947382
48,44.067951642491636,3.9320483575083642,3.9320483575083642
0,2.576911751904757,-2.576911751904757,-2.576911751904757
22,21.404078135837736,0.5959218641622641,0.5959218641622641
7,18.668860730718368,-11.668860730718368,-11.668860730718368
205,203.19245013107766,1.8075498689223366,1.8075498689223366
42,33.739714256836805,8.260285743163195,8.260285743163195
28,30.507499731834947,-2.5074997318349475,-2.5074997318349475
34,36.745786563299404,-2.7457865632994043,-2.7457865632994043
123,118.98077001481374,4.019229985186257,4.019229985186257
85,65.73165723658701,19.26834276341299,19.26834276341299
30,24.49968457900461,5.500315420995388,5.500315420995388
50,64.8165595658669,-14.816559565866896,-14.816559565866896
101,109.69864904899772,-8.698649048997723,-8.698649048997723
8,11.656730190516857,-3.656730190516857,-3.656730190516857
49,53.55196150097747,-4.55196150097747,-4.55196150097747
133,112.72222014759218,20.277779852407818,20.277779852407818
55,55.51179054540698,-0.5117905454069813,-0.5117905454069813
17,25.32766899713128,-8.32766899713128,-8.32766899713128
15,22.258847768708137,-7.2588477687081365,-7.2588477687081365
130,146.80302398992487,-16.803023989924867,-16.803023989924867
35,37.6749040177826,-2.674904017782602,-2.674904017782602
38,29.16222711110757,8.837772888892431,8.837772888892431
4,22.131821211506015,-18.131821211506015,-18.131821211506015
32,33.96600510360404,-1.96600510360404,-1.96600510360404
23,20.870947933757108,2.129052066242892,2.129052066242892
49,38.31528633108032,10.684713668919677,10.684713668919677
13,24.464854758505698,-11.464854758505698,-11.464854758505698
171,168.17227632708475,2.827723672915255,2.827723672915255
51,51.240072228723655,-0.24007222872365475,-0.24007222872365475
137,148.5675092369779,-11.567509236977912,-11.567509236977912
17,30.64075912615681,-13.640759126156809,-13.640759126156809
98,100.39812448198452,-2.3981244819845244,-2.3981244819845244
90,84.53469079646878,5.46530920353122,5.46530920353122
83,76.27538317925494,6.724616820745055,6.724616820745055
60,64.01032809673963,-4.010328096739627,-4.010328096739627
46,58.462303845846705,-12.462303845846705,-12.462303845846705
41,54.55376002605827,-13.55376002605827,-13.55376002605827
62,34.808657175706344,27.191342824293656,27.191342824293656
103,99.24694222386105,3.753057776138945,3.753057776138945
91,66.1387735777223,24.861226422277696,24.861226422277696
35,44.8310534886126,-9.831053488612604,-9.831053488612604
209,207.40084723289232,1.5991527671076824,1.5991527671076824
100,80.62856837376809,19.37143162623191,19.37143162623191
42,43.57502888393454,-1.575028883934543,-1.575028883934543
11,14.773484322717355,-3.773484322717355,-3.773484322717355
41,62.23314681078443,-21.233146810784433,-21.233146810784433
27,21.882771141034695,5.117228858965305,5.117228858965305
26,39.82331882574591,-13.823318825745908,-13.823318825745908
12,11.424550585842937,0.5754494141570632,0.5754494141570632
45,60.19792968554122,-15.197929685541219,-15.197929685541219
85,89.09888323753715,-4.098883237537152,-4.098883237537152
50,42.33586680851331,7.664133191486691,7.664133191486691
92,80.18590789912545,11.814092100874547,11.814092100874547
84,81.4177691327055,2.5822308672944985,2.5822308672944985
47,40.70531442206888,6.294685577931119,6.294685577931119
83,86.30102585214507,-3.3010258521450737,-3.3010258521450737
45,57.59040709314515,-12.590407093145153,-12.590407093145153
39,51.872519224846805,-12.872519224846805,-12.872519224846805
188,192.52858351503355,-4.528583515033546,-4.528583515033546
58,51.21007229676506,6.789927703234937,6.789927703234937
29,26.154191717502723,2.845808282497277,2.845808282497277
116,96.90683192602587,19.093168073974127,19.093168073974127
88,86.05875566580282,1.9412443341971795,1.9412443341971795
193,181.15530812240112,11.844691877598876,11.844691877598876
47,49.79414241697947,-2.7941424169794686,-2.7941424169794686
52,38.76620705662925,13.233792943370752,13.233792943370752
109,114.67763788518279,-5.67763788518279,-5.67763788518279
182,197.42956296093695,-15.429562960936948,-15.429562960936948
191,197.3368635747439,-6.336863574743887,-6.336863574743887
145,155.6262261410399,-10.626226141039893,-10.626226141039893
134,138.21946415705625,-4.219464157056251,-4.219464157056251
116,131.74260011824558,-15.742600118245576,-15.742600118245576
41,29.342407053180096,11.657592946819904,11.657592946819904
19,36.160493955086466,-17.160493955086466,-17.160493955086466
61,76.74317076535479,-15.74317076535479,-15.74317076535479
50,59.77976374439505,-9.779763744395048,-9.779763744395048
11,4.24739918394722,6.75260081605278,6.75260081605278
45,29.476107901782644,15.523892098217356,15.523892098217356
22,29.156165509103843,-7.156165509103843,-7.156165509103843
211,195.8087228717668,15.191277128233196,15.191277128233196
57,64.21731457186397,-7.217314571863966,-7.217314571863966
0,12.54869311194487,-12.54869311194487,-12.54869311194487
183,171.53450193879627,11.465498061203732,11.465498061203732
62,55.937557896665226,6.062442103334774,6.062442103334774
93,106.2208518727824,-13.220851872782404,-13.220851872782404
131,118.389235885944,12.610764114055996,12.610764114055996
76,64.9509914899075,11.049008510092506,11.049008510092506
119,125.52520608007288,-6.525206080072877,-6.525206080072877
107,105.66732500592451,1.3326749940754894,1.3326749940754894
48,42.59498173045288,5.405018269547121,5.405018269547121
190,181.36999428120234,8.630005718797662,8.630005718797662
43,44.42401566795148,-1.4240156679514797,-1.4240156679514797
27,18.206251847774865,8.793748152225135,8.793748152225135
44,43.36044726376803,0.6395527362319697,0.6395527362319697
69,69.12611569126156,-0.12611569126156041,-0.12611569126156041
75,81.09285543690991,-6.092855436909915,-6.092855436909915
22,15.280549351718614,6.719450648281386,6.719450648281386
67,64.48161901357926,2.5183809864207376,2.5183809864207376
0,12.783584935186216,-12.783584935186216,-12.783584935186216
75,84.03387890136095,-9.03387890136095,-9.03387890136095
58,70.48016338999692,-12.480163389996918,-12.480163389996918
73,70.22165927858033,2.778340721419667,2.778340721419667
0,2.1405764150683257,-2.1405764150683257,-2.1405764150683257
31,35.21675320639825,-4.216753206398252,-4.216753206398252
80,89.12760497318493,-9.12760497318493,-9.12760497318493
56,57.54481221432532,-1.5448122143253187,-1.5448122143253187
138,141.0602377997152,-3.060237799715196,-3.060237799715196
82,61.24064314155967,20.759356858440327,20.759356858440327
74,59.066625107562594,14.933374892437406,14.933374892437406
176,192.23909166920768,-16.23909166920768,-16.23909166920768
200,200.2864707210221,-0.2864707210221127,-0.2864707210221127
35,44.24005240517355,-9.24005240517355,-9.24005240517355
73,59.68349328302981,13.316506716970189,13.316506716970189
75,79.16426755616888,-4.1642675561688804,-4.1642675561688804
49,42.67328600951981,6.326713990480187,6.326713990480187
56,59.699659654704305,-3.6996596547043055,-3.6996596547043055
90,92.69221135577921,-2.6922113557792073,-2.6922113557792073
89,87.63865270177281,1.3613472982271873,1.3613472982271873
33,33.69949909186621,-0.6994990918662083,-0.6994990918662083
34,24.435487014326814,9.564512985673186,9.564512985673186
84,77.47551921699116,6.5244807830088405,6.5244807830088405
55,30.14999964502017,24.85000035497983,24.85000035497983
61,58.742328887838895,2.2576711121611055,2.2576711121611055
112,123.02275516358227,-11.022755163582275,-11.022755163582275
82,67.10909253364764,14.89090746635236,14.89090746635236
37,16.649561494569504,20.350438505430496,20.350438505430496
0,10.276236181185014,-10.276236181185014,-10.276236181185014
73,58.01553070012755,14.984469299872451,14.984469299872451
51,53.279514021626646,-2.279514021626646,-2.279514021626646
69,68.95742753228079,0.04257246771921075,0.04257246771921075
4,15.03256943756583,-11.03256943756583,-11.03256943756583
131,122.48864331668848,8.511356683311519,8.511356683311519
76,91.10009109431412,-15.100091094314124,-15.100091094314124
40,30.7233949037078,9.2766050962922,9.2766050962922
52,54.39238235132013,-2.39238235132013,-2.39238235132013
59,68.47080947236785,-9.470809472367847,-9.470809472367847
68,59.16811270243829,8.831887297561707,8.831887297561707
56,65.31657715941606,-9.316577159416056,-9.316577159416056
139,148.25906239011536,-9.25906239011536,-9.25906239011536
75,77.55599663365022,-2.5559966336502242,-2.5559966336502242
127,130.85640250589339,-3.856402505893385,-3.856402505893385
2,6.4927645451247145,-4.4927645451247145,-4.4927645451247145
131,134.05281633798754,-3.0528163379875366,-3.0528163379875366
72,91.56094138094437,-19.56094138094437,-19.56094138094437
144,146.99822875424368,-2.9982287542436836,-2.9982287542436836
49,27.879302159286777,21.120697840713223,21.120697840713223
39,63.74838951351398,-24.748389513513978,-24.748389513513978
196,189.26015402860153,6.739845971398466,6.739845971398466
112,110.11618804386133,1.883811956138672,1.883811956138672
6,0.4250080724647715,5.574991927535229,5.574991927535229
108,113.68952356450214,-5.689523564502139,-5.689523564502139
35,28.487882102948205,6.512117897051795,6.512117897051795
65,71.8752927501754,-6.875292750175404,-6.875292750175404
48,44.19606255075441,3.8039374492455877,3.8039374492455877
86,74.3486039265767,11.6513960734233,11.6513960734233
179,182.23307431473555,-3.2330743147355463,-3.2330743147355463
82,96.18935218304732,-14.189352183047319,-14.189352183047319
141,137.98676511051656,3.013234889483442,3.013234889483442
0,-0.7123500379716077,0.7123500379716077,0.7123500379716077
74,80.29831768792968,-6.298317687929682,-6.298317687929682
123,115.2374798374121,7.762520162587904,7.762520162587904
101,95.88389305293626,5.1161069470637415,5.1161069470637415
145,147.4044288270936,-2.4044288270935965,-2.4044288270935965
23,14.329347095833665,8.670652904166335,8.670652904166335
61,59.2546359557342,1.7453640442657985,1.7453640442657985
161,165.05246332264792,-4.052463322647924,-4.052463322647924
44,30.04646623320482,13.953533766795179,13.953533766795179
165,186.33358141342757,-21.333581413427567,-21.333581413427567
9,23.18549175078324,-14.185491750783239,-14.185491750783239
40,56.633713236922645,-16.633713236922645,-16.633713236922645
53,53.42564801111342,-0.42564801111341666,-0.42564801111341666
170,172.2279936522135,-2.227993652213513,-2.227993652213513
30,40.79607320323802,-10.796073203238024,-10.796073203238024
9,40.720690037922225,-31.720690037922225,-31.720690037922225
31,39.91035965098631,-8.910359650986308,-8.910359650986308
205,183.08368485308475,21.916315146915252,21.916315146915252
62,44.80388236812752,17.196117631872482,17.196117631872482
61,71.06304831459069,-10.063048314590688,-10.063048314590688
62,94.18563178261638,-32.18563178261638,-32.18563178261638
152,145.298860870509,6.701139129490997,6.701139129490997
84,83.03532523637936,0.9646747636206356,0.9646747636206356
51,60.06113432506662,-9.061134325066618,-9.061134325066618
187,175.3593573045958,11.64064269540421,11.64064269540421
183,188.46640747531703,-5.466407475317027,-5.466407475317027
80,88.46923578047418,-8.469235780474179,-8.469235780474179
142,136.12350484719818,5.876495152801823,5.876495152801823
13,18.63948532120552,-5.63948532120552,-5.63948532120552
137,143.84501393829737,-6.84501393829737,-6.84501393829737
30,19.54885762630945,10.451142373690551,10.451142373690551
13,19.88345485701918,-6.883454857019181,-6.883454857019181
53,65.1961502662136,-12.196150266213607,-12.196150266213607
81,79.46239936649093,1.5376006335090722,1.5376006335090722
11,6.438956055290731,4.561043944709269,4.561043944709269
63,64.05178068366313,-1.0517806836631252,-1.0517806836631252
118,115.88856680948986,2.111433190510141,2.111433190510141
83,70.08653522043352,12.913464779566482,12.913464779566482
22,23.680080611082342,-1.6800806110823423,-1.6800806110823423
152,167.01147943272008,-15.01147943272008,-15.01147943272008
66,83.19945523168721,-17.19945523168721,-17.19945523168721
135,108.81035575627025,26.189644243729745,26.189644243729745
63,52.353170763612816,10.646829236387184,10.646829236387184
174,172.86284860504006,1.1371513949599432,1.1371513949599432
77,86.50162542665541,-9.501625426655409,-9.501625426655409
52,34.592556688758926,17.407443311241074,17.407443311241074
33,38.747559147580354,-5.747559147580354,-5.747559147580354
48,56.24094412051644,-8.240944120516438,-8.240944120516438
169,171.34216051560088,-2.342160515600881,-2.342160515600881
2,28.237414604536013,-26.237414604536013,-26.237414604536013
42,37.319913412135804,4.680086587864196,4.680086587864196
103,78.51328365015276,24.486716349847242,24.486716349847242
29,32.07557958015279,-3.075579580152791,-3.075579580152791
135,138.7773894372985,-3.7773894372984955,-3.7773894372984955
182,195.0000590812403,-13.000059081240295,-13.000059081240295
31,38.64914386242502,-7.649143862425021,-7.649143862425021
54,56.1916789294602,-2.1916789294602026,-2.1916789294602026
44,36.93500581974758,7.06499418025242,7.06499418025242
53,66.38086890700596,-13.380868907005961,-13.380868907005961
44,53.18078941794601,-9.18078941794601,-9.18078941794601
102,99.2989971895103,2.7010028104896975,2.7010028104896975
62,37.48061684446058,24.519383155539423,24.519383155539423
43,66.49448251674586,-23.49448251674586,-23.49448251674586
124,108.52790293290086,15.472097067099142,15.472097067099142
40,43.92939964568381,-3.9293996456838087,-3.9293996456838087
210,206.72789731111877,3.2721026888812332,3.2721026888812332
55,58.458859914940426,-3.458859914940426,-3.458859914940426
61,55.517175834529304,5.482824165470696,5.482824165470696
5,18.56038702949509,-13.56038702949509,-13.56038702949509
118,111.09600375609841,6.903996243901588,6.903996243901588
29,27.980967521072007,1.0190324789279934,1.0190324789279934
44,62.37783319476662,-18.377833194766623,-18.377833194766623
168,177.28608458309756,-9.286084583097562,-9.286084583097562
63,54.77904711583766,8.220952884162337,8.220952884162337
143,149.68492913338164,-6.684929133381644,-6.684929133381644
67,53.0957827060599,13.9042172939401,13.9042172939401
71,57.32896137191595,13.671038628084048,13.671038628084048
34,22.60776033035056,11.392239669649442,11.392239669649442
175,166.33684381885058,8.663156181149418,8.663156181149418
24,26.473622205677778,-2.4736222056777777,-2.4736222056777777
107,123.20774524617656,-16.207745246176557,-16.207745246176557
28,25.14290916506333,2.8570908349366704,2.8570908349366704
30,41.2570493428322,-11.257049342832197,-11.257049342832197
66,63.326544851995514,2.6734551480044857,2.6734551480044857
79,72.50117515129644,6.498824848703563,6.498824848703563
179,180.97719759507942,-1.9771975950794172,-1.9771975950794172
47,59.33544894260867,-12.335448942608672,-12.335448942608672
73,82.41838129593474,-9.418381295934736,-9.418381295934736
134,135.02939824869702,-1.0293982486970208,-1.0293982486970208
56,56.154574219992945,-0.15457421999294496,-0.15457421999294496
173,160.3394717830546,12.660528216945409,12.660528216945409
67,55.90611458418772,11.09388541581228,11.09388541581228
205,188.5729590377875,16.427040962212487,16.427040962212487
110,111.02833875278567,-1.0283387527856718,-1.0283387527856718
17,6.801855819092858,10.198144180907143,10.198144180907143
18,8.228771256705263,9.771228743294737,9.771228743294737
100,102.86162661705826,-2.8616266170582634,-2.8616266170582634
54,52.64969396480572,1.3503060351942793,1.3503060351942793
160,135.98428469847983,24.015715301520174,24.015715301520174
58,79.84322894071738,-21.84322894071738,-21.84322894071738
18,8.965124891287465,9.034875108712535,9.034875108712535
59,58.944937773001115,0.05506222699888497,0.05506222699888497
181,181.73396692976905,-0.7339669297690534,-0.7339669297690534
73,74.69005352544495,-1.6900535254449522,-1.6900535254449522
54,54.54450887050199,-0.5445088705019927,-0.5445088705019927
11,28.230765784229146,-17.230765784229146,-17.230765784229146
29,18.40946591464919,10.59053408535081,10.59053408535081
24,30.7932792846775,-6.793279284677499,-6.793279284677499
0,11.87409406761698,-11.87409406761698,-11.87409406761698
113,124.25065877442252,-11.250658774422519,-11.250658774422519
0,9.604206170069972,-9.604206170069972,-9.604206170069972
127,146.3431448093669,-19.34314480936689,-19.34314480936689
21,23.287607162414613,-2.287607162414613,-2.287607162414613
116,116.56786161643343,-0.5678616164334329,-0.5678616164334329
32,34.80461223085704,-2.804612230857039,-2.804612230857039
0,3.873062664730046,-3.873062664730046,-3.873062664730046
57,39.815744734848785,17.184255265151215,17.184255265151215
54,58.24083087768431,-4.24083087768431,-4.24083087768431
67,76.4748163649687,-9.474816364968703,-9.474816364968703
125,128.45918417478754,-3.459184174787538,-3.459184174787538
33,24.10375709346887,8.896242906531128,8.896242906531128
46,44.279404568758224,1.720595431241776,1.720595431241776
63,68.86764965757547,-5.86764965757547,-5.86764965757547
54,41.47961515645665,12.520384843543347,12.520384843543347
59,57.07048100927392,1.9295189907260806,1.9295189907260806
19,21.23467660543468,-2.2346766054346787,-2.2346766054346787
154,171.74085247880575,-17.74085247880575,-17.74085247880575
46,35.8322345236302,10.167765476369802,10.167765476369802
132,137.04255369992705,-5.042553699927055,-5.042553699927055
86,76.47834540696715,9.52165459303285,9.52165459303285
182,160.08401654249306,21.91598345750694,21.91598345750694
17,5.368611414805311,11.631388585194689,11.631388585194689
109,114.5415722157,-5.5415722157000005,-5.5415722157000005
154,164.16054371023407,-10.160543710234066,-10.160543710234066
193,193.5779606705409,-0.5779606705409037,-0.5779606705409037
87,87.49882253982678,-0.4988225398267758,-0.4988225398267758
32,16.40108155267058,15.598918447329421,15.598918447329421
46,67.37290599992807,-21.372905999928065,-21.372905999928065
11,21.6656903385117,-10.665690338511698,-10.665690338511698
49,35.37556201121743,13.624437988782567,13.624437988782567
4,9.223342147115362,-5.223342147115362,-5.223342147115362
170,172.69584633625442,-2.6958463362544194,-2.6958463362544194
83,69.64944130638362,13.350558693616378,13.350558693616378
6,34.69689715307568,-28.696897153075682,-28.696897153075682
49,49.2008019590085,-0.20080195900850129,-0.20080195900850129
23,12.93648026275043,10.06351973724957,10.06351973724957
118,121.95302181876808,-3.953021818768079,-3.953021818768079
84,80.0643186888494,3.935681311150603,3.935681311150603
77,68.97471843051898,8.025281569481024,8.025281569481024
62,73.65159814064792,-11.65159814064792,-11.65159814064792
192,173.84025674536053,18.159743254639466,18.159743254639466
64,60.72115773261652,3.2788422673834816,3.2788422673834816
62,40.51569460937174,21.484305390628258,21.484305390628258
46,48.30677948922397,-2.3067794892239704,-2.3067794892239704
80,65.26992446714995,14.730075532850051,14.730075532850051
167,158.6925628182014,8.307437181798605,8.307437181798605
189,189.63976418131313,-0.6397641813131258,-0.6397641813131258
82,80.2129900591333,1.787009940866696,1.787009940866696
0,11.177399759563466,-11.177399759563466,-11.177399759563466
22,12.86582577141436,9.13417422858564,9.13417422858564
80,66.19133057970028,13.808669420299722,13.808669420299722
140,149.79762168671462,-9.79762168671462,-9.79762168671462
17,9.047135625759285,7.952864374240715,7.952864374240715
24,25.756334117230264,-1.7563341172302636,-1.7563341172302636
187,189.01041154049787,-2.01041154049787,-2.01041154049787
197,205.39062571593138,-8.390625715931378,-8.390625715931378
59,70.26819174973978,-11.268191749739785,-11.268191749739785
24,15.938521643671063,8.061478356328937,8.061478356328937
18,16.766341407922233,1.2336585920777665,1.2336585920777665
212,195.1596949716295,16.840305028370494,16.840305028370494
69,55.44107851867236,13.558921481327637,13.558921481327637
139,150.21603606667617,-11.216036066676168,-11.216036066676168
102,110.79874402317354,-8.79874402317354,-8.79874402317354
74,78.09993570010299,-4.099935700102989,-4.099935700102989
82,88.85551163526735,-6.855511635267348,-6.855511635267348
30,37.709746769525495,-7.709746769525495,-7.709746769525495
55,56.24228359140435,-1.2422835914043517,-1.2422835914043517
0,1.2515200400218562,-1.2515200400218562,-1.2515200400218562
187,192.9806554286575,-5.9806554286575135,-5.9806554286575135
21,22.53098642434162,-1.53098642434162,-1.53098642434162
129,127.34513833822989,1.6548616617701128,1.6548616617701128
38,42.00234732109965,-4.0023473210996485,-4.0023473210996485
79,62.59142872542876,16.408571274571237,16.408571274571237
43,50.67772363277345,-7.67772363277345,-7.67772363277345
69,75.83357702393988,-6.833577023939881,-6.833577023939881
5,7.77705557537292,-2.77705557537292,-2.77705557537292
0,17.226277842634232,-17.226277842634232,-17.226277842634232
66,79.53989842153442,-13.539898421534417,-13.539898421534417
6,18.60303758579597,-12.60303758579597,-12.60303758579597
8,10.625802592903948,-2.6258025929039484,-2.6258025929039484
49,50.66878252024029,-1.668782520240292,-1.668782520240292
30,53.22958898369996,-23.229588983699962,-23.229588983699962
87,70.96411615487179,16.03588384512821,16.03588384512821
211,203.61124662792633,7.388753372073666,7.388753372073666
30,32.221507964640566,-2.2215079646405655,-2.2215079646405655
138,122.36420991734651,15.635790082653486,15.635790082653486
0,6.652429558536952,-6.652429558536952,-6.652429558536952
123,113.07451036963774,9.925489630362264,9.925489630362264
36,43.60615332227794,-7.60615332227794,-7.60615332227794
42,45.70619543763333,-3.7061954376333333,-3.7061954376333333
21,11.238992100686502,9.761007899313498,9.761007899313498
52,66.042814507336,-14.042814507336004,-14.042814507336004
63,59.620491115903825,3.3795088840961753,3.3795088840961753
0,18.329104159606953,-18.329104159606953,-18.329104159606953
46,56.808379965251554,-10.808379965251554,-10.808379965251554
0,5.970311416313015,-5.970311416313015,-5.970311416313015
61,69.58038928469183,-8.580389284691833,-8.580389284691833
20,22.33014154211711,-2.3301415421171114,-2.3301415421171114
172,171.92050769771396,0.07949230228604165,0.07949230228604165
50,38.961599865144386,11.038400134855614,11.038400134855614
30,20.364419138255958,9.635580861744042,9.635580861744042
48,50.12462255032152,-2.1246225503215186,-2.1246225503215186
46,52.82543592669921,-6.825435926699207,-6.825435926699207
31,29.301887440909837,1.6981125590901627,1.6981125590901627
5,19.85585783677895,-14.855857836778949,-14.855857836778949
120,132.71137276416064,-12.711372764160643,-12.711372764160643
56,59.574857701308886,-3.5748577013088862,-3.5748577013088862
185,192.2750258168524,-7.275025816852406,-7.275025816852406
194,195.31600073461536,-1.3160007346153577,-1.3160007346153577
118,138.67095806761435,-20.67095806761435,-20.67095806761435
48,59.88212522178479,-11.88212522178479,-11.88212522178479
72,59.67958141114158,12.320418588858423,12.320418588858423
65,42.74225788666398,22.257742113336022,22.257742113336022
0,-0.0515611626019017,0.0515611626019017,0.0515611626019017
185,165.0864708039344,19.91352919606561,19.91352919606561
14,23.795932518459285,-9.795932518459285,-9.795932518459285
90,83.81993064808353,6.180069351916472,6.180069351916472
187,179.35782541840427,7.642174581595725,7.642174581595725
82,95.74424437108438,-13.744244371084378,-13.744244371084378
6,5.563521024985144,0.43647897501485566,0.43647897501485566
60,55.68369829588101,4.316301704118992,4.316301704118992
85,86.63382016776325,-1.633820167763247,-1.633820167763247
19,22.115477901179013,-3.1154779011790126,-3.1154779011790126
0,2.5548087588246946,-2.5548087588246946,-2.5548087588246946
61,45.469423026080044,15.530576973919956,15.530576973919956
28,51.02543674852611,-23.02543674852611,-23.02543674852611
47,47.93501719896108,-0.9350171989610772,-0.9350171989610772
43,38.57307473599972,4.426925264000282,4.426925264000282
57,53.56336013364665,3.436639866353353,3.436639866353353
61,54.21792108087586,6.782078919124139,6.782078919124139
198,203.70623070716732,-5.706230707167322,-5.706230707167322
119,91.52572463895444,27.474275361045557,27.474275361045557
20,25.356535196486583,-5.356535196486583,-5.356535196486583
18,31.020718080577517,-13.020718080577517,-13.020718080577517
64,64.83021747068844,-0.8302174706884387,-0.8302174706884387
29,39.40389499911505,-10.403894999115053,-10.403894999115053
53,53.079434916515446,-0.07943491651544576,-0.07943491651544576
202,202.0781369033026,-0.0781369033026067,-0.0781369033026067
23,7.1187986488068455,15.881201351193155,15.881201351193155
198,195.45354633007645,2.546453669923551,2.546453669923551
74,76.79910210908692,-2.799102109086917,-2.799102109086917
62,50.73195105353304,11.268048946466962,11.268048946466962
185,178.88444357295296,6.115556427047039,6.115556427047039
183,177.18309412838562,5.816905871614381,5.816905871614381
172,192.42229358289072,-20.422293582890717,-20.422293582890717
58,51.30572445377703,6.694275546222968,6.694275546222968
52,45.19084413611818,6.80915586388182,6.80915586388182
58,59.13601378260172,-1.1360137826017223,-1.1360137826017223
117,109.58722281502573,7.412777184974274,7.412777184974274
103,94.1466584746966,8.853341525303406,8.853341525303406
208,184.0731912313845,23.9268087686155,23.9268087686155
157,172.92252031511433,-15.922520315114326,-15.922520315114326
177,183.2481690975759,-6.248169097575897,-6.248169097575897
74,66.384933929661,7.615066070338997,7.615066070338997
58,49.66807960197653,8.33192039802347,8.33192039802347
41,36.19544927322468,4.804550726775318,4.804550726775318
9,10.784085501980739,-1.784085501980739,-1.784085501980739
29,31.04212714463434,-2.042127144634339,-2.042127144634339
64,70.07745515255655,-6.077455152556553,-6.077455152556553
62,61.04767518576244,0.9523248142375635,0.9523248142375635
69,74.32515570062135,-5.325155700621352,-5.325155700621352
20,15.31816646273886,4.68183353726114,4.68183353726114
71,71.35694990304262,-0.35694990304261864,-0.35694990304261864
73,62.55562651136656,10.444373488633438,10.444373488633438
41,40.199074901822186,0.8009250981778138,0.8009250981778138
50,59.55688733884922,-9.556887338849222,-9.556887338849222
20,36.30891208419481,-16.30891208419481,-16.30891208419481
134,131.39215780716205,2.60784219283795,2.60784219283795
67,62.77308943815341,4.226910561846587,4.226910561846587
112,117.70235496491625,-5.702354964916253,-5.702354964916253
191,197.9931630123145,-6.993163012314511,-6.993163012314511
40,49.56796365717767,-9.567963657177671,-9.567963657177671
171,165.9163314864942,5.083668513505813,5.083668513505813
44,49.285698669156,-5.285698669155998,-5.285698669155998
24,28.382494951381634,-4.382494951381634,-4.382494951381634
44,67.11618214889155,-23.116182148891554,-23.116182148891554
53,41.65776783470289,11.342232165297112,11.342232165297112
112,116.03331085391963,-4.03331085391963,-4.03331085391963
53,57.959190277457424,-4.959190277457424,-4.959190277457424
63,53.88276122868314,9.117238771316863,9.117238771316863
119,113.93243883835193,5.067561161648072,5.067561161648072
25,12.133357954812851,12.866642045187149,12.866642045187149
73,78.94870613870631,-5.948706138706314,-5.948706138706314
46,48.12826696078846,-2.1282669607884586,-2.1282669607884586
21,17.1059319358027,3.894068064197299,3.894068064197299
8,18.153054737151876,-10.153054737151876,-10.153054737151876
49,44.5055811284147,4.494418871585303,4.494418871585303
58,61.33453716265306,-3.3345371626530635,-3.3345371626530635
133,124.11264832132416,8.887351678675842,8.887351678675842
92,101.99476741704474,-9.994767417044741,-9.994767417044741
134,132.75760340789188,1.242396592108122,1.242396592108122
40,36.624319488910714,3.3756805110892856,3.3756805110892856
189,176.76382675801722,12.236173241982783,12.236173241982783
8,30.022248421394995,-22.022248421394995,-22.022248421394995
26,6.883613813217501,19.1163861867825,19.1163861867825
66,59.26336088687974,6.736639113120262,6.736639113120262
20,8.896969404356696,11.103030595643304,11.103030595643304
153,153.35052331711907,-0.3505233171190696,-0.3505233171190696
83,81.5371113988104,1.4628886011896043,1.4628886011896043
23,12.823906147232025,10.176093852767975,10.176093852767975
21,42.733990528936495,-21.733990528936495,-21.733990528936495
209,208.74296605058734,0.25703394941265856,0.25703394941265856
37,40.201616967452885,-3.2016169674528854,-3.2016169674528854
200,200.48281224200616,-0.4828122420061618,-0.4828122420061618
17,5.513668753321902,11.486331246678098,11.486331246678098
93,82.06729548087563,10.932704519124371,10.932704519124371
168,174.1702796552054,-6.170279655205405,-6.170279655205405
39,36.52391152873704,2.476088471262962,2.476088471262962
83,84.1243853357969,-1.1243853357969016,-1.1243853357969016
36,35.83022666331719,0.16977333668280892,0.16977333668280892
57,64.9944976494876,-7.994497649487599,-7.994497649487599
123,115.47723116175396,7.522768838246037,7.522768838246037
21,28.157144082588637,-7.157144082588637,-7.157144082588637
34,30.992033449124335,3.007966550875665,3.007966550875665
38,51.98183130728403,-13.981831307284033,-13.981831307284033
116,130.48773233935526,-14.487732339355262,-14.487732339355262
66,65.89663004072538,0.10336995927461601,0.10336995927461601
137,143.76833287186668,-6.768332871866676,-6.768332871866676
47,53.008871307791146,-6.008871307791146,-6.008871307791146
42,51.512397058713624,-9.512397058713624,-9.512397058713624
21,21.38071917145123,-0.38071917145122924,-0.38071917145122924
61,52.38734367252713,8.61265632747287,8.61265632747287
26,30.007973938286817,-4.007973938286817,-4.007973938286817
52,65.38721050190618,-13.387210501906182,-13.387210501906182
80,68.65796731755154,11.342032682448462,11.342032682448462
53,33.02843837499744,19.971561625002558,19.971561625002558
44,53.977541926777285,-9.977541926777285,-9.977541926777285
43,38.48804033368908,4.511959666310922,4.511959666310922
212,209.05755761176488,2.942442388235122,2.942442388235122
65,59.357759954187586,5.6422400458124145,5.6422400458124145
183,174.83797565224594,8.162024347754055,8.162024347754055
45,52.01143331566193,-7.011433315661932,-7.011433315661932
31,43.25756960503724,-12.25756960503724,-12.25756960503724
9,16.78550461004288,-7.7855046100428815,-7.7855046100428815
0,10.928119713556702,-10.928119713556702,-10.928119713556702
1,13.660756999128184,-12.660756999128184,-12.660756999128184
82,77.40808121621302,4.59191878378698,4.59191878378698
54,52.621158344555504,1.3788416554444964,1.3788416554444964
6,13.372616029264766,-7.372616029264766,-7.372616029264766
16,26.099693186777635,-10.099693186777635,-10.099693186777635
81,66.36779352628987,14.632206473710127,14.632206473710127
50,45.564790859818366,4.435209140181634,4.435209140181634
64,59.58308191061398,4.416918089386023,4.416918089386023
99,112.88883557879069,-13.88883557879069,-13.88883557879069
95,82.76090348133198,12.23909651866802,12.23909651866802
20,12.200375934061357,7.799624065938643,7.799624065938643
36,25.69005689972404,10.309943100275959,10.309943100275959
115,108.39596995839703,6.604030041602968,6.604030041602968
28,37.63042783141251,-9.630427831412511,-9.630427831412511
54,54.96223023170281,-0.9622302317028115,-0.9622302317028115
38,27.813502613254926,10.186497386745074,10.186497386745074
119,122.16375426244129,-3.1637542624412873,-3.1637542624412873
76,76.35502849820301,-0.3550284982030121,-0.3550284982030121
8,13.974183903936938,-5.974183903936938,-5.974183903936938
156,151.87530211776323,4.124697882236774,4.124697882236774
15,23.48798571802083,-8.48798571802083,-8.48798571802083
7,7.945173141944717,-0.9451731419447169,-0.9451731419447169
126,124.66614009143778,1.3338599085622178,1.3338599085622178
20,16.90236100252826,3.0976389974717407,3.0976389974717407
114,123.95051437601023,-9.950514376010233,-9.950514376010233
0,11.74840152297845,-11.74840152297845,-11.74840152297845
177,173.31285908696805,3.6871409130319535,3.6871409130319535
13,36.638165059687395,-23.638165059687395,-23.638165059687395
30,45.644560172184,-15.644560172184,-15.644560172184
11,17.86751203449834,-6.86751203449834,-6.86751203449834
177,165.53609130461382,11.46390869538618,11.46390869538618
48,39.13374270734747,8.866257292652527,8.866257292652527
31,32.904194227157255,-1.9041942271572552,-1.9041942271572552
32,25.34963949637303,6.65036050362697,6.65036050362697
15,17.869049679991,-2.869049679991001,-2.869049679991001
35,50.86614016812466,-15.866140168124659,-15.866140168124659
24,30.947562273525534,-6.947562273525534,-6.947562273525534
35,40.53896024588687,-5.538960245886869,-5.538960245886869
54,67.4144346200524,-13.414434620052404,-13.414434620052404
49,41.22999788196688,7.770002118033119,7.770002118033119
47,50.52407712372225,-3.5240771237222503,-3.5240771237222503
78,86.1858052474828,-8.185805247482804,-8.185805247482804
175,183.98641168256236,-8.986411682562363,-8.986411682562363
8,21.792520922299147,-13.792520922299147,-13.792520922299147
86,84.92628632472591,1.0737136752740923,1.0737136752740923
37,42.68623753789722,-5.68623753789722,-5.68623753789722
130,130.80558713366509,-0.8055871336650853,-0.8055871336650853
37,36.431310115622885,0.5686898843771147,0.5686898843771147
87,83.78091198698878,3.2190880130112163,3.2190880130112163
100,102.59688206576116,-2.5968820657611644,-2.5968820657611644
108,120.4722913057681,-12.472291305768096,-12.472291305768096
89,69.49307910434777,19.50692089565223,19.50692089565223
32,39.82127026402321,-7.821270264023212,-7.821270264023212
109,109.41599899510486,-0.41599899510485727,-0.41599899510485727
82,78.81414179998058,3.1858582000194247,3.1858582000194247
112,103.572741907645,8.427258092355004,8.427258092355004
52,65.52532864580694,-13.525328645806937,-13.525328645806937
72,66.93037455066248,5.069625449337522,5.069625449337522
54,48.17683198672767,5.82316801327233,5.82316801327233
0,1.6478497424089444,-1.6478497424089444,-1.6478497424089444
16,15.947424377304028,0.05257562269597216,0.05257562269597216
53,11.859046340460226,41.140953659539775,41.140953659539775
60,57.95698655627841,2.043013443721591,2.043013443721591
159,155.74412615031264,3.2558738496873616,3.2558738496873616
98,104.17607976663912,-6.17607976663912,-6.17607976663912
34,31.507884788398837,2.4921152116011633,2.4921152116011633
86,76.15926418131514,9.840735818684863,9.840735818684863
85,85.36403181157951,-0.36403181157950826,-0.36403181157950826
22,8.427270211173932,13.572729788826068,13.572729788826068
12,20.7408231512675,-8.740823151267499,-8.740823151267499
63,56.261152035979734,6.738847964020266,6.738847964020266
64,73.26531447764185,-9.265314477641851,-9.265314477641851
35,36.84101661934846,-1.8410166193484585,-1.8410166193484585
24,27.359005780962864,-3.359005780962864,-3.359005780962864
195,194.6523349684988,0.347665031501208,0.347665031501208
142,139.38961685771045,2.6103831422895496,2.6103831422895496
20,12.990020294997944,7.009979705002056,7.009979705002056
165,165.78789538537816,-0.7878953853781638,-0.7878953853781638
79,95.27399492740348,-16.27399492740348,-16.27399492740348
18,13.577670100642983,4.422329899357017,4.422329899357017
119,101.85024310422445,17.149756895775553,17.149756895775553
72,66.05343908044999,5.946560919550009,5.946560919550009
13,12.936835451946779,0.06316454805322103,0.06316454805322103
146,149.6402751348565,-3.640275134856495,-3.640275134856495
105,109.97894037491314,-4.978940374913137,-4.978940374913137
43,48.381534037115266,-5.381534037115266,-5.381534037115266
27,29.107145531170445,-2.1071455311704455,-2.1071455311704455
157,169.85378882332844,-12.853788823328443,-12.853788823328443
72,65.50459142865577,6.495408571344228,6.495408571344228
116,126.73751466397094,-10.737514663970941,-10.737514663970941
107,96.46665548144686,10.533344518553136,10.533344518553136
20,18.721588102242656,1.2784118977573442,1.2784118977573442
44,53.23544642696249,-9.23544642696249,-9.23544642696249
73,87.9965230491757,-14.996523049175707,-14.996523049175707
48,36.067069065046795,11.932930934953205,11.932930934953205
6,11.113191579621223,-5.113191579621223,-5.113191579621223
67,51.844982693676656,15.155017306323344,15.155017306323344
63,63.28814493842446,-0.288144938424459,-0.288144938424459
13,24.75599712745139,-11.75599712745139,-11.75599712745139
75,79.91161996436229,-4.911619964362288,-4.911619964362288
138,157.9705198349562,-19.970519834956207,-19.970519834956207
74,75.78444210440429,-1.7844421044042917,-1.7844421044042917
33,38.65448423948098,-5.654484239480979,-5.654484239480979
132,135.37017878730302,-3.3701787873030185,-3.3701787873030185
18,26.56518356210823,-8.565183562108231,-8.565183562108231
43,41.26037009159941,1.7396299084005875,1.7396299084005875
82,93.04510195981493,-11.045101959814929,-11.045101959814929
134,134.71059429658172,-0.7105942965817178,-0.7105942965817178
85,62.29070695488198,22.709293045118017,22.709293045118017
39,29.413993005115763,9.586006994884237,9.586006994884237
162,159.31506076041504,2.6849392395849634,2.6849392395849634
89,75.39897196187364,13.601028038126358,13.601028038126358
26,16.959855694083647,9.040144305916353,9.040144305916353
95,95.0643415781173,-0.06434157811729335,-0.06434157811729335
33,35.86558175510125,-2.8655817551012532,-2.8655817551012532
41,49.87060600200938,-8.870606002009382,-8.870606002009382
13,5.600103190352304,7.399896809647696,7.399896809647696
66,60.405764895910295,5.594235104089705,5.594235104089705
65,65.03130857757576,-0.03130857757575711,-0.03130857757575711
83,80.25817690589182,2.7418230941081845,2.7418230941081845
40,31.101723814953978,8.898276185046022,8.898276185046022
16,17.220107059637186,-1.2201070596371864,-1.2201070596371864
146,140.66915848309233,5.330841516907668,5.330841516907668
67,67.2168576685371,-0.2168576685371022,-0.2168576685371022
59,63.41132315649842,-4.411323156498419,-4.411323156498419
67,63.572712462849125,3.4272875371508746,3.4272875371508746
58,53.53118360601233,4.468816393987673,4.468816393987673
155,155.20936140355022,-0.20936140355021848,-0.20936140355021848
167,155.54289828366873,11.457101716331266,11.457101716331266
33,38.1812025073268,-5.181202507326802,-5.181202507326802
55,52.31192367476591,2.6880763252340927,2.6880763252340927
51,55.597619671338265,-4.597619671338265,-4.597619671338265
109,110.6578062069974,-1.6578062069974067,-1.6578062069974067
58,72.2468918157558,-14.246891815755802,-14.246891815755802
78,86.0900210567671,-8.0900210567671,-8.0900210567671
13,29.88712024540877,-16.88712024540877,-16.88712024540877
0,10.82881926727186,-10.82881926727186,-10.82881926727186
42,57.793661049753474,-15.793661049753474,-15.793661049753474
0,3.8673958967781017,-3.8673958967781017,-3.8673958967781017
118,110.06662466743992,7.933375332560075,7.933375332560075
119,118.77208976005547,0.22791023994453496,0.22791023994453496
71,70.66215081299268,0.3378491870073219,0.3378491870073219
151,166.9566630467834,-15.956663046783405,-15.956663046783405
35,47.782442132862464,-12.782442132862464,-12.782442132862464
9,12.442582763750844,-3.4425827637508437,-3.4425827637508437
193,177.81600151173663,15.18399848826337,15.18399848826337
18,16.342637668537073,1.6573623314629273,1.6573623314629273
28,27.730198743768984,0.26980125623101614,0.26980125623101614
106,106.27661301249489,-0.27661301249489156,-0.27661301249489156
0,14.046843301203616,-14.046843301203616,-14.046843301203616
17,18.18585437442867,-1.1858543744286685,-1.1858543744286685
65,72.04745196476846,-7.047451964768456,-7.047451964768456
184,191.56609630625698,-7.566096306256981,-7.566096306256981
48,38.71889123692001,9.281108763079992,9.281108763079992
92,90.21947535469779,1.7805246453022079,1.7805246453022079
40,42.448892819093075,-2.448892819093075,-2.448892819093075
48,54.42653127006336,-6.426531270063357,-6.426531270063357
142,119.25287404349174,22.747125956508256,22.747125956508256
82,101.21436451445216,-19.214364514452157,-19.214364514452157
120,121.62866663641643,-1.6286666364164262,-1.6286666364164262
98,85.56076999480264,12.43923000519736,12.43923000519736
102,92.72565624564766,9.274343754352344,9.274343754352344
100,85.46149742181707,14.538502578182928,14.538502578182928
78,66.98827764338633,11.011722356613674,11.011722356613674
131,135.6697226862067,-4.669722686206711,-4.669722686206711
80,77.92006761724947,2.0799323827505276,2.0799323827505276
98,106.16050418798709,-8.160504187987087,-8.160504187987087
108,95.69394746145545,12.306052538544549,12.306052538544549
146,152.67318875541062,-6.673188755410621,-6.673188755410621
73,80.53766031972039,-7.537660319720388,-7.537660319720388
27,23.50416647687778,3.4958335231222186,3.4958335231222186
41,64.86998751741193,-23.86998751741193,-23.86998751741193
36,28.430486001814327,7.569513998185673,7.569513998185673
156,166.99266350162088,-10.992663501620882,-10.992663501620882
158,168.17628194353279,-10.176281943532786,-10.176281943532786
103,98.00204454030637,4.997955459693628,4.997955459693628
198,201.2378224827743,-3.2378224827743054,-3.2378224827743054
43,41.43827004373646,1.561729956263541,1.561729956263541
0,5.416377860726339,-5.416377860726339,-5.416377860726339
195,195.58962610994604,-0.5896261099460389,-0.5896261099460389
59,62.014464101829965,-3.014464101829965,-3.014464101829965
65,51.03495237772557,13.965047622274433,13.965047622274433
29,17.871834915339488,11.128165084660512,11.128165084660512
10,9.818195038643381,0.18180496135661883,0.18180496135661883
140,134.54997296790194,5.450027032098063,5.450027032098063
69,75.56260128094031,-6.562601280940314,-6.562601280940314
40,33.86269095922529,6.13730904077471,6.13730904077471
79,68.74338640977182,10.256613590228184,10.256613590228184
18,16.223841493195973,1.7761585068040269,1.7761585068040269
40,50.88218418497621,-10.88218418497621,-10.88218418497621
59,62.89389642927322,-3.8938964292732194,-3.8938964292732194
167,179.18864013353615,-12.188640133536154,-12.188640133536154
95,93.25826716385866,1.7417328361413382,1.7417328361413382
109,112.34046991890588,-3.3404699189058817,-3.3404699189058817
53,44.12689801650464,8.87310198349536,8.87310198349536
88,90.97147572270863,-2.9714757227086324,-2.9714757227086324
2,3.6653947488569396,-1.6653947488569396,-1.6653947488569396
23,17.55827874583494,5.44172125416506,5.44172125416506
59,65.36551960100715,-6.365519601007151,-6.365519601007151
158,165.17059594804613,-7.170595948046127,-7.170595948046127
80,85.99398066994642,-5.993980669946424,-5.993980669946424
53,67.11111665003502,-14.111116650035015,-14.111116650035015
11,8.464349637861474,2.535650362138526,2.535650362138526
184,185.33179741510807,-1.3317974151080705,-1.3317974151080705
64,63.73125245281677,0.26874754718323146,0.26874754718323146
70,60.301477053251126,9.698522946748874,9.698522946748874
36,56.55358511593044,-20.55358511593044,-20.55358511593044
3,13.50009404209517,-10.50009404209517,-10.50009404209517
155,173.32451403191527,-18.32451403191527,-18.32451403191527
9,7.753731365078968,1.246268634921032,1.246268634921032
7,3.2973435850723254,3.7026564149276746,3.7026564149276746
32,26.022335522048536,5.977664477951464,5.977664477951464
0,2.4670139148723575,-2.4670139148723575,-2.4670139148723575
177,188.49774334207484,-11.497743342074841,-11.497743342074841
148,144.22336427531957,3.776635724680432,3.776635724680432
8,15.541354197261713,-7.541354197261713,-7.541354197261713
111,106.46885936201815,4.531140637981849,4.531140637981849
13,22.796142242720368,-9.796142242720368,-9.796142242720368
147,163.56410342500573,-16.564103425005726,-16.564103425005726
77,70.97933059423788,6.020669405762121,6.020669405762121
176,179.86169406589698,-3.861694065896984,-3.861694065896984
153,142.9253704170102,10.074629582989786,10.074629582989786
96,103.76117049426173,-7.761170494261734,-7.761170494261734
164,158.30968572752218,5.690314272477821,5.690314272477821
183,178.12659089165226,4.873409108347744,4.873409108347744
191,183.36608782303503,7.633912176964969,7.633912176964969
81,87.0964940611278,-6.0964940611278,-6.0964940611278
134,134.86912757561123,-0.8691275756112304,-0.8691275756112304
6,12.954233322282219,-6.954233322282219,-6.954233322282219
7,27.514284247727804,-20.514284247727804,-20.514284247727804
157,154.30122749119215,2.698772508807849,2.698772508807849
148,121.20693268680529,26.79306731319471,26.79306731319471
154,144.6111142630018,9.38888573699819,9.38888573699819
33,21.591662082702946,11.408337917297054,11.408337917297054
16,23.521388984326148,-7.521388984326148,-7.521388984326148
27,34.03015936958098,-7.0301593695809785,-7.0301593695809785
79,70.53414599135337,8.46585400864663,8.46585400864663
142,159.10434972144571,-17.104349721445715,-17.104349721445715
146,162.1947577516023,-16.19475775160231,-16.19475775160231
33,40.48152431449055,-7.481524314490549,-7.481524314490549
24,33.84499733100176,-9.844997331001757,-9.844997331001757
48,38.11375413278927,9.886245867210732,9.886245867210732
20,28.326045125862635,-8.326045125862635,-8.326045125862635
67,67.06857577414145,-0.06857577414145055,-0.06857577414145055
29,33.195973482870805,-4.195973482870805,-4.195973482870805
119,108.52502231382375,10.474977686176246,10.474977686176246
10,4.916766840803105,5.083233159196895,5.083233159196895
90,96.80375314190782,-6.803753141907819,-6.803753141907819
68,67.94882836241459,0.0511716375854121,0.0511716375854121
156,135.22059541684482,20.779404583155184,20.779404583155184
172,170.39562656659115,1.6043734334088526,1.6043734334088526
63,72.24247123589967,-9.242471235899671,-9.242471235899671
48,51.9530049808362,-3.953004980836198,-3.953004980836198
76,81.26975262480038,-5.269752624800375,-5.269752624800375
37,49.50667826440081,-12.506678264400811,-12.506678264400811
163,163.50205742979128,-0.5020574297912788,-0.5020574297912788
146,139.5430152953687,6.45698470463131,6.45698470463131
142,157.62132387722633,-15.621323877226331,-15.621323877226331
81,70.63174195737278,10.368258042627218,10.368258042627218
174,169.49220812039252,4.507791879607481,4.507791879607481
47,60.3018504894506,-13.301850489450601,-13.301850489450601
69,66.19561776308117,2.8043822369188263,2.8043822369188263
20,16.647558451953312,3.352441548046688,3.352441548046688
15,1.5635894285554173,13.436410571444583,13.436410571444583
148,132.9585876195192,15.041412380480807,15.041412380480807
156,159.41577730700777,-3.4157773070077724,-3.4157773070077724
172,156.09390624725046,15.906093752749541,15.906093752749541
70,86.17168187221617,-16.17168187221617,-16.17168187221617
17,22.17405206533483,-5.1740520653348305,-5.1740520653348305
69,60.06901601890812,8.930983981091877,8.930983981091877
0,11.013974568928617,-11.013974568928617,-11.013974568928617
166,176.60569845865777,-10.60569845865777,-10.60569845865777
59,55.23207009905272,3.76792990094728,3.76792990094728
102,98.93080134559376,3.069198654406236,3.069198654406236
29,32.730465726255865,-3.730465726255865,-3.730465726255865
87,112.00538921441292,-25.005389214412915,-25.005389214412915
67,69.67600187100773,-2.6760018710077276,-2.6760018710077276
36,36.77900847072211,-0.7790084707221112,-0.7790084707221112
136,160.6562357830758,-24.6562357830758,-24.6562357830758
33,29.986046146853877,3.0139538531461234,3.0139538531461234
83,86.20045870820503,-3.2004587082050335,-3.2004587082050335
63,74.33068752006884,-11.330687520068835,-11.330687520068835
57,72.30643026816503,-15.30643026816503,-15.30643026816503
65,63.44799484472848,1.552005155271523,1.552005155271523
154,160.27208893689766,-6.27208893689766,-6.27208893689766
19,28.22523237674773,-9.22523237674773,-9.22523237674773
29,45.424095861320566,-16.424095861320566,-16.424095861320566
78,79.91911400046621,-1.9191140004662088,-1.9191140004662088
20,18.193199442278786,1.806800557721214,1.806800557721214
123,115.51558043598689,7.484419564013109,7.484419564013109
57,47.81256359855004,9.187436401449958,9.187436401449958
