Actual,Predicted,Error,Residual
6,7.2453871627394335,-1.2453871627394335,-1.2453871627394335
91,99.37436138288481,-8.374361382884814,-8.374361382884814
49,40.90755837532161,8.092441624678393,8.092441624678393
90,88.83206551509518,1.1679344849048192,1.1679344849048192
15,19.769328973442114,-4.769328973442114,-4.769328973442114
127,119.17495435343949,7.825045646560511,7.825045646560511
59,42.04239129010723,16.957608709892767,16.957608709892767
53,62.810285215473606,-9.810285215473606,-9.810285215473606
63,66.79173342659146,-3.7917334265914633,-3.7917334265914633
53,73.21487452256582,-20.21487452256582,-20.21487452256582
202,189.37701094303563,12.622989056964371,12.622989056964371
158,161.83310694445902,-3.8331069444590185,-3.8331069444590185
88,93.5915722799815,-5.591572279981506,-5.591572279981506
120,129.77381956177902,-9.773819561779021,-9.773819561779021
133,127.90946337735058,5.090536622649424,5.090536622649424
3,25.350539374726388,-22.350539374726388,-22.350539374726388
58,44.87601111101296,13.123988888987043,13.123988888987043
53,40.57162904278396,12.428370957216039,12.428370957216039
160,158.8687044842425,1.1312955157575004,1.1312955157575004
55,72.2081927423206,-17.208192742320605,-17.208192742320605
50,41.23069393799954,8.76930606200046,8.76930606200046
97,101.40347815837526,-4.403478158375265,-4.403478158375265
80,78.85714152479683,1.1428584752031696,1.1428584752031696
83,79.98632630438257,3.0136736956174275,3.0136736956174275
69,78.96375397980361,-9.963753979803613,-9.963753979803613
176,157.00440669719254,18.995593302807464,18.995593302807464
10,16.082716734286493,-6.0827167342864925,-6.0827167342864925
122,117.4116093903209,4.588390609679095,4.588390609679095
80,71.14256139278581,8.857438607214192,8.857438607214192
37,35.69005636765213,1.309943632347867,1.309943632347867
42,42.261970170467265,-0.261970170467265,-0.261970170467265
73,81.04708119752286,-8.047081197522857,-8.047081197522857
19,6.756395880319658,12.243604119680342,12.243604119680342
67,59.03644879848414,7.9635512015158625,7.9635512015158625
54,61.09274983359895,-7.092749833598951,-7.092749833598951
0,-8.616999304250399,8.616999304250399,8.616999304250399
82,74.3743004240129,7.625699575987099,7.625699575987099
51,52.82711336897526,-1.8271133689752617,-1.8271133689752617
45,41.83319147596123,3.166808524038771,3.166808524038771
48,54.72368945526313,-6.723689455263127,-6.723689455263127
8,8.475810397351609,-0.47581039735160857,-0.47581039735160857
52,51.835327282352935,0.16467271764706481,0.16467271764706481
43,41.82220576854097,1.177794231459032,1.177794231459032
44,31.33457649900312,12.66542350099688,12.66542350099688
72,65.32836239380174,6.67163760619826,6.67163760619826
18,53.419944672877946,-35.419944672877946,-35.419944672877946
55,35.788260844834795,19.211739155165205,19.211739155165205
49,57.27343133738632,-8.27343133738632,-8.27343133738632
61,57.21604306325945,3.7839569367405517,3.7839569367405517
32,28.741360363227486,3.2586396367725143,3.2586396367725143
46,33.85510308546809,12.144896914531913,12.144896914531913
168,168.03302269477842,-0.03302269477842401,-0.03302269477842401
55,64.87321965639566,-9.873219656395662,-9.873219656395662
71,68.29282032545541,2.707179674544591,2.707179674544591
13,11.580179723655007,1.4198202763449927,1.4198202763449927
189,180.19352517799865,8.806474822001348,8.806474822001348
16,36.21387574746741,-20.213875747467412,-20.213875747467412
176,157.36143420692133,18.63856579307867,18.63856579307867
44,42.53540656233039,1.4645934376696133,1.4645934376696133
160,149.8410822296761,10.15891777032391,10.15891777032391
174,158.6731254091962,15.326874590803811,15.326874590803811
27,19.845201047808217,7.154798952191783,7.154798952191783
95,67.40508005359345,27.59491994640655,27.59491994640655
55,65.31384296878792,-10.313842968787924,-10.313842968787924
4,9.046108056771487,-5.046108056771487,-5.046108056771487
186,170.35220674327815,15.647793256721855,15.647793256721855
61,61.699369211911346,-0.6993692119113462,-0.6993692119113462
56,55.286702217257286,0.713297782742714,0.713297782742714
175,179.53509966151427,-4.535099661514266,-4.535099661514266
67,59.60371339070207,7.396286609297931,7.396286609297931
72,55.92919773651103,16.07080226348897,16.07080226348897
54,44.02385836436436,9.976141635635642,9.976141635635642
68,93.41528432410173,-25.415284324101734,-25.415284324101734
35,32.93079850174317,2.069201498256831,2.069201498256831
15,12.932546038303087,2.0674539616969128,2.0674539616969128
24,15.72533024305232,8.27466975694768,8.27466975694768
68,43.44891651938921,24.551083480610792,24.551083480610792
10,14.635305158253821,-4.635305158253821,-4.635305158253821
65,45.03888208019251,19.961117919807492,19.961117919807492
28,30.8322135607497,-2.8322135607497003,-2.8322135607497003
129,111.35053099586247,17.64946900413753,17.64946900413753
48,78.55356878478173,-30.55356878478173,-30.55356878478173
29,22.461265071607492,6.538734928392508,6.538734928392508
165,146.92971599659046,18.07028400340954,18.07028400340954
28,27.63772755168982,0.36227244831017913,0.36227244831017913
39,18.06237989471878,20.93762010528122,20.93762010528122
45,37.27730170369255,7.722698296307449,7.722698296307449
4,14.265866769188072,-10.265866769188072,-10.265866769188072
47,54.71445785870914,-7.714457858709139,-7.714457858709139
53,62.797499486593544,-9.797499486593544,-9.797499486593544
16,28.706451270239633,-12.706451270239633,-12.706451270239633
175,168.82490213709218,6.175097862907819,6.175097862907819
130,119.12061979640545,10.87938020359455,10.87938020359455
21,26.491983343317457,-5.491983343317457,-5.491983343317457
77,60.9188100453072,16.081189954692803,16.081189954692803
11,19.295058993872523,-8.295058993872523,-8.295058993872523
67,64.52718464733864,2.4728153526613568,2.4728153526613568
139,139.64013401595798,-0.6401340159579831,-0.6401340159579831
9,18.713394117316653,-9.713394117316653,-9.713394117316653
57,50.433143078214144,6.566856921785856,6.566856921785856
124,137.53536445410515,-13.53536445410515,-13.53536445410515
78,74.42951139335356,3.5704886066464354,3.5704886066464354
147,148.59545856387854,-1.5954585638785375,-1.5954585638785375
30,33.64100790403147,-3.6410079040314685,-3.6410079040314685
23,14.31543360932416,8.68456639067584,8.68456639067584
83,57.597492450321866,25.402507549678134,25.402507549678134
42,28.652844395397267,13.347155604602733,13.347155604602733
33,36.366935960613205,-3.3669359606132048,-3.3669359606132048
82,73.00003163464038,8.99996836535962,8.99996836535962
6,17.731989097360703,-11.731989097360703,-11.731989097360703
136,112.8900078789465,23.109992121053494,23.109992121053494
135,138.1749663362616,-3.1749663362616047,-3.1749663362616047
77,87.38831022733586,-10.388310227335865,-10.388310227335865
68,59.52494160529514,8.47505839470486,8.47505839470486
50,65.88857723586614,-15.888577235866137,-15.888577235866137
13,32.870350214408674,-19.870350214408674,-19.870350214408674
58,45.87848204223302,12.121517957766983,12.121517957766983
20,22.097719313318784,-2.097719313318784,-2.097719313318784
202,183.7381691092543,18.2618308907457,18.2618308907457
79,87.49165314601088,-8.491653146010876,-8.491653146010876
45,61.40733699415445,-16.40733699415445,-16.40733699415445
53,40.57354618166617,12.426453818333833,12.426453818333833
41,25.859668615223597,15.140331384776403,15.140331384776403
1,9.087394677540033,-8.087394677540033,-8.087394677540033
38,28.411367882007,9.588632117993,9.588632117993
121,109.84242463647516,11.157575363524842,11.157575363524842
84,76.54442570363139,7.45557429636861,7.45557429636861
18,-2.142713879516691,20.14271387951669,20.14271387951669
76,60.700154436677664,15.299845563322336,15.299845563322336
78,87.66121001408989,-9.661210014089889,-9.661210014089889
49,53.80020071530101,-4.80020071530101,-4.80020071530101
63,81.72726146289963,-18.727261462899634,-18.727261462899634
192,180.01090394442184,11.989096055578159,11.989096055578159
186,177.89306464658307,8.10693535341693,8.10693535341693
26,34.030968562011374,-8.030968562011374,-8.030968562011374
78,92.71119837792662,-14.711198377926621,-14.711198377926621
46,45.80569845063849,0.19430154936151212,0.19430154936151212
64,55.484934950308464,8.515065049691536,8.515065049691536
59,63.42230363253216,-4.422303632532163,-4.422303632532163
77,56.55560257987062,20.444397420129377,20.444397420129377
51,45.45600471549283,5.543995284507169,5.543995284507169
50,53.598005185169015,-3.598005185169015,-3.598005185169015
57,46.6108865355293,10.389113464470697,10.389113464470697
6,-0.08359853274204454,6.0835985327420445,6.0835985327420445
44,34.6179780536256,9.382021946374401,9.382021946374401
174,177.69459153082693,-3.6945915308269264,-3.6945915308269264
167,182.29002577522053,-15.290025775220528,-15.290025775220528
46,37.07001002937227,8.92998997062773,8.92998997062773
56,34.27650233073345,21.72349766926655,21.72349766926655
14,15.495487794421763,-1.4954877944217628,-1.4954877944217628
50,52.3184598813683,-2.318459881368298,-2.318459881368298
61,50.239119118156324,10.760880881843676,10.760880881843676
55,51.10941499393526,3.8905850060647396,3.8905850060647396
67,75.92805993245715,-8.928059932457145,-8.928059932457145
8,12.551768978001071,-4.551768978001071,-4.551768978001071
75,76.46648139287758,-1.4664813928775828,-1.4664813928775828
181,188.30480980472203,-7.3048098047220265,-7.3048098047220265
141,156.3799235013875,-15.379923501387509,-15.379923501387509
122,127.91826517902933,-5.9182651790293335,-5.9182651790293335
39,61.62161521758989,-22.62161521758989,-22.62161521758989
150,143.69553276703886,6.304467232961144,6.304467232961144
15,7.887819152196357,7.112180847803643,7.112180847803643
187,179.90872407455709,7.091275925442915,7.091275925442915
62,59.45843242362882,2.541567576371179,2.541567576371179
186,188.70128111300352,-2.7012811130035175,-2.7012811130035175
40,33.56328473599058,6.436715264009422,6.436715264009422
137,142.27997387900353,-5.279973879003535,-5.279973879003535
91,95.03750522689616,-4.037505226896158,-4.037505226896158
11,49.69699268387842,-38.69699268387842,-38.69699268387842
77,73.05919532268378,3.9408046773162226,3.9408046773162226
10,21.971893569825035,-11.971893569825035,-11.971893569825035
6,8.015959590404222,-2.015959590404222,-2.015959590404222
37,47.61507633995773,-10.615076339957731,-10.615076339957731
46,53.348574256130746,-7.348574256130746,-7.348574256130746
50,57.89448483530528,-7.894484835305278,-7.894484835305278
211,185.91464417787472,25.08535582212528,25.08535582212528
28,36.02878232849758,-8.028782328497577,-8.028782328497577
158,132.38198249173277,25.61801750826723,25.61801750826723
84,88.73509841501314,-4.735098415013141,-4.735098415013141
97,106.82620457209265,-9.82620457209265,-9.82620457209265
69,67.8561341330677,1.1438658669323019,1.1438658669323019
43,60.492275065388334,-17.492275065388334,-17.492275065388334
121,111.42099348753939,9.579006512460609,9.579006512460609
44,41.871487823471135,2.128512176528865,2.128512176528865
137,130.30010168013828,6.699898319861717,6.699898319861717
62,64.34465920208018,-2.34465920208018,-2.34465920208018
72,72.71727229062586,-0.7172722906258571,-0.7172722906258571
3,9.465581117365659,-6.465581117365659,-6.465581117365659
91,78.8838508033434,12.116149196656593,12.116149196656593
195,185.78199647761846,9.218003522381537,9.218003522381537
54,54.10873178730933,-0.1087317873093312,-0.1087317873093312
180,191.23564160536606,-11.235641605366055,-11.235641605366055
3,25.367282110634683,-22.367282110634683,-22.367282110634683
51,38.969970172723805,12.030029827276195,12.030029827276195
45,62.04718956266288,-17.04718956266288,-17.04718956266288
51,35.481451207648234,15.518548792351766,15.518548792351766
55,61.71713885304783,-6.717138853047828,-6.717138853047828
0,6.51248881622864,-6.51248881622864,-6.51248881622864
63,69.30793232722522,-6.307932327225217,-6.307932327225217
168,155.46184447595022,12.538155524049785,12.538155524049785
22,19.086091061275454,2.9139089387245463,2.9139089387245463
162,156.04495038707068,5.955049612929315,5.955049612929315
75,71.54954273319098,3.4504572668090248,3.4504572668090248
159,152.61741440199006,6.382585598009939,6.382585598009939
16,20.090530976211426,-4.090530976211426,-4.090530976211426
208,179.64682627591066,28.353173724089345,28.353173724089345
68,41.84147286140796,26.158527138592042,26.158527138592042
82,81.96933046218861,0.03066953781139148,0.03066953781139148
46,56.035255025356356,-10.035255025356356,-10.035255025356356
39,20.126748758333108,18.873251241666892,18.873251241666892
83,100.54886695364691,-17.548866953646908,-17.548866953646908
19,25.83811137746695,-6.8381113774669515,-6.8381113774669515
42,36.38646885062332,5.6135311493766835,5.6135311493766835
36,49.31692860951273,-13.316928609512729,-13.316928609512729
81,58.7702273864413,22.2297726135587,22.2297726135587
103,100.02904647599796,2.9709535240020415,2.9709535240020415
41,49.695154228554884,-8.695154228554884,-8.695154228554884
121,126.23581545594543,-5.235815455945428,-5.235815455945428
135,142.80653189753548,-7.8065318975354785,-7.8065318975354785
173,156.46152694427877,16.538473055721227,16.538473055721227
68,65.68873101610406,2.3112689838959426,2.3112689838959426
69,81.8977284167184,-12.897728416718394,-12.897728416718394
171,174.47922875595594,-3.479228755955944,-3.479228755955944
43,57.85199714178246,-14.851997141782462,-14.851997141782462
43,40.989731455690645,2.010268544309355,2.010268544309355
90,85.34486588102574,4.65513411897426,4.65513411897426
146,133.32268788873657,12.677312111263433,12.677312111263433
78,70.92655897530736,7.073441024692642,7.073441024692642
31,42.671655279246096,-11.671655279246096,-11.671655279246096
56,65.10540843430117,-9.105408434301168,-9.105408434301168
193,186.10376433002477,6.896235669975226,6.896235669975226
171,167.93225311216207,3.0677468878379273,3.0677468878379273
37,44.72102044820785,-7.721020448207852,-7.721020448207852
1,10.43604611013751,-9.43604611013751,-9.43604611013751
12,8.328821958856281,3.671178041143719,3.671178041143719
44,56.17560947182276,-12.17560947182276,-12.17560947182276
40,38.77023832902438,1.2297616709756198,1.2297616709756198
199,201.3392923290814,-2.3392923290813883,-2.3392923290813883
64,53.460669846653396,10.539330153346604,10.539330153346604
179,191.41449205328837,-12.41449205328837,-12.41449205328837
86,86.54493740403834,-0.5449374040383361,-0.5449374040383361
143,128.03370686773903,14.966293132260972,14.966293132260972
52,49.02016921822799,2.9798307817720087,2.9798307817720087
69,77.32770030973735,-8.327700309737352,-8.327700309737352
32,42.19704089242047,-10.197040892420468,-10.197040892420468
0,2.717308082511096,-2.717308082511096,-2.717308082511096
8,13.195944634324363,-5.195944634324363,-5.195944634324363
40,62.329432429101544,-22.329432429101544,-22.329432429101544
43,65.26620178933459,-22.266201789334588,-22.266201789334588
163,186.80136058280505,-23.801360582805046,-23.801360582805046
37,53.70608899006663,-16.706088990066633,-16.706088990066633
73,70.90054130395512,2.099458696044877,2.099458696044877
28,27.40420284486838,0.5957971551316206,0.5957971551316206
55,56.3715493532654,-1.3715493532654008,-1.3715493532654008
49,55.61591111502124,-6.615911115021241,-6.615911115021241
151,139.2705612781092,11.729438721890801,11.729438721890801
12,0.6271555173325396,11.37284448266746,11.37284448266746
42,43.559750270757604,-1.559750270757604,-1.559750270757604
12,14.780850908783634,-2.780850908783634,-2.780850908783634
79,83.13445184883803,-4.134451848838026,-4.134451848838026
42,12.398143657419617,29.601856342580383,29.601856342580383
20,25.500582992982643,-5.500582992982643,-5.500582992982643
122,122.89252788817205,-0.8925278881720544,-0.8925278881720544
121,123.27231377252687,-2.2723137725268714,-2.2723137725268714
161,150.88673299144335,10.113267008556647,10.113267008556647
94,90.88753702211972,3.112462977880284,3.112462977880284
0,18.689151094028396,-18.689151094028396,-18.689151094028396
48,55.025623966993315,-7.025623966993315,-7.025623966993315
193,196.78653794996092,-3.786537949960916,-3.786537949960916
96,105.83125076473026,-9.831250764730257,-9.831250764730257
27,41.745027501067646,-14.745027501067646,-14.745027501067646
29,23.76395906951366,5.23604093048634,5.23604093048634
2,6.490723508995245,-4.490723508995245,-4.490723508995245
60,32.79417468694927,27.20582531305073,27.20582531305073
103,92.95548625935272,10.044513740647275,10.044513740647275
129,151.23871453906276,-22.238714539062755,-22.238714539062755
153,152.1476284090602,0.8523715909398106,0.8523715909398106
96,79.03779194105965,16.962208058940348,16.962208058940348
110,118.52416166431821,-8.524161664318214,-8.524161664318214
112,123.14232065240384,-11.14232065240384,-11.14232065240384
167,163.65837099612628,3.34162900387372,3.34162900387372
157,158.04876402374168,-1.0487640237416826,-1.0487640237416826
11,11.334611514484514,-0.3346115144845143,-0.3346115144845143
134,129.92962421878022,4.070375781219781,4.070375781219781
0,-7.904815570433769,7.904815570433769,7.904815570433769
67,59.217459439317196,7.782540560682804,7.782540560682804
65,70.98046634259869,-5.980466342598689,-5.980466342598689
33,29.908632050483718,3.0913679495162825,3.0913679495162825
6,28.69642990976528,-22.69642990976528,-22.69642990976528
60,69.49244598145529,-9.49244598145529,-9.49244598145529
7,19.55103984950196,-12.551039849501961,-12.551039849501961
69,57.15309147054962,11.846908529450381,11.846908529450381
75,73.92595858543564,1.0740414145643626,1.0740414145643626
184,178.25255481811394,5.747445181886064,5.747445181886064
131,142.06013634901552,-11.060136349015522,-11.060136349015522
129,123.21498334809219,5.78501665190781,5.78501665190781
52,71.36464849224167,-19.36464849224167,-19.36464849224167
7,13.382590794008543,-6.382590794008543,-6.382590794008543
52,42.680777396203574,9.319222603796426,9.319222603796426
87,70.53977262529432,16.46022737470568,16.46022737470568
28,40.925305182757086,-12.925305182757086,-12.925305182757086
90,84.20483046008773,5.795169539912266,5.795169539912266
142,143.41363863409862,-1.4136386340986178,-1.4136386340986178
161,154.21034381195125,6.7896561880487525,6.7896561880487525
8,-0.8805581584639697,8.88055815846397,8.88055815846397
159,191.9585161246012,-32.9585161246012,-32.9585161246012
100,77.70880954933135,22.29119045066865,22.29119045066865
23,46.39481576661671,-23.39481576661671,-23.39481576661671
30,50.59597784210495,-20.59597784210495,-20.59597784210495
54,62.22987500712504,-8.229875007125038,-8.229875007125038
92,108.76548410071541,-16.765484100715412,-16.765484100715412
90,83.3769013010305,6.6230986989695,6.6230986989695
130,135.63272248516975,-5.632722485169751,-5.632722485169751
172,166.18871487507127,5.81128512492873,5.81128512492873
76,62.13588632689971,13.864113673100292,13.864113673100292
174,171.9966408849775,2.003359115022505,2.003359115022505
57,51.37144258705925,5.628557412940751,5.628557412940751
65,57.82906307088279,7.170936929117211,7.170936929117211
66,73.39025761385372,-7.39025761385372,-7.39025761385372
21,30.75984332733593,-9.759843327335929,-9.759843327335929
15,24.40725068967012,-9.407250689670121,-9.407250689670121
32,18.906764079098096,13.093235920901904,13.093235920901904
108,105.47851392549359,2.521486074506413,2.521486074506413
43,35.769094118245576,7.230905881754424,7.230905881754424
46,28.129580305636416,17.870419694363584,17.870419694363584
94,112.67664576161734,-18.676645761617337,-18.676645761617337
103,83.20108103951769,19.79891896048231,19.79891896048231
6,12.394715342432505,-6.394715342432505,-6.394715342432505
60,49.860003098460645,10.139996901539355,10.139996901539355
53,80.23804396770687,-27.238043967706872,-27.238043967706872
119,116.45088153941475,2.549118460585248,2.549118460585248
138,129.12507162220854,8.874928377791463,8.874928377791463
48,44.335254810181596,3.6647451898184045,3.6647451898184045
44,53.35446997123499,-9.354469971234991,-9.354469971234991
63,75.4633115082575,-12.463311508257505,-12.463311508257505
171,136.74350967610542,34.25649032389458,34.25649032389458
63,92.98099614657045,-29.980996146570448,-29.980996146570448
87,72.90910756636849,14.09089243363151,14.09089243363151
79,75.03712303376359,3.962876966236408,3.962876966236408
55,82.13199632663718,-27.13199632663718,-27.13199632663718
200,216.05957715329396,-16.059577153293958,-16.059577153293958
128,133.30478525084453,-5.304785250844532,-5.304785250844532
22,42.19032427341968,-20.190324273419677,-20.190324273419677
96,89.00173355004665,6.9982664499533485,6.9982664499533485
30,48.0515993417354,-18.051599341735397,-18.051599341735397
21,31.631284549050612,-10.631284549050612,-10.631284549050612
44,52.32010553658478,-8.320105536584776,-8.320105536584776
18,39.94418158769002,-21.944181587690018,-21.944181587690018
181,181.22890307224424,-0.22890307224423623,-0.22890307224423623
117,103.60208465045905,13.397915349540952,13.397915349540952
146,125.03594171618691,20.96405828381309,20.96405828381309
43,42.602012313071214,0.3979876869287864,0.3979876869287864
63,68.28623524190112,-5.2862352419011245,-5.2862352419011245
16,2.910157559901208,13.089842440098792,13.089842440098792
68,49.52330666080939,18.47669333919061,18.47669333919061
66,69.90429592956771,-3.9042959295677093,-3.9042959295677093
22,35.19632318901306,-13.196323189013057,-13.196323189013057
153,159.5086294093153,-6.50862940931529,-6.50862940931529
59,44.86206635472659,14.137933645273407,14.137933645273407
85,95.57804812744794,-10.578048127447943,-10.578048127447943
14,13.696644372287999,0.3033556277120013,0.3033556277120013
43,38.410440460001816,4.589559539998184,4.589559539998184
103,92.53926340018452,10.460736599815476,10.460736599815476
84,77.86215686886347,6.137843131136535,6.137843131136535
42,69.74939954536654,-27.749399545366543,-27.749399545366543
0,14.113088246249077,-14.113088246249077,-14.113088246249077
62,70.19820615890468,-8.198206158904682,-8.198206158904682
27,26.72810750334593,0.27189249665406834,0.27189249665406834
47,42.88542714211556,4.11457285788444,4.11457285788444
94,80.99510278863656,13.004897211363442,13.004897211363442
45,62.384396554408305,-17.384396554408305,-17.384396554408305
149,151.03162180266202,-2.0316218026620163,-2.0316218026620163
28,40.63771179286695,-12.637711792866952,-12.637711792866952
109,123.20887630302803,-14.208876303028035,-14.208876303028035
31,17.156539343331545,13.843460656668455,13.843460656668455
108,116.49954228900978,-8.499542289009781,-8.499542289009781
197,179.68540976098416,17.314590239015843,17.314590239015843
161,177.6165015642743,-16.6165015642743,-16.6165015642743
83,78.18242617946979,4.817573820530214,4.817573820530214
17,35.70973993183389,-18.709739931833887,-18.709739931833887
130,100.13820315904448,29.86179684095552,29.86179684095552
43,32.02171340907559,10.978286590924412,10.978286590924412
97,97.23323400411718,-0.23323400411717898,-0.23323400411717898
76,67.93625052852245,8.06374947147755,8.06374947147755
1,9.9710513047308,-8.9710513047308,-8.9710513047308
42,48.55191789593004,-6.551917895930039,-6.551917895930039
188,186.5223164786642,1.4776835213357913,1.4776835213357913
145,145.38153350646752,-0.3815335064675196,-0.3815335064675196
94,92.7563121100734,1.2436878899266048,1.2436878899266048
24,33.46267062066764,-9.462670620667637,-9.462670620667637
114,91.64329245859278,22.356707541407218,22.356707541407218
60,57.83342501760439,2.166574982395609,2.166574982395609
61,68.66296131942612,-7.662961319426117,-7.662961319426117
3,18.215937736156683,-15.215937736156683,-15.215937736156683
68,74.16707702897983,-6.167077028979833,-6.167077028979833
53,49.41728422334707,3.5827157766529325,3.5827157766529325
57,81.44335376161415,-24.443353761614148,-24.443353761614148
85,64.50219771195708,20.49780228804292,20.49780228804292
108,104.91108935101308,3.088910648986925,3.088910648986925
43,38.98491285903814,4.01508714096186,4.01508714096186
135,154.62949428979414,-19.62949428979414,-19.62949428979414
16,13.389980626237637,2.6100193737623627,2.6100193737623627
42,70.15503563506826,-28.15503563506826,-28.15503563506826
90,94.36236067807803,-4.3623606780780335,-4.3623606780780335
51,54.008170966061904,-3.008170966061904,-3.008170966061904
75,74.00197964127396,0.9980203587260377,0.9980203587260377
155,148.17519146265002,6.8248085373499805,6.8248085373499805
166,177.40357260572273,-11.40357260572273,-11.40357260572273
47,36.50685021941608,10.49314978058392,10.49314978058392
48,47.54305982952661,0.45694017047338775,0.45694017047338775
126,125.79394288619403,0.20605711380596858,0.20605711380596858
111,110.91506227450188,0.08493772549812206,0.08493772549812206
69,79.17342184332351,-10.17342184332351,-10.17342184332351
39,36.316815791093795,2.683184208906205,2.683184208906205
0,9.951125117055867,-9.951125117055867,-9.951125117055867
92,88.5324129826754,3.467587017324604,3.467587017324604
71,75.29220329295421,-4.292203292954213,-4.292203292954213
2,23.966103827851313,-21.966103827851313,-21.966103827851313
32,38.98981965040748,-6.989819650407483,-6.989819650407483
83,76.10440846012133,6.895591539878666,6.895591539878666
69,88.62528710243258,-19.62528710243258,-19.62528710243258
65,74.34743831544739,-9.347438315447391,-9.347438315447391
112,86.54037825557111,25.459621744428887,25.459621744428887
28,30.22035700197027,-2.220357001970271,-2.220357001970271
105,102.97453089818003,2.025469101819965,2.025469101819965
14,9.350826500264311,4.649173499735689,4.649173499735689
37,41.97303784272728,-4.97303784272728,-4.97303784272728
140,138.85532324547574,1.144676754524255,1.144676754524255
21,12.808761340040647,8.191238659959353,8.191238659959353
56,56.895003664154416,-0.8950036641544159,-0.8950036641544159
20,8.181516576298577,11.818483423701423,11.818483423701423
86,81.07769779888532,4.922302201114675,4.922302201114675
52,38.32200058873527,13.677999411264729,13.677999411264729
91,94.59723030904031,-3.597230309040313,-3.597230309040313
0,21.063803897698207,-21.063803897698207,-21.063803897698207
77,43.80858732459294,33.19141267540706,33.19141267540706
40,25.235304895322223,14.764695104677777,14.764695104677777
89,65.28342145890922,23.716578541090783,23.716578541090783
68,60.063145260876595,7.936854739123405,7.936854739123405
43,41.20500101136386,1.794998988636138,1.794998988636138
60,46.34379246481408,13.65620753518592,13.65620753518592
157,155.39531105255213,1.604688947447869,1.604688947447869
65,66.70614659417231,-1.70614659417231,-1.70614659417231
23,24.55731739542327,-1.5573173954232686,-1.5573173954232686
39,35.518161269519894,3.4818387304801064,3.4818387304801064
109,105.01664208415977,3.98335791584023,3.98335791584023
36,29.873727059255657,6.126272940744343,6.126272940744343
26,13.093595215775679,12.906404784224321,12.906404784224321
13,11.194065390564653,1.8059346094353472,1.8059346094353472
214,183.44571451889084,30.55428548110916,30.55428548110916
202,187.75421955770668,14.245780442293324,14.245780442293324
215,198.88579752421887,16.114202475781127,16.114202475781127
78,76.22288472101552,1.777115278984482,1.777115278984482
56,43.18427608689004,12.815723913109963,12.815723913109963
15,32.691901719190895,-17.691901719190895,-17.691901719190895
53,43.910535482082594,9.089464517917406,9.089464517917406
174,164.51670943948443,9.48329056051557,9.48329056051557
85,92.32480757415965,-7.3248075741596494,-7.3248075741596494
120,133.48058335708475,-13.480583357084754,-13.480583357084754
43,67.31984404921727,-24.319844049217267,-24.319844049217267
88,90.36147566719325,-2.361475667193247,-2.361475667193247
95,77.07647911673862,17.923520883261375,17.923520883261375
131,153.55174315092734,-22.551743150927337,-22.551743150927337
60,56.3741619963632,3.625838003636801,3.625838003636801
68,89.05432937470482,-21.05432937470482,-21.05432937470482
91,92.48714397201256,-1.4871439720125608,-1.4871439720125608
87,87.90178549789363,-0.901785497893627,-0.901785497893627
98,104.84124721889435,-6.8412472188943525,-6.8412472188943525
157,161.26524349266765,-4.265243492667651,-4.265243492667651
31,35.06966456654786,-4.069664566547857,-4.069664566547857
83,83.28146853704932,-0.28146853704932084,-0.28146853704932084
33,28.48566338637572,4.51433661362428,4.51433661362428
176,172.70200289711707,3.297997102882931,3.297997102882931
136,156.5875234492049,-20.587523449204895,-20.587523449204895
132,129.14501072820573,2.854989271794267,2.854989271794267
0,-0.8111794470798941,0.8111794470798941,0.8111794470798941
12,15.029962482606791,-3.0299624826067912,-3.0299624826067912
197,195.87656647102608,1.1234335289739192,1.1234335289739192
11,15.447662309403484,-4.4476623094034835,-4.4476623094034835
24,12.496642059422484,11.503357940577516,11.503357940577516
42,25.42872334447795,16.57127665552205,16.57127665552205
36,33.59727826782395,2.4027217321760475,2.4027217321760475
16,26.733651332734993,-10.733651332734993,-10.733651332734993
2,14.969728052924225,-12.969728052924225,-12.969728052924225
47,36.5297610587781,10.4702389412219,10.4702389412219
27,37.14362568601104,-10.143625686011042,-10.143625686011042
54,61.949795036381474,-7.949795036381474,-7.949795036381474
25,10.925794496780256,14.074205503219744,14.074205503219744
37,32.41832500369061,4.581674996309388,4.581674996309388
73,87.13518269285018,-14.13518269285018,-14.13518269285018
148,143.77993435867407,4.220065641325931,4.220065641325931
18,22.406939731311965,-4.406939731311965,-4.406939731311965
54,42.28418730662692,11.715812693373081,11.715812693373081
26,29.72121732539093,-3.7212173253909313,-3.7212173253909313
184,192.88164083611517,-8.881640836115167,-8.881640836115167
67,81.22506247528902,-14.225062475289022,-14.225062475289022
24,17.262574974901256,6.737425025098744,6.737425025098744
6,25.693774565883018,-19.693774565883018,-19.693774565883018
70,57.05780555639541,12.942194443604592,12.942194443604592
56,46.38734095848578,9.61265904151422,9.61265904151422
35,21.291726469109015,13.708273530890985,13.708273530890985
75,62.04545476511531,12.95454523488469,12.95454523488469
32,39.49819686808771,-7.49819686808771,-7.49819686808771
174,198.2876657790394,-24.2876657790394,-24.2876657790394
61,58.390113370531466,2.6098866294685337,2.6098866294685337
173,175.31566036727205,-2.315660367272045,-2.315660367272045
17,17.653499287211766,-0.6534992872117655,-0.6534992872117655
146,108.20604751860364,37.79395248139636,37.79395248139636
67,54.82296107095209,12.17703892904791,12.17703892904791
73,59.706399784891715,13.293600215108285,13.293600215108285
41,46.61999848635471,-5.61999848635471,-5.61999848635471
169,177.37934215023478,-8.379342150234777,-8.379342150234777
44,29.482992330395035,14.517007669604965,14.517007669604965
76,93.66432291513323,-17.664322915133226,-17.664322915133226
61,72.48902684701767,-11.48902684701767,-11.48902684701767
36,46.077065348374624,-10.077065348374624,-10.077065348374624
52,36.27626929986805,15.723730700131952,15.723730700131952
73,83.44090289221884,-10.440902892218844,-10.440902892218844
32,37.50836272463586,-5.508362724635859,-5.508362724635859
2,5.056752428065337,-3.0567524280653373,-3.0567524280653373
52,46.89482806621447,5.1051719337855275,5.1051719337855275
29,35.42908909322529,-6.4290890932252935,-6.4290890932252935
72,74.59930755508869,-2.5993075550886857,-2.5993075550886857
91,84.78948724556943,6.210512754430567,6.210512754430567
20,13.776350625024179,6.223649374975821,6.223649374975821
48,53.14579284709009,-5.145792847090092,-5.145792847090092
74,58.214212132025125,15.785787867974875,15.785787867974875
72,76.92250219304289,-4.922502193042888,-4.922502193042888
48,57.51662394419368,-9.516623944193682,-9.516623944193682
98,84.77768469184623,13.222315308153767,13.222315308153767
100,101.2808347318574,-1.2808347318573965,-1.2808347318573965
14,17.92488702108247,-3.924887021082469,-3.924887021082469
74,81.0162976579334,-7.016297657933407,-7.016297657933407
49,56.373262289101305,-7.373262289101305,-7.373262289101305
70,87.65175523030466,-17.65175523030466,-17.65175523030466
191,210.11771071129505,-19.117710711295047,-19.117710711295047
51,42.170524083458545,8.829475916541455,8.829475916541455
43,30.138332862905344,12.861667137094656,12.861667137094656
149,148.62268571728825,0.37731428271175105,0.37731428271175105
154,146.3571320275205,7.642867972479507,7.642867972479507
60,60.79824005105237,-0.7982400510523675,-0.7982400510523675
52,59.889265212896106,-7.889265212896106,-7.889265212896106
40,39.58519225665719,0.4148077433428128,0.4148077433428128
18,8.591421546470372,9.408578453529628,9.408578453529628
103,109.33283187941612,-6.332831879416119,-6.332831879416119
19,18.373340968824785,0.6266590311752154,0.6266590311752154
39,29.14035124203052,9.859648757969481,9.859648757969481
31,31.871774084603814,-0.871774084603814,-0.871774084603814
56,63.099953226390994,-7.099953226390994,-7.099953226390994
58,60.82670315837343,-2.8267031583734266,-2.8267031583734266
127,117.47178793030568,9.52821206969432,9.52821206969432
77,89.13095806588244,-12.130958065882439,-12.130958065882439
87,62.664377402954095,24.335622597045905,24.335622597045905
181,199.92242835303816,-18.922428353038157,-18.922428353038157
13,2.596037998563432,10.403962001436568,10.403962001436568
26,10.863516482213988,15.136483517786012,15.136483517786012
0,25.56250656998199,-25.56250656998199,-25.56250656998199
124,134.38997638732184,-10.389976387321838,-10.389976387321838
115,126.92566146038374,-11.925661460383736,-11.925661460383736
52,42.23767651370653,9.762323486293468,9.762323486293468
37,40.85447409487092,-3.8544740948709233,-3.8544740948709233
27,25.110577211021706,1.889422788978294,1.889422788978294
71,67.1477279772971,3.8522720227029055,3.8522720227029055
53,68.68719695732763,-15.687196957327629,-15.687196957327629
36,39.88874313775357,-3.888743137753572,-3.888743137753572
60,47.086313105348324,12.913686894651676,12.913686894651676
34,45.75109575955479,-11.751095759554786,-11.751095759554786
25,53.11692442008912,-28.11692442008912,-28.11692442008912
52,42.91476863078669,9.08523136921331,9.08523136921331
11,16.83301710134529,-5.833017101345291,-5.833017101345291
58,47.89068571979894,10.109314280201062,10.109314280201062
30,39.607040965994194,-9.607040965994194,-9.607040965994194
21,19.137753231717866,1.8622467682821338,1.8622467682821338
112,104.94677176873674,7.053228231263262,7.053228231263262
3,18.630547830670736,-15.630547830670736,-15.630547830670736
110,120.15226277726407,-10.15226277726407,-10.15226277726407
9,10.148998839641514,-1.1489988396415143,-1.1489988396415143
22,11.177089214685168,10.822910785314832,10.822910785314832
204,202.86361134791747,1.1363886520825304,1.1363886520825304
43,52.40294075058139,-9.402940750581386,-9.402940750581386
186,176.9346939929282,9.065306007071797,9.065306007071797
75,79.73190241457492,-4.731902414574918,-4.731902414574918
80,77.65385598668175,2.346144013318252,2.346144013318252
174,178.89588567126424,-4.895885671264239,-4.895885671264239
14,10.22972790303384,3.77027209696616,3.77027209696616
93,89.18024362885835,3.8197563711416507,3.8197563711416507
28,41.09974176878912,-13.099741768789123,-13.099741768789123
123,109.95779249849978,13.042207501500215,13.042207501500215
30,35.14248567347168,-5.142485673471683,-5.142485673471683
28,31.28302455038471,-3.2830245503847095,-3.2830245503847095
208,227.6114218284419,-19.611421828441905,-19.611421828441905
99,117.54225483621562,-18.54225483621562,-18.54225483621562
95,87.91853486712236,7.081465132877639,7.081465132877639
76,88.62563686864581,-12.625636868645813,-12.625636868645813
61,40.82165351393681,20.17834648606319,20.17834648606319
150,139.5509920497185,10.449007950281498,10.449007950281498
27,26.34184275158472,0.6581572484152787,0.6581572484152787
88,65.17344204496978,22.826557955030225,22.826557955030225
145,164.38815769284977,-19.388157692849774,-19.388157692849774
70,71.89893276351633,-1.8989327635163278,-1.8989327635163278
55,58.91601867231081,-3.9160186723108126,-3.9160186723108126
155,138.03628278609665,16.96371721390335,16.96371721390335
134,131.58256642507064,2.417433574929362,2.417433574929362
2,17.73098436326424,-15.730984363264241,-15.730984363264241
46,45.33325785221567,0.6667421477843334,0.6667421477843334
59,85.47674649139293,-26.47674649139293,-26.47674649139293
104,89.14273807753196,14.857261922468041,14.857261922468041
41,42.32289340571723,-1.322893405717231,-1.322893405717231
180,189.9678627784449,-9.967862778444896,-9.967862778444896
140,139.6801932711012,0.31980672889881134,0.31980672889881134
87,88.42730658431884,-1.427306584318842,-1.427306584318842
0,6.959554954358751,-6.959554954358751,-6.959554954358751
81,102.14203785142634,-21.142037851426338,-21.142037851426338
116,101.68892392110817,14.31107607889183,14.31107607889183
1,20.11062067583716,-19.11062067583716,-19.11062067583716
9,14.710318608634836,-5.710318608634836,-5.710318608634836
73,62.81472666094574,10.185273339054262,10.185273339054262
16,12.782307741952579,3.217692258047421,3.217692258047421
30,15.944363317247749,14.055636682752251,14.055636682752251
147,153.07061272414484,-6.070612724144837,-6.070612724144837
67,84.35360551131214,-17.35360551131214,-17.35360551131214
99,101.5118663539739,-2.5118663539739003,-2.5118663539739003
87,57.839245968628504,29.160754031371496,29.160754031371496
125,137.52994955170143,-12.529949551701435,-12.529949551701435
18,38.054796516673505,-20.054796516673505,-20.054796516673505
145,145.5211471896202,-0.5211471896201942,-0.5211471896201942
66,58.1458758349887,7.854124165011299,7.854124165011299
68,70.75854882930972,-2.758548829309717,-2.758548829309717
13,21.344786321613753,-8.344786321613753,-8.344786321613753
110,101.06369396951246,8.936306030487543,8.936306030487543
69,49.259218181639355,19.740781818360645,19.740781818360645
33,16.386521665245397,16.613478334754603,16.613478334754603
87,108.94288141255981,-21.942881412559814,-21.942881412559814
3,24.342525093948836,-21.342525093948836,-21.342525093948836
190,163.26050921247509,26.739490787524915,26.739490787524915
48,51.455404058145106,-3.455404058145106,-3.455404058145106
38,38.53687072584247,-0.5368707258424692,-0.5368707258424692
93,104.63473721474023,-11.634737214740227,-11.634737214740227
198,186.49927536251676,11.500724637483245,11.500724637483245
79,54.826754555909034,24.173245444090966,24.173245444090966
51,50.38529334847296,0.6147066515270367,0.6147066515270367
79,65.99145586459564,13.008544135404364,13.008544135404364
56,46.43099076791375,9.569009232086252,9.569009232086252
76,89.26058845276414,-13.26058845276414,-13.26058845276414
44,46.79652647860243,-2.7965264786024306,-2.7965264786024306
76,89.13021745846696,-13.130217458466959,-13.130217458466959
8,5.690682595780444,2.3093174042195557,2.3093174042195557
189,179.44034519396632,9.559654806033677,9.559654806033677
65,73.71328070199729,-8.713280701997292,-8.713280701997292
29,40.62122028819236,-11.621220288192362,-11.621220288192362
182,167.4511190450362,14.548880954963806,14.548880954963806
126,134.4152043442639,-8.415204344263913,-8.415204344263913
172,180.7193498613513,-8.719349861351304,-8.719349861351304
31,35.03333565019875,-4.033335650198751,-4.033335650198751
39,33.012245294355225,5.987754705644775,5.987754705644775
44,69.75633270226001,-25.75633270226001,-25.75633270226001
80,81.12988443449382,-1.1298844344938175,-1.1298844344938175
15,15.215092026224546,-0.21509202622454637,-0.21509202622454637
10,7.079522055324361,2.920477944675639,2.920477944675639
113,115.8954565846355,-2.8954565846354967,-2.8954565846354967
82,69.75404035372682,12.245959646273178,12.245959646273178
64,50.61964393929256,13.380356060707442,13.380356060707442
103,89.96261269848246,13.03738730151754,13.03738730151754
24,43.619624479210316,-19.619624479210316,-19.619624479210316
48,19.802362709478672,28.197637290521328,28.197637290521328
39,31.750864767742456,7.249135232257544,7.249135232257544
138,106.95117383069868,31.04882616930132,31.04882616930132
88,97.85892598836881,-9.85892598836881,-9.85892598836881
35,34.770998186331965,0.22900181366803452,0.22900181366803452
122,135.3351023661055,-13.335102366105502,-13.335102366105502
18,37.20535891918396,-19.205358919183958,-19.205358919183958
29,27.2365316165314,1.7634683834685987,1.7634683834685987
83,55.566954543273994,27.433045456726006,27.433045456726006
35,37.42680257567624,-2.4268025756762412,-2.4268025756762412
46,60.04142471660195,-14.041424716601952,-14.041424716601952
211,196.73920530513436,14.260794694865638,14.260794694865638
75,74.10401213232966,0.8959878676703426,0.8959878676703426
65,66.63267331001484,-1.6326733100148374,-1.6326733100148374
48,44.85656354494628,3.143436455053717,3.143436455053717
158,150.41319855783826,7.586801442161743,7.586801442161743
55,55.76322020712949,-0.7632202071294927,-0.7632202071294927
196,189.57818003118257,6.421819968817431,6.421819968817431
3,3.939195710612651,-0.9391957106126512,-0.9391957106126512
69,72.91983817177439,-3.919838171774387,-3.919838171774387
37,26.265716617418015,10.734283382581985,10.734283382581985
79,80.51233247631396,-1.5123324763139578,-1.5123324763139578
19,30.870020285425838,-11.870020285425838,-11.870020285425838
82,67.60515455447761,14.394845445522392,14.394845445522392
89,69.95251726763986,19.047482732360137,19.047482732360137
162,157.92778802148166,4.0722119785183395,4.0722119785183395
95,97.76726345855909,-2.7672634585590856,-2.7672634585590856
51,60.749211841400566,-9.749211841400566,-9.749211841400566
77,92.85853159366488,-15.858531593664878,-15.858531593664878
103,114.5209273167224,-11.520927316722407,-11.520927316722407
31,25.443924374136536,5.556075625863464,5.556075625863464
47,57.97064650194372,-10.970646501943719,-10.970646501943719
40,36.261200983671515,3.7387990163284854,3.7387990163284854
78,70.7468543554696,7.253145644530406,7.253145644530406
31,42.79873883823201,-11.798738838232012,-11.798738838232012
25,22.438823986823238,2.5611760131767625,2.5611760131767625
84,89.53248004287121,-5.532480042871214,-5.532480042871214
57,46.082104526245686,10.917895473754314,10.917895473754314
82,69.9987648423686,12.001235157631399,12.001235157631399
45,46.90369781507587,-1.9036978150758728,-1.9036978150758728
99,109.66347921056857,-10.663479210568568,-10.663479210568568
156,157.51758416097593,-1.5175841609759289,-1.5175841609759289
35,12.483750846814331,22.51624915318567,22.51624915318567
0,11.647273786246707,-11.647273786246707,-11.647273786246707
74,68.98833140285868,5.011668597141323,5.011668597141323
58,68.94802871005423,-10.948028710054231,-10.948028710054231
61,59.568110548180854,1.4318894518191456,1.4318894518191456
163,163.59341815246074,-0.5934181524607425,-0.5934181524607425
64,74.28401703549655,-10.284017035496547,-10.284017035496547
184,181.72243849632986,2.2775615036701424,2.2775615036701424
131,151.50402625847158,-20.504026258471583,-20.504026258471583
51,70.23841281253345,-19.238412812533454,-19.238412812533454
20,7.396287716628493,12.603712283371507,12.603712283371507
35,12.906191031084603,22.093808968915397,22.093808968915397
103,87.21645757807617,15.783542421923826,15.783542421923826
164,181.68113835299158,-17.68113835299158,-17.68113835299158
84,84.2328959199377,-0.23289591993770387,-0.23289591993770387
35,47.44422541585229,-12.444225415852287,-12.444225415852287
62,56.61884607839136,5.381153921608643,5.381153921608643
133,129.63279950890688,3.367200491093115,3.367200491093115
31,44.25750940634608,-13.257509406346081,-13.257509406346081
22,23.132976473069085,-1.1329764730690854,-1.1329764730690854
166,148.55208543494933,17.447914565050667,17.447914565050667
147,130.31204799992702,16.687952000072983,16.687952000072983
79,85.02516211751902,-6.025162117519017,-6.025162117519017
6,17.25526539195755,-11.25526539195755,-11.25526539195755
37,15.01351956819839,21.98648043180161,21.98648043180161
49,50.42640894118616,-1.4264089411861605,-1.4264089411861605
163,137.73236751713085,25.267632482869146,25.267632482869146
79,86.49121502108136,-7.491215021081359,-7.491215021081359
147,144.629685519767,2.3703144802329916,2.3703144802329916
53,65.66447707433687,-12.664477074336872,-12.664477074336872
177,158.0720698693334,18.927930130666596,18.927930130666596
160,132.99603712511356,27.00396287488644,27.00396287488644
95,67.33014880431462,27.669851195685382,27.669851195685382
200,206.72658397509872,-6.72658397509872,-6.72658397509872
46,42.2240111840367,3.775988815963302,3.775988815963302
2,11.964800247498111,-9.964800247498111,-9.964800247498111
112,119.76164856290937,-7.761648562909372,-7.761648562909372
6,22.58778589492711,-16.58778589492711,-16.58778589492711
65,86.87432572285967,-21.874325722859666,-21.874325722859666
60,64.90994320083637,-4.909943200836366,-4.909943200836366
20,23.47336293769392,-3.4733629376939206,-3.4733629376939206
78,60.971252675509746,17.028747324490254,17.028747324490254
31,15.342268714442191,15.657731285557809,15.657731285557809
0,-5.458306363057744,5.458306363057744,5.458306363057744
15,34.23815452347807,-19.238154523478073,-19.238154523478073
13,9.873942044243236,3.126057955756764,3.126057955756764
21,26.77024989295066,-5.770249892950659,-5.770249892950659
37,33.36242858234674,3.6375714176532625,3.6375714176532625
70,91.23621117868336,-21.236211178683362,-21.236211178683362
184,171.27080818253853,12.72919181746147,12.72919181746147
99,91.99678655284373,7.00321344715627,7.00321344715627
78,79.76691138542908,-1.7669113854290828,-1.7669113854290828
101,87.09525896140394,13.904741038596057,13.904741038596057
48,40.76183172298698,7.238168277013017,7.238168277013017
23,10.77163130545157,12.22836869454843,12.22836869454843
91,85.57785098600596,5.422149013994044,5.422149013994044
91,94.8927227839903,-3.892722783990294,-3.892722783990294
2,-2.3798950948932998,4.3798950948933,4.3798950948933
82,69.47877376712086,12.521226232879144,12.521226232879144
69,65.51800867555592,3.481991324444081,3.481991324444081
5,28.512614195210936,-23.512614195210936,-23.512614195210936
98,101.23008070591891,-3.2300807059189083,-3.2300807059189083
46,61.90851161339981,-15.90851161339981,-15.90851161339981
113,104.00135690548136,8.998643094518641,8.998643094518641
37,52.88867471820956,-15.888674718209558,-15.888674718209558
168,166.49938030647183,1.500619693528165,1.500619693528165
48,49.85889372386258,-1.858893723862579,-1.858893723862579
66,54.82926674774647,11.170733252253527,11.170733252253527
71,85.74693591983694,-14.746935919836943,-14.746935919836943
95,98.722546585619,-3.722546585619,-3.722546585619
119,112.98914939296661,6.01085060703339,6.01085060703339
10,27.462188035335515,-17.462188035335515,-17.462188035335515
40,41.58020421783068,-1.5802042178306834,-1.5802042178306834
185,188.45012711139623,-3.4501271113962275,-3.4501271113962275
26,20.42820989125341,5.57179010874659,5.57179010874659
29,13.402114876161072,15.597885123838928,15.597885123838928
111,113.01318888806196,-2.0131888880619613,-2.0131888880619613
10,23.904209362099273,-13.904209362099273,-13.904209362099273
124,123.46530171291042,0.5346982870895829,0.5346982870895829
27,31.597495037815726,-4.597495037815726,-4.597495037815726
66,51.49137680636972,14.508623193630278,14.508623193630278
18,31.673827875418866,-13.673827875418866,-13.673827875418866
45,55.789959418542374,-10.789959418542374,-10.789959418542374
107,83.24594426599917,23.75405573400083,23.75405573400083
67,86.45179471363599,-19.45179471363599,-19.45179471363599
55,67.86671545537867,-12.866715455378667,-12.866715455378667
73,91.16118735701905,-18.161187357019045,-18.161187357019045
47,39.510595037370564,7.489404962629436,7.489404962629436
55,36.58807862317414,18.41192137682586,18.41192137682586
96,83.31379011486466,12.68620988513534,12.68620988513534
193,179.5230221056325,13.476977894367508,13.476977894367508
47,41.90280994777439,5.0971900522256135,5.0971900522256135
65,52.755433866040335,12.244566133959665,12.244566133959665
46,53.70044441439056,-7.70044441439056,-7.70044441439056
120,120.50352797678485,-0.5035279767848522,-0.5035279767848522
67,65.88999981672924,1.1100001832707562,1.1100001832707562
139,127.05770914041653,11.942290859583466,11.942290859583466
41,26.14619036277309,14.85380963722691,14.85380963722691
72,66.77694330710742,5.223056692892584,5.223056692892584
142,115.0538123855999,26.946187614400102,26.946187614400102
72,66.44425297649602,5.555747023503983,5.555747023503983
56,65.42661613180859,-9.426616131808586,-9.426616131808586
99,101.7630339393538,-2.7630339393538037,-2.7630339393538037
204,191.91349813353423,12.086501866465767,12.086501866465767
99,88.03404493881551,10.965955061184488,10.965955061184488
74,91.91167264867187,-17.911672648671868,-17.911672648671868
114,99.73993416838718,14.26006583161282,14.26006583161282
69,75.083365220573,-6.083365220573,-6.083365220573
115,115.45820271070552,-0.4582027107055211,-0.4582027107055211
182,165.9958405259623,16.004159474037692,16.004159474037692
24,20.550617246091782,3.4493827539082176,3.4493827539082176
123,119.4135281210686,3.5864718789314054,3.5864718789314054
29,38.10080242804331,-9.100802428043309,-9.100802428043309
154,147.81400441037016,6.18599558962984,6.18599558962984
22,-3.060517253611522,25.060517253611522,25.060517253611522
26,34.97125787619056,-8.971257876190563,-8.971257876190563
47,39.94373813488659,7.056261865113413,7.056261865113413
38,63.70755730682505,-25.707557306825052,-25.707557306825052
94,119.3494851613625,-25.349485161362495,-25.349485161362495
155,167.47645919043634,-12.476459190436344,-12.476459190436344
27,24.42077570330069,2.5792242966993086,2.5792242966993086
59,71.1944165166725,-12.194416516672504,-12.194416516672504
33,27.503475461684815,5.496524538315185,5.496524538315185
74,79.05682509071995,-5.056825090719954,-5.056825090719954
194,196.9699246841917,-2.96992468419171,-2.96992468419171
20,28.61342991584567,-8.613429915845671,-8.613429915845671
55,43.681268723441725,11.318731276558275,11.318731276558275
139,126.53014697390984,12.469853026090163,12.469853026090163
26,17.693605401013357,8.306394598986643,8.306394598986643
46,41.72132212780411,4.2786778721958925,4.2786778721958925
100,105.04699799495371,-5.046997994953713,-5.046997994953713
6,8.702653595211203,-2.7026535952112027,-2.7026535952112027
123,129.45965847463117,-6.459658474631169,-6.459658474631169
41,45.468022002419914,-4.468022002419914,-4.468022002419914
81,69.27898112092981,11.721018879070186,11.721018879070186
0,25.219432342343453,-25.219432342343453,-25.219432342343453
9,9.83423109142808,-0.8342310914280802,-0.8342310914280802
76,76.24332667005447,-0.24332667005447206,-0.24332667005447206
47,44.11136079871867,2.888639201281329,2.888639201281329
67,38.514340401784196,28.485659598215804,28.485659598215804
150,138.2205652128473,11.779434787152695,11.779434787152695
6,7.3714363733917025,-1.3714363733917025,-1.3714363733917025
49,45.69751769523803,3.3024823047619734,3.3024823047619734
144,153.16610787089252,-9.166107870892517,-9.166107870892517
100,96.11880328246826,3.8811967175317363,3.8811967175317363
67,63.6096665353832,3.390333464616802,3.390333464616802
75,72.92008850479264,2.079911495207355,2.079911495207355
55,52.717783857495135,2.282216142504865,2.282216142504865
55,67.76858127474263,-12.76858127474263,-12.76858127474263
12,37.674492108878276,-25.674492108878276,-25.674492108878276
100,91.36839762783207,8.631602372167933,8.631602372167933
99,84.686446575628,14.313553424372003,14.313553424372003
4,19.399763802936107,-15.399763802936107,-15.399763802936107
42,50.48265038330346,-8.482650383303458,-8.482650383303458
92,104.45909749068461,-12.459097490684613,-12.459097490684613
74,67.545849384236,6.454150615763993,6.454150615763993
21,6.196000901936614,14.803999098063386,14.803999098063386
43,23.728885089679338,19.271114910320662,19.271114910320662
72,61.65232377449476,10.34767622550524,10.34767622550524
54,59.65106588708115,-5.6510658870811525,-5.6510658870811525
20,11.228526649536533,8.771473350463467,8.771473350463467
41,51.97077033244048,-10.97077033244048,-10.97077033244048
121,116.65809197126565,4.341908028734352,4.341908028734352
50,44.339211558177105,5.660788441822895,5.660788441822895
150,149.37861247345097,0.6213875265490287,0.6213875265490287
133,129.46626095170075,3.5337390482992532,3.5337390482992532
125,111.33264156398397,13.66735843601603,13.66735843601603
113,108.37502555912957,4.624974440870432,4.624974440870432
59,55.92874914971233,3.0712508502876688,3.0712508502876688
45,70.1998980702982,-25.199898070298204,-25.199898070298204
69,67.40417574499035,1.5958242550096458,1.5958242550096458
51,66.75214636273644,-15.75214636273644,-15.75214636273644
85,71.726257788813,13.273742211186999,13.273742211186999
99,84.2234001598421,14.7765998401579,14.7765998401579
156,153.14517880056368,2.8548211994363157,2.8548211994363157
168,165.38811185396486,2.6118881460351417,2.6118881460351417
31,39.09059357085218,-8.090593570852178,-8.090593570852178
53,44.612886021235845,8.387113978764155,8.387113978764155
68,68.10753104958962,-0.10753104958962467,-0.10753104958962467
18,19.712635389347106,-1.7126353893471062,-1.7126353893471062
91,88.59264007173138,2.407359928268619,2.407359928268619
23,18.54709378214787,4.4529062178521315,4.4529062178521315
37,33.943023203957644,3.056976796042356,3.056976796042356
86,80.09652208615971,5.903477913840291,5.903477913840291
166,159.38094157872325,6.619058421276748,6.619058421276748
178,162.04832834050745,15.951671659492547,15.951671659492547
62,59.671300326609796,2.3286996733902043,2.3286996733902043
196,181.4923419773828,14.507658022617193,14.507658022617193
49,48.215612254321755,0.7843877456782451,0.7843877456782451
88,88.21129716799024,-0.21129716799023868,-0.21129716799023868
20,27.957067033163497,-7.957067033163497,-7.957067033163497
114,108.03445599495092,5.965544005049082,5.965544005049082
204,208.10708160144713,-4.107081601447135,-4.107081601447135
158,180.90186418830092,-22.90186418830092,-22.90186418830092
70,83.4765078463273,-13.476507846327294,-13.476507846327294
16,11.867776440526953,4.132223559473047,4.132223559473047
138,169.20725896300567,-31.20725896300567,-31.20725896300567
166,162.45072393472321,3.5492760652767856,3.5492760652767856
28,23.598811655891843,4.4011883441081565,4.4011883441081565
94,93.29892577307862,0.7010742269213779,0.7010742269213779
39,47.82229097249376,-8.82229097249376,-8.82229097249376
10,0.6213908959590384,9.378609104040962,9.378609104040962
57,41.097541603286395,15.902458396713605,15.902458396713605
40,52.98967881237665,-12.989678812376653,-12.989678812376653
40,36.25822695223374,3.7417730477662587,3.7417730477662587
66,77.09310585477922,-11.093105854779225,-11.093105854779225
13,22.132214041825037,-9.132214041825037,-9.132214041825037
129,133.38795699013184,-4.3879569901318405,-4.3879569901318405
124,116.41188501131808,7.588114988681923,7.588114988681923
86,76.86694798323272,9.13305201676728,9.13305201676728
45,41.84284293920976,3.15715706079024,3.15715706079024
164,146.08913455108802,17.910865448911977,17.910865448911977
161,157.56775680381548,3.4322431961845155,3.4322431961845155
157,165.40928028916431,-8.409280289164315,-8.409280289164315
88,83.10921749012137,4.890782509878633,4.890782509878633
4,20.004479205477026,-16.004479205477026,-16.004479205477026
61,84.16513119869792,-23.16513119869792,-23.16513119869792
69,72.7037220787409,-3.7037220787408955,-3.7037220787408955
30,45.23623354387101,-15.236233543871009,-15.236233543871009
208,186.64803560824282,21.35196439175718,21.35196439175718
62,49.12175435565328,12.87824564434672,12.87824564434672
48,37.20524040095742,10.794759599042578,10.794759599042578
0,7.410142074978538,-7.410142074978538,-7.410142074978538
22,22.224658573193537,-0.22465857319353688,-0.22465857319353688
7,16.95064851766825,-9.950648517668249,-9.950648517668249
205,203.20309056786522,1.7969094321347825,1.7969094321347825
42,36.63173813098196,5.368261869018042,5.368261869018042
28,23.72951822456136,4.27048177543864,4.27048177543864
34,28.730084807046616,5.269915192953384,5.269915192953384
123,123.38777573973042,-0.3877757397304151,-0.3877757397304151
85,83.3202618198967,1.6797381801032998,1.6797381801032998
30,4.7316886020500135,25.268311397949986,25.268311397949986
50,50.47974677517384,-0.4797467751738367,-0.4797467751738367
101,112.92522262700105,-11.925222627001048,-11.925222627001048
8,11.937946438492858,-3.937946438492858,-3.937946438492858
49,68.78551811217,-19.785518112169996,-19.785518112169996
133,116.78651805528435,16.213481944715653,16.213481944715653
55,56.1276884792862,-1.1276884792861992,-1.1276884792861992
17,18.437125752537078,-1.437125752537078,-1.437125752537078
15,27.347230491751255,-12.347230491751255,-12.347230491751255
130,150.3897667875849,-20.389766787584904,-20.389766787584904
35,32.41792713435508,2.5820728656449177,2.5820728656449177
38,27.550412978898912,10.449587021101088,10.449587021101088
4,27.35420555963497,-23.35420555963497,-23.35420555963497
32,22.328035090664123,9.671964909335877,9.671964909335877
23,25.002601666729056,-2.0026016667290563,-2.0026016667290563
49,38.67097357185149,10.32902642814851,10.32902642814851
13,22.821009872517187,-9.821009872517187,-9.821009872517187
171,148.1787958491591,22.821204150840913,22.821204150840913
51,52.0429329600522,-1.0429329600521982,-1.0429329600521982
137,124.07956074839484,12.92043925160516,12.92043925160516
17,21.14828342119681,-4.148283421196808,-4.148283421196808
98,94.40778802449141,3.59221197550859,3.59221197550859
90,86.7863834917364,3.2136165082635983,3.2136165082635983
83,69.09382300018581,13.906176999814193,13.906176999814193
60,71.61713098217169,-11.617130982171687,-11.617130982171687
46,50.45511792022657,-4.45511792022657,-4.45511792022657
41,55.36202683337885,-14.362026833378849,-14.362026833378849
62,34.11010616063403,27.889893839365968,27.889893839365968
103,106.48991745497045,-3.4899174549704526,-3.4899174549704526
91,70.8625759737991,20.137424026200904,20.137424026200904
35,36.10410079336633,-1.104100793366328,-1.104100793366328
209,192.8946428004494,16.10535719955061,16.10535719955061
100,83.35732928207628,16.64267071792372,16.64267071792372
42,47.32325194192255,-5.32325194192255,-5.32325194192255
11,10.57896151011061,0.42103848988939063,0.42103848988939063
41,72.81317402714093,-31.81317402714093,-31.81317402714093
27,23.261281921522936,3.7387180784770635,3.7387180784770635
26,43.819469804625186,-17.819469804625186,-17.819469804625186
12,17.678285614993428,-5.6782856149934275,-5.6782856149934275
45,59.24479485245206,-14.24479485245206,-14.24479485245206
85,88.04810468245286,-3.048104682452859,-3.048104682452859
50,41.681640435882485,8.318359564117515,8.318359564117515
92,86.21400797697198,5.785992023028015,5.785992023028015
84,79.46990437059017,4.5300956294098285,4.5300956294098285
47,43.89843981215252,3.1015601878474826,3.1015601878474826
83,94.53267318096397,-11.532673180963968,-11.532673180963968
45,77.56248703550871,-32.56248703550871,-32.56248703550871
39,55.030963480737796,-16.030963480737796,-16.030963480737796
188,176.99977788662466,11.000222113375344,11.000222113375344
58,50.43241802566929,7.567581974330707,7.567581974330707
29,27.245490061508036,1.7545099384919638,1.7545099384919638
116,102.50470133906714,13.49529866093286,13.49529866093286
88,99.97857078379253,-11.978570783792534,-11.978570783792534
193,185.17816943266882,7.821830567331176,7.821830567331176
47,67.59434421416687,-20.594344214166867,-20.594344214166867
52,42.71534119544151,9.28465880455849,9.28465880455849
109,116.3936452922519,-7.393645292251904,-7.393645292251904
182,184.62428328221014,-2.6242832822101434,-2.6242832822101434
191,164.14646247019175,26.85353752980825,26.85353752980825
145,145.52699295781014,-0.5269929578101369,-0.5269929578101369
134,139.944015291188,-5.944015291188009,-5.944015291188009
116,131.29154387054365,-15.291543870543649,-15.291543870543649
41,36.50717884542989,4.492821154570109,4.492821154570109
19,30.39813768859966,-11.398137688599661,-11.398137688599661
61,74.06337573777243,-13.063375737772432,-13.063375737772432
50,66.78978804520256,-16.789788045202556,-16.789788045202556
11,15.168827426034852,-4.168827426034852,-4.168827426034852
45,32.048023342517006,12.951976657482994,12.951976657482994
22,26.38490656749036,-4.384906567490361,-4.384906567490361
211,193.2433671029437,17.756632897056306,17.756632897056306
57,57.76233647117817,-0.7623364711781733,-0.7623364711781733
0,9.904876499992902,-9.904876499992902,-9.904876499992902
183,150.15052946860632,32.84947053139368,32.84947053139368
62,63.63419184766166,-1.6341918476616613,-1.6341918476616613
93,107.03130174753935,-14.031301747539345,-14.031301747539345
131,109.25028461044349,21.749715389556513,21.749715389556513
76,79.41920133932523,-3.4192013393252267,-3.4192013393252267
119,130.31130925085094,-11.31130925085094,-11.31130925085094
107,110.55411205182524,-3.5541120518252427,-3.5541120518252427
48,46.40706940008233,1.592930599917672,1.592930599917672
190,199.21158781138337,-9.211587811383367,-9.211587811383367
43,46.55263317475998,-3.5526331747599826,-3.5526331747599826
27,13.984053454504654,13.015946545495346,13.015946545495346
44,35.66809886291591,8.331901137084088,8.331901137084088
69,72.60714873314079,-3.6071487331407894,-3.6071487331407894
75,88.22981860054378,-13.22981860054378,-13.22981860054378
22,21.610932296240037,0.389067703759963,0.389067703759963
67,59.45018063821901,7.54981936178099,7.54981936178099
0,18.141874894662266,-18.141874894662266,-18.141874894662266
75,73.44122272079196,1.5587772792080443,1.5587772792080443
58,64.75213160605418,-6.752131606054178,-6.752131606054178
73,75.4412855864871,-2.4412855864870977,-2.4412855864870977
0,4.315878875350734,-4.315878875350734,-4.315878875350734
31,37.927525902338886,-6.9275259023388855,-6.9275259023388855
80,83.65181632887331,-3.651816328873309,-3.651816328873309
56,60.20296063500123,-4.202960635001233,-4.202960635001233
138,138.04815913071496,-0.04815913071496425,-0.04815913071496425
82,74.17265001575188,7.827349984248116,7.827349984248116
74,56.13592286533225,17.864077134667752,17.864077134667752
176,179.2057851647254,-3.2057851647253983,-3.2057851647253983
200,207.7517975297659,-7.751797529765895,-7.751797529765895
35,35.60671129633391,-0.6067112963339127,-0.6067112963339127
73,53.360222667272666,19.639777332727334,19.639777332727334
75,78.46762498154263,-3.4676249815426274,-3.4676249815426274
49,49.988968659183946,-0.9889686591839464,-0.9889686591839464
56,59.45135369836607,-3.45135369836607,-3.45135369836607
90,104.9225085438569,-14.922508543856907,-14.922508543856907
89,90.43414487617966,-1.4341448761796585,-1.4341448761796585
33,35.436318597822805,-2.4363185978228046,-2.4363185978228046
34,22.18444423586528,11.815555764134722,11.815555764134722
84,88.55009070535799,-4.550090705357988,-4.550090705357988
55,26.91641107051526,28.08358892948474,28.08358892948474
61,57.72444897430792,3.2755510256920815,3.2755510256920815
112,132.6347078319763,-20.6347078319763,-20.6347078319763
82,71.39591444615566,10.604085553844342,10.604085553844342
37,30.800687522363333,6.199312477636667,6.199312477636667
0,1.5615812764573604,-1.5615812764573604,-1.5615812764573604
73,58.25195296022727,14.748047039772729,14.748047039772729
51,48.13450570337247,2.8654942966275314,2.8654942966275314
69,63.896542854141,5.103457145858997,5.103457145858997
4,6.425694926742537,-2.425694926742537,-2.425694926742537
131,124.33682722122302,6.663172778776982,6.663172778776982
76,94.64202269314744,-18.64202269314744,-18.64202269314744
40,15.338452250818243,24.661547749181757,24.661547749181757
52,45.435130897649266,6.564869102350734,6.564869102350734
59,59.01099907583591,-0.010999075835911754,-0.010999075835911754
68,48.76854634093351,19.23145365906649,19.23145365906649
56,75.32311422411517,-19.323114224115173,-19.323114224115173
139,152.6812414009866,-13.681241400986607,-13.681241400986607
75,84.46715058978224,-9.467150589782236,-9.467150589782236
127,158.3088005964293,-31.308800596429307,-31.308800596429307
2,8.082470744518247,-6.082470744518247,-6.082470744518247
131,141.84038610246455,-10.84038610246455,-10.84038610246455
72,97.82369675960969,-25.82369675960969,-25.82369675960969
144,141.8524625996192,2.1475374003807985,2.1475374003807985
49,30.128736961829432,18.871263038170568,18.871263038170568
39,77.63115414397913,-38.63115414397913,-38.63115414397913
196,181.23047248610482,14.769527513895184,14.769527513895184
112,101.00456002677268,10.99543997322732,10.99543997322732
6,8.823340536554738,-2.8233405365547384,-2.8233405365547384
108,117.70379364008598,-9.703793640085976,-9.703793640085976
35,42.07256735912984,-7.072567359129842,-7.072567359129842
65,75.15926727200308,-10.159267272003078,-10.159267272003078
48,36.6261611452376,11.373838854762397,11.373838854762397
86,70.66899357828724,15.331006421712758,15.331006421712758
179,185.12888268464437,-6.128882684644367,-6.128882684644367
82,92.26740268448967,-10.267402684489667,-10.267402684489667
141,139.961422739105,1.0385772608950106,1.0385772608950106
0,-8.068999115185434,8.068999115185434,8.068999115185434
74,77.46607127903887,-3.4660712790388715,-3.4660712790388715
123,130.84471160941771,-7.844711609417715,-7.844711609417715
101,100.84172652669099,0.1582734733090092,0.1582734733090092
145,158.60089439225712,-13.600894392257118,-13.600894392257118
23,21.506296999928658,1.493703000071342,1.493703000071342
61,63.45916192289808,-2.459161922898083,-2.459161922898083
161,154.12933754267516,6.8706624573248405,6.8706624573248405
44,34.56229138550656,9.437708614493438,9.437708614493438
165,176.46745504929737,-11.46745504929737,-11.46745504929737
9,22.73342722729943,-13.73342722729943,-13.73342722729943
40,44.4051231908326,-4.405123190832597,-4.405123190832597
53,48.615877482482425,4.384122517517575,4.384122517517575
170,179.13785959282168,-9.137859592821684,-9.137859592821684
30,29.787671613868262,0.21232838613173755,0.21232838613173755
9,27.60998217771332,-18.60998217771332,-18.60998217771332
31,40.872661328280714,-9.872661328280714,-9.872661328280714
205,165.46278091559674,39.53721908440326,39.53721908440326
62,38.1931630522379,23.8068369477621,23.8068369477621
61,74.19743434213771,-13.197434342137711,-13.197434342137711
62,87.53561318451136,-25.535613184511362,-25.535613184511362
152,142.87783956105648,9.122160438943524,9.122160438943524
84,93.95433661700652,-9.954336617006518,-9.954336617006518
51,47.32675661531774,3.6732433846822587,3.6732433846822587
187,192.78160439489693,-5.781604394896931,-5.781604394896931
183,193.79421202350048,-10.794212023500478,-10.794212023500478
80,84.87837801512963,-4.878378015129627,-4.878378015129627
142,142.82197422859417,-0.821974228594172,-0.821974228594172
13,28.428069609172383,-15.428069609172383,-15.428069609172383
137,135.9978530537698,1.002146946230198,1.002146946230198
30,15.091484730440335,14.908515269559665,14.908515269559665
13,30.37522331399768,-17.37522331399768,-17.37522331399768
53,67.27074678871335,-14.270746788713353,-14.270746788713353
81,71.85835478350751,9.141645216492492,9.141645216492492
11,3.598674665087273,7.401325334912727,7.401325334912727
63,64.04830508965347,-1.0483050896534678,-1.0483050896534678
118,114.60028346637736,3.3997165336226374,3.3997165336226374
83,62.64870861321002,20.35129138678998,20.35129138678998
22,27.14854902003956,-5.14854902003956,-5.14854902003956
152,163.41190751761795,-11.411907517617948,-11.411907517617948
66,72.0785192213821,-6.078519221382095,-6.078519221382095
135,115.5725098430375,19.427490156962506,19.427490156962506
63,39.13268712786474,23.86731287213526,23.86731287213526
174,163.29029187723035,10.709708122769655,10.709708122769655
77,82.38145012530235,-5.381450125302351,-5.381450125302351
52,27.521899991030416,24.478100008969584,24.478100008969584
33,38.232808699621785,-5.232808699621785,-5.232808699621785
48,56.216871154008416,-8.216871154008416,-8.216871154008416
169,157.60769809256297,11.39230190743703,11.39230190743703
2,12.88461652399075,-10.88461652399075,-10.88461652399075
42,38.53060296993023,3.4693970300697714,3.4693970300697714
103,63.75074135234905,39.24925864765095,39.24925864765095
29,31.157041331248507,-2.1570413312485073,-2.1570413312485073
135,143.57725504666405,-8.57725504666405,-8.57725504666405
182,195.1863773892631,-13.1863773892631,-13.1863773892631
31,36.21529504129919,-5.215295041299193,-5.215295041299193
54,64.22023999141314,-10.220239991413138,-10.220239991413138
44,33.22936354231401,10.770636457685988,10.770636457685988
53,67.5530155476593,-14.5530155476593,-14.5530155476593
44,51.520296040131164,-7.520296040131164,-7.520296040131164
102,99.35342845141713,2.6465715485828696,2.6465715485828696
62,39.283579548739766,22.716420451260234,22.716420451260234
43,60.22637393700876,-17.22637393700876,-17.22637393700876
124,91.68180997497471,32.31819002502529,32.31819002502529
40,45.51172701069739,-5.511727010697392,-5.511727010697392
210,182.6051647284699,27.3948352715301,27.3948352715301
55,48.02044675215223,6.979553247847768,6.979553247847768
61,49.53684147286992,11.463158527130084,11.463158527130084
5,18.180124052998657,-13.180124052998657,-13.180124052998657
118,104.7551369203468,13.2448630796532,13.2448630796532
29,19.125589130525,9.874410869475,9.874410869475
44,73.55864447528256,-29.558644475282563,-29.558644475282563
168,152.69255182138394,15.307448178616056,15.307448178616056
63,58.232399541965606,4.767600458034394,4.767600458034394
143,140.65943420641494,2.340565793585057,2.340565793585057
67,62.786537817193214,4.213462182806786,4.213462182806786
71,60.68285556337641,10.317144436623593,10.317144436623593
34,18.728860054171513,15.271139945828487,15.271139945828487
175,153.10602641555545,21.893973584444552,21.893973584444552
24,20.38841830482785,3.6115816951721484,3.6115816951721484
107,120.29262797657839,-13.292627976578387,-13.292627976578387
28,21.465468702981312,6.534531297018688,6.534531297018688
30,43.248650116343946,-13.248650116343946,-13.248650116343946
66,49.74722149679331,16.25277850320669,16.25277850320669
79,79.3020120360461,-0.3020120360460936,-0.3020120360460936
179,177.63379812753436,1.3662018724656377,1.3662018724656377
47,62.18092716843893,-15.180927168438927,-15.180927168438927
73,82.61545951241284,-9.61545951241284,-9.61545951241284
134,144.52639475569634,-10.526394755696344,-10.526394755696344
56,65.97699869888125,-9.976998698881246,-9.976998698881246
173,159.0598112713382,13.94018872866181,13.94018872866181
67,52.367248869176315,14.632751130823685,14.632751130823685
205,170.58709022097474,34.412909779025256,34.412909779025256
110,105.76005988219782,4.239940117802178,4.239940117802178
17,14.93434819095446,2.0656518090455407,2.0656518090455407
18,3.826271438726124,14.173728561273876,14.173728561273876
100,110.28717704680236,-10.287177046802356,-10.287177046802356
54,52.43793689378177,1.5620631062182326,1.5620631062182326
160,135.58970263952367,24.410297360476335,24.410297360476335
58,81.48867545433863,-23.488675454338633,-23.488675454338633
18,15.000822373292145,2.999177626707855,2.999177626707855
59,53.739494352962886,5.260505647037114,5.260505647037114
181,184.78674384919617,-3.7867438491961707,-3.7867438491961707
73,70.8657408195629,2.1342591804370983,2.1342591804370983
54,53.66106271349457,0.338937286505427,0.338937286505427
11,24.165477142394202,-13.165477142394202,-13.165477142394202
29,16.512023845675728,12.487976154324272,12.487976154324272
24,28.789677805167784,-4.789677805167784,-4.789677805167784
0,17.77676990492413,-17.77676990492413,-17.77676990492413
113,123.50642053569766,-10.506420535697657,-10.506420535697657
0,8.767105707375734,-8.767105707375734,-8.767105707375734
127,143.25725922934794,-16.257259229347937,-16.257259229347937
21,22.693977270525814,-1.6939772705258136,-1.6939772705258136
116,119.01956565969274,-3.019565659692745,-3.019565659692745
32,37.385158059666054,-5.385158059666054,-5.385158059666054
0,1.540625896175797,-1.540625896175797,-1.540625896175797
57,47.49102292502323,9.50897707497677,9.50897707497677
54,67.30635979716374,-13.306359797163736,-13.306359797163736
67,76.71939342368147,-9.719393423681467,-9.719393423681467
125,125.56851217111029,-0.5685121711102852,-0.5685121711102852
33,24.160094650350104,8.839905349649896,8.839905349649896
46,40.740773563003025,5.2592264369969755,5.2592264369969755
63,59.41164775993577,3.588352240064232,3.588352240064232
54,39.1713533112893,14.828646688710698,14.828646688710698
59,73.82053844254136,-14.820538442541363,-14.820538442541363
19,14.106839513714561,4.8931604862854385,4.8931604862854385
154,176.79971785677344,-22.79971785677344,-22.79971785677344
46,41.130177920679095,4.869822079320905,4.869822079320905
132,133.52241975410377,-1.5224197541037654,-1.5224197541037654
86,86.1116752178221,-0.11167521782209633,-0.11167521782209633
182,150.4346669160269,31.565333083973087,31.565333083973087
17,4.359559538606817,12.640440461393183,12.640440461393183
109,115.47391064253085,-6.4739106425308535,-6.4739106425308535
154,158.28563939461282,-4.285639394612815,-4.285639394612815
193,203.81134176726113,-10.811341767261126,-10.811341767261126
87,86.43439610676792,0.5656038932320797,0.5656038932320797
32,10.30447643043621,21.69552356956379,21.69552356956379
46,73.76946926555657,-27.769469265556566,-27.769469265556566
11,19.343121496117945,-8.343121496117945,-8.343121496117945
49,36.310710493979705,12.689289506020295,12.689289506020295
4,15.32388738700368,-11.32388738700368,-11.32388738700368
170,154.16370321185718,15.836296788142818,15.836296788142818
83,72.58522204167511,10.41477795832489,10.41477795832489
6,27.770518229054773,-21.770518229054773,-21.770518229054773
49,49.95342588552126,-0.9534258855212627,-0.9534258855212627
23,21.830596535841813,1.1694034641581865,1.1694034641581865
118,118.61817129233788,-0.6181712923378768,-0.6181712923378768
84,81.04203593627781,2.957964063722187,2.957964063722187
77,78.11628063094253,-1.1162806309425264,-1.1162806309425264
62,66.99118496879181,-4.9911849687918135,-4.9911849687918135
192,177.42203010588958,14.577969894110424,14.577969894110424
64,72.40403744738335,-8.404037447383345,-8.404037447383345
62,47.88293200879736,14.117067991202639,14.117067991202639
46,52.601244756057554,-6.601244756057554,-6.601244756057554
80,69.71052072738243,10.28947927261757,10.28947927261757
167,154.2839531997111,12.716046800288893,12.716046800288893
189,187.37414229121566,1.6258577087843378,1.6258577087843378
82,75.82195369158785,6.178046308412149,6.178046308412149
0,14.732130702653997,-14.732130702653997,-14.732130702653997
22,7.199537497500714,14.800462502499286,14.800462502499286
80,70.44177329024201,9.558226709757989,9.558226709757989
140,144.19736908869726,-4.197369088697258,-4.197369088697258
17,9.990352494285531,7.009647505714469,7.009647505714469
24,17.90045579313965,6.099544206860351,6.099544206860351
187,200.37431928569958,-13.374319285699585,-13.374319285699585
197,183.57760827955326,13.42239172044674,13.42239172044674
59,69.63970496327724,-10.63970496327724,-10.63970496327724
24,12.022546985092056,11.977453014907944,11.977453014907944
18,18.216702164907772,-0.2167021649077725,-0.2167021649077725
212,183.35365665914367,28.646343340856333,28.646343340856333
69,56.733698537734924,12.266301462265076,12.266301462265076
139,134.94101670152838,4.058983298471617,4.058983298471617
102,105.24814363088306,-3.248143630883064,-3.248143630883064
74,89.0102601479011,-15.010260147901107,-15.010260147901107
82,81.57908852310686,0.42091147689313857,0.42091147689313857
30,37.574626404862556,-7.574626404862556,-7.574626404862556
55,61.11924670059602,-6.1192467005960225,-6.1192467005960225
0,-1.8563839317113349,1.8563839317113349,1.8563839317113349
187,198.4801096145786,-11.480109614578595,-11.480109614578595
21,26.946909139804823,-5.9469091398048235,-5.9469091398048235
129,135.2531786260438,-6.253178626043791,-6.253178626043791
38,51.4003492441207,-13.400349244120697,-13.400349244120697
79,61.184610956496726,17.815389043503274,17.815389043503274
43,43.31095637768833,-0.31095637768832773,-0.31095637768832773
69,73.63850885602179,-4.638508856021787,-4.638508856021787
5,12.297683080690256,-7.2976830806902555,-7.2976830806902555
0,14.527551888877923,-14.527551888877923,-14.527551888877923
66,77.37841989674853,-11.378419896748525,-11.378419896748525
6,18.4921622955765,-12.492162295576499,-12.492162295576499
8,12.866942494022844,-4.866942494022844,-4.866942494022844
49,54.181181115638296,-5.181181115638296,-5.181181115638296
30,44.629224236675995,-14.629224236675995,-14.629224236675995
87,72.50299179350773,14.497008206492268,14.497008206492268
211,202.833651437593,8.166348562406995,8.166348562406995
30,42.41070318856509,-12.410703188565087,-12.410703188565087
138,131.52374076090717,6.476259239092826,6.476259239092826
0,9.137245945817526,-9.137245945817526,-9.137245945817526
123,112.39577735739925,10.604222642600746,10.604222642600746
36,43.816930311500556,-7.816930311500556,-7.816930311500556
42,44.883527935410385,-2.8835279354103847,-2.8835279354103847
21,13.355553817318025,7.644446182681975,7.644446182681975
52,55.67997442031114,-3.67997442031114,-3.67997442031114
63,60.265238035065835,2.7347619649341652,2.7347619649341652
0,18.888621568891452,-18.888621568891452,-18.888621568891452
46,49.50332547597367,-3.503325475973668,-3.503325475973668
0,-5.08844809554185,5.08844809554185,5.08844809554185
61,65.903179875181,-4.903179875180996,-4.903179875180996
20,20.89105473775365,-0.8910547377536489,-0.8910547377536489
172,167.9063504336014,4.093649566398597,4.093649566398597
50,44.54813516508496,5.4518648349150425,5.4518648349150425
30,15.793668686913755,14.206331313086245,14.206331313086245
48,49.98445782409367,-1.984457824093667,-1.984457824093667
46,55.17741069514078,-9.177410695140779,-9.177410695140779
31,34.499522360791346,-3.499522360791346,-3.499522360791346
5,25.094818184543144,-20.094818184543144,-20.094818184543144
120,133.84781917448316,-13.847819174483163,-13.847819174483163
56,52.57095237560989,3.4290476243901082,3.4290476243901082
185,174.71731375485467,10.282686245145328,10.282686245145328
194,212.04401676087093,-18.04401676087093,-18.04401676087093
118,129.6738622198964,-11.673862219896392,-11.673862219896392
48,65.82148836683369,-17.82148836683369,-17.82148836683369
72,64.68451699864902,7.315483001350984,7.315483001350984
65,40.367125542870625,24.632874457129375,24.632874457129375
0,5.308620109036838,-5.308620109036838,-5.308620109036838
185,163.86001969009993,21.139980309900068,21.139980309900068
14,26.49944655033832,-12.49944655033832,-12.49944655033832
90,84.44528880103503,5.5547111989649665,5.5547111989649665
187,178.19921022888335,8.800789771116655,8.800789771116655
82,92.75662170116972,-10.75662170116972,-10.75662170116972
6,5.132446123123771,0.8675538768762294,0.8675538768762294
60,58.00470895405914,1.99529104594086,1.99529104594086
85,90.24472516347791,-5.244725163477909,-5.244725163477909
19,15.308487053750596,3.6915129462494036,3.6915129462494036
0,11.955942200559718,-11.955942200559718,-11.955942200559718
61,46.955249646254615,14.044750353745385,14.044750353745385
28,49.52438501207883,-21.52438501207883,-21.52438501207883
47,47.936487338273665,-0.9364873382736647,-0.9364873382736647
43,36.75169636308375,6.248303636916248,6.248303636916248
57,52.97542309265279,4.02457690734721,4.02457690734721
61,50.489294404489954,10.510705595510046,10.510705595510046
198,213.69969867598286,-15.699698675982859,-15.699698675982859
119,88.87143115411892,30.128568845881077,30.128568845881077
20,21.230737509615246,-1.2307375096152455,-1.2307375096152455
18,17.521956624778625,0.4780433752213753,0.4780433752213753
64,66.09222328719467,-2.0922232871946704,-2.0922232871946704
29,48.169626143021496,-19.169626143021496,-19.169626143021496
53,54.38423052116611,-1.38423052116611,-1.38423052116611
202,204.173743696719,-2.1737436967189865,-2.1737436967189865
23,-3.1070676924842076,26.107067692484208,26.107067692484208
198,195.7418168345851,2.2581831654148914,2.2581831654148914
74,78.58122768869708,-4.5812276886970835,-4.5812276886970835
62,47.461062258041196,14.538937741958804,14.538937741958804
185,172.3267788325633,12.673221167436708,12.673221167436708
183,167.64873868032453,15.351261319675473,15.351261319675473
172,191.26965335443288,-19.269653354432876,-19.269653354432876
58,48.47265357915951,9.527346420840487,9.527346420840487
52,51.55931830833099,0.4406816916690133,0.4406816916690133
58,59.959568045591865,-1.9595680455918654,-1.9595680455918654
117,116.39330755932033,0.6066924406796659,0.6066924406796659
103,95.0608246238547,7.9391753761453,7.9391753761453
208,165.1570168121139,42.84298318788609,42.84298318788609
157,152.4330920981229,4.5669079018771015,4.5669079018771015
177,192.5732213153875,-15.573221315387514,-15.573221315387514
74,68.11938518910193,5.8806148108980665,5.8806148108980665
58,46.411180795682,11.588819204318,11.588819204318
41,25.92782922213886,15.072170777861139,15.072170777861139
9,11.13592562130166,-2.1359256213016593,-2.1359256213016593
29,41.7543536916812,-12.754353691681203,-12.754353691681203
64,71.2954126128778,-7.295412612877797,-7.295412612877797
62,64.22593077666693,-2.225930776666928,-2.225930776666928
69,72.32194134122858,-3.3219413412285803,-3.3219413412285803
20,18.72612912648401,1.273870873515989,1.273870873515989
71,65.17137682213163,5.828623177868366,5.828623177868366
73,57.47956260961122,15.520437390388778,15.520437390388778
41,35.0814320745573,5.9185679254427015,5.9185679254427015
50,58.68851863279687,-8.688518632796871,-8.688518632796871
20,36.76550621764079,-16.76550621764079,-16.76550621764079
134,141.2440934709558,-7.244093470955789,-7.244093470955789
67,69.5201113537623,-2.520111353762303,-2.520111353762303
112,111.69957864953086,0.30042135046913643,0.30042135046913643
191,174.76956378985818,16.230436210141818,16.230436210141818
40,49.8078422992299,-9.807842299229897,-9.807842299229897
171,169.60055839934336,1.399441600656644,1.399441600656644
44,42.07000847601404,1.9299915239859615,1.9299915239859615
24,32.990210915448195,-8.990210915448195,-8.990210915448195
44,58.194728988854024,-14.194728988854024,-14.194728988854024
53,44.101756073245,8.898243926755,8.898243926755
112,122.75727398507813,-10.757273985078129,-10.757273985078129
53,77.77189232839581,-24.771892328395808,-24.771892328395808
63,64.27343854840944,-1.2734385484094446,-1.2734385484094446
119,118.84113716903522,0.15886283096477882,0.15886283096477882
25,16.38686833278213,8.613131667217871,8.613131667217871
73,79.07008392485548,-6.070083924855481,-6.070083924855481
46,46.44599926354893,-0.44599926354892716,-0.44599926354892716
21,20.081672870294106,0.9183271297058937,0.9183271297058937
8,29.221949708408047,-21.221949708408047,-21.221949708408047
49,37.865192081447724,11.134807918552276,11.134807918552276
58,59.882095727749174,-1.8820957277491743,-1.8820957277491743
133,115.99817562665353,17.001824373346466,17.001824373346466
92,102.37907657505365,-10.379076575053645,-10.379076575053645
134,115.79609242324328,18.20390757675672,18.20390757675672
40,29.009853209045048,10.990146790954952,10.990146790954952
189,182.15336465032865,6.846635349671345,6.846635349671345
8,19.550603431440372,-11.550603431440372,-11.550603431440372
26,2.6402968594427563,23.359703140557244,23.359703140557244
66,72.25391292207232,-6.253912922072317,-6.253912922072317
20,20.9499843694566,-0.949984369456601,-0.949984369456601
153,151.98432529165177,1.0156747083482287,1.0156747083482287
83,68.7313039530126,14.268696046987401,14.268696046987401
23,16.36820754421558,6.631792455784421,6.631792455784421
21,51.7631977073633,-30.763197707363297,-30.763197707363297
209,214.7230976891812,-5.723097689181202,-5.723097689181202
37,35.61017039267063,1.3898296073293679,1.3898296073293679
200,185.5185964137654,14.481403586234592,14.481403586234592
17,4.282645122029692,12.717354877970308,12.717354877970308
93,85.46585167090453,7.534148329095473,7.534148329095473
168,180.50703330925478,-12.50703330925478,-12.50703330925478
39,39.602619813747474,-0.6026198137474736,-0.6026198137474736
83,89.67194289179079,-6.671942891790792,-6.671942891790792
36,42.856122139459266,-6.856122139459266,-6.856122139459266
57,60.00776745961721,-3.007767459617213,-3.007767459617213
123,113.59867316322399,9.401326836776008,9.401326836776008
21,16.316573513135836,4.683426486864164,4.683426486864164
34,29.935633891843935,4.064366108156065,4.064366108156065
38,51.25589430577766,-13.255894305777659,-13.255894305777659
116,136.45478828566715,-20.45478828566715,-20.45478828566715
66,57.21185745280063,8.78814254719937,8.78814254719937
137,140.17874824109524,-3.178748241095235,-3.178748241095235
47,59.1678274189238,-12.1678274189238,-12.1678274189238
42,50.22861681485543,-8.228616814855428,-8.228616814855428
21,20.221818693701536,0.7781813062984639,0.7781813062984639
61,47.966021654876855,13.033978345123145,13.033978345123145
26,42.65622120512417,-16.65622120512417,-16.65622120512417
52,72.7046328564879,-20.704632856487905,-20.704632856487905
80,57.95449176496244,22.04550823503756,22.04550823503756
53,40.21620579549835,12.783794204501653,12.783794204501653
44,52.3728558256322,-8.3728558256322,-8.3728558256322
43,34.9693124715043,8.030687528495697,8.030687528495697
212,209.900751864117,2.0992481358829878,2.0992481358829878
65,65.73339342440107,-0.733393424401072,-0.733393424401072
183,175.66398497813995,7.3360150218600495,7.3360150218600495
45,62.62699858598669,-17.62699858598669,-17.62699858598669
31,34.7422371980047,-3.742237198004702,-3.742237198004702
9,8.208058873997274,0.791941126002726,0.791941126002726
0,19.812638920765878,-19.812638920765878,-19.812638920765878
1,-2.2490476883128707,3.2490476883128707,3.2490476883128707
82,84.08034714733802,-2.080347147338017,-2.080347147338017
54,47.318891539881236,6.6811084601187645,6.6811084601187645
6,11.356546500371117,-5.356546500371117,-5.356546500371117
16,25.08224783056714,-9.082247830567141,-9.082247830567141
81,61.49970938923182,19.500290610768182,19.500290610768182
50,39.14440215614724,10.855597843852763,10.855597843852763
64,53.97882108757909,10.021178912420908,10.021178912420908
99,110.62694863358277,-11.62694863358277,-11.62694863358277
95,87.60601244089098,7.393987559109021,7.393987559109021
20,21.051147844446426,-1.051147844446426,-1.051147844446426
36,37.89227737758182,-1.89227737758182,-1.89227737758182
115,107.50596617417841,7.494033825821589,7.494033825821589
28,28.092388038865572,-0.09238803886557179,-0.09238803886557179
54,48.40628151627399,5.593718483726008,5.593718483726008
38,33.40230108211243,4.59769891788757,4.59769891788757
119,111.9768155193345,7.023184480665506,7.023184480665506
76,71.63898650008136,4.361013499918641,4.361013499918641
8,20.37469639555811,-12.37469639555811,-12.37469639555811
156,140.71878130035088,15.281218699649116,15.281218699649116
15,29.373399731855564,-14.373399731855564,-14.373399731855564
7,7.0786907977696245,-0.07869079776962451,-0.07869079776962451
126,126.83675046257221,-0.836750462572212,-0.836750462572212
20,6.334718734958642,13.665281265041358,13.665281265041358
114,124.10518052859067,-10.105180528590665,-10.105180528590665
0,14.566555037136126,-14.566555037136126,-14.566555037136126
177,170.6964346020954,6.303565397904606,6.303565397904606
13,28.361489263301365,-15.361489263301365,-15.361489263301365
30,41.51266006116948,-11.512660061169477,-11.512660061169477
11,16.146005057705658,-5.146005057705658,-5.146005057705658
177,162.3030294718945,14.69697052810551,14.69697052810551
48,31.49681562432309,16.50318437567691,16.50318437567691
31,26.678084504994047,4.321915495005953,4.321915495005953
32,25.27477497543773,6.7252250245622704,6.7252250245622704
15,15.390228135976244,-0.39022813597624406,-0.39022813597624406
35,46.32745047429558,-11.327450474295581,-11.327450474295581
24,32.71684730703298,-8.716847307032978,-8.716847307032978
35,52.397109983147786,-17.397109983147786,-17.397109983147786
54,70.60964192423364,-16.609641924233642,-16.609641924233642
49,36.025665071561555,12.974334928438445,12.974334928438445
47,53.57614097015845,-6.576140970158448,-6.576140970158448
78,89.82058070485044,-11.820580704850443,-11.820580704850443
175,190.7048288633642,-15.704828863364213,-15.704828863364213
8,37.177611339916304,-29.177611339916304,-29.177611339916304
86,83.58782475469727,2.412175245302734,2.412175245302734
37,40.70797379471106,-3.7079737947110587,-3.7079737947110587
130,129.74233341963387,0.2576665803661342,0.2576665803661342
37,31.427036834950137,5.572963165049863,5.572963165049863
87,83.76896357500861,3.2310364249913874,3.2310364249913874
100,105.33107998529385,-5.331079985293854,-5.331079985293854
108,117.22092960471316,-9.220929604713163,-9.220929604713163
89,78.3973910713309,10.602608928669099,10.602608928669099
32,40.585539632092896,-8.585539632092896,-8.585539632092896
109,123.98045049532875,-14.980450495328753,-14.980450495328753
82,90.63716282503592,-8.637162825035915,-8.637162825035915
112,97.23129468675874,14.768705313241256,14.768705313241256
52,68.005448693752,-16.005448693752,-16.005448693752
72,72.44120575365773,-0.4412057536577265,-0.4412057536577265
54,35.60610697020946,18.39389302979054,18.39389302979054
0,28.988264866221392,-28.988264866221392,-28.988264866221392
16,14.59454691212725,1.4054530878727505,1.4054530878727505
53,14.197185593905267,38.80281440609473,38.80281440609473
60,45.98621628188128,14.013783718118717,14.013783718118717
159,163.90613558686726,-4.906135586867265,-4.906135586867265
98,107.52912069731192,-9.529120697311924,-9.529120697311924
34,31.582708522729988,2.4172914772700125,2.4172914772700125
86,80.14167239961155,5.858327600388449,5.858327600388449
85,81.87927217858478,3.1207278214152154,3.1207278214152154
22,7.941609495414966,14.058390504585034,14.058390504585034
12,33.09280152762566,-21.09280152762566,-21.09280152762566
63,57.80586307673624,5.194136923263763,5.194136923263763
64,91.62581874542052,-27.625818745420517,-27.625818745420517
35,31.144072030202516,3.8559279697974844,3.8559279697974844
24,30.822095139049317,-6.822095139049317,-6.822095139049317
195,177.50864769225063,17.491352307749366,17.491352307749366
142,148.75118019783156,-6.751180197831559,-6.751180197831559
20,12.99531212782469,7.00468787217531,7.00468787217531
165,150.42203375350897,14.57796624649103,14.57796624649103
79,86.55996305757296,-7.559963057572958,-7.559963057572958
18,1.9811976551600594,16.01880234483994,16.01880234483994
119,94.04275546908693,24.957244530913073,24.957244530913073
72,71.89086013624805,0.10913986375194895,0.10913986375194895
13,7.180793217719682,5.819206782280318,5.819206782280318
146,137.46582449025772,8.534175509742283,8.534175509742283
105,116.01916744584352,-11.019167445843522,-11.019167445843522
43,46.09737218321935,-3.097372183219349,-3.097372183219349
27,32.34010587617225,-5.340105876172252,-5.340105876172252
157,171.89458870773416,-14.894588707734158,-14.894588707734158
72,62.20597974313226,9.79402025686774,9.79402025686774
116,135.94206793846686,-19.942067938466863,-19.942067938466863
107,100.12918212335556,6.870817876644438,6.870817876644438
20,16.31340659884934,3.6865934011506596,3.6865934011506596
44,53.71581750984784,-9.715817509847838,-9.715817509847838
73,83.18739836067255,-10.187398360672546,-10.187398360672546
48,25.36573440676885,22.63426559323115,22.63426559323115
6,23.75512609803512,-17.75512609803512,-17.75512609803512
67,48.438518875959296,18.561481124040704,18.561481124040704
63,64.4479399775997,-1.4479399775997024,-1.4479399775997024
13,27.668763083926002,-14.668763083926002,-14.668763083926002
75,78.95161326974235,-3.951613269742353,-3.951613269742353
138,171.5090244271195,-33.5090244271195,-33.5090244271195
74,70.69910958984437,3.300890410155631,3.300890410155631
33,39.99085846495632,-6.990858464956318,-6.990858464956318
132,132.49215744046538,-0.4921574404653768,-0.4921574404653768
18,25.35736588533642,-7.357365885336421,-7.357365885336421
43,61.45661443122546,-18.45661443122546,-18.45661443122546
82,81.68067439932881,0.319325600671192,0.319325600671192
134,151.7033698921548,-17.703369892154797,-17.703369892154797
85,51.11633802684245,33.88366197315755,33.88366197315755
39,39.88626798549001,-0.886267985490008,-0.886267985490008
162,155.8281126077079,6.171887392292092,6.171887392292092
89,82.08388358367228,6.916116416327725,6.916116416327725
26,16.476958481438828,9.523041518561172,9.523041518561172
95,88.66663897456371,6.3333610254362895,6.3333610254362895
33,33.3219829221909,-0.3219829221908981,-0.3219829221908981
41,47.869285750277065,-6.869285750277065,-6.869285750277065
13,2.6165515815547735,10.383448418445226,10.383448418445226
66,58.28226698326032,7.717733016739679,7.717733016739679
65,61.92690520388908,3.0730947961109223,3.0730947961109223
83,77.11731414522653,5.88268585477347,5.88268585477347
40,45.95204755607844,-5.9520475560784405,-5.9520475560784405
16,20.84914010486795,-4.849140104867949,-4.849140104867949
146,137.83527710131247,8.164722898687529,8.164722898687529
67,61.83222261996767,5.167777380032327,5.167777380032327
59,70.62796462419593,-11.627964624195926,-11.627964624195926
67,70.42127760627642,-3.421277606276419,-3.421277606276419
58,57.20249241995532,0.7975075800446803,0.7975075800446803
155,158.73908753238362,-3.7390875323836212,-3.7390875323836212
167,158.81368064671892,8.186319353281078,8.186319353281078
33,50.51094447024781,-17.510944470247807,-17.510944470247807
55,42.54609252659471,12.453907473405287,12.453907473405287
51,63.30401916821265,-12.304019168212648,-12.304019168212648
109,105.30708060066806,3.6929193993319416,3.6929193993319416
58,78.4442197998882,-20.444219799888202,-20.444219799888202
78,90.95607940408095,-12.956079404080953,-12.956079404080953
13,31.9996252028887,-18.9996252028887,-18.9996252028887
0,10.395667906715431,-10.395667906715431,-10.395667906715431
42,64.39492841485726,-22.39492841485726,-22.39492841485726
0,-6.705033475129582,6.705033475129582,6.705033475129582
118,112.44063413098613,5.559365869013874,5.559365869013874
119,118.29165309840373,0.708346901596272,0.708346901596272
71,72.48985479628345,-1.4898547962834527,-1.4898547962834527
151,161.65748896233893,-10.657488962338931,-10.657488962338931
35,59.916670715822995,-24.916670715822995,-24.916670715822995
9,-1.5355191301945723,10.535519130194572,10.535519130194572
193,189.583995197518,3.416004802482007,3.416004802482007
18,14.977074705726864,3.0229252942731364,3.0229252942731364
28,32.0078425416687,-4.007842541668701,-4.007842541668701
106,98.57320057489956,7.426799425100441,7.426799425100441
0,20.239168918711215,-20.239168918711215,-20.239168918711215
17,10.209124032463393,6.790875967536607,6.790875967536607
65,82.73609560569014,-17.73609560569014,-17.73609560569014
184,190.9430096704748,-6.943009670474794,-6.943009670474794
48,34.2602970730128,13.7397029269872,13.7397029269872
92,98.43364253489416,-6.433642534894162,-6.433642534894162
40,34.6411292003762,5.358870799623801,5.358870799623801
48,55.51777332939304,-7.517773329393037,-7.517773329393037
142,119.36673501274306,22.633264987256936,22.633264987256936
82,99.67826480001587,-17.678264800015867,-17.678264800015867
120,120.06558891911698,-0.06558891911697629,-0.06558891911697629
98,89.61205245298402,8.387947547015983,8.387947547015983
102,88.49989749688953,13.500102503110469,13.500102503110469
100,88.97012289685057,11.029877103149431,11.029877103149431
78,66.40209363587361,11.597906364126388,11.597906364126388
131,138.3296416769362,-7.329641676936205,-7.329641676936205
80,81.15703895004413,-1.1570389500441252,-1.1570389500441252
98,105.42926670986864,-7.429266709868642,-7.429266709868642
108,105.37531423326564,2.624685766734359,2.624685766734359
146,156.77547933014,-10.775479330140001,-10.775479330140001
73,87.264458187392,-14.264458187391995,-14.264458187391995
27,25.501058961005285,1.4989410389947153,1.4989410389947153
41,60.71110705813146,-19.71110705813146,-19.71110705813146
36,31.631876644980906,4.368123355019094,4.368123355019094
156,163.68067591947425,-7.680675919474254,-7.680675919474254
158,157.8641285824511,0.13587141754891263,0.13587141754891263
103,89.56358474064677,13.436415259353225,13.436415259353225
198,184.14172052189366,13.85827947810634,13.85827947810634
43,34.32176927566868,8.678230724331321,8.678230724331321
0,3.1311129119360146,-3.1311129119360146,-3.1311129119360146
195,191.91157679301506,3.0884232069849418,3.0884232069849418
59,59.16040485779902,-0.1604048577990227,-0.1604048577990227
65,47.27594417367084,17.724055826329163,17.724055826329163
29,10.817915356563091,18.18208464343691,18.18208464343691
10,3.430823236911891,6.569176763088109,6.569176763088109
140,131.7023885617453,8.297611438254705,8.297611438254705
69,76.46520128803859,-7.465201288038585,-7.465201288038585
40,27.96057771637311,12.039422283626891,12.039422283626891
79,84.50367893993788,-5.503678939937885,-5.503678939937885
18,15.794293856690615,2.205706143309385,2.205706143309385
40,64.15167364076436,-24.151673640764358,-24.151673640764358
59,67.77171038807788,-8.771710388077878,-8.771710388077878
167,173.44274634661394,-6.442746346613944,-6.442746346613944
95,97.27821378548524,-2.278213785485235,-2.278213785485235
109,111.20611866396541,-2.2061186639654125,-2.2061186639654125
53,45.67418309478458,7.325816905215419,7.325816905215419
88,88.30165200969046,-0.30165200969045713,-0.30165200969045713
2,5.976018223555286,-3.976018223555286,-3.976018223555286
23,20.308460189804798,2.691539810195202,2.691539810195202
59,65.81859056027179,-6.818590560271787,-6.818590560271787
158,165.82349561659686,-7.823495616596858,-7.823495616596858
80,88.16827613975622,-8.168276139756216,-8.168276139756216
53,77.94104449432277,-24.941044494322767,-24.941044494322767
11,-3.2949214604565356,14.294921460456536,14.294921460456536
184,179.16273272754347,4.837267272456529,4.837267272456529
64,62.31952580506786,1.6804741949321382,1.6804741949321382
70,58.94061850267187,11.059381497328133,11.059381497328133
36,64.09362607272573,-28.093626072725726,-28.093626072725726
3,18.91111404615682,-15.911114046156818,-15.911114046156818
155,181.86784044348303,-26.867840443483033,-26.867840443483033
9,12.635427149810397,-3.635427149810397,-3.635427149810397
7,-1.334209380224891,8.334209380224891,8.334209380224891
32,21.55080542625692,10.449194573743078,10.449194573743078
0,0.5992929068134316,-0.5992929068134316,-0.5992929068134316
177,182.51938582684835,-5.5193858268483496,-5.5193858268483496
148,146.6562866041191,1.3437133958809113,1.3437133958809113
8,11.433543935226446,-3.433543935226446,-3.433543935226446
111,103.53281868996322,7.4671813100367785,7.4671813100367785
13,30.427191210955385,-17.427191210955385,-17.427191210955385
147,161.10201613496776,-14.102016134967755,-14.102016134967755
77,58.75234864284435,18.247651357155647,18.247651357155647
176,163.72308043258556,12.276919567414438,12.276919567414438
153,130.3631580459671,22.63684195403289,22.63684195403289
96,104.6221241225255,-8.622124122525506,-8.622124122525506
164,150.4933103301334,13.506689669866603,13.506689669866603
183,171.31223842918723,11.687761570812768,11.687761570812768
191,173.0156668497612,17.984333150238797,17.984333150238797
81,87.83029662600292,-6.830296626002919,-6.830296626002919
134,141.14435978737993,-7.144359787379926,-7.144359787379926
6,14.217105721045506,-8.217105721045506,-8.217105721045506
7,23.529827729694375,-16.529827729694375,-16.529827729694375
157,154.6606273209866,2.339372679013394,2.339372679013394
148,119.41862918467004,28.58137081532996,28.58137081532996
154,161.2799584008818,-7.27995840088181,-7.27995840088181
33,20.519887566537278,12.480112433462722,12.480112433462722
16,21.105113125955832,-5.105113125955832,-5.105113125955832
27,34.49484129029365,-7.49484129029365,-7.49484129029365
79,67.55596869521469,11.444031304785312,11.444031304785312
142,156.32998306112913,-14.329983061129127,-14.329983061129127
146,147.4291663810324,-1.4291663810323882,-1.4291663810323882
33,46.562835677389224,-13.562835677389224,-13.562835677389224
24,31.198662120907755,-7.1986621209077555,-7.1986621209077555
48,40.46288230927021,7.5371176907297865,7.5371176907297865
20,39.07107422571512,-19.071074225715122,-19.071074225715122
67,79.53354007971402,-12.533540079714015,-12.533540079714015
29,29.041538977299567,-0.04153897729956668,-0.04153897729956668
119,108.56978346008721,10.430216539912792,10.430216539912792
10,17.649570786325043,-7.649570786325043,-7.649570786325043
90,100.02550257267863,-10.025502572678633,-10.025502572678633
68,60.03779283573589,7.9622071642641075,7.9622071642641075
156,135.25719273303477,20.74280726696523,20.74280726696523
172,165.87004705511904,6.129952944880955,6.129952944880955
63,80.25355520523568,-17.253555205235685,-17.253555205235685
48,52.9512783689955,-4.951278368995503,-4.951278368995503
76,92.74864244650593,-16.748642446505926,-16.748642446505926
37,37.32345494167255,-0.3234549416725514,-0.3234549416725514
163,128.554005635975,34.44599436402501,34.44599436402501
146,146.53188074480204,-0.531880744802038,-0.531880744802038
142,158.16619630564182,-16.16619630564182,-16.16619630564182
81,66.82422892331348,14.175771076686516,14.175771076686516
174,163.51697694733235,10.483023052667647,10.483023052667647
47,54.16050444098852,-7.160504440988518,-7.160504440988518
69,76.04096304438644,-7.040963044386444,-7.040963044386444
20,15.712134145801699,4.2878658541983015,4.2878658541983015
15,2.6218219530059486,12.378178046994051,12.378178046994051
148,132.53601326447495,15.463986735525054,15.463986735525054
156,170.34962373156617,-14.349623731566169,-14.349623731566169
172,158.98600896694114,13.013991033058858,13.013991033058858
70,88.95054333424687,-18.950543334246873,-18.950543334246873
17,40.23113027463322,-23.231130274633223,-23.231130274633223
69,54.38252275114489,14.61747724885511,14.61747724885511
0,8.798455130039386,-8.798455130039386,-8.798455130039386
166,175.71534612284484,-9.715346122844835,-9.715346122844835
59,64.20854782698608,-5.208547826986077,-5.208547826986077
102,100.76383410388702,1.2361658961129791,1.2361658961129791
29,31.381934730163906,-2.3819347301639056,-2.3819347301639056
87,104.38070361295158,-17.380703612951578,-17.380703612951578
67,77.19088944626994,-10.190889446269935,-10.190889446269935
36,44.613787568655134,-8.613787568655134,-8.613787568655134
136,157.12138183835293,-21.12138183835293,-21.12138183835293
33,39.82335599787305,-6.823355997873051,-6.823355997873051
83,87.66923277868688,-4.669232778686876,-4.669232778686876
63,68.76237225450997,-5.76237225450997,-5.76237225450997
57,75.26955356258331,-18.26955356258331,-18.26955356258331
65,65.43836749626217,-0.438367496262174,-0.438367496262174
154,145.0904694216672,8.909530578332806,8.909530578332806
19,23.030443539612996,-4.030443539612996,-4.030443539612996
29,50.8886735425029,-21.8886735425029,-21.8886735425029
78,78.85321231789742,-0.853212317897416,-0.853212317897416
20,14.209055998961823,5.790944001038177,5.790944001038177
123,110.88872575170376,12.11127424829624,12.11127424829624
57,45.139599314263116,11.860400685736884,11.860400685736884
